# https://github.com/mikedh/trimesh

o geometry_0
v 0.00399016 0.00904677 0.00045927 0.54509804 0.71372549 0.60000000
v 0.00399016 0.00904872 0.00337816 0.54509804 0.71372549 0.60000000
v 0.00349584 0.00917227 -0.00513809 0.54509804 0.71372549 0.60000000
v 0.00349584 0.00917227 -0.00523672 0.54509804 0.71372549 0.60000000
v 0.00399016 0.00906039 -0.00513192 0.54509804 0.71372549 0.60000000
v 0.00217510 0.00968207 0.00339974 0.54509804 0.71372549 0.60000000
v 0.00354541 0.00919368 0.00325333 0.54509804 0.71372549 0.60000000
v 0.00352551 0.00918492 0.00045773 0.54509804 0.71372549 0.60000000
v 0.00350899 0.00917811 -0.00233941 0.54509804 0.71372549 0.60000000
v 0.00399016 0.00943204 0.00619996 0.54509804 0.71372549 0.60000000
v 0.00232666 0.00999924 0.00640647 0.54509804 0.71372549 0.60000000
v 0.00235278 0.00960132 -0.00518586 0.54509804 0.71372549 0.60000000
v 0.00235278 0.00960132 -0.00520281 0.54509804 0.71372549 0.60000000
v 0.00217510 0.00976282 -0.00536617 0.54509804 0.71372549 0.60000000
v 0.00217510 0.01126595 -0.00748676 0.54509804 0.71372549 0.60000000
v 0.00399016 0.00906915 -0.00534151 0.54509804 0.71372549 0.60000000
v 0.00217510 0.01005469 0.00622153 0.54509804 0.71372549 0.60000000
v 0.00217510 0.00967040 -0.00503021 0.54509804 0.71372549 0.60000000
v 0.00399016 0.00952738 0.00647890 0.54509804 0.71372549 0.60000000
v 0.00357136 0.00960327 0.00640031 0.54509804 0.71372549 0.60000000
v 0.00217510 0.01020841 0.00659603 0.54509804 0.71372549 0.60000000
v 0.00217510 0.01146442 -0.00772871 0.54509804 0.71372549 0.60000000
v 0.00399016 0.01083398 -0.00756073 0.54509804 0.71372549 0.60000000
v 0.00399016 0.00972196 0.00667771 0.54509804 0.71372549 0.60000000
v 0.00217510 0.01023176 0.00662069 0.54509804 0.71372549 0.60000000
v 0.00217510 0.01180201 -0.00786587 0.54509804 0.71372549 0.60000000
v 0.00399016 0.01101299 -0.00773488 0.54509804 0.71372549 0.60000000
v 0.00399016 0.00983092 0.00678867 0.54509804 0.71372549 0.60000000
v 0.00399016 0.00992238 0.00688114 0.54509804 0.71372549 0.60000000
v 0.00217510 0.01063259 0.00702138 0.54509804 0.71372549 0.60000000
v 0.00399016 0.01140410 -0.00786587 0.54509804 0.71372549 0.60000000
v 0.00377232 0.01140410 -0.00785971 0.54509804 0.71372549 0.60000000
v 0.00399016 0.01115601 -0.00779190 0.54509804 0.71372549 0.60000000
v 0.00217510 0.01220382 -0.00787204 0.54509804 0.71372549 0.60000000
v 0.00257258 0.01180396 -0.00787050 0.54509804 0.71372549 0.60000000
v 0.00399016 0.01003231 0.00699056 0.54509804 0.71372549 0.60000000
v 0.00217510 0.01097310 0.00735888 0.54509804 0.71372549 0.60000000
v 0.00399016 0.01158603 -0.00787204 0.54509804 0.71372549 0.60000000
v 0.00217510 0.01260368 -0.00787204 0.54509804 0.71372549 0.60000000
v 0.00297255 0.01180396 -0.00787204 0.54509804 0.71372549 0.60000000
v 0.00399016 0.01025900 0.00720323 0.54509804 0.71372549 0.60000000
v 0.00217510 0.01104802 0.00743286 0.54509804 0.71372549 0.60000000
v 0.00399016 0.01260368 -0.00787204 0.54509804 0.71372549 0.60000000
v 0.00217510 0.01620339 -0.00787050 0.54509804 0.71372549 0.60000000
v 0.00399016 0.01042050 0.00735272 0.54509804 0.71372549 0.60000000
v 0.00399016 0.01054211 0.00746522 0.54509804 0.71372549 0.60000000
v 0.00399016 0.01074545 0.00765016 0.54509804 0.71372549 0.60000000
v 0.00217510 0.01134962 0.00769177 0.54509804 0.71372549 0.60000000
v 0.00399016 0.01580353 -0.00787050 0.54509804 0.71372549 0.60000000
v 0.00217510 0.01660715 -0.00771947 0.54509804 0.71372549 0.60000000
v 0.00257258 0.01656920 -0.00772871 0.54509804 0.71372549 0.60000000
v 0.00257258 0.01620339 -0.00786433 0.54509804 0.71372549 0.60000000
v 0.00399016 0.01099159 0.00777499 0.54509804 0.71372549 0.60000000
v 0.00217510 0.01137491 0.00771026 0.54509804 0.71372549 0.60000000
v 0.00217510 0.01136615 0.00770410 0.54509804 0.71372549 0.60000000
v 0.00297255 0.01620339 -0.00785354 0.54509804 0.71372549 0.60000000
v 0.00399016 0.01598546 -0.00784738 0.54509804 0.71372549 0.60000000
v 0.00217510 0.01663049 -0.00771022 0.54509804 0.71372549 0.60000000
v 0.00377232 0.01620339 -0.00781964 0.54509804 0.71372549 0.60000000
v 0.00337235 0.01620339 -0.00783813 0.54509804 0.71372549 0.60000000
v 0.00217510 0.01679492 -0.00759001 0.54509804 0.71372549 0.60000000
v 0.00297255 0.01654294 -0.00771793 0.54509804 0.71372549 0.60000000
v 0.00399016 0.01140410 0.00786900 0.54509804 0.71372549 0.60000000
v 0.00377232 0.01140410 0.00786591 0.54509804 0.71372549 0.60000000
v 0.00217510 0.01180396 0.00786900 0.54509804 0.71372549 0.60000000
v 0.00399016 0.01620339 -0.00780577 0.54509804 0.71372549 0.60000000
v 0.00377232 0.01648943 -0.00768402 0.54509804 0.71372549 0.60000000
v 0.00337235 0.01651667 -0.00770251 0.54509804 0.71372549 0.60000000
v 0.00217510 0.01884286 -0.00564203 0.54509804 0.71372549 0.60000000
v 0.00399016 0.01220382 0.00787208 0.54509804 0.71372549 0.60000000
v 0.00337235 0.01180396 0.00787208 0.54509804 0.71372549 0.60000000
v 0.00257258 0.01180396 0.00787208 0.54509804 0.71372549 0.60000000
v 0.00217510 0.01220382 0.00787208 0.54509804 0.71372549 0.60000000
v 0.00399016 0.01633376 -0.00774258 0.54509804 0.71372549 0.60000000
v 0.00399016 0.01647386 -0.00766861 0.54509804 0.71372549 0.60000000
v 0.00217510 0.01893529 -0.00540162 0.54509804 0.71372549 0.60000000
v 0.00239703 0.01881562 -0.00561429 0.54509804 0.71372549 0.60000000
v 0.00399016 0.01765204 -0.00644650 0.54509804 0.71372549 0.60000000
v 0.00399016 0.01667428 -0.00746364 0.54509804 0.71372549 0.60000000
v 0.00399016 0.01656531 -0.00757614 0.54509804 0.71372549 0.60000000
v 0.00399016 0.01580353 0.00787208 0.54509804 0.71372549 0.60000000
v 0.00217510 0.01580353 0.00787208 0.54509804 0.71372549 0.60000000
v 0.00217510 0.01893626 -0.00539853 0.54509804 0.71372549 0.60000000
v 0.00217510 0.01898490 -0.00500401 0.54509804 0.71372549 0.60000000
v 0.00242066 0.01882924 -0.00539853 0.54509804 0.71372549 0.60000000
v 0.00317618 0.01840506 -0.00560813 0.54509804 0.71372549 0.60000000
v 0.00372257 0.01808692 -0.00579923 0.54509804 0.71372549 0.60000000
v 0.00367122 0.01805579 -0.00606276 0.54509804 0.71372549 0.60000000
v 0.00399016 0.01775516 -0.00631859 0.54509804 0.71372549 0.60000000
v 0.00217510 0.01620339 0.00787054 0.54509804 0.71372549 0.60000000
v 0.00399016 0.01620339 0.00780581 0.54509804 0.71372549 0.60000000
v 0.00377232 0.01620339 0.00781968 0.54509804 0.71372549 0.60000000
v 0.00337235 0.01620339 0.00783817 0.54509804 0.71372549 0.60000000
v 0.00297255 0.01620339 0.00785358 0.54509804 0.71372549 0.60000000
v 0.00257258 0.01620339 0.00786437 0.54509804 0.71372549 0.60000000
v 0.00263175 0.01872222 -0.00499938 0.54509804 0.71372549 0.60000000
v 0.00297255 0.01852472 -0.00539853 0.54509804 0.71372549 0.60000000
v 0.00262056 0.01872222 -0.00539853 0.54509804 0.71372549 0.60000000
v 0.00217510 0.01898490 0.00499942 0.54509804 0.71372549 0.60000000
v 0.00392246 0.01797504 -0.00579923 0.54509804 0.71372549 0.60000000
v 0.00399016 0.01791374 -0.00590711 0.54509804 0.71372549 0.60000000
v 0.00399016 0.01781548 -0.00619838 0.54509804 0.71372549 0.60000000
v 0.00217510 0.01663049 0.00771026 0.54509804 0.71372549 0.60000000
v 0.00257258 0.01656920 0.00772875 0.54509804 0.71372549 0.60000000
v 0.00399016 0.01647386 0.00766865 0.54509804 0.71372549 0.60000000
v 0.00377232 0.01648943 0.00768406 0.54509804 0.71372549 0.60000000
v 0.00337235 0.01651667 0.00770255 0.54509804 0.71372549 0.60000000
v 0.00297255 0.01654294 0.00771797 0.54509804 0.71372549 0.60000000
v 0.00337803 0.01829123 -0.00539853 0.54509804 0.71372549 0.60000000
v 0.00263175 0.01872222 0.00499942 0.54509804 0.71372549 0.60000000
v 0.00399016 0.01793612 -0.00579923 0.54509804 0.71372549 0.60000000
v 0.00217510 0.01893626 0.00539858 0.54509804 0.71372549 0.60000000
v 0.00239703 0.01881562 0.00561433 0.54509804 0.71372549 0.60000000
v 0.00242066 0.01882924 0.00539858 0.54509804 0.71372549 0.60000000
v 0.00262056 0.01872222 0.00539858 0.54509804 0.71372549 0.60000000
v 0.00317618 0.01840506 0.00560817 0.54509804 0.71372549 0.60000000
v 0.00297255 0.01852472 0.00539858 0.54509804 0.71372549 0.60000000
v 0.00217510 0.01664314 0.00770101 0.54509804 0.71372549 0.60000000
v 0.00226607 0.01678908 0.00758389 0.54509804 0.71372549 0.60000000
v 0.00399016 0.01667428 0.00746368 0.54509804 0.71372549 0.60000000
v 0.00217510 0.01884481 0.00564053 0.54509804 0.71372549 0.60000000
v 0.00399016 0.01793709 -0.00550487 0.54509804 0.71372549 0.60000000
v 0.00337803 0.01829123 0.00539858 0.54509804 0.71372549 0.60000000
v 0.00367122 0.01805579 0.00606280 0.54509804 0.71372549 0.60000000
v 0.00372257 0.01808692 0.00579927 0.54509804 0.71372549 0.60000000
v 0.00399016 0.01765204 0.00644654 0.54509804 0.71372549 0.60000000
v 0.00392246 0.01797504 0.00579927 0.54509804 0.71372549 0.60000000
v 0.00399016 0.01793612 0.00579927 0.54509804 0.71372549 0.60000000
v 0.00217510 0.01666941 0.00768098 0.54509804 0.71372549 0.60000000
v 0.00217510 0.01691458 0.00746522 0.54509804 0.71372549 0.60000000
v 0.00399016 0.01793709 0.00539858 0.54509804 0.71372549 0.60000000
v 0.00399016 0.01781548 0.00619842 0.54509804 0.71372549 0.60000000
f 1 2 3
f 1 3 4
f 1 4 5
f 1 5 16
f 1 16 23
f 1 23 27
f 1 27 33
f 1 33 31
f 1 31 38
f 1 38 43
f 1 43 49
f 1 49 57
f 1 57 66
f 1 66 74
f 1 74 75
f 1 75 80
f 1 80 79
f 1 79 78
f 1 78 89
f 1 89 102
f 1 102 101
f 1 101 111
f 1 111 122
f 1 122 131
f 1 131 128
f 1 128 132
f 1 132 126
f 1 126 120
f 1 120 105
f 1 105 91
f 1 91 81
f 1 81 70
f 1 70 63
f 1 63 53
f 1 53 47
f 1 47 46
f 1 46 45
f 1 45 41
f 1 41 36
f 1 36 29
f 1 29 28
f 1 28 24
f 1 24 19
f 1 19 10
f 1 10 2
f 2 6 7
f 2 7 8
f 2 8 9
f 2 9 3
f 2 10 11
f 2 11 6
f 3 9 6
f 3 6 12
f 3 12 13
f 3 13 4
f 4 13 14
f 4 14 15
f 4 15 16
f 4 16 5
f 6 8 7
f 6 11 17
f 6 17 21
f 6 21 25
f 6 25 30
f 6 30 37
f 6 37 42
f 6 42 48
f 6 48 55
f 6 55 54
f 6 54 65
f 6 65 73
f 6 73 82
f 6 82 90
f 6 90 103
f 6 103 118
f 6 118 129
f 6 129 130
f 6 130 121
f 6 121 112
f 6 112 99
f 6 99 84
f 6 84 83
f 6 83 76
f 6 76 69
f 6 69 61
f 6 61 58
f 6 58 50
f 6 50 44
f 6 44 39
f 6 39 34
f 6 34 26
f 6 26 22
f 6 22 15
f 6 15 14
f 6 14 18
f 6 18 12
f 6 9 8
f 10 19 20
f 10 20 11
f 11 20 19
f 11 19 21
f 11 21 17
f 12 18 13
f 13 18 14
f 15 22 23
f 15 23 16
f 19 24 25
f 19 25 21
f 22 26 27
f 22 27 23
f 24 28 25
f 25 28 29
f 25 29 30
f 26 31 32
f 26 32 33
f 26 33 27
f 26 34 35
f 26 35 31
f 29 36 30
f 30 36 37
f 31 33 32
f 31 35 38
f 34 39 43
f 34 43 38
f 34 38 40
f 34 40 35
f 35 40 38
f 36 41 42
f 36 42 37
f 39 44 43
f 41 45 42
f 42 45 46
f 42 46 47
f 42 47 48
f 43 44 49
f 44 50 51
f 44 51 52
f 44 52 49
f 47 53 54
f 47 54 55
f 47 55 48
f 49 52 56
f 49 56 57
f 50 58 51
f 51 59 60
f 51 60 56
f 51 56 52
f 51 58 61
f 51 61 62
f 51 62 59
f 53 63 64
f 53 64 65
f 53 65 54
f 56 60 57
f 57 60 59
f 57 59 66
f 59 62 66
f 61 67 68
f 61 68 62
f 61 69 67
f 62 68 66
f 63 65 64
f 63 70 71
f 63 71 72
f 63 72 65
f 65 72 73
f 66 68 74
f 67 75 74
f 67 74 68
f 67 69 75
f 69 76 77
f 69 77 78
f 69 78 79
f 69 79 80
f 69 80 75
f 70 81 82
f 70 82 73
f 70 73 72
f 70 72 71
f 76 83 77
f 77 83 84
f 77 84 85
f 77 85 86
f 77 86 87
f 77 87 88
f 77 88 89
f 77 89 78
f 81 90 82
f 81 91 92
f 81 92 93
f 81 93 94
f 81 94 95
f 81 95 90
f 84 96 97
f 84 97 86
f 84 86 98
f 84 98 85
f 84 99 110
f 84 110 96
f 85 98 86
f 86 100 87
f 86 97 100
f 87 100 101
f 87 101 88
f 88 101 102
f 88 102 89
f 90 95 104
f 90 104 103
f 91 105 106
f 91 106 107
f 91 107 108
f 91 108 92
f 92 108 104
f 92 104 93
f 93 104 94
f 94 104 95
f 96 109 97
f 96 110 123
f 96 123 109
f 97 109 111
f 97 111 100
f 99 112 113
f 99 113 114
f 99 114 115
f 99 115 116
f 99 116 117
f 99 117 110
f 100 111 101
f 103 104 118
f 104 108 119
f 104 119 118
f 105 120 121
f 105 121 106
f 106 119 107
f 106 121 119
f 107 119 108
f 109 122 111
f 109 123 131
f 109 131 122
f 110 117 123
f 112 121 113
f 113 124 125
f 113 125 116
f 113 116 114
f 113 121 126
f 113 126 124
f 114 116 115
f 116 125 127
f 116 127 117
f 117 127 128
f 117 128 123
f 118 119 129
f 119 121 130
f 119 130 129
f 120 126 121
f 123 128 131
f 124 132 128
f 124 128 127
f 124 127 125
f 124 126 132

o geometry_1
v -0.00557789 0.00822158 -0.00181696 0.54117647 0.42352941 0.64313725
v -0.00557789 0.00823125 -0.00461410 0.54117647 0.42352941 0.64313725
v -0.00521144 0.00839280 -0.00481137 0.54117647 0.42352941 0.64313725
v -0.00521144 0.00839280 -0.00477592 0.54117647 0.42352941 0.64313725
v -0.00557789 0.00822642 0.00379889 0.54117647 0.42352941 0.64313725
v -0.00557789 0.00827575 -0.00492079 0.54117647 0.42352941 0.64313725
v -0.00542753 0.00831831 -0.00487147 0.54117647 0.42352941 0.64313725
v -0.00439750 0.00879231 -0.00481599 0.54117647 0.42352941 0.64313725
v -0.00375795 0.00912313 -0.00490229 0.54117647 0.42352941 0.64313725
v -0.00439750 0.00879231 -0.00477592 0.54117647 0.42352941 0.64313725
v -0.00375795 0.00914151 0.00355847 0.54117647 0.42352941 0.64313725
v -0.00375795 0.00914635 0.00375574 0.54117647 0.42352941 0.64313725
v -0.00375795 0.00980704 0.00660065 0.54117647 0.42352941 0.64313725
v -0.00557789 0.00911443 0.00680716 0.54117647 0.42352941 0.64313725
v -0.00440587 0.00879521 -0.00197878 0.54117647 0.42352941 0.64313725
v -0.00557789 0.01028393 -0.00769481 0.54117647 0.42352941 0.64313725
v -0.00517813 0.01038357 -0.00763162 0.54117647 0.42352941 0.64313725
v -0.00432321 0.01076083 -0.00765782 0.54117647 0.42352941 0.64313725
v -0.00405653 0.01081790 -0.00755919 0.54117647 0.42352941 0.64313725
v -0.00375795 0.00912313 -0.00468500 0.54117647 0.42352941 0.64313725
v -0.00375795 0.01107908 -0.00771484 0.54117647 0.42352941 0.64313725
v -0.00375795 0.00912700 -0.00187707 0.54117647 0.42352941 0.64313725
v -0.00375795 0.00913377 0.00074901 0.54117647 0.42352941 0.64313725
v -0.00375795 0.00983799 0.00666076 0.54117647 0.42352941 0.64313725
v -0.00557789 0.00913087 0.00685185 0.54117647 0.42352941 0.64313725
v -0.00557789 0.01060412 -0.00783659 0.54117647 0.42352941 0.64313725
v -0.00542753 0.01060412 -0.00781964 0.54117647 0.42352941 0.64313725
v -0.00462766 0.01069795 -0.00771022 0.54117647 0.42352941 0.64313725
v -0.00542753 0.01033133 -0.00768402 0.54117647 0.42352941 0.64313725
v -0.00382761 0.01106457 -0.00772409 0.54117647 0.42352941 0.64313725
v -0.00375795 0.01140410 -0.00785046 0.54117647 0.42352941 0.64313725
v -0.00375795 0.00994633 0.00685031 0.54117647 0.42352941 0.64313725
v -0.00443348 0.00960680 0.00679175 0.54117647 0.42352941 0.64313725
v -0.00557789 0.00926727 0.00696898 0.54117647 0.42352941 0.64313725
v -0.00375795 0.01040388 0.00725409 0.54117647 0.42352941 0.64313725
v -0.00375795 0.01069118 0.00750683 0.54117647 0.42352941 0.64313725
v -0.00375795 0.01080049 0.00760238 0.54117647 0.42352941 0.64313725
v -0.00462766 0.01100362 -0.00784584 0.54117647 0.42352941 0.64313725
v -0.00557789 0.01100362 -0.00787204 0.54117647 0.42352941 0.64313725
v -0.00542753 0.01100362 -0.00787204 0.54117647 0.42352941 0.64313725
v -0.00502742 0.01100362 -0.00787050 0.54117647 0.42352941 0.64313725
v -0.00382761 0.01140410 -0.00785971 0.54117647 0.42352941 0.64313725
v -0.00375795 0.01180361 -0.00787050 0.54117647 0.42352941 0.64313725
v -0.00557789 0.00994923 0.00753303 0.54117647 0.42352941 0.64313725
v -0.00375795 0.01098621 0.00772259 0.54117647 0.42352941 0.64313725
v -0.00393165 0.01076469 0.00763320 0.54117647 0.42352941 0.64313725
v -0.00557789 0.01115453 -0.00787204 0.54117647 0.42352941 0.64313725
v -0.00422772 0.01140410 -0.00787050 0.54117647 0.42352941 0.64313725
v -0.00375795 0.01580352 -0.00787050 0.54117647 0.42352941 0.64313725
v -0.00422772 0.01070279 0.00768098 0.54117647 0.42352941 0.64313725
v -0.00502742 0.01033713 0.00765478 0.54117647 0.42352941 0.64313725
v -0.00557789 0.01007982 0.00762550 0.54117647 0.42352941 0.64313725
v -0.00542753 0.01025491 0.00770564 0.54117647 0.42352941 0.64313725
v -0.00375795 0.01103168 0.00774108 0.54117647 0.42352941 0.64313725
v -0.00422772 0.01100362 0.00781660 0.54117647 0.42352941 0.64313725
v -0.00502742 0.01060412 0.00779194 0.54117647 0.42352941 0.64313725
v -0.00557789 0.01500354 -0.00787050 0.54117647 0.42352941 0.64313725
v -0.00542753 0.01540305 -0.00787050 0.54117647 0.42352941 0.64313725
v -0.00422772 0.01580352 -0.00787050 0.54117647 0.42352941 0.64313725
v -0.00375795 0.01620303 -0.00782272 0.54117647 0.42352941 0.64313725
v -0.00557789 0.01021912 0.00771797 0.54117647 0.42352941 0.64313725
v -0.00375795 0.01140410 0.00786129 0.54117647 0.42352941 0.64313725
v -0.00462766 0.01100362 0.00785821 0.54117647 0.42352941 0.64313725
v -0.00542753 0.01060412 0.00784126 0.54117647 0.42352941 0.64313725
v -0.00557789 0.01042516 0.00779810 0.54117647 0.42352941 0.64313725
v -0.00557789 0.01540305 -0.00786279 0.54117647 0.42352941 0.64313725
v -0.00462766 0.01580352 -0.00786433 0.54117647 0.42352941 0.64313725
v -0.00382761 0.01620303 -0.00781964 0.54117647 0.42352941 0.64313725
v -0.00375795 0.01649420 -0.00768710 0.54117647 0.42352941 0.64313725
v -0.00375795 0.01147375 0.00786746 0.54117647 0.42352941 0.64313725
v -0.00382761 0.01140410 0.00786591 0.54117647 0.42352941 0.64313725
v -0.00557789 0.01060412 0.00785050 0.54117647 0.42352941 0.64313725
v -0.00502742 0.01100362 0.00787054 0.54117647 0.42352941 0.64313725
v -0.00557789 0.01579191 -0.00772409 0.54117647 0.42352941 0.64313725
v -0.00502742 0.01580352 -0.00782735 0.54117647 0.42352941 0.64313725
v -0.00422772 0.01620303 -0.00779344 0.54117647 0.42352941 0.64313725
v -0.00382761 0.01649033 -0.00768402 0.54117647 0.42352941 0.64313725
v -0.00375795 0.01669443 -0.00748522 0.54117647 0.42352941 0.64313725
v -0.00375795 0.01180361 0.00787054 0.54117647 0.42352941 0.64313725
v -0.00422772 0.01140410 0.00787054 0.54117647 0.42352941 0.64313725
v -0.00557789 0.01085369 0.00786900 0.54117647 0.42352941 0.64313725
v -0.00557789 0.01100362 0.00787054 0.54117647 0.42352941 0.64313725
v -0.00375795 0.01420259 0.00787208 0.54117647 0.42352941 0.64313725
v -0.00557789 0.01597861 -0.00756844 0.54117647 0.42352941 0.64313725
v -0.00557183 0.01598054 -0.00756998 0.54117647 0.42352941 0.64313725
v -0.00530515 0.01603858 -0.00763933 0.54117647 0.42352941 0.64313725
v -0.00502742 0.01610339 -0.00769019 0.54117647 0.42352941 0.64313725
v -0.00462267 0.01622141 -0.00771947 0.54117647 0.42352941 0.64313725
v -0.00422772 0.01646131 -0.00765782 0.54117647 0.42352941 0.64313725
v -0.00382761 0.01668960 -0.00748059 0.54117647 0.42352941 0.64313725
v -0.00375795 0.01767821 -0.00646962 0.54117647 0.42352941 0.64313725
v -0.00422772 0.01420259 0.00787208 0.54117647 0.42352941 0.64313725
v -0.00557789 0.01445313 0.00787208 0.54117647 0.42352941 0.64313725
v -0.00375795 0.01580352 0.00787208 0.54117647 0.42352941 0.64313725
v -0.00557789 0.01674667 -0.00672698 0.54117647 0.42352941 0.64313725
v -0.00448603 0.01643132 -0.00762854 0.54117647 0.42352941 0.64313725
v -0.00552818 0.01675441 -0.00674702 0.54117647 0.42352941 0.64313725
v -0.00524030 0.01721002 -0.00640797 0.54117647 0.42352941 0.64313725
v -0.00444274 0.01761050 -0.00640797 0.54117647 0.42352941 0.64313725
v -0.00445824 0.01721776 -0.00681483 0.54117647 0.42352941 0.64313725
v -0.00422772 0.01666058 -0.00744977 0.54117647 0.42352941 0.64313725
v -0.00382761 0.01767241 -0.00646499 0.54117647 0.42352941 0.64313725
v -0.00375795 0.01801194 -0.00609821 0.54117647 0.42352941 0.64313725
v -0.00557789 0.01500354 0.00787208 0.54117647 0.42352941 0.64313725
v -0.00422772 0.01580352 0.00787208 0.54117647 0.42352941 0.64313725
v -0.00375795 0.01587220 0.00786591 0.54117647 0.42352941 0.64313725
v -0.00557789 0.01692079 -0.00652664 0.54117647 0.42352941 0.64313725
v -0.00375795 0.01807482 -0.00590094 0.54117647 0.42352941 0.64313725
v -0.00557789 0.01704171 -0.00619992 0.54117647 0.42352941 0.64313725
v -0.00525954 0.01722163 -0.00619992 0.54117647 0.42352941 0.64313725
v -0.00377773 0.01808642 -0.00579923 0.54117647 0.42352941 0.64313725
v -0.00375795 0.01809706 -0.00579769 0.54117647 0.42352941 0.64313725
v -0.00422772 0.01763468 -0.00643109 0.54117647 0.42352941 0.64313725
v -0.00502742 0.01540305 0.00787208 0.54117647 0.42352941 0.64313725
v -0.00542753 0.01540305 0.00787054 0.54117647 0.42352941 0.64313725
v -0.00557789 0.01525311 0.00787054 0.54117647 0.42352941 0.64313725
v -0.00375795 0.01620303 0.00782276 0.54117647 0.42352941 0.64313725
v -0.00462766 0.01580352 0.00786437 0.54117647 0.42352941 0.64313725
v -0.00557789 0.01705235 -0.00579923 0.54117647 0.42352941 0.64313725
v -0.00527237 0.01722937 -0.00579923 0.54117647 0.42352941 0.64313725
v -0.00472600 0.01754472 -0.00579923 0.54117647 0.42352941 0.64313725
v -0.00422772 0.01783202 -0.00579923 0.54117647 0.42352941 0.64313725
v -0.00397779 0.01797518 -0.00579923 0.54117647 0.42352941 0.64313725
v -0.00375795 0.01810384 -0.00539854 0.54117647 0.42352941 0.64313725
v -0.00557789 0.01540305 0.00786283 0.54117647 0.42352941 0.64313725
v -0.00375795 0.01625720 0.00779965 0.54117647 0.42352941 0.64313725
v -0.00382761 0.01620303 0.00781968 0.54117647 0.42352941 0.64313725
v -0.00422772 0.01620303 0.00779348 0.54117647 0.42352941 0.64313725
v -0.00502742 0.01580352 0.00782739 0.54117647 0.42352941 0.64313725
v -0.00557789 0.01705235 0.00579927 0.54117647 0.42352941 0.64313725
v -0.00527237 0.01722937 0.00579927 0.54117647 0.42352941 0.64313725
v -0.00377969 0.01809126 0.00539858 0.54117647 0.42352941 0.64313725
v -0.00375795 0.01810287 0.00539858 0.54117647 0.42352941 0.64313725
v -0.00557789 0.01567390 0.00777499 0.54117647 0.42352941 0.64313725
v -0.00375795 0.01649420 0.00768714 0.54117647 0.42352941 0.64313725
v -0.00382761 0.01649033 0.00768406 0.54117647 0.42352941 0.64313725
v -0.00422772 0.01646131 0.00765786 0.54117647 0.42352941 0.64313725
v -0.00462267 0.01622141 0.00771951 0.54117647 0.42352941 0.64313725
v -0.00557789 0.01579191 0.00772413 0.54117647 0.42352941 0.64313725
v -0.00557789 0.01705041 0.00592256 0.54117647 0.42352941 0.64313725
v -0.00472600 0.01754472 0.00579927 0.54117647 0.42352941 0.64313725
v -0.00422772 0.01783202 0.00579927 0.54117647 0.42352941 0.64313725
v -0.00397779 0.01797518 0.00579927 0.54117647 0.42352941 0.64313725
v -0.00375795 0.01809803 0.00577615 0.54117647 0.42352941 0.64313725
v -0.00375795 0.01652902 0.00765324 0.54117647 0.42352941 0.64313725
v -0.00375795 0.01669443 0.00748526 0.54117647 0.42352941 0.64313725
v -0.00382761 0.01668960 0.00748063 0.54117647 0.42352941 0.64313725
v -0.00448603 0.01643132 0.00762858 0.54117647 0.42352941 0.64313725
v -0.00375795 0.01771303 0.00643729 0.54117647 0.42352941 0.64313725
v -0.00422772 0.01666058 0.00744981 0.54117647 0.42352941 0.64313725
v -0.00445824 0.01721776 0.00681487 0.54117647 0.42352941 0.64313725
v -0.00502742 0.01610339 0.00769023 0.54117647 0.42352941 0.64313725
v -0.00530515 0.01603858 0.00763937 0.54117647 0.42352941 0.64313725
v -0.00557789 0.01597474 0.00757310 0.54117647 0.42352941 0.64313725
v -0.00557789 0.01704171 0.00619996 0.54117647 0.42352941 0.64313725
v -0.00377773 0.01808642 0.00579927 0.54117647 0.42352941 0.64313725
v -0.00525954 0.01722163 0.00619996 0.54117647 0.42352941 0.64313725
v -0.00375795 0.01809706 0.00579773 0.54117647 0.42352941 0.64313725
v -0.00557183 0.01598054 0.00757002 0.54117647 0.42352941 0.64313725
v -0.00375795 0.01801194 0.00609825 0.54117647 0.42352941 0.64313725
v -0.00422772 0.01763468 0.00643113 0.54117647 0.42352941 0.64313725
v -0.00444274 0.01761050 0.00640801 0.54117647 0.42352941 0.64313725
v -0.00524030 0.01721002 0.00640801 0.54117647 0.42352941 0.64313725
v -0.00557789 0.01670894 0.00677018 0.54117647 0.42352941 0.64313725
v -0.00557789 0.01701075 0.00631246 0.54117647 0.42352941 0.64313725
v -0.00375795 0.01807482 0.00590098 0.54117647 0.42352941 0.64313725
v -0.00375795 0.01804580 0.00602889 0.54117647 0.42352941 0.64313725
v -0.00557789 0.01692079 0.00652668 0.54117647 0.42352941 0.64313725
v -0.00557789 0.01674667 0.00672702 0.54117647 0.42352941 0.64313725
f 133 134 135
f 133 135 136
f 133 136 137
f 133 137 146
f 133 146 157
f 133 157 166
f 133 166 176
f 133 176 184
f 133 184 193
f 133 193 197
f 133 197 204
f 133 204 213
f 133 213 214
f 133 214 225
f 133 225 236
f 133 236 248
f 133 248 257
f 133 257 266
f 133 266 271
f 133 271 286
f 133 286 296
f 133 296 301
f 133 301 300
f 133 300 297
f 133 297 287
f 133 287 272
f 133 272 262
f 133 262 251
f 133 251 241
f 133 241 239
f 133 239 227
f 133 227 216
f 133 216 206
f 133 206 198
f 133 198 189
f 133 189 179
f 133 179 171
f 133 171 158
f 133 158 148
f 133 148 138
f 133 138 134
f 134 138 139
f 134 139 135
f 135 140 142
f 135 142 136
f 135 139 141
f 135 141 140
f 136 142 137
f 137 143 144
f 137 144 145
f 137 145 146
f 137 142 147
f 137 147 143
f 138 141 139
f 138 148 149
f 138 149 150
f 138 150 151
f 138 151 141
f 140 141 152
f 140 152 142
f 141 151 153
f 141 153 163
f 141 163 175
f 141 175 181
f 141 181 192
f 141 192 201
f 141 201 210
f 141 210 223
f 141 223 235
f 141 235 240
f 141 240 244
f 141 244 256
f 141 256 265
f 141 265 276
f 141 276 290
f 141 290 298
f 141 298 299
f 141 299 292
f 141 292 281
f 141 281 278
f 141 278 277
f 141 277 267
f 141 267 258
f 141 258 249
f 141 249 238
f 141 238 226
f 141 226 215
f 141 215 211
f 141 211 202
f 141 202 194
f 141 194 186
f 141 186 177
f 141 177 169
f 141 169 168
f 141 168 167
f 141 167 164
f 141 164 156
f 141 156 145
f 141 145 144
f 141 144 143
f 141 143 155
f 141 155 154
f 141 154 152
f 142 152 154
f 142 154 147
f 143 147 155
f 145 156 157
f 145 157 146
f 147 154 155
f 148 158 159
f 148 159 160
f 148 160 161
f 148 161 149
f 149 161 150
f 150 161 160
f 150 160 153
f 150 153 151
f 153 160 162
f 153 162 163
f 156 164 165
f 156 165 157
f 157 165 164
f 157 164 167
f 157 167 168
f 157 168 169
f 157 169 166
f 158 170 159
f 158 171 172
f 158 172 173
f 158 173 170
f 159 170 162
f 159 162 160
f 162 170 163
f 163 170 174
f 163 174 175
f 166 169 176
f 169 177 178
f 169 178 176
f 170 173 174
f 171 179 172
f 172 175 180
f 172 180 173
f 172 179 181
f 172 181 175
f 173 180 174
f 174 180 175
f 176 178 182
f 176 182 183
f 176 183 184
f 177 185 182
f 177 182 178
f 177 186 187
f 177 187 188
f 177 188 185
f 179 189 190
f 179 190 191
f 179 191 181
f 181 191 192
f 182 185 183
f 183 185 184
f 184 185 193
f 185 188 193
f 186 194 187
f 187 194 195
f 187 195 196
f 187 196 188
f 188 196 197
f 188 197 193
f 189 198 190
f 190 198 199
f 190 199 191
f 191 199 192
f 192 199 200
f 192 200 201
f 194 202 203
f 194 203 195
f 195 204 196
f 195 203 205
f 195 205 204
f 196 204 197
f 198 206 207
f 198 207 199
f 199 207 208
f 199 208 200
f 200 208 201
f 201 208 209
f 201 209 210
f 202 205 203
f 202 211 212
f 202 212 205
f 204 205 213
f 205 214 213
f 205 212 215
f 205 215 224
f 205 224 214
f 206 216 217
f 206 217 218
f 206 218 219
f 206 219 220
f 206 220 207
f 207 220 208
f 208 220 221
f 208 221 209
f 209 221 222
f 209 222 210
f 210 222 223
f 211 215 212
f 214 224 225
f 215 226 237
f 215 237 246
f 215 246 236
f 215 236 225
f 215 225 224
f 216 227 217
f 217 228 218
f 217 227 229
f 217 229 230
f 217 230 231
f 217 231 232
f 217 232 228
f 218 228 219
f 219 228 220
f 220 228 221
f 221 228 232
f 221 232 233
f 221 233 234
f 221 234 223
f 221 223 222
f 223 234 235
f 226 238 237
f 227 239 230
f 227 230 229
f 230 240 231
f 230 239 241
f 230 241 242
f 230 242 243
f 230 243 244
f 230 244 240
f 231 240 235
f 231 235 245
f 231 245 233
f 231 233 232
f 233 245 234
f 234 245 235
f 236 246 247
f 236 247 248
f 237 238 249
f 237 249 250
f 237 250 247
f 237 247 246
f 241 251 252
f 241 252 253
f 241 253 254
f 241 254 255
f 241 255 242
f 242 255 243
f 243 255 256
f 243 256 244
f 247 250 257
f 247 257 248
f 249 258 259
f 249 259 250
f 250 259 260
f 250 260 261
f 250 261 257
f 251 262 263
f 251 263 252
f 252 256 253
f 252 263 256
f 253 256 254
f 254 256 255
f 256 263 264
f 256 264 265
f 257 261 266
f 258 267 260
f 258 260 259
f 260 267 268
f 260 268 269
f 260 269 270
f 260 270 261
f 261 270 271
f 261 271 266
f 262 272 263
f 263 272 273
f 263 273 264
f 264 273 274
f 264 274 275
f 264 275 276
f 264 276 265
f 267 277 268
f 268 277 278
f 268 278 279
f 268 279 269
f 269 280 270
f 269 279 281
f 269 281 282
f 269 282 283
f 269 283 280
f 270 280 284
f 270 284 271
f 271 284 285
f 271 285 286
f 272 274 273
f 272 287 274
f 274 287 275
f 275 288 276
f 275 287 289
f 275 289 288
f 276 288 290
f 278 281 279
f 280 291 285
f 280 285 284
f 280 283 291
f 281 292 293
f 281 293 282
f 282 293 294
f 282 294 283
f 283 294 291
f 285 291 286
f 286 291 294
f 286 294 295
f 286 295 296
f 287 297 295
f 287 295 289
f 288 289 295
f 288 295 290
f 290 295 298
f 292 299 294
f 292 294 293
f 294 299 295
f 295 297 300
f 295 300 301
f 295 301 296
f 295 299 298

o geometry_2
v -0.00508247 -0.00855703 0.00184936 0.43529412 0.89019608 0.96078431
v -0.00521448 -0.00838651 0.00477749 0.43529412 0.89019608 0.96078431
v -0.00521448 -0.00838651 0.00481140 0.43529412 0.89019608 0.96078431
v -0.00508369 -0.00855703 0.00464496 0.43529412 0.89019608 0.96078431
v -0.00510202 -0.00855703 -0.00379886 0.43529412 0.89019608 0.96078431
v -0.00522303 -0.00839298 0.00198960 0.43529412 0.89019608 0.96078431
v -0.00681200 -0.00718410 -0.00401153 0.43529412 0.89019608 0.96078431
v -0.00511791 -0.00855703 0.00492390 0.43529412 0.89019608 0.96078431
v -0.00681200 -0.00718410 -0.00396684 0.43529412 0.89019608 0.96078431
v -0.00705645 -0.00701945 0.00459872 0.43529412 0.89019608 0.96078431
v -0.00638786 -0.00756835 0.00482835 0.43529412 0.89019608 0.96078431
v -0.00710656 -0.00708944 0.00488537 0.43529412 0.89019608 0.96078431
v -0.00914533 -0.00708191 0.00767326 0.43529412 0.89019608 0.96078431
v -0.00623630 -0.00855703 -0.00659908 0.43529412 0.89019608 0.96078431
v -0.00706256 -0.00701945 -0.00407318 0.43529412 0.89019608 0.96078431
v -0.00705890 -0.00701945 -0.00383893 0.43529412 0.89019608 0.96078431
v -0.00705278 -0.00701945 -0.00104641 0.43529412 0.89019608 0.96078431
v -0.00799394 -0.00715536 -0.00683641 0.43529412 0.89019608 0.96078431
v -0.00790471 -0.00855703 0.00766402 0.43529412 0.89019608 0.96078431
v -0.00730702 -0.00701945 0.00496859 0.43529412 0.89019608 0.96078431
v -0.00912699 -0.00701945 0.00752532 0.43529412 0.89019608 0.96078431
v -0.00928222 -0.00701945 0.00771487 0.43529412 0.89019608 0.96078431
v -0.00632797 -0.00855703 -0.00675628 0.43529412 0.89019608 0.96078431
v -0.00826406 -0.00701945 -0.00697511 0.43529412 0.89019608 0.96078431
v -0.00940079 -0.00701945 0.00776265 0.43529412 0.89019608 0.96078431
v -0.00823229 -0.00855703 0.00779039 0.43529412 0.89019608 0.96078431
v -0.00660299 -0.00855703 -0.00700748 0.43529412 0.89019608 0.96078431
v -0.00670321 -0.00831186 -0.00687032 0.43529412 0.89019608 0.96078431
v -0.00827140 -0.00701945 -0.00698282 0.43529412 0.89019608 0.96078431
v -0.00942768 -0.00739647 0.00785820 0.43529412 0.89019608 0.96078431
v -0.00902799 -0.00779637 0.00784433 0.43529412 0.89019608 0.96078431
v -0.00982858 -0.00701945 0.00786899 0.43529412 0.89019608 0.96078431
v -0.00862830 -0.00855703 0.00786282 0.43529412 0.89019608 0.96078431
v -0.00761259 -0.00855703 -0.00760698 0.43529412 0.89019608 0.96078431
v -0.00910377 -0.00701945 -0.00765783 0.43529412 0.89019608 0.96078431
v -0.00892410 -0.00701945 -0.00752067 0.43529412 0.89019608 0.96078431
v -0.00847674 -0.00701945 -0.00716005 0.43529412 0.89019608 0.96078431
v -0.01022827 -0.00701945 0.00787207 0.43529412 0.89019608 0.96078431
v -0.00982858 -0.00739647 0.00787207 0.43529412 0.89019608 0.96078431
v -0.00942768 -0.00779637 0.00787207 0.43529412 0.89019608 0.96078431
v -0.00902799 -0.00819642 0.00787053 0.43529412 0.89019608 0.96078431
v -0.00902799 -0.00855703 0.00787053 0.43529412 0.89019608 0.96078431
v -0.00785216 -0.00855703 -0.00771794 0.43529412 0.89019608 0.96078431
v -0.00912455 -0.00701945 -0.00767016 0.43529412 0.89019608 0.96078431
v -0.01384989 -0.00701945 0.00787207 0.43529412 0.89019608 0.96078431
v -0.01382666 -0.00855703 0.00787053 0.43529412 0.89019608 0.96078431
v -0.00826773 -0.00855703 -0.00783660 0.43529412 0.89019608 0.96078431
v -0.00940201 -0.00701945 -0.00779653 0.43529412 0.89019608 0.96078431
v -0.01462726 -0.00701945 0.00787053 0.43529412 0.89019608 0.96078431
v -0.01422635 -0.00819642 0.00787053 0.43529412 0.89019608 0.96078431
v -0.01422635 -0.00855703 0.00784279 0.43529412 0.89019608 0.96078431
v -0.00862830 -0.00855703 -0.00786742 0.43529412 0.89019608 0.96078431
v -0.00942768 -0.00739647 -0.00786280 0.43529412 0.89019608 0.96078431
v -0.00942768 -0.00701945 -0.00780270 0.43529412 0.89019608 0.96078431
v -0.01462726 -0.00739647 0.00786899 0.43529412 0.89019608 0.96078431
v -0.01502939 -0.00701945 0.00782429 0.43529412 0.89019608 0.96078431
v -0.01462726 -0.00779637 0.00784741 0.43529412 0.89019608 0.96078431
v -0.01462726 -0.00819642 0.00779655 0.43529412 0.89019608 0.96078431
v -0.01462848 -0.00855703 0.00770100 0.43529412 0.89019608 0.96078431
v -0.00866742 -0.00855703 -0.00787051 0.43529412 0.89019608 0.96078431
v -0.00980536 -0.00701945 -0.00786897 0.43529412 0.89019608 0.96078431
v -0.01533374 -0.00701945 0.00768867 0.43529412 0.89019608 0.96078431
v -0.01497438 -0.00779637 0.00771179 0.43529412 0.89019608 0.96078431
v -0.01489860 -0.00819642 0.00766093 0.43529412 0.89019608 0.96078431
v -0.01466515 -0.00855703 0.00768251 0.43529412 0.89019608 0.96078431
v -0.00902799 -0.00855703 -0.00787205 0.43529412 0.89019608 0.96078431
v -0.00902799 -0.00819642 -0.00787205 0.43529412 0.89019608 0.96078431
v -0.00942768 -0.00779637 -0.00787205 0.43529412 0.89019608 0.96078431
v -0.01020505 -0.00701945 -0.00787051 0.43529412 0.89019608 0.96078431
v -0.01527384 -0.00731023 0.00764244 0.43529412 0.89019608 0.96078431
v -0.01554641 -0.00701945 0.00749912 0.43529412 0.89019608 0.96078431
v -0.01726127 -0.00809091 0.00562973 0.43529412 0.89019608 0.96078431
v -0.01717693 -0.00855703 0.00555576 0.43529412 0.89019608 0.96078431
v -0.01715616 -0.00855703 0.00557425 0.43529412 0.89019608 0.96078431
v -0.01611966 -0.00855703 0.00648043 0.43529412 0.89019608 0.96078431
v -0.01484971 -0.00843678 0.00761932 0.43529412 0.89019608 0.96078431
v -0.01533007 -0.00855703 0.00716623 0.43529412 0.89019608 0.96078431
v -0.01498050 -0.00855703 0.00745905 0.43529412 0.89019608 0.96078431
v -0.01026738 -0.00855703 -0.00787205 0.43529412 0.89019608 0.96078431
v -0.00982858 -0.00779637 -0.00787205 0.43529412 0.89019608 0.96078431
v -0.01462726 -0.00701945 -0.00787051 0.43529412 0.89019608 0.96078431
v -0.01569064 -0.00855703 0.00685493 0.43529412 0.89019608 0.96078431
v -0.01543030 -0.00855703 0.00707993 0.43529412 0.89019608 0.96078431
v -0.01707182 -0.00701945 0.00613214 0.43529412 0.89019608 0.96078431
v -0.01720505 -0.00713429 0.00597957 0.43529412 0.89019608 0.96078431
v -0.01731016 -0.00779637 0.00567597 0.43529412 0.89019608 0.96078431
v -0.01734439 -0.00855703 0.00538932 0.43529412 0.89019608 0.96078431
v -0.01386578 -0.00855703 -0.00787051 0.43529412 0.89019608 0.96078431
v -0.01422635 -0.00819642 -0.00787051 0.43529412 0.89019608 0.96078431
v -0.01500372 -0.00701945 -0.00783044 0.43529412 0.89019608 0.96078431
v -0.01462726 -0.00739647 -0.00786897 0.43529412 0.89019608 0.96078431
v -0.01734805 -0.00701945 0.00585011 0.43529412 0.89019608 0.96078431
v -0.01737372 -0.00701945 0.00582237 0.43529412 0.89019608 0.96078431
v -0.01736394 -0.00739647 0.00573761 0.43529412 0.89019608 0.96078431
v -0.01737250 -0.00855703 0.00535850 0.43529412 0.89019608 0.96078431
v -0.01422635 -0.00855703 -0.00784277 0.43529412 0.89019608 0.96078431
v -0.01462726 -0.00779637 -0.00784739 0.43529412 0.89019608 0.96078431
v -0.01502939 -0.00701945 -0.00782273 0.43529412 0.89019608 0.96078431
v -0.01738228 -0.00701945 0.00580542 0.43529412 0.89019608 0.96078431
v -0.01748128 -0.00779637 0.00539856 0.43529412 0.89019608 0.96078431
v -0.01752406 -0.00855703 0.00504411 0.43529412 0.89019608 0.96078431
v -0.01426668 -0.00855703 -0.00783660 0.43529412 0.89019608 0.96078431
v -0.01462726 -0.00819642 -0.00779653 0.43529412 0.89019608 0.96078431
v -0.01532396 -0.00701945 -0.00769482 0.43529412 0.89019608 0.96078431
v -0.01755951 -0.00701945 0.00539856 0.43529412 0.89019608 0.96078431
v -0.01753506 -0.00739647 0.00539856 0.43529412 0.89019608 0.96078431
v -0.01754362 -0.00855703 0.00499941 0.43529412 0.89019608 0.96078431
v -0.01462848 -0.00855703 -0.00770098 0.43529412 0.89019608 0.96078431
v -0.01464437 -0.00855703 -0.00769328 0.43529412 0.89019608 0.96078431
v -0.01489860 -0.00819642 -0.00766091 0.43529412 0.89019608 0.96078431
v -0.01497438 -0.00779637 -0.00771177 0.43529412 0.89019608 0.96078431
v -0.01533374 -0.00701945 -0.00768866 0.43529412 0.89019608 0.96078431
v -0.01756195 -0.00701945 0.00537699 0.43529412 0.89019608 0.96078431
v -0.01756318 -0.00819642 0.00499941 0.43529412 0.89019608 0.96078431
v -0.01756684 -0.00855703 0.00463879 0.43529412 0.89019608 0.96078431
v -0.01466393 -0.00855703 -0.00768249 0.43529412 0.89019608 0.96078431
v -0.01484971 -0.00843678 -0.00761930 0.43529412 0.89019608 0.96078431
v -0.01525918 -0.00855703 -0.00722786 0.43529412 0.89019608 0.96078431
v -0.01527384 -0.00731023 -0.00764242 0.43529412 0.89019608 0.96078431
v -0.01611966 -0.00855703 -0.00648041 0.43529412 0.89019608 0.96078431
v -0.01676992 -0.00855703 -0.00591174 0.43529412 0.89019608 0.96078431
v -0.01717693 -0.00855703 -0.00555574 0.43529412 0.89019608 0.96078431
v -0.01551952 -0.00701945 -0.00752375 0.43529412 0.89019608 0.96078431
v -0.01756807 -0.00701945 0.00499941 0.43529412 0.89019608 0.96078431
v -0.01756807 -0.00779637 0.00499941 0.43529412 0.89019608 0.96078431
v -0.01756807 -0.00855703 0.00459872 0.43529412 0.89019608 0.96078431
v -0.01481060 -0.00855703 -0.00759002 0.43529412 0.89019608 0.96078431
v -0.01498050 -0.00855703 -0.00745903 0.43529412 0.89019608 0.96078431
v -0.01569064 -0.00855703 -0.00685491 0.43529412 0.89019608 0.96078431
v -0.01571020 -0.00855703 -0.00683795 0.43529412 0.89019608 0.96078431
v -0.01726127 -0.00809091 -0.00562971 0.43529412 0.89019608 0.96078431
v -0.01737250 -0.00855703 -0.00535848 0.43529412 0.89019608 0.96078431
v -0.01722460 -0.00701945 -0.00599804 0.43529412 0.89019608 0.96078431
v -0.01756807 -0.00701945 -0.00499939 0.43529412 0.89019608 0.96078431
v -0.01756807 -0.00855703 -0.00459870 0.43529412 0.89019608 0.96078431
v -0.01731016 -0.00779637 -0.00567595 0.43529412 0.89019608 0.96078431
v -0.01754362 -0.00855703 -0.00499939 0.43529412 0.89019608 0.96078431
v -0.01748128 -0.00779637 -0.00539855 0.43529412 0.89019608 0.96078431
v -0.01736394 -0.00739647 -0.00573759 0.43529412 0.89019608 0.96078431
v -0.01737372 -0.00701945 -0.00582235 0.43529412 0.89019608 0.96078431
v -0.01755951 -0.00701945 -0.00539855 0.43529412 0.89019608 0.96078431
v -0.01756807 -0.00779637 -0.00499939 0.43529412 0.89019608 0.96078431
v -0.01756318 -0.00819642 -0.00499939 0.43529412 0.89019608 0.96078431
v -0.01753506 -0.00739647 -0.00539855 0.43529412 0.89019608 0.96078431
f 302 303 304
f 302 304 305
f 302 305 309
f 302 309 320
f 302 320 327
f 302 327 334
f 302 334 343
f 302 343 347
f 302 347 352
f 302 352 360
f 302 360 366
f 302 366 379
f 302 379 378
f 302 378 384
f 302 384 383
f 302 383 376
f 302 376 375
f 302 375 374
f 302 374 388
f 302 388 396
f 302 396 402
f 302 402 408
f 302 408 416
f 302 416 427
f 302 427 436
f 302 436 438
f 302 438 433
f 302 433 423
f 302 423 422
f 302 422 421
f 302 421 431
f 302 431 430
f 302 430 419
f 302 419 429
f 302 429 428
f 302 428 417
f 302 417 410
f 302 410 409
f 302 409 403
f 302 403 397
f 302 397 389
f 302 389 380
f 302 380 367
f 302 367 361
f 302 361 353
f 302 353 348
f 302 348 344
f 302 344 335
f 302 335 328
f 302 328 324
f 302 324 315
f 302 315 306
f 302 306 303
f 303 306 307
f 303 307 308
f 303 308 310
f 303 310 304
f 304 309 305
f 304 310 311
f 304 311 312
f 304 312 313
f 304 313 314
f 304 314 309
f 306 315 308
f 306 308 307
f 308 316 317
f 308 317 318
f 308 318 310
f 308 315 319
f 308 319 316
f 309 314 320
f 310 318 311
f 311 321 313
f 311 313 312
f 311 318 317
f 311 317 316
f 311 316 325
f 311 325 330
f 311 330 338
f 311 338 337
f 311 337 336
f 311 336 345
f 311 345 349
f 311 349 355
f 311 355 362
f 311 362 370
f 311 370 382
f 311 382 391
f 311 391 399
f 311 399 405
f 311 405 413
f 311 413 424
f 311 424 434
f 311 434 441
f 311 441 442
f 311 442 435
f 311 435 425
f 311 425 414
f 311 414 406
f 311 406 400
f 311 400 394
f 311 394 393
f 311 393 385
f 311 385 372
f 311 372 363
f 311 363 357
f 311 357 350
f 311 350 346
f 311 346 339
f 311 339 333
f 311 333 326
f 311 326 323
f 311 323 322
f 311 322 321
f 313 321 322
f 313 322 314
f 314 322 323
f 314 323 320
f 315 324 319
f 316 319 325
f 319 324 325
f 320 323 326
f 320 326 327
f 324 328 329
f 324 329 325
f 325 329 330
f 326 331 332
f 326 332 327
f 326 333 331
f 327 332 334
f 328 335 336
f 328 336 337
f 328 337 338
f 328 338 329
f 329 338 330
f 331 334 332
f 331 333 334
f 333 339 340
f 333 340 341
f 333 341 342
f 333 342 334
f 334 342 343
f 335 344 345
f 335 345 336
f 339 346 341
f 339 341 340
f 341 343 342
f 341 346 347
f 341 347 343
f 344 348 349
f 344 349 345
f 346 350 351
f 346 351 347
f 347 351 352
f 348 353 354
f 348 354 355
f 348 355 349
f 350 356 351
f 350 357 356
f 351 356 358
f 351 358 352
f 352 358 359
f 352 359 360
f 353 361 354
f 354 361 362
f 354 362 355
f 356 357 358
f 357 363 359
f 357 359 358
f 359 363 364
f 359 364 365
f 359 365 360
f 360 365 366
f 361 367 368
f 361 368 362
f 362 368 369
f 362 369 370
f 363 371 365
f 363 365 364
f 363 372 373
f 363 373 374
f 363 374 375
f 363 375 376
f 363 376 371
f 365 377 366
f 365 371 378
f 365 378 377
f 366 377 379
f 367 380 381
f 367 381 369
f 367 369 368
f 369 381 382
f 369 382 370
f 371 376 383
f 371 383 384
f 371 384 378
f 372 385 386
f 372 386 373
f 373 386 387
f 373 387 388
f 373 388 374
f 377 378 379
f 380 389 390
f 380 390 382
f 380 382 381
f 382 390 392
f 382 392 391
f 385 393 386
f 386 393 394
f 386 394 395
f 386 395 387
f 387 395 396
f 387 396 388
f 389 397 390
f 390 397 398
f 390 398 392
f 391 398 399
f 391 392 398
f 394 400 401
f 394 401 395
f 395 401 396
f 396 401 402
f 397 403 398
f 398 403 404
f 398 404 399
f 399 404 405
f 400 406 407
f 400 407 401
f 401 407 408
f 401 408 402
f 403 409 404
f 404 409 410
f 404 410 411
f 404 411 412
f 404 412 405
f 405 412 411
f 405 411 413
f 406 414 415
f 406 415 408
f 406 408 407
f 408 415 416
f 410 417 418
f 410 418 411
f 411 418 419
f 411 419 420
f 411 420 413
f 413 420 421
f 413 421 422
f 413 422 423
f 413 423 424
f 414 425 426
f 414 426 415
f 415 426 427
f 415 427 416
f 417 428 418
f 418 428 429
f 418 429 419
f 419 430 420
f 420 430 431
f 420 431 421
f 423 432 424
f 423 433 432
f 424 432 434
f 425 435 443
f 425 443 436
f 425 436 427
f 425 427 426
f 432 433 437
f 432 437 434
f 433 438 439
f 433 439 440
f 433 440 437
f 434 437 440
f 434 440 441
f 435 442 443
f 436 443 444
f 436 444 438
f 438 444 442
f 438 442 445
f 438 445 439
f 439 445 441
f 439 441 440
f 441 445 442
f 442 444 443

o geometry_3
v 0.01751295 -0.00489896 0.00579926 0.38039216 0.78823529 0.52549020
v 0.01746467 -0.00489896 0.00619995 0.38039216 0.78823529 0.52549020
v 0.01751295 -0.00499648 0.00579926 0.38039216 0.78823529 0.52549020
v 0.01751295 -0.00489896 -0.00579924 0.38039216 0.78823529 0.52549020
v 0.01729470 -0.00489896 0.00653746 0.38039216 0.78823529 0.52549020
v 0.01745864 -0.00499648 0.00619995 0.38039216 0.78823529 0.52549020
v 0.01750289 -0.00579632 0.00579926 0.38039216 0.78823529 0.52549020
v 0.01751194 -0.00539658 0.00579926 0.38039216 0.78823529 0.52549020
v 0.01751295 -0.00659634 0.00539857 0.38039216 0.78823529 0.52549020
v 0.01751295 -0.00499648 -0.00579924 0.38039216 0.78823529 0.52549020
v 0.01750490 -0.00489896 -0.00589633 0.38039216 0.78823529 0.52549020
v 0.01728866 -0.00499648 0.00652821 0.38039216 0.78823529 0.52549020
v 0.01711164 -0.00489896 0.00673780 0.38039216 0.78823529 0.52549020
v 0.01740332 -0.00539658 0.00619995 0.38039216 0.78823529 0.52549020
v 0.01747171 -0.00619642 0.00579926 0.38039216 0.78823529 0.52549020
v 0.01751094 -0.00669368 0.00539857 0.38039216 0.78823529 0.52549020
v 0.01751295 -0.00669368 0.00499941 0.38039216 0.78823529 0.52549020
v 0.01751194 -0.00539658 -0.00579924 0.38039216 0.78823529 0.52549020
v 0.01751295 -0.00659634 -0.00539854 0.38039216 0.78823529 0.52549020
v 0.01746467 -0.00489896 -0.00619993 0.38039216 0.78823529 0.52549020
v 0.01730174 -0.00619642 0.00612752 0.38039216 0.78823529 0.52549020
v 0.01710058 -0.00499648 0.00672701 0.38039216 0.78823529 0.52549020
v 0.01724441 -0.00659634 0.00606433 0.38039216 0.78823529 0.52549020
v 0.01671838 -0.00489896 0.00714620 0.38039216 0.78823529 0.52549020
v 0.01741438 -0.00659634 0.00579926 0.38039216 0.78823529 0.52549020
v 0.01739125 -0.00669368 0.00580542 0.38039216 0.78823529 0.52549020
v 0.01751295 -0.00669368 -0.00530145 0.38039216 0.78823529 0.52549020
v 0.01750289 -0.00579632 -0.00579924 0.38039216 0.78823529 0.52549020
v 0.01751094 -0.00669368 -0.00539854 0.38039216 0.78823529 0.52549020
v 0.01745864 -0.00499648 -0.00619993 0.38039216 0.78823529 0.52549020
v 0.01742344 -0.00489896 -0.00628931 0.38039216 0.78823529 0.52549020
v 0.01690043 -0.00499648 0.00693044 0.38039216 0.78823529 0.52549020
v 0.01722731 -0.00669368 0.00604892 0.38039216 0.78823529 0.52549020
v 0.01631808 -0.00489896 0.00754535 0.38039216 0.78823529 0.52549020
v 0.01747171 -0.00619642 -0.00579924 0.38039216 0.78823529 0.52549020
v 0.01743651 -0.00669368 -0.00570215 0.38039216 0.78823529 0.52549020
v 0.01740332 -0.00539658 -0.00619993 0.38039216 0.78823529 0.52549020
v 0.01728866 -0.00499648 -0.00652819 0.38039216 0.78823529 0.52549020
v 0.01729470 -0.00489896 -0.00653743 0.38039216 0.78823529 0.52549020
v 0.01601534 -0.00539658 0.00763936 0.38039216 0.78823529 0.52549020
v 0.01559593 -0.00645401 0.00762241 0.38039216 0.78823529 0.52549020
v 0.01554665 -0.00669368 0.00757463 0.38039216 0.78823529 0.52549020
v 0.01619336 -0.00489896 0.00765477 0.38039216 0.78823529 0.52549020
v 0.01741438 -0.00659634 -0.00579924 0.38039216 0.78823529 0.52549020
v 0.01739125 -0.00669368 -0.00580540 0.38039216 0.78823529 0.52549020
v 0.01730174 -0.00619642 -0.00612750 0.38039216 0.78823529 0.52549020
v 0.01710058 -0.00499648 -0.00672699 0.38039216 0.78823529 0.52549020
v 0.01705733 -0.00489896 -0.00679788 0.38039216 0.78823529 0.52549020
v 0.01725346 -0.00489896 -0.00658675 0.38039216 0.78823529 0.52549020
v 0.01724441 -0.00659634 -0.00606431 0.38039216 0.78823529 0.52549020
v 0.01609781 -0.00499648 0.00770100 0.38039216 0.78823529 0.52549020
v 0.01564924 -0.00619642 0.00766710 0.38039216 0.78823529 0.52549020
v 0.01536560 -0.00669368 0.00771025 0.38039216 0.78823529 0.52549020
v 0.01612296 -0.00489896 0.00770717 0.38039216 0.78823529 0.52549020
v 0.01726251 -0.00669368 -0.00600729 0.38039216 0.78823529 0.52549020
v 0.01685115 -0.00489896 -0.00701210 0.38039216 0.78823529 0.52549020
v 0.01722731 -0.00669368 -0.00604890 0.38039216 0.78823529 0.52549020
v 0.01644380 -0.00489896 -0.00742204 0.38039216 0.78823529 0.52549020
v 0.01671838 -0.00489896 -0.00714618 0.38039216 0.78823529 0.52549020
v 0.01577194 -0.00539658 0.00777498 0.38039216 0.78823529 0.52549020
v 0.01537164 -0.00619642 0.00780426 0.38039216 0.78823529 0.52549020
v 0.01528615 -0.00669368 0.00774416 0.38039216 0.78823529 0.52549020
v 0.01587755 -0.00489896 0.00780888 0.38039216 0.78823529 0.52549020
v 0.01558788 -0.00669368 -0.00753300 0.38039216 0.78823529 0.52549020
v 0.01559593 -0.00645401 -0.00762239 0.38039216 0.78823529 0.52549020
v 0.01601534 -0.00539658 -0.00763934 0.38039216 0.78823529 0.52549020
v 0.01631808 -0.00489896 -0.00754533 0.38039216 0.78823529 0.52549020
v 0.01577194 -0.00499648 0.00783662 0.38039216 0.78823529 0.52549020
v 0.01537164 -0.00579632 0.00785512 0.38039216 0.78823529 0.52549020
v 0.01497234 -0.00669368 0.00785512 0.38039216 0.78823529 0.52549020
v 0.01577194 -0.00489896 0.00784433 0.38039216 0.78823529 0.52549020
v 0.01551044 -0.00669368 -0.00759927 0.38039216 0.78823529 0.52549020
v 0.01536560 -0.00669368 -0.00771023 0.38039216 0.78823529 0.52549020
v 0.01564924 -0.00619642 -0.00766708 0.38039216 0.78823529 0.52549020
v 0.01609781 -0.00499648 -0.00770098 0.38039216 0.78823529 0.52549020
v 0.01612296 -0.00489896 -0.00770715 0.38039216 0.78823529 0.52549020
v 0.01497234 -0.00659634 0.00786436 0.38039216 0.78823529 0.52549020
v 0.01537164 -0.00539658 0.00787053 0.38039216 0.78823529 0.52549020
v 0.01487478 -0.00669368 0.00786590 0.38039216 0.78823529 0.52549020
v 0.01546920 -0.00489896 0.00787053 0.38039216 0.78823529 0.52549020
v 0.01497234 -0.00669368 -0.00785510 0.38039216 0.78823529 0.52549020
v 0.01537164 -0.00619642 -0.00780424 0.38039216 0.78823529 0.52549020
v 0.01577194 -0.00539658 -0.00777496 0.38039216 0.78823529 0.52549020
v 0.01577194 -0.00499648 -0.00783660 0.38039216 0.78823529 0.52549020
v 0.01577194 -0.00489896 -0.00784431 0.38039216 0.78823529 0.52549020
v 0.01497234 -0.00619642 0.00787053 0.38039216 0.78823529 0.52549020
v 0.01537164 -0.00499648 0.00787207 0.38039216 0.78823529 0.52549020
v 0.01457204 -0.00669368 0.00787053 0.38039216 0.78823529 0.52549020
v 0.01537164 -0.00489896 0.00787207 0.38039216 0.78823529 0.52549020
v 0.01497234 -0.00659634 -0.00786434 0.38039216 0.78823529 0.52549020
v 0.01537164 -0.00579632 -0.00785510 0.38039216 0.78823529 0.52549020
v 0.01457204 -0.00669368 -0.00787051 0.38039216 0.78823529 0.52549020
v 0.01537164 -0.00539658 -0.00787051 0.38039216 0.78823529 0.52549020
v 0.01537164 -0.00489896 -0.00787051 0.38039216 0.78823529 0.52549020
v 0.01497234 -0.00539658 0.00787207 0.38039216 0.78823529 0.52549020
v 0.01137265 -0.00579632 0.00787207 0.38039216 0.78823529 0.52549020
v 0.01017275 -0.00669368 0.00787053 0.38039216 0.78823529 0.52549020
v 0.01107092 -0.00489896 0.00787207 0.38039216 0.78823529 0.52549020
v 0.01497234 -0.00619642 -0.00787051 0.38039216 0.78823529 0.52549020
v 0.01097335 -0.00669368 -0.00787205 0.38039216 0.78823529 0.52549020
v 0.01057305 -0.00659634 -0.00787205 0.38039216 0.78823529 0.52549020
v 0.01137265 -0.00489896 -0.00787051 0.38039216 0.78823529 0.52549020
v 0.01097335 -0.00579632 0.00787207 0.38039216 0.78823529 0.52549020
v 0.01017275 -0.00659634 0.00787053 0.38039216 0.78823529 0.52549020
v 0.01007519 -0.00669368 0.00786899 0.38039216 0.78823529 0.52549020
v 0.01097335 -0.00499648 0.00787207 0.38039216 0.78823529 0.52549020
v 0.01097335 -0.00489896 0.00786590 0.38039216 0.78823529 0.52549020
v 0.01017275 -0.00669368 -0.00787205 0.38039216 0.78823529 0.52549020
v 0.01017275 -0.00659634 -0.00787205 0.38039216 0.78823529 0.52549020
v 0.01097335 -0.00499648 -0.00787051 0.38039216 0.78823529 0.52549020
v 0.01097335 -0.00489896 -0.00786742 0.38039216 0.78823529 0.52549020
v 0.00977245 -0.00669368 0.00782429 0.38039216 0.78823529 0.52549020
v 0.01065150 -0.00489896 0.00776111 0.38039216 0.78823529 0.52549020
v 0.00965980 -0.00669368 0.00779347 0.38039216 0.78823529 0.52549020
v 0.00977245 -0.00659634 0.00781042 0.38039216 0.78823529 0.52549020
v 0.00977245 -0.00669368 -0.00784739 0.38039216 0.78823529 0.52549020
v 0.00977245 -0.00659634 -0.00784123 0.38039216 0.78823529 0.52549020
v 0.00937315 -0.00669368 -0.00776571 0.38039216 0.78823529 0.52549020
v 0.00880288 -0.00669368 -0.00762393 0.38039216 0.78823529 0.52549020
v 0.01057305 -0.00499648 -0.00778112 0.38039216 0.78823529 0.52549020
v 0.01057205 -0.00489896 -0.00775800 0.38039216 0.78823529 0.52549020
v 0.01057406 -0.00489896 0.00772874 0.38039216 0.78823529 0.52549020
v 0.00943752 -0.00669368 0.00769330 0.38039216 0.78823529 0.52549020
v 0.00867916 -0.00669368 -0.00755612 0.38039216 0.78823529 0.52549020
v 0.00885920 -0.00646842 -0.00756382 0.38039216 0.78823529 0.52549020
v 0.01033770 -0.00489896 -0.00762393 0.38039216 0.78823529 0.52549020
v 0.00934600 -0.00669368 0.00763474 0.38039216 0.78823529 0.52549020
v 0.01039101 -0.00489896 0.00755922 0.38039216 0.78823529 0.52549020
v 0.00923436 -0.00669368 0.00753764 0.38039216 0.78823529 0.52549020
v 0.00853634 -0.00669368 -0.00746211 0.38039216 0.78823529 0.52549020
v 0.00987403 -0.00489896 -0.00725406 0.38039216 0.78823529 0.52549020
v 0.01013453 -0.00489896 -0.00746519 0.38039216 0.78823529 0.52549020
v 0.00867916 -0.00489896 0.00569446 0.38039216 0.78823529 0.52549020
v 0.00745815 -0.00669368 0.00571758 0.38039216 0.78823529 0.52549020
v 0.00759996 -0.00669368 0.00586553 0.38039216 0.78823529 0.52549020
v 0.00785040 -0.00669368 0.00612444 0.38039216 0.78823529 0.52549020
v 0.00804552 -0.00669368 0.00632478 0.38039216 0.78823529 0.52549020
v 0.00839654 -0.00669368 -0.00731878 0.38039216 0.78823529 0.52549020
v 0.00869827 -0.00630852 -0.00729721 0.38039216 0.78823529 0.52549020
v 0.00979659 -0.00489896 -0.00717546 0.38039216 0.78823529 0.52549020
v 0.00861580 -0.00489896 0.00547254 0.38039216 0.78823529 0.52549020
v 0.00723989 -0.00669368 0.00532459 0.38039216 0.78823529 0.52549020
v 0.00726202 -0.00669368 0.00539086 0.38039216 0.78823529 0.52549020
v 0.00756778 -0.00638935 0.00560508 0.38039216 0.78823529 0.52549020
v 0.00737869 -0.00669368 0.00561741 0.38039216 0.78823529 0.52549020
v 0.00827484 -0.00669368 -0.00716159 0.38039216 0.78823529 0.52549020
v 0.00873247 -0.00489896 -0.00604736 0.38039216 0.78823529 0.52549020
v 0.00946367 -0.00489896 -0.00682562 0.38039216 0.78823529 0.52549020
v 0.00861580 -0.00489896 -0.00022037 0.38039216 0.78823529 0.52549020
v 0.00836435 -0.00518431 -0.00317624 0.38039216 0.78823529 0.52549020
v 0.00751246 -0.00631783 -0.00311460 0.38039216 0.78823529 0.52549020
v 0.00723888 -0.00669368 -0.00028818 0.38039216 0.78823529 0.52549020
v 0.00753056 -0.00669368 -0.00610438 0.38039216 0.78823529 0.52549020
v 0.00796607 -0.00598591 -0.00601037 0.38039216 0.78823529 0.52549020
v 0.00751246 -0.00631783 -0.00325792 0.38039216 0.78823529 0.52549020
v 0.00836435 -0.00518431 -0.00320861 0.38039216 0.78823529 0.52549020
v 0.00862183 -0.00489896 -0.00301443 0.38039216 0.78823529 0.52549020
v 0.00723888 -0.00669368 -0.00308994 0.38039216 0.78823529 0.52549020
f 446 447 448
f 446 448 454
f 446 454 462
f 446 462 472
f 446 472 464
f 446 464 455
f 446 455 449
f 446 449 456
f 446 456 465
f 446 465 476
f 446 476 484
f 446 484 494
f 446 494 493
f 446 493 501
f 446 501 504
f 446 504 503
f 446 503 512
f 446 512 521
f 446 521 530
f 446 530 539
f 446 539 547
f 446 547 556
f 446 556 566
f 446 566 571
f 446 571 577
f 446 577 576
f 446 576 585
f 446 585 593
f 446 593 592
f 446 592 602
f 446 602 594
f 446 594 586
f 446 586 578
f 446 578 573
f 446 573 567
f 446 567 558
f 446 558 552
f 446 552 543
f 446 543 534
f 446 534 525
f 446 525 516
f 446 516 508
f 446 508 499
f 446 499 488
f 446 488 479
f 446 479 469
f 446 469 458
f 446 458 450
f 446 450 447
f 447 450 451
f 447 451 452
f 447 452 453
f 447 453 448
f 448 453 454
f 449 455 456
f 450 457 451
f 450 458 457
f 451 457 459
f 451 459 460
f 451 460 452
f 452 460 461
f 452 461 453
f 453 461 454
f 454 461 462
f 455 463 456
f 455 464 463
f 456 463 465
f 457 466 459
f 457 458 467
f 457 467 468
f 457 468 466
f 458 469 467
f 459 466 470
f 459 470 460
f 460 470 461
f 461 470 471
f 461 471 478
f 461 478 487
f 461 487 498
f 461 498 507
f 461 507 515
f 461 515 524
f 461 524 533
f 461 533 542
f 461 542 550
f 461 550 557
f 461 557 559
f 461 559 568
f 461 568 572
f 461 572 574
f 461 574 582
f 461 582 581
f 461 581 580
f 461 580 579
f 461 579 590
f 461 590 588
f 461 588 587
f 461 587 597
f 461 597 603
f 461 603 598
f 461 598 591
f 461 591 583
f 461 583 575
f 461 575 569
f 461 569 564
f 461 564 563
f 461 563 561
f 461 561 553
f 461 553 545
f 461 545 537
f 461 537 526
f 461 526 518
f 461 518 517
f 461 517 509
f 461 509 502
f 461 502 500
f 461 500 490
f 461 490 481
f 461 481 474
f 461 474 472
f 461 472 462
f 463 473 465
f 463 464 474
f 463 474 473
f 464 472 474
f 465 475 476
f 465 473 475
f 466 468 471
f 466 471 470
f 467 477 468
f 467 469 477
f 468 478 471
f 468 477 469
f 468 469 479
f 468 479 478
f 473 474 480
f 473 480 475
f 474 481 480
f 475 482 483
f 475 483 476
f 475 480 482
f 476 483 484
f 478 479 485
f 478 485 486
f 478 486 487
f 479 488 485
f 480 481 489
f 480 489 482
f 481 490 489
f 482 489 491
f 482 491 483
f 483 492 493
f 483 493 494
f 483 494 484
f 483 491 495
f 483 495 492
f 485 488 496
f 485 496 497
f 485 497 486
f 486 497 498
f 486 498 487
f 488 499 496
f 489 490 491
f 490 500 491
f 491 500 495
f 492 501 493
f 492 495 501
f 495 500 502
f 495 502 503
f 495 503 504
f 495 504 501
f 496 499 505
f 496 505 498
f 496 498 497
f 498 505 506
f 498 506 507
f 499 508 505
f 502 509 510
f 502 510 511
f 502 511 512
f 502 512 503
f 505 508 513
f 505 513 506
f 506 513 514
f 506 514 515
f 506 515 507
f 508 516 513
f 509 517 510
f 510 517 518
f 510 518 519
f 510 519 511
f 511 519 520
f 511 520 512
f 512 520 521
f 513 516 514
f 514 522 515
f 514 516 523
f 514 523 522
f 515 522 524
f 516 525 523
f 518 526 527
f 518 527 528
f 518 528 520
f 518 520 519
f 520 528 521
f 521 528 529
f 521 529 530
f 522 523 524
f 523 531 524
f 523 525 532
f 523 532 531
f 524 531 533
f 525 534 532
f 526 535 536
f 526 536 527
f 526 537 535
f 527 536 529
f 527 529 528
f 529 536 530
f 530 536 538
f 530 538 539
f 531 532 533
f 532 534 543
f 532 543 551
f 532 551 548
f 532 548 541
f 532 541 540
f 532 540 533
f 533 540 541
f 533 541 548
f 533 548 542
f 535 538 536
f 535 537 544
f 535 544 538
f 537 545 544
f 538 544 545
f 538 545 539
f 539 545 546
f 539 546 554
f 539 554 547
f 542 549 550
f 542 548 551
f 542 551 549
f 543 552 551
f 545 553 554
f 545 554 546
f 547 554 555
f 547 555 556
f 549 551 550
f 550 551 552
f 550 552 557
f 552 558 559
f 552 559 560
f 552 560 557
f 553 561 554
f 554 561 556
f 554 556 555
f 556 561 562
f 556 562 563
f 556 563 564
f 556 564 565
f 556 565 566
f 557 560 559
f 558 567 559
f 559 567 568
f 561 563 562
f 564 569 570
f 564 570 566
f 564 566 565
f 566 570 571
f 567 572 568
f 567 573 574
f 567 574 572
f 569 575 570
f 570 575 576
f 570 576 577
f 570 577 571
f 573 578 579
f 573 579 580
f 573 580 581
f 573 581 582
f 573 582 574
f 575 583 584
f 575 584 576
f 576 584 585
f 578 586 587
f 578 587 588
f 578 588 589
f 578 589 579
f 579 589 590
f 583 591 592
f 583 592 584
f 584 592 593
f 584 593 585
f 586 594 601
f 586 601 595
f 586 595 587
f 587 595 596
f 587 596 597
f 588 590 589
f 591 598 592
f 592 598 599
f 592 599 600
f 592 600 601
f 592 601 602
f 594 602 601
f 595 601 600
f 595 600 596
f 596 600 603
f 596 603 597
f 598 603 599
f 599 603 600

o geometry_4
v -0.00702129 0.00704969 0.00105415 0.56470588 0.92549020 0.07058824
v -0.00680964 0.00718971 0.00396379 0.56470588 0.92549020 0.07058824
v -0.00702129 0.00704969 0.00105569 0.56470588 0.92549020 0.07058824
v -0.00702129 0.00706144 -0.00177998 0.56470588 0.92549020 0.07058824
v -0.00680964 0.00718971 0.00401156 0.56470588 0.92549020 0.07058824
v -0.00702129 0.00707613 -0.00459869 0.56470588 0.92549020 0.07058824
v -0.00682024 0.00719852 0.00117898 0.56470588 0.92549020 0.07058824
v -0.00593718 0.00794271 -0.00485144 0.56470588 0.92549020 0.07058824
v -0.00557789 0.00823059 -0.00461410 0.56470588 0.92549020 0.07058824
v -0.00557789 0.00822178 -0.00181696 0.56470588 0.92549020 0.07058824
v -0.00702129 0.00705458 0.00385129 0.56470588 0.92549020 0.07058824
v -0.00702129 0.00705654 0.00406088 0.56470588 0.92549020 0.07058824
v -0.00557789 0.00822570 0.00379889 0.56470588 0.92549020 0.07058824
v -0.00557789 0.00911382 0.00680716 0.56470588 0.92549020 0.07058824
v -0.00599766 0.00878383 0.00681795 0.56470588 0.92549020 0.07058824
v -0.00702129 0.00733953 -0.00499322 0.56470588 0.92549020 0.07058824
v -0.00639482 0.00758139 -0.00481907 0.56470588 0.92549020 0.07058824
v -0.00557789 0.01028395 -0.00769481 0.56470588 0.92549020 0.07058824
v -0.00557789 0.00827563 -0.00492079 0.56470588 0.92549020 0.07058824
v -0.00670961 0.00832459 0.00686727 0.56470588 0.92549020 0.07058824
v -0.00702129 0.00823157 0.00697669 0.56470588 0.92549020 0.07058824
v -0.00557789 0.00913145 0.00685185 0.56470588 0.92549020 0.07058824
v -0.00557789 0.00926657 0.00696898 0.56470588 0.92549020 0.07058824
v -0.00702129 0.00938897 -0.00773334 0.56470588 0.92549020 0.07058824
v -0.00671484 0.00951725 -0.00768094 0.56470588 0.92549020 0.07058824
v -0.00702129 0.00939289 -0.00773796 0.56470588 0.92549020 0.07058824
v -0.00557789 0.01060415 -0.00783659 0.56470588 0.92549020 0.07058824
v -0.00557789 0.00994907 0.00753303 0.56470588 0.92549020 0.07058824
v -0.00702129 0.00829522 0.00702754 0.56470588 0.92549020 0.07058824
v -0.00702129 0.00980317 -0.00786279 0.56470588 0.92549020 0.07058824
v -0.00582768 0.01060415 -0.00786433 0.56470588 0.92549020 0.07058824
v -0.00557789 0.01100366 -0.00787204 0.56470588 0.92549020 0.07058824
v -0.00557789 0.01008028 0.00762550 0.56470588 0.92549020 0.07058824
v -0.00702129 0.00911382 0.00766557 0.56470588 0.92549020 0.07058824
v -0.00702129 0.00891700 0.00751916 0.56470588 0.92549020 0.07058824
v -0.00702129 0.00857820 0.00725255 0.56470588 0.92549020 0.07058824
v -0.00702129 0.00845776 0.00715700 0.56470588 0.92549020 0.07058824
v -0.00702129 0.01020366 -0.00787050 0.56470588 0.92549020 0.07058824
v -0.00622767 0.01060415 -0.00787204 0.56470588 0.92549020 0.07058824
v -0.00557789 0.01115445 -0.00787204 0.56470588 0.92549020 0.07058824
v -0.00557789 0.01021933 0.00771797 0.56470588 0.92549020 0.07058824
v -0.00702129 0.00940464 0.00779656 0.56470588 0.92549020 0.07058824
v -0.00702129 0.01060415 -0.00787204 0.56470588 0.92549020 0.07058824
v -0.00622767 0.01500267 -0.00787050 0.56470588 0.92549020 0.07058824
v -0.00557789 0.01500267 -0.00787050 0.56470588 0.92549020 0.07058824
v -0.00557789 0.01042496 0.00779810 0.56470588 0.92549020 0.07058824
v -0.00557789 0.01060415 0.00785050 0.56470588 0.92549020 0.07058824
v -0.00702129 0.00941052 0.00779810 0.56470588 0.92549020 0.07058824
v -0.00702129 0.01460316 -0.00787050 0.56470588 0.92549020 0.07058824
v -0.00662752 0.01500267 -0.00786125 0.56470588 0.92549020 0.07058824
v -0.00557789 0.01540316 -0.00786279 0.56470588 0.92549020 0.07058824
v -0.00582768 0.01060415 0.00786437 0.56470588 0.92549020 0.07058824
v -0.00702129 0.00980415 0.00786900 0.56470588 0.92549020 0.07058824
v -0.00662752 0.00980415 0.00782584 0.56470588 0.92549020 0.07058824
v -0.00557789 0.01085384 0.00786900 0.56470588 0.92549020 0.07058824
v -0.00702129 0.01500267 -0.00781656 0.56470588 0.92549020 0.07058824
v -0.00582768 0.01540316 -0.00784892 0.56470588 0.92549020 0.07058824
v -0.00557789 0.01579190 -0.00772409 0.56470588 0.92549020 0.07058824
v -0.00662752 0.01020366 0.00787054 0.56470588 0.92549020 0.07058824
v -0.00702129 0.01020366 0.00787054 0.56470588 0.92549020 0.07058824
v -0.00557789 0.01100366 0.00787054 0.56470588 0.92549020 0.07058824
v -0.00702129 0.01527391 -0.00768248 0.56470588 0.92549020 0.07058824
v -0.00662752 0.01536106 -0.00772563 0.56470588 0.92549020 0.07058824
v -0.00582768 0.01572727 -0.00771330 0.56470588 0.92549020 0.07058824
v -0.00557789 0.01597893 -0.00756844 0.56470588 0.92549020 0.07058824
v -0.00557789 0.01445237 0.00787208 0.56470588 0.92549020 0.07058824
v -0.00702129 0.01460316 0.00787208 0.56470588 0.92549020 0.07058824
v -0.00702129 0.01527880 -0.00767940 0.56470588 0.92549020 0.07058824
v -0.00615957 0.01565873 -0.00766091 0.56470588 0.92549020 0.07058824
v -0.00557789 0.01674661 -0.00672698 0.56470588 0.92549020 0.07058824
v -0.00557789 0.01500267 0.00787208 0.56470588 0.92549020 0.07058824
v -0.00622767 0.01500267 0.00787208 0.56470588 0.92549020 0.07058824
v -0.00662752 0.01500267 0.00786129 0.56470588 0.92549020 0.07058824
v -0.00702129 0.01500267 0.00781660 0.56470588 0.92549020 0.07058824
v -0.00702129 0.01608957 -0.00660678 0.56470588 0.92549020 0.07058824
v -0.00686856 0.01602299 -0.00682099 0.56470588 0.92549020 0.07058824
v -0.00575210 0.01686901 -0.00648040 0.56470588 0.92549020 0.07058824
v -0.00557789 0.01692091 -0.00652664 0.56470588 0.92549020 0.07058824
v -0.00557789 0.01525237 0.00787054 0.56470588 0.92549020 0.07058824
v -0.00557789 0.01540316 0.00786283 0.56470588 0.92549020 0.07058824
v -0.00582768 0.01540316 0.00784896 0.56470588 0.92549020 0.07058824
v -0.00582768 0.01572727 0.00771334 0.56470588 0.92549020 0.07058824
v -0.00662752 0.01536106 0.00772567 0.56470588 0.92549020 0.07058824
v -0.00702129 0.01527880 0.00767944 0.56470588 0.92549020 0.07058824
v -0.00702129 0.01609839 -0.00659291 0.56470588 0.92549020 0.07058824
v -0.00651929 0.01645579 -0.00647732 0.56470588 0.92549020 0.07058824
v -0.00557789 0.01704135 -0.00619992 0.56470588 0.92549020 0.07058824
v -0.00557789 0.01567342 0.00777499 0.56470588 0.92549020 0.07058824
v -0.00557789 0.01579190 0.00772413 0.56470588 0.92549020 0.07058824
v -0.00557789 0.01597403 0.00757310 0.56470588 0.92549020 0.07058824
v -0.00615957 0.01565873 0.00766094 0.56470588 0.92549020 0.07058824
v -0.00702129 0.01528272 0.00767636 0.56470588 0.92549020 0.07058824
v -0.00702129 0.01621883 -0.00619992 0.56470588 0.92549020 0.07058824
v -0.00656521 0.01648223 -0.00619992 0.56470588 0.92549020 0.07058824
v -0.00622767 0.01667611 -0.00619992 0.56470588 0.92549020 0.07058824
v -0.00601673 0.01679655 -0.00619992 0.56470588 0.92549020 0.07058824
v -0.00557789 0.01705310 -0.00579923 0.56470588 0.92549020 0.07058824
v -0.00557789 0.01597893 0.00756848 0.56470588 0.92549020 0.07058824
v -0.00557789 0.01670842 0.00677018 0.56470588 0.92549020 0.07058824
v -0.00557789 0.01674661 0.00672702 0.56470588 0.92549020 0.07058824
v -0.00557789 0.01686607 0.00658986 0.56470588 0.92549020 0.07058824
v -0.00557789 0.01692091 0.00652668 0.56470588 0.92549020 0.07058824
v -0.00575210 0.01686901 0.00648044 0.56470588 0.92549020 0.07058824
v -0.00702129 0.01598578 0.00676863 0.56470588 0.92549020 0.07058824
v -0.00601885 0.01679851 -0.00579923 0.56470588 0.92549020 0.07058824
v -0.00702129 0.01621883 0.00619996 0.56470588 0.92549020 0.07058824
v -0.00557789 0.01705310 -0.00419954 0.56470588 0.92549020 0.07058824
v -0.00557789 0.01701099 0.00631246 0.56470588 0.92549020 0.07058824
v -0.00651929 0.01645579 0.00647736 0.56470588 0.92549020 0.07058824
v -0.00702129 0.01608957 0.00660682 0.56470588 0.92549020 0.07058824
v -0.00601885 0.01679851 0.00579927 0.56470588 0.92549020 0.07058824
v -0.00702129 0.01609839 0.00659295 0.56470588 0.92549020 0.07058824
v -0.00656521 0.01648223 0.00619996 0.56470588 0.92549020 0.07058824
v -0.00557789 0.01705212 0.00579927 0.56470588 0.92549020 0.07058824
v -0.00557789 0.01704135 0.00619996 0.56470588 0.92549020 0.07058824
v -0.00601659 0.01679655 0.00619996 0.56470588 0.92549020 0.07058824
v -0.00622767 0.01667611 0.00619996 0.56470588 0.92549020 0.07058824
v -0.00557789 0.01705016 0.00592256 0.56470588 0.92549020 0.07058824
f 604 605 608
f 604 608 606
f 604 606 614
f 604 614 615
f 604 615 624
f 604 624 632
f 604 632 640
f 604 640 639
f 604 639 638
f 604 638 637
f 604 637 645
f 604 645 651
f 604 651 656
f 604 656 663
f 604 663 670
f 604 670 677
f 604 677 687
f 604 687 695
f 604 695 707
f 604 707 713
f 604 713 715
f 604 715 709
f 604 709 696
f 604 696 688
f 604 688 678
f 604 678 671
f 604 671 665
f 604 665 659
f 604 659 652
f 604 652 646
f 604 646 641
f 604 641 633
f 604 633 629
f 604 629 627
f 604 627 619
f 604 619 609
f 604 609 607
f 604 607 605
f 605 607 609
f 605 609 610
f 605 610 611
f 605 611 612
f 605 612 613
f 605 613 608
f 606 608 614
f 608 615 614
f 608 613 616
f 608 616 617
f 608 617 618
f 608 618 615
f 609 619 620
f 609 620 611
f 609 611 610
f 611 620 621
f 611 621 622
f 611 622 612
f 612 622 621
f 612 621 630
f 612 630 635
f 612 635 643
f 612 643 648
f 612 648 654
f 612 654 661
f 612 661 668
f 612 668 673
f 612 673 681
f 612 681 690
f 612 690 700
f 612 700 710
f 612 710 717
f 612 717 721
f 612 721 718
f 612 718 711
f 612 711 705
f 612 705 704
f 612 704 703
f 612 703 702
f 612 702 701
f 612 701 693
f 612 693 692
f 612 692 691
f 612 691 683
f 612 683 682
f 612 682 674
f 612 674 669
f 612 669 664
f 612 664 658
f 612 658 650
f 612 650 649
f 612 649 644
f 612 644 636
f 612 636 631
f 612 631 626
f 612 626 625
f 612 625 617
f 612 617 616
f 612 616 613
f 615 618 623
f 615 623 624
f 617 625 618
f 618 625 626
f 618 626 623
f 619 627 628
f 619 628 620
f 620 628 621
f 621 628 629
f 621 629 630
f 623 626 631
f 623 631 624
f 624 631 632
f 627 629 628
f 629 633 630
f 630 633 634
f 630 634 635
f 631 636 637
f 631 637 638
f 631 638 639
f 631 639 640
f 631 640 632
f 633 641 642
f 633 642 635
f 633 635 634
f 635 642 646
f 635 646 643
f 636 644 637
f 637 644 645
f 641 646 642
f 643 646 647
f 643 647 648
f 644 649 645
f 645 649 650
f 645 650 651
f 646 652 647
f 647 652 653
f 647 653 654
f 647 654 648
f 650 655 656
f 650 656 657
f 650 657 651
f 650 658 655
f 651 657 656
f 652 659 653
f 653 659 660
f 653 660 654
f 654 660 661
f 655 658 656
f 656 658 662
f 656 662 663
f 658 664 662
f 659 665 666
f 659 666 667
f 659 667 660
f 660 667 661
f 661 667 668
f 662 664 669
f 662 669 663
f 663 669 670
f 665 671 667
f 665 667 666
f 667 671 672
f 667 672 668
f 668 672 673
f 669 674 675
f 669 675 670
f 670 675 676
f 670 676 677
f 671 678 679
f 671 679 680
f 671 680 681
f 671 681 673
f 671 673 672
f 674 682 675
f 675 682 683
f 675 683 676
f 676 683 684
f 676 684 677
f 677 684 685
f 677 685 686
f 677 686 687
f 678 688 689
f 678 689 679
f 679 689 680
f 680 689 690
f 680 690 681
f 683 691 684
f 684 691 685
f 685 691 692
f 685 692 693
f 685 693 694
f 685 694 687
f 685 687 686
f 687 694 695
f 688 696 689
f 689 696 697
f 689 697 698
f 689 698 699
f 689 699 690
f 690 699 700
f 693 701 694
f 694 701 702
f 694 702 695
f 695 702 703
f 695 703 704
f 695 704 705
f 695 705 706
f 695 706 707
f 696 708 697
f 696 709 714
f 696 714 708
f 697 708 700
f 697 700 698
f 698 700 699
f 700 708 714
f 700 714 710
f 705 711 706
f 706 711 712
f 706 712 707
f 707 712 713
f 709 715 712
f 709 712 716
f 709 716 714
f 710 714 717
f 711 718 712
f 712 718 719
f 712 719 720
f 712 720 716
f 712 715 713
f 714 716 717
f 716 720 717
f 717 720 719
f 717 719 721
f 718 721 719

o geometry_5
v 0.00565886 0.00809899 -0.00539854 0.08627451 0.01960784 0.83137255
v 0.00433528 0.00878863 -0.00517199 0.08627451 0.01960784 0.83137255
v 0.00433528 0.00878863 -0.00521977 0.08627451 0.01960784 0.83137255
v 0.00399034 0.00906891 -0.00534151 0.08627451 0.01960784 0.83137255
v 0.00399034 0.01083345 -0.00756073 0.08627451 0.01960784 0.83137255
v 0.00565886 0.00812018 -0.00542474 0.08627451 0.01960784 0.83137255
v 0.00565886 0.00813656 0.00335659 0.08627451 0.01960784 0.83137255
v 0.00514521 0.00838409 0.00323638 0.08627451 0.01960784 0.83137255
v 0.00513982 0.00838024 0.00043770 0.08627451 0.01960784 0.83137255
v 0.00434214 0.00879152 -0.00237331 0.08627451 0.01960784 0.83137255
v 0.00399034 0.00904869 0.00337816 0.08627451 0.01960784 0.83137255
v 0.00399034 0.00904772 0.00045927 0.08627451 0.01960784 0.83137255
v 0.00399034 0.00906024 -0.00513192 0.08627451 0.01960784 0.83137255
v 0.00399034 0.01101260 -0.00773488 0.08627451 0.01960784 0.83137255
v 0.00427060 0.01076218 -0.00765628 0.08627451 0.01960784 0.83137255
v 0.00565886 0.00831186 -0.00565590 0.08627451 0.01960784 0.83137255
v 0.00565886 0.00814330 0.00341515 0.08627451 0.01960784 0.83137255
v 0.00565886 0.00852857 0.00619996 0.08627451 0.01960784 0.83137255
v 0.00436403 0.00880019 0.00321018 0.08627451 0.01960784 0.83137255
v 0.00435161 0.00879537 0.00041921 0.08627451 0.01960784 0.83137255
v 0.00399034 0.00943203 0.00619996 0.08627451 0.01960784 0.83137255
v 0.00399034 0.01115612 -0.00779190 0.08627451 0.01960784 0.83137255
v 0.00457259 0.01100394 -0.00784584 0.08627451 0.01960784 0.83137255
v 0.00565886 0.01031815 -0.00775491 0.08627451 0.01960784 0.83137255
v 0.00457259 0.01069957 -0.00771022 0.08627451 0.01960784 0.83137255
v 0.00565886 0.01023532 -0.00771330 0.08627451 0.01960784 0.83137255
v 0.00565886 0.00870387 0.00645424 0.08627451 0.01960784 0.83137255
v 0.00399034 0.00952739 0.00647890 0.08627451 0.01960784 0.83137255
v 0.00399034 0.01140365 -0.00786587 0.08627451 0.01960784 0.83137255
v 0.00497241 0.01100394 -0.00787050 0.08627451 0.01960784 0.83137255
v 0.00565886 0.01060422 -0.00785200 0.08627451 0.01960784 0.83137255
v 0.00537239 0.01060422 -0.00781964 0.08627451 0.01960784 0.83137255
v 0.00399034 0.01003305 0.00699056 0.08627451 0.01960784 0.83137255
v 0.00399034 0.00992229 0.00688114 0.08627451 0.01960784 0.83137255
v 0.00399034 0.00972195 0.00667771 0.08627451 0.01960784 0.83137255
v 0.00565886 0.00989532 0.00750991 0.08627451 0.01960784 0.83137255
v 0.00474000 0.01039039 0.00761163 0.08627451 0.01960784 0.83137255
v 0.00399034 0.01074580 0.00765016 0.08627451 0.01960784 0.83137255
v 0.00399034 0.01054257 0.00746522 0.08627451 0.01960784 0.83137255
v 0.00399034 0.01042025 0.00735272 0.08627451 0.01960784 0.83137255
v 0.00399034 0.01032875 0.00726796 0.08627451 0.01960784 0.83137255
v 0.00399034 0.01014382 0.00709535 0.08627451 0.01960784 0.83137255
v 0.00399034 0.01158570 -0.00787050 0.08627451 0.01960784 0.83137255
v 0.00417245 0.01140365 -0.00787050 0.08627451 0.01960784 0.83137255
v 0.00537239 0.01100394 -0.00787204 0.08627451 0.01960784 0.83137255
v 0.00565886 0.01071787 -0.00786587 0.08627451 0.01960784 0.83137255
v 0.00565886 0.01008121 0.00765170 0.08627451 0.01960784 0.83137255
v 0.00559533 0.01001668 0.00758697 0.08627451 0.01960784 0.83137255
v 0.00497241 0.01034223 0.00765324 0.08627451 0.01960784 0.83137255
v 0.00417245 0.01070824 0.00767944 0.08627451 0.01960784 0.83137255
v 0.00399034 0.01099141 0.00777499 0.08627451 0.01960784 0.83137255
v 0.00399034 0.01580345 -0.00787050 0.08627451 0.01960784 0.83137255
v 0.00565886 0.01111759 -0.00787204 0.08627451 0.01960784 0.83137255
v 0.00565886 0.01100394 -0.00787204 0.08627451 0.01960784 0.83137255
v 0.00565886 0.01019294 0.00773184 0.08627451 0.01960784 0.83137255
v 0.00537239 0.01026229 0.00770872 0.08627451 0.01960784 0.83137255
v 0.00497241 0.01060422 0.00778886 0.08627451 0.01960784 0.83137255
v 0.00417245 0.01100394 0.00781506 0.08627451 0.01960784 0.83137255
v 0.00399034 0.01140365 0.00786900 0.08627451 0.01960784 0.83137255
v 0.00399034 0.01598549 -0.00784738 0.08627451 0.01960784 0.83137255
v 0.00417245 0.01580345 -0.00787050 0.08627451 0.01960784 0.83137255
v 0.00537239 0.01540277 -0.00787050 0.08627451 0.01960784 0.83137255
v 0.00565886 0.01511670 -0.00787050 0.08627451 0.01960784 0.83137255
v 0.00565886 0.01060422 0.00786129 0.08627451 0.01960784 0.83137255
v 0.00537239 0.01060422 0.00784434 0.08627451 0.01960784 0.83137255
v 0.00457259 0.01100394 0.00785821 0.08627451 0.01960784 0.83137255
v 0.00497241 0.01100394 0.00787054 0.08627451 0.01960784 0.83137255
v 0.00417245 0.01140365 0.00787054 0.08627451 0.01960784 0.83137255
v 0.00399034 0.01180434 0.00787054 0.08627451 0.01960784 0.83137255
v 0.00457259 0.01580345 -0.00786433 0.08627451 0.01960784 0.83137255
v 0.00399034 0.01620317 -0.00780577 0.08627451 0.01960784 0.83137255
v 0.00565886 0.01540277 -0.00785663 0.08627451 0.01960784 0.83137255
v 0.00565886 0.01100394 0.00787054 0.08627451 0.01960784 0.83137255
v 0.00399034 0.01402061 0.00787208 0.08627451 0.01960784 0.83137255
v 0.00417245 0.01620317 -0.00779344 0.08627451 0.01960784 0.83137255
v 0.00497241 0.01580345 -0.00782735 0.08627451 0.01960784 0.83137255
v 0.00399034 0.01633319 -0.00774258 0.08627451 0.01960784 0.83137255
v 0.00565886 0.01552605 -0.00781656 0.08627451 0.01960784 0.83137255
v 0.00565886 0.01448967 0.00787208 0.08627451 0.01960784 0.83137255
v 0.00399034 0.01580345 0.00787208 0.08627451 0.01960784 0.83137255
v 0.00417245 0.01646130 -0.00765782 0.08627451 0.01960784 0.83137255
v 0.00456753 0.01622147 -0.00771947 0.08627451 0.01960784 0.83137255
v 0.00565886 0.01575818 -0.00771947 0.08627451 0.01960784 0.83137255
v 0.00399034 0.01647382 -0.00766861 0.08627451 0.01960784 0.83137255
v 0.00565886 0.01500305 0.00787208 0.08627451 0.01960784 0.83137255
v 0.00399034 0.01620317 0.00780581 0.08627451 0.01960784 0.83137255
v 0.00417245 0.01580345 0.00787208 0.08627451 0.01960784 0.83137255
v 0.00399034 0.01656532 -0.00757614 0.08627451 0.01960784 0.83137255
v 0.00399034 0.01667416 -0.00746364 0.08627451 0.01960784 0.83137255
v 0.00399034 0.01765178 -0.00644650 0.08627451 0.01960784 0.83137255
v 0.00417245 0.01666067 -0.00744977 0.08627451 0.01960784 0.83137255
v 0.00443083 0.01643144 -0.00762854 0.08627451 0.01960784 0.83137255
v 0.00497241 0.01610396 -0.00769173 0.08627451 0.01960784 0.83137255
v 0.00565886 0.01584101 -0.00765012 0.08627451 0.01960784 0.83137255
v 0.00537239 0.01540277 0.00787054 0.08627451 0.01960784 0.83137255
v 0.00497241 0.01540277 0.00787208 0.08627451 0.01960784 0.83137255
v 0.00565886 0.01540277 0.00785513 0.08627451 0.01960784 0.83137255
v 0.00457259 0.01580345 0.00786437 0.08627451 0.01960784 0.83137255
v 0.00417245 0.01620317 0.00779348 0.08627451 0.01960784 0.83137255
v 0.00399034 0.01647382 0.00766865 0.08627451 0.01960784 0.83137255
v 0.00399034 0.01775581 -0.00631859 0.08627451 0.01960784 0.83137255
v 0.00417245 0.01763445 -0.00643109 0.08627451 0.01960784 0.83137255
v 0.00438771 0.01761037 -0.00640797 0.08627451 0.01960784 0.83137255
v 0.00440306 0.01721739 -0.00681483 0.08627451 0.01960784 0.83137255
v 0.00565886 0.01595178 -0.00753145 0.08627451 0.01960784 0.83137255
v 0.00565886 0.01575721 0.00771797 0.08627451 0.01960784 0.83137255
v 0.00497241 0.01580345 0.00782739 0.08627451 0.01960784 0.83137255
v 0.00456753 0.01622147 0.00771951 0.08627451 0.01960784 0.83137255
v 0.00417245 0.01646130 0.00765786 0.08627451 0.01960784 0.83137255
v 0.00399034 0.01667416 0.00746368 0.08627451 0.01960784 0.83137255
v 0.00399034 0.01781552 -0.00619838 0.08627451 0.01960784 0.83137255
v 0.00399034 0.01791377 -0.00590711 0.08627451 0.01960784 0.83137255
v 0.00443311 0.01763734 -0.00619992 0.08627451 0.01960784 0.83137255
v 0.00518506 0.01720969 -0.00640797 0.08627451 0.01960784 0.83137255
v 0.00565886 0.01658458 -0.00683024 0.08627451 0.01960784 0.83137255
v 0.00551677 0.01598067 0.00757002 0.08627451 0.01960784 0.83137255
v 0.00525006 0.01603846 0.00763937 0.08627451 0.01960784 0.83137255
v 0.00443083 0.01643144 0.00762858 0.08627451 0.01960784 0.83137255
v 0.00497241 0.01610300 0.00769023 0.08627451 0.01960784 0.83137255
v 0.00565886 0.01595081 0.00753149 0.08627451 0.01960784 0.83137255
v 0.00417245 0.01666067 0.00744981 0.08627451 0.01960784 0.83137255
v 0.00399034 0.01765178 0.00644654 0.08627451 0.01960784 0.83137255
v 0.00399034 0.01793688 -0.00579923 0.08627451 0.01960784 0.83137255
v 0.00520433 0.01722124 -0.00619992 0.08627451 0.01960784 0.83137255
v 0.00565886 0.01696504 -0.00619992 0.08627451 0.01960784 0.83137255
v 0.00565886 0.01690051 -0.00644496 0.08627451 0.01960784 0.83137255
v 0.00565886 0.01688028 -0.00649119 0.08627451 0.01960784 0.83137255
v 0.00565886 0.01678782 -0.00659907 0.08627451 0.01960784 0.83137255
v 0.00440306 0.01721739 0.00681487 0.08627451 0.01960784 0.83137255
v 0.00565886 0.01672521 0.00667000 0.08627451 0.01960784 0.83137255
v 0.00547300 0.01675410 0.00674706 0.08627451 0.01960784 0.83137255
v 0.00518522 0.01720969 0.00640801 0.08627451 0.01960784 0.83137255
v 0.00438771 0.01761037 0.00640801 0.08627451 0.01960784 0.83137255
v 0.00417245 0.01763445 0.00643113 0.08627451 0.01960784 0.83137255
v 0.00399034 0.01781552 0.00619842 0.08627451 0.01960784 0.83137255
v 0.00467091 0.01754487 -0.00579923 0.08627451 0.01960784 0.83137255
v 0.00565886 0.01696889 -0.00607971 0.08627451 0.01960784 0.83137255
v 0.00399034 0.01793688 0.00579927 0.08627451 0.01960784 0.83137255
v 0.00565886 0.01688028 0.00649123 0.08627451 0.01960784 0.83137255
v 0.00565886 0.01696504 0.00619996 0.08627451 0.01960784 0.83137255
v 0.00520433 0.01722124 0.00619996 0.08627451 0.01960784 0.83137255
v 0.00443311 0.01763734 0.00619996 0.08627451 0.01960784 0.83137255
v 0.00541731 0.01711337 -0.00579923 0.08627451 0.01960784 0.83137255
v 0.00467091 0.01754487 0.00579927 0.08627451 0.01960784 0.83137255
v 0.00565886 0.01697371 -0.00579923 0.08627451 0.01960784 0.83137255
v 0.00565886 0.01697371 0.00579927 0.08627451 0.01960784 0.83137255
v 0.00541731 0.01711337 0.00579927 0.08627451 0.01960784 0.83137255
f 722 723 724
f 722 724 725
f 722 725 726
f 722 726 727
f 722 727 737
f 722 737 747
f 722 747 745
f 722 745 752
f 722 752 767
f 722 767 775
f 722 775 774
f 722 774 784
f 722 784 793
f 722 793 799
f 722 799 804
f 722 804 815
f 722 815 826
f 722 826 836
f 722 836 849
f 722 849 848
f 722 848 847
f 722 847 846
f 722 846 858
f 722 858 866
f 722 866 867
f 722 867 861
f 722 861 860
f 722 860 851
f 722 851 841
f 722 841 827
f 722 827 818
f 722 818 806
f 722 806 800
f 722 800 794
f 722 794 785
f 722 785 776
f 722 776 768
f 722 768 757
f 722 757 748
f 722 748 739
f 722 739 738
f 722 738 728
f 722 728 729
f 722 729 730
f 722 730 723
f 723 731 732
f 723 732 733
f 723 733 724
f 723 730 731
f 724 734 725
f 724 733 734
f 725 734 733
f 725 733 732
f 725 732 742
f 725 742 749
f 725 749 756
f 725 756 755
f 725 755 754
f 725 754 763
f 725 763 762
f 725 762 761
f 725 761 760
f 725 760 759
f 725 759 772
f 725 772 780
f 725 780 790
f 725 790 795
f 725 795 801
f 725 801 807
f 725 807 821
f 725 821 831
f 725 831 843
f 725 843 856
f 725 856 859
f 725 859 844
f 725 844 833
f 725 833 832
f 725 832 822
f 725 822 811
f 725 811 810
f 725 810 809
f 725 809 805
f 725 805 798
f 725 798 792
f 725 792 781
f 725 781 773
f 725 773 764
f 725 764 750
f 725 750 743
f 725 743 735
f 725 735 726
f 726 735 736
f 726 736 737
f 726 737 727
f 728 738 729
f 729 738 739
f 729 739 740
f 729 740 741
f 729 741 731
f 729 731 730
f 731 741 732
f 732 741 740
f 732 740 742
f 735 743 744
f 735 744 745
f 735 745 746
f 735 746 736
f 736 746 747
f 736 747 737
f 739 748 749
f 739 749 742
f 739 742 740
f 743 750 744
f 744 750 751
f 744 751 752
f 744 752 753
f 744 753 745
f 745 753 752
f 745 747 746
f 748 754 755
f 748 755 756
f 748 756 749
f 748 757 758
f 748 758 759
f 748 759 760
f 748 760 761
f 748 761 762
f 748 762 763
f 748 763 754
f 750 764 765
f 750 765 751
f 751 765 766
f 751 766 767
f 751 767 752
f 757 768 769
f 757 769 770
f 757 770 758
f 758 770 759
f 759 770 771
f 759 771 772
f 764 766 765
f 764 773 766
f 766 774 775
f 766 775 767
f 766 773 774
f 768 776 777
f 768 777 769
f 769 777 770
f 770 777 771
f 771 777 778
f 771 778 772
f 772 778 779
f 772 779 780
f 773 781 782
f 773 782 774
f 774 783 784
f 774 782 783
f 776 785 786
f 776 786 778
f 776 778 777
f 778 786 779
f 779 786 787
f 779 787 780
f 780 787 788
f 780 788 789
f 780 789 790
f 781 791 782
f 781 792 791
f 782 791 783
f 783 791 793
f 783 793 784
f 785 787 786
f 785 794 788
f 785 788 787
f 788 794 795
f 788 795 789
f 789 795 790
f 791 792 796
f 791 796 797
f 791 797 793
f 792 798 796
f 793 797 799
f 794 800 795
f 795 800 806
f 795 806 817
f 795 817 808
f 795 808 801
f 796 798 802
f 796 802 803
f 796 803 797
f 797 803 804
f 797 804 799
f 798 805 802
f 801 808 807
f 802 805 809
f 802 809 810
f 802 810 811
f 802 811 812
f 802 812 813
f 802 813 803
f 803 813 814
f 803 814 804
f 804 814 813
f 804 813 815
f 806 816 817
f 806 818 816
f 807 819 820
f 807 820 821
f 807 808 819
f 808 817 816
f 808 816 819
f 811 822 823
f 811 823 812
f 812 823 824
f 812 824 825
f 812 825 813
f 813 825 815
f 815 825 824
f 815 824 826
f 816 818 819
f 818 827 828
f 818 828 819
f 819 828 820
f 820 828 829
f 820 829 830
f 820 830 821
f 821 830 831
f 822 824 823
f 822 832 824
f 824 832 833
f 824 833 834
f 824 834 835
f 824 835 826
f 826 835 836
f 827 837 838
f 827 838 839
f 827 839 840
f 827 840 829
f 827 829 828
f 827 841 837
f 829 840 839
f 829 839 830
f 830 839 842
f 830 842 843
f 830 843 831
f 833 844 834
f 834 844 835
f 835 845 846
f 835 846 847
f 835 847 848
f 835 848 849
f 835 849 836
f 835 844 845
f 837 839 838
f 837 841 850
f 837 850 839
f 839 850 842
f 841 851 852
f 841 852 853
f 841 853 854
f 841 854 850
f 842 850 854
f 842 854 855
f 842 855 843
f 843 855 856
f 844 857 858
f 844 858 846
f 844 846 845
f 844 859 865
f 844 865 857
f 851 860 853
f 851 853 852
f 853 860 861
f 853 861 862
f 853 862 859
f 853 859 863
f 853 863 854
f 854 863 859
f 854 859 856
f 854 856 855
f 857 864 858
f 857 865 868
f 857 868 864
f 858 864 866
f 859 862 861
f 859 861 865
f 861 867 868
f 861 868 865
f 864 868 867
f 864 867 866

o geometry_6
v -0.00813093 0.00573978 -0.00180496 0.77647059 0.86666667 0.97647059
v -0.00813462 0.00573978 -0.00183182 0.77647059 0.86666667 0.97647059
v -0.00823346 0.00573978 -0.00140447 0.77647059 0.86666667 0.97647059
v -0.01001632 0.00000764 -0.00118867 0.77647059 0.86666667 0.97647059
v -0.00999969 0.00000764 -0.00129510 0.77647059 0.86666667 0.97647059
v -0.00999046 0.00000764 -0.00140022 0.77647059 0.86666667 0.97647059
v -0.00999507 0.00000764 -0.00151843 0.77647059 0.86666667 0.97647059
v -0.01000339 0.00000764 -0.00162519 0.77647059 0.86666667 0.97647059
v -0.00834247 0.00573978 -0.00205548 0.77647059 0.86666667 0.97647059
v -0.01119873 0.00000764 -0.00299072 0.77647059 0.86666667 0.97647059
v -0.00936877 0.00573978 0.00003867 0.77647059 0.86666667 0.97647059
v -0.01127356 0.00000764 -0.00012277 0.77647059 0.86666667 0.97647059
v -0.00951010 0.00573978 -0.00330672 0.77647059 0.86666667 0.97647059
v -0.01756807 0.00000764 -0.00299072 0.77647059 0.86666667 0.97647059
v -0.01055672 0.00326343 -0.00330672 0.77647059 0.86666667 0.97647059
v -0.01756714 0.00573978 0.00003867 0.77647059 0.86666667 0.97647059
v -0.01065464 0.00326343 0.00003867 0.77647059 0.86666667 0.97647059
v -0.01756807 0.00000764 -0.00012277 0.77647059 0.86666667 0.97647059
v -0.01756714 0.00573978 -0.00330672 0.77647059 0.86666667 0.97647059
v -0.01756807 0.00326343 -0.00299072 0.77647059 0.86666667 0.97647059
v -0.01756714 0.00326343 -0.00330672 0.77647059 0.86666667 0.97647059
v -0.01756807 0.00326343 -0.00012277 0.77647059 0.86666667 0.97647059
v -0.01756714 0.00326343 0.00003867 0.77647059 0.86666667 0.97647059
f 869 870 877
f 869 877 881
f 869 881 887
f 869 887 884
f 869 884 879
f 869 879 871
f 869 871 872
f 869 872 873
f 869 873 874
f 869 874 875
f 869 875 876
f 869 876 870
f 870 876 878
f 870 878 877
f 871 879 872
f 872 879 880
f 872 880 886
f 872 886 882
f 872 882 878
f 872 878 876
f 872 876 875
f 872 875 874
f 872 874 873
f 877 878 881
f 878 882 889
f 878 889 883
f 878 883 881
f 879 884 891
f 879 891 885
f 879 885 880
f 880 885 891
f 880 891 886
f 881 883 889
f 881 889 887
f 882 886 890
f 882 890 888
f 882 888 887
f 882 887 889
f 884 887 888
f 884 888 890
f 884 890 886
f 884 886 891

o geometry_7
v -0.00702232 0.01621871 0.00620008 0.79607843 0.45882353 0.78039216
v -0.00702232 0.01621871 0.00551475 0.79607843 0.45882353 0.78039216
v -0.00702852 0.01621564 0.00620008 0.79607843 0.45882353 0.78039216
v -0.00728448 0.01603509 0.00646336 0.79607843 0.45882353 0.78039216
v -0.00702232 0.01609767 0.00659350 0.79607843 0.45882353 0.78039216
v -0.00702232 0.00902571 0.00551475 0.79607843 0.45882353 0.78039216
v -0.00702852 0.01621564 0.00551475 0.79607843 0.45882353 0.78039216
v -0.00751258 0.01593662 0.00620008 0.79607843 0.45882353 0.78039216
v -0.01083912 0.01400911 0.00641144 0.79607843 0.45882353 0.78039216
v -0.00804826 0.01561451 0.00643406 0.79607843 0.45882353 0.78039216
v -0.00702232 0.01609562 0.00659812 0.79607843 0.45882353 0.78039216
v -0.00875836 0.01516623 0.00660019 0.79607843 0.45882353 0.78039216
v -0.00848381 0.01523086 0.00683971 0.79607843 0.45882353 0.78039216
v -0.00702232 0.00828712 0.00629376 0.79607843 0.45882353 0.78039216
v -0.00975023 0.00574105 0.00551475 0.79607843 0.45882353 0.78039216
v -0.00751258 0.01593662 0.00551475 0.79607843 0.45882353 0.78039216
v -0.01213753 0.01326642 0.00580019 0.79607843 0.45882353 0.78039216
v -0.01029828 0.01432814 0.00620008 0.79607843 0.45882353 0.78039216
v -0.00922797 0.01480309 0.00679956 0.79607843 0.45882353 0.78039216
v -0.01062856 0.01413734 0.00620008 0.79607843 0.45882353 0.78039216
v -0.01104451 0.01389627 0.00620008 0.79607843 0.45882353 0.78039216
v -0.01362791 0.01240371 0.00600140 0.79607843 0.45882353 0.78039216
v -0.01282698 0.01280275 0.00639852 0.79607843 0.45882353 0.78039216
v -0.01208592 0.01323770 0.00644329 0.79607843 0.45882353 0.78039216
v -0.00713586 0.01595816 0.00672987 0.79607843 0.45882353 0.78039216
v -0.00702232 0.01608946 0.00660781 0.79607843 0.45882353 0.78039216
v -0.00840434 0.01479181 0.00758364 0.79607843 0.45882353 0.78039216
v -0.00896168 0.01489541 0.00692763 0.79607843 0.45882353 0.78039216
v -0.00865308 0.01501851 0.00701716 0.79607843 0.45882353 0.78039216
v -0.00702232 0.00810658 0.00657758 0.79607843 0.45882353 0.78039216
v -0.00930022 0.00574105 0.00660019 0.79607843 0.45882353 0.78039216
v -0.01756546 0.00574105 0.00551475 0.79607843 0.45882353 0.78039216
v -0.01213753 0.01326642 0.00551475 0.79607843 0.45882353 0.78039216
v -0.01377138 0.01232165 0.00551475 0.79607843 0.45882353 0.78039216
v -0.01362894 0.01240371 0.00580019 0.79607843 0.45882353 0.78039216
v -0.01490258 0.01164974 0.00551475 0.79607843 0.45882353 0.78039216
v -0.01488504 0.01163948 0.00564997 0.79607843 0.45882353 0.78039216
v -0.01407792 0.01204160 0.00603740 0.79607843 0.45882353 0.78039216
v -0.01324603 0.01242115 0.00641421 0.79607843 0.45882353 0.78039216
v -0.01302722 0.01251655 0.00650443 0.79607843 0.45882353 0.78039216
v -0.01281460 0.01239038 0.00679148 0.79607843 0.45882353 0.78039216
v -0.00887086 0.01443585 0.00763602 0.79607843 0.45882353 0.78039216
v -0.00866443 0.01473436 0.00743020 0.79607843 0.45882353 0.78039216
v -0.00882235 0.01479899 0.00719437 0.79607843 0.45882353 0.78039216
v -0.00702232 0.01598586 0.00676887 0.79607843 0.45882353 0.78039216
v -0.00813702 0.01484823 0.00765333 0.79607843 0.45882353 0.78039216
v -0.00728242 0.01522573 0.00762910 0.79607843 0.45882353 0.78039216
v -0.00862831 0.01451997 0.00769509 0.79607843 0.45882353 0.78039216
v -0.00702232 0.00810658 0.00658427 0.79607843 0.45882353 0.78039216
v -0.00913302 0.00589287 0.00690363 0.79607843 0.45882353 0.78039216
v -0.00929403 0.00574105 0.00663596 0.79607843 0.45882353 0.78039216
v -0.01756030 0.00574105 0.00580019 0.79607843 0.45882353 0.78039216
v -0.01756546 0.00580363 0.00551475 0.79607843 0.45882353 0.78039216
v -0.01501096 0.01157383 0.00551475 0.79607843 0.45882353 0.78039216
v -0.01535981 0.01128352 0.00551475 0.79607843 0.45882353 0.78039216
v -0.01553940 0.01113376 0.00551475 0.79607843 0.45882353 0.78039216
v -0.01529273 0.01126301 0.00564674 0.79607843 0.45882353 0.78039216
v -0.01206837 0.01203852 0.00763210 0.79607843 0.45882353 0.78039216
v -0.00931157 0.01406758 0.00766210 0.79607843 0.45882353 0.78039216
v -0.00702232 0.01528215 0.00767756 0.79607843 0.45882353 0.78039216
v -0.00825365 0.01463691 0.00774078 0.79607843 0.45882353 0.78039216
v -0.00782841 0.01491183 0.00770548 0.79607843 0.45882353 0.78039216
v -0.00702852 0.01527804 0.00767987 0.79607843 0.45882353 0.78039216
v -0.00901432 0.01420196 0.00771332 0.79607843 0.45882353 0.78039216
v -0.00862831 0.01420299 0.00783101 0.79607843 0.45882353 0.78039216
v -0.00702232 0.00823173 0.00697747 0.79607843 0.45882353 0.78039216
v -0.00716476 0.00796194 0.00684179 0.79607843 0.45882353 0.78039216
v -0.00939724 0.00574105 0.00705292 0.79607843 0.45882353 0.78039216
v -0.00939311 0.00574105 0.00704738 0.79607843 0.45882353 0.78039216
v -0.01737865 0.00574105 0.00622084 0.79607843 0.45882353 0.78039216
v -0.01755824 0.00580363 0.00580019 0.79607843 0.45882353 0.78039216
v -0.01755617 0.00620369 0.00551475 0.79607843 0.45882353 0.78039216
v -0.01598425 0.01068240 0.00551475 0.79607843 0.45882353 0.78039216
v -0.01633414 0.01026899 0.00551475 0.79607843 0.45882353 0.78039216
v -0.01649825 0.01007409 0.00551475 0.79607843 0.45882353 0.78039216
v -0.01243891 0.01161897 0.00760995 0.79607843 0.45882353 0.78039216
v -0.01221184 0.01177284 0.00767848 0.79607843 0.45882353 0.78039216
v -0.01182789 0.01180259 0.00782385 0.79607843 0.45882353 0.78039216
v -0.01182789 0.01212367 0.00768956 0.79607843 0.45882353 0.78039216
v -0.00702232 0.01527907 0.00768056 0.79607843 0.45882353 0.78039216
v -0.00782841 0.01460306 0.00784139 0.79607843 0.45882353 0.78039216
v -0.00702852 0.01500313 0.00781578 0.79607843 0.45882353 0.78039216
v -0.00943852 0.01382036 0.00773940 0.79607843 0.45882353 0.78039216
v -0.00902774 0.01380292 0.00785062 0.79607843 0.45882353 0.78039216
v -0.00822784 0.01420299 0.00787185 0.79607843 0.45882353 0.78039216
v -0.00702232 0.00829533 0.00702823 0.79607843 0.45882353 0.78039216
v -0.00980390 0.00574105 0.00743689 0.79607843 0.45882353 0.78039216
v -0.00957993 0.00574105 0.00723937 0.79607843 0.45882353 0.78039216
v -0.01732085 0.00574105 0.00629538 0.79607843 0.45882353 0.78039216
v -0.01736626 0.00579337 0.00622384 0.79607843 0.45882353 0.78039216
v -0.01735697 0.00620369 0.00612808 0.79607843 0.45882353 0.78039216
v -0.01746947 0.00660376 0.00580019 0.79607843 0.45882353 0.78039216
v -0.01752727 0.00620369 0.00580019 0.79607843 0.45882353 0.78039216
v -0.01751076 0.00700485 0.00551475 0.79607843 0.45882353 0.78039216
v -0.01753966 0.00660376 0.00551475 0.79607843 0.45882353 0.78039216
v -0.01670880 0.00980327 0.00551475 0.79607843 0.45882353 0.78039216
v -0.01650857 0.00980430 0.00566382 0.79607843 0.45882353 0.78039216
v -0.01291059 0.01091218 0.00766325 0.79607843 0.45882353 0.78039216
v -0.01252148 0.01140252 0.00766671 0.79607843 0.45882353 0.78039216
v -0.01608849 0.00967710 0.00604386 0.79607843 0.45882353 0.78039216
v -0.01521635 0.00878156 0.00719252 0.79607843 0.45882353 0.78039216
v -0.01222835 0.01140252 0.00780101 0.79607843 0.45882353 0.78039216
v -0.01303754 0.01060444 0.00771771 0.79607843 0.45882353 0.78039216
v -0.01302722 0.01020437 0.00783539 0.79607843 0.45882353 0.78039216
v -0.01262675 0.01060444 0.00785131 0.79607843 0.45882353 0.78039216
v -0.01222835 0.01100348 0.00786308 0.79607843 0.45882353 0.78039216
v -0.01182789 0.01140252 0.00787023 0.79607843 0.45882353 0.78039216
v -0.01142846 0.01180259 0.00786931 0.79607843 0.45882353 0.78039216
v -0.01102799 0.01220265 0.00786031 0.79607843 0.45882353 0.78039216
v -0.01062856 0.01260272 0.00784531 0.79607843 0.45882353 0.78039216
v -0.00702232 0.01500825 0.00781439 0.79607843 0.45882353 0.78039216
v -0.00742795 0.01460306 0.00786931 0.79607843 0.45882353 0.78039216
v -0.00702232 0.01500313 0.00781647 0.79607843 0.45882353 0.78039216
v -0.00942820 0.01340286 0.00786377 0.79607843 0.45882353 0.78039216
v -0.00702852 0.01460306 0.00787208 0.79607843 0.45882353 0.78039216
v -0.00982764 0.01300279 0.00787092 0.79607843 0.45882353 0.78039216
v -0.01022810 0.01260272 0.00787185 0.79607843 0.45882353 0.78039216
v -0.00702232 0.00845843 0.00715837 0.79607843 0.45882353 0.78039216
v -0.01000826 0.00574105 0.00761456 0.79607843 0.45882353 0.78039216
v -0.00702232 0.00891082 0.00751511 0.79607843 0.45882353 0.78039216
v -0.01722796 0.00574105 0.00640152 0.79607843 0.45882353 0.78039216
v -0.01736420 0.00740390 0.00573927 0.79607843 0.45882353 0.78039216
v -0.01729917 0.00660376 0.00606509 0.79607843 0.45882353 0.78039216
v -0.01731053 0.00780396 0.00567628 0.79607843 0.45882353 0.78039216
v -0.01741064 0.00780396 0.00551475 0.79607843 0.45882353 0.78039216
v -0.01747670 0.00740390 0.00551475 0.79607843 0.45882353 0.78039216
v -0.01679963 0.00953554 0.00557844 0.79607843 0.45882353 0.78039216
v -0.01600902 0.00916111 0.00638675 0.79607843 0.45882353 0.78039216
v -0.01688736 0.00949553 0.00551475 0.79607843 0.45882353 0.78039216
v -0.01412023 0.00932525 0.00766856 0.79607843 0.45882353 0.78039216
v -0.01449593 0.00888620 0.00764918 0.79607843 0.45882353 0.78039216
v -0.01570454 0.00620369 0.00766856 0.79607843 0.45882353 0.78039216
v -0.01484994 0.00844407 0.00762010 0.79607843 0.45882353 0.78039216
v -0.01476221 0.00871078 0.00755365 0.79607843 0.45882353 0.78039216
v -0.01424306 0.00901340 0.00772509 0.79607843 0.45882353 0.78039216
v -0.01342665 0.00980430 0.00781070 0.79607843 0.45882353 0.78039216
v -0.01422654 0.00860410 0.00784093 0.79607843 0.45882353 0.78039216
v -0.01382711 0.00900417 0.00785546 0.79607843 0.45882353 0.78039216
v -0.01342665 0.00940423 0.00786562 0.79607843 0.45882353 0.78039216
v -0.01302722 0.00980430 0.00787162 0.79607843 0.45882353 0.78039216
v -0.01262675 0.01020437 0.00787185 0.79607843 0.45882353 0.78039216
v -0.01222835 0.01060444 0.00787185 0.79607843 0.45882353 0.78039216
v -0.01062856 0.01220265 0.00787185 0.79607843 0.45882353 0.78039216
v -0.00702232 0.01460921 0.00787185 0.79607843 0.45882353 0.78039216
v -0.00702232 0.01460306 0.00787208 0.79607843 0.45882353 0.78039216
v -0.01422654 0.00820403 0.00787185 0.79607843 0.45882353 0.78039216
v -0.01502747 0.00620369 0.00787185 0.79607843 0.45882353 0.78039216
v -0.01509043 0.00574105 0.00787185 0.79607843 0.45882353 0.78039216
v -0.01020849 0.00574105 0.00773271 0.79607843 0.45882353 0.78039216
v -0.00702232 0.00891697 0.00751996 0.79607843 0.45882353 0.78039216
v -0.00702232 0.00911085 0.00766371 0.79607843 0.45882353 0.78039216
v -0.00702232 0.00911393 0.00766556 0.79607843 0.45882353 0.78039216
v -0.01600076 0.00574105 0.00757349 0.79607843 0.45882353 0.78039216
v -0.01733117 0.00817018 0.00551475 0.79607843 0.45882353 0.78039216
v -0.01726098 0.00809837 0.00562990 0.79607843 0.45882353 0.78039216
v -0.01720525 0.00860410 0.00551475 0.79607843 0.45882353 0.78039216
v -0.01694206 0.00934781 0.00551475 0.79607843 0.45882353 0.78039216
v -0.01462804 0.00858871 0.00769602 0.79607843 0.45882353 0.78039216
v -0.01585111 0.00574105 0.00769186 0.79607843 0.45882353 0.78039216
v -0.01583459 0.00576567 0.00769579 0.79607843 0.45882353 0.78039216
v -0.01533814 0.00700383 0.00769325 0.79607843 0.45882353 0.78039216
v -0.01489846 0.00820403 0.00766140 0.79607843 0.45882353 0.78039216
v -0.01462701 0.00820403 0.00779755 0.79607843 0.45882353 0.78039216
v -0.01462701 0.00780396 0.00784877 0.79607843 0.45882353 0.78039216
v -0.01022810 0.00660376 0.00787185 0.79607843 0.45882353 0.78039216
v -0.00702232 0.01020437 0.00787185 0.79607843 0.45882353 0.78039216
v -0.01102799 0.00574105 0.00787185 0.79607843 0.45882353 0.78039216
v -0.01462701 0.00740390 0.00787023 0.79607843 0.45882353 0.78039216
v -0.01502747 0.00660376 0.00786446 0.79607843 0.45882353 0.78039216
v -0.01542690 0.00574105 0.00785777 0.79607843 0.45882353 0.78039216
v -0.01024255 0.00574105 0.00774678 0.79607843 0.45882353 0.78039216
v -0.00702232 0.00940423 0.00779708 0.79607843 0.45882353 0.78039216
v -0.01706694 0.00900417 0.00551475 0.79607843 0.45882353 0.78039216
v -0.01712991 0.00882875 0.00551475 0.79607843 0.45882353 0.78039216
v -0.01721351 0.00836508 0.00558790 0.79607843 0.45882353 0.78039216
v -0.01583356 0.00574105 0.00770132 0.79607843 0.45882353 0.78039216
v -0.01497483 0.00780396 0.00771263 0.79607843 0.45882353 0.78039216
v -0.01542690 0.00620369 0.00780447 0.79607843 0.45882353 0.78039216
v -0.01502747 0.00700383 0.00782939 0.79607843 0.45882353 0.78039216
v -0.01542690 0.00580363 0.00785500 0.79607843 0.45882353 0.78039216
v -0.00702232 0.00981046 0.00786977 0.79607843 0.45882353 0.78039216
v -0.01069152 0.00574105 0.00786631 0.79607843 0.45882353 0.78039216
v -0.01549089 0.00574105 0.00784254 0.79607843 0.45882353 0.78039216
v -0.01062856 0.00574105 0.00786100 0.79607843 0.45882353 0.78039216
v -0.00702232 0.00941039 0.00779939 0.79607843 0.45882353 0.78039216
v -0.00702232 0.00980430 0.00786885 0.79607843 0.45882353 0.78039216
f 892 893 898
f 892 898 894
f 892 894 895
f 892 895 896
f 892 896 902
f 892 902 917
f 892 917 936
f 892 936 951
f 892 951 971
f 892 971 1002
f 892 1002 1004
f 892 1004 1035
f 892 1035 1036
f 892 1036 1057
f 892 1057 1072
f 892 1072 1077
f 892 1077 1076
f 892 1076 1063
f 892 1063 1043
f 892 1043 1042
f 892 1042 1041
f 892 1041 1011
f 892 1011 1009
f 892 1009 977
f 892 977 957
f 892 957 940
f 892 940 921
f 892 921 905
f 892 905 897
f 892 897 893
f 893 897 906
f 893 906 923
f 893 923 944
f 893 944 963
f 893 963 986
f 893 986 985
f 893 985 1017
f 893 1017 1016
f 893 1016 1045
f 893 1045 1047
f 893 1047 1065
f 893 1065 1064
f 893 1064 1048
f 893 1048 1020
f 893 1020 987
f 893 987 966
f 893 966 965
f 893 965 964
f 893 964 947
f 893 947 946
f 893 946 945
f 893 945 927
f 893 927 925
f 893 925 924
f 893 924 907
f 893 907 898
f 894 898 907
f 894 907 899
f 894 899 900
f 894 900 901
f 894 901 895
f 895 902 896
f 895 901 903
f 895 903 904
f 895 904 902
f 897 905 906
f 899 907 924
f 899 924 908
f 899 908 909
f 899 909 900
f 900 910 904
f 900 904 903
f 900 903 901
f 900 909 911
f 900 911 912
f 900 912 913
f 900 913 914
f 900 914 915
f 900 915 910
f 902 904 916
f 902 916 917
f 904 918 916
f 904 910 919
f 904 919 920
f 904 920 918
f 905 921 906
f 906 921 922
f 906 922 942
f 906 942 960
f 906 960 959
f 906 959 979
f 906 979 978
f 906 978 1010
f 906 1010 1040
f 906 1040 1062
f 906 1062 1075
f 906 1075 1073
f 906 1073 1058
f 906 1058 1039
f 906 1039 1061
f 906 1061 1074
f 906 1074 1067
f 906 1067 1050
f 906 1050 1044
f 906 1044 1012
f 906 1012 980
f 906 980 961
f 906 961 943
f 906 943 923
f 908 924 925
f 908 925 926
f 908 926 913
f 908 913 911
f 908 911 909
f 910 915 919
f 911 913 912
f 913 926 925
f 913 925 927
f 913 927 928
f 913 928 914
f 914 928 929
f 914 929 930
f 914 930 931
f 914 931 932
f 914 932 933
f 914 933 918
f 914 918 934
f 914 934 935
f 914 935 919
f 914 919 915
f 916 936 917
f 916 918 936
f 918 937 938
f 918 938 936
f 918 920 919
f 918 919 935
f 918 935 934
f 918 933 939
f 918 939 937
f 921 940 941
f 921 941 942
f 921 942 922
f 923 943 944
f 927 945 928
f 928 945 946
f 928 946 947
f 928 947 948
f 928 948 929
f 929 932 930
f 929 948 932
f 930 932 931
f 932 948 949
f 932 949 933
f 933 950 939
f 933 949 950
f 936 938 951
f 937 939 952
f 937 952 953
f 937 953 954
f 937 954 938
f 938 954 951
f 939 950 955
f 939 955 956
f 939 956 952
f 940 957 958
f 940 958 941
f 941 958 957
f 941 957 959
f 941 959 960
f 941 960 942
f 943 961 962
f 943 962 963
f 943 963 944
f 947 964 948
f 948 964 949
f 949 964 965
f 949 965 966
f 949 966 967
f 949 967 968
f 949 968 969
f 949 969 970
f 949 970 950
f 950 970 955
f 951 954 971
f 952 972 953
f 952 956 972
f 953 972 973
f 953 973 954
f 954 973 971
f 955 974 956
f 955 970 974
f 956 975 976
f 956 976 972
f 956 974 969
f 956 969 975
f 957 977 978
f 957 978 979
f 957 979 959
f 961 980 981
f 961 981 982
f 961 982 983
f 961 983 984
f 961 984 962
f 962 984 985
f 962 985 986
f 962 986 963
f 966 987 988
f 966 988 967
f 967 989 990
f 967 990 968
f 967 988 991
f 967 991 992
f 967 992 989
f 968 993 969
f 968 990 989
f 968 989 994
f 968 994 993
f 969 993 995
f 969 995 996
f 969 996 997
f 969 997 998
f 969 998 999
f 969 999 1000
f 969 1000 1001
f 969 1001 975
f 969 974 970
f 971 973 1002
f 972 1003 1004
f 972 1004 973
f 972 976 1003
f 973 1004 1002
f 975 1001 1000
f 975 1000 1005
f 975 1005 976
f 976 1006 1003
f 976 1005 1007
f 976 1007 1008
f 976 1008 1006
f 977 1009 978
f 978 1009 1011
f 978 1011 1010
f 980 1012 982
f 980 982 981
f 982 1013 983
f 982 1012 1014
f 982 1014 1015
f 982 1015 1013
f 983 1013 1016
f 983 1016 1017
f 983 1017 984
f 984 1017 985
f 987 1018 1019
f 987 1019 992
f 987 992 988
f 987 1020 1018
f 988 992 991
f 989 1021 994
f 989 992 1022
f 989 1022 1021
f 992 1019 1023
f 992 1023 1024
f 992 1024 1025
f 992 1025 1022
f 993 994 1026
f 993 1026 1027
f 993 1027 995
f 994 1021 1026
f 995 1027 1028
f 995 1028 996
f 996 1028 1029
f 996 1029 997
f 997 1029 1030
f 997 1030 998
f 998 1030 1031
f 998 1031 1032
f 998 1032 1033
f 998 1033 1034
f 998 1034 1008
f 998 1008 999
f 999 1008 1007
f 999 1007 1005
f 999 1005 1000
f 1003 1006 1035
f 1003 1035 1004
f 1006 1036 1035
f 1006 1008 1034
f 1006 1034 1033
f 1006 1033 1032
f 1006 1032 1037
f 1006 1037 1038
f 1006 1038 1039
f 1006 1039 1058
f 1006 1058 1036
f 1010 1011 1041
f 1010 1041 1042
f 1010 1042 1043
f 1010 1043 1040
f 1012 1044 1014
f 1013 1015 1045
f 1013 1045 1016
f 1014 1044 1015
f 1015 1046 1047
f 1015 1047 1045
f 1015 1044 1046
f 1018 1020 1044
f 1018 1044 1023
f 1018 1023 1019
f 1020 1048 1044
f 1021 1022 1049
f 1021 1049 1026
f 1022 1025 1024
f 1022 1024 1049
f 1023 1044 1050
f 1023 1050 1051
f 1023 1051 1052
f 1023 1052 1053
f 1023 1053 1024
f 1024 1053 1049
f 1026 1028 1027
f 1026 1049 1028
f 1028 1037 1029
f 1028 1049 1054
f 1028 1054 1055
f 1028 1055 1037
f 1029 1037 1030
f 1030 1037 1031
f 1031 1037 1032
f 1036 1056 1057
f 1036 1058 1056
f 1037 1055 1059
f 1037 1059 1038
f 1038 1059 1060
f 1038 1060 1061
f 1038 1061 1039
f 1040 1043 1063
f 1040 1063 1062
f 1044 1048 1064
f 1044 1064 1065
f 1044 1065 1066
f 1044 1066 1046
f 1046 1066 1047
f 1047 1066 1065
f 1049 1053 1054
f 1050 1067 1051
f 1051 1067 1052
f 1052 1067 1068
f 1052 1068 1053
f 1053 1068 1054
f 1054 1068 1069
f 1054 1069 1070
f 1054 1070 1055
f 1055 1070 1071
f 1055 1071 1060
f 1055 1060 1059
f 1056 1072 1057
f 1056 1058 1072
f 1058 1073 1072
f 1060 1071 1061
f 1061 1071 1074
f 1062 1063 1076
f 1062 1076 1075
f 1067 1074 1069
f 1067 1069 1068
f 1069 1074 1071
f 1069 1071 1070
f 1072 1073 1075
f 1072 1075 1077
f 1075 1076 1077

o geometry_8
v 0.00177232 0.01620280 0.00787149 0.11764706 0.63921569 0.14117647
v 0.00017254 0.01660351 0.00784687 0.11764706 0.63921569 0.14117647
v -0.00009828 0.01633262 0.00786387 0.11764706 0.63921569 0.14117647
v -0.00009828 0.01620280 0.00787149 0.11764706 0.63921569 0.14117647
v 0.00217510 0.01580617 0.00787149 0.11764706 0.63921569 0.14117647
v 0.00217510 0.01620280 0.00787091 0.11764706 0.63921569 0.14117647
v -0.00009828 0.01660351 0.00784687 0.11764706 0.63921569 0.14117647
v 0.00057265 0.01660351 0.00782812 0.11764706 0.63921569 0.14117647
v 0.00017254 0.01693778 0.00771088 0.11764706 0.63921569 0.14117647
v -0.00009828 0.01220384 0.00787149 0.11764706 0.63921569 0.14117647
v 0.00217510 0.01220384 0.00787149 0.11764706 0.63921569 0.14117647
v 0.00217510 0.01663009 0.00771088 0.11764706 0.63921569 0.14117647
v 0.00177232 0.01660351 0.00775485 0.11764706 0.63921569 0.14117647
v 0.00137243 0.01660351 0.00778181 0.11764706 0.63921569 0.14117647
v 0.00097254 0.01660351 0.00780643 0.11764706 0.63921569 0.14117647
v -0.00009828 0.01693778 0.00771088 0.11764706 0.63921569 0.14117647
v 0.00017254 0.01713814 0.00753972 0.11764706 0.63921569 0.14117647
v 0.00057265 0.01690507 0.00769213 0.11764706 0.63921569 0.14117647
v -0.00009828 0.01193294 0.00781991 0.11764706 0.63921569 0.14117647
v 0.00137243 0.01180414 0.00785215 0.11764706 0.63921569 0.14117647
v 0.00177232 0.01180414 0.00786329 0.11764706 0.63921569 0.14117647
v 0.00217243 0.01180414 0.00786973 0.11764706 0.63921569 0.14117647
v 0.00217510 0.01180414 0.00786973 0.11764706 0.63921569 0.14117647
v 0.00217510 0.01666996 0.00768158 0.11764706 0.63921569 0.14117647
v 0.00199930 0.01680693 0.00760362 0.11764706 0.63921569 0.14117647
v 0.00137243 0.01684782 0.00764582 0.11764706 0.63921569 0.14117647
v 0.00097254 0.01687542 0.00767044 0.11764706 0.63921569 0.14117647
v -0.00009828 0.01713814 0.00753972 0.11764706 0.63921569 0.14117647
v 0.00000320 0.01840877 0.00640432 0.11764706 0.63921569 0.14117647
v -0.00009828 0.01180414 0.00779470 0.11764706 0.63921569 0.14117647
v 0.00177232 0.01143716 0.00772730 0.11764706 0.63921569 0.14117647
v 0.00217510 0.01174588 0.00784863 0.11764706 0.63921569 0.14117647
v 0.00217510 0.01691529 0.00746587 0.11764706 0.63921569 0.14117647
v 0.00217243 0.01884526 0.00564173 0.11764706 0.63921569 0.14117647
v 0.00177232 0.01888717 0.00567748 0.11764706 0.63921569 0.14117647
v 0.00074934 0.01959864 0.00519331 0.11764706 0.63921569 0.14117647
v 0.00048275 0.01962318 0.00521793 0.11764706 0.63921569 0.14117647
v 0.00017254 0.01964975 0.00524255 0.11764706 0.63921569 0.14117647
v -0.00005822 0.01840877 0.00640432 0.11764706 0.63921569 0.14117647
v -0.00009828 0.01836072 0.00644184 0.11764706 0.63921569 0.14117647
v -0.00009828 0.01162628 0.00770268 0.11764706 0.63921569 0.14117647
v 0.00137243 0.01146374 0.00771616 0.11764706 0.63921569 0.14117647
v 0.00207207 0.01121738 0.00758720 0.11764706 0.63921569 0.14117647
v 0.00217510 0.01137481 0.00771030 0.11764706 0.63921569 0.14117647
v 0.00217510 0.01884526 0.00564114 0.11764706 0.63921569 0.14117647
v 0.00017254 0.02004331 0.00484513 0.11764706 0.63921569 0.14117647
v 0.00017254 0.01985011 0.00504442 0.11764706 0.63921569 0.14117647
v -0.00009828 0.01971518 0.00517866 0.11764706 0.63921569 0.14117647
v -0.00009828 0.01964975 0.00524255 0.11764706 0.63921569 0.14117647
v -0.00009828 0.01882073 0.00601628 0.11764706 0.63921569 0.14117647
v -0.00009828 0.01845477 0.00635626 0.11764706 0.63921569 0.14117647
v -0.00009828 0.01154143 0.00765872 0.11764706 0.63921569 0.14117647
v 0.00217510 0.01104769 0.00743304 0.11764706 0.63921569 0.14117647
v 0.00217510 0.01135027 0.00769213 0.11764706 0.63921569 0.14117647
v -0.00009828 0.01134107 0.00746645 0.11764706 0.63921569 0.14117647
v -0.00009828 0.01079623 0.00693656 0.11764706 0.63921569 0.14117647
v 0.00217510 0.01893624 0.00539964 0.11764706 0.63921569 0.14117647
v 0.00164748 0.01924597 0.00526189 0.11764706 0.63921569 0.14117647
v 0.00038395 0.02000958 0.00480937 0.11764706 0.63921569 0.14117647
v 0.00017254 0.02010362 0.00460011 0.11764706 0.63921569 0.14117647
v -0.00009828 0.02004331 0.00484513 0.11764706 0.63921569 0.14117647
v -0.00009828 0.01985011 0.00504442 0.11764706 0.63921569 0.14117647
v 0.00217510 0.01097307 0.00735977 0.11764706 0.63921569 0.14117647
v -0.00009828 0.01072978 0.00687150 0.11764706 0.63921569 0.14117647
v 0.00217510 0.01898530 0.00499988 0.11764706 0.63921569 0.14117647
v 0.00217243 0.01898735 0.00499988 0.11764706 0.63921569 0.14117647
v 0.00168509 0.01926846 0.00499988 0.11764706 0.63921569 0.14117647
v 0.00039107 0.02001367 0.00460011 0.11764706 0.63921569 0.14117647
v 0.00017254 0.02012509 0.00420035 0.11764706 0.63921569 0.14117647
v -0.00009828 0.02011078 0.00447116 0.11764706 0.63921569 0.14117647
v -0.00009828 0.02010362 0.00460011 0.11764706 0.63921569 0.14117647
v 0.00217510 0.01060711 0.00699635 0.11764706 0.63921569 0.14117647
v -0.00009828 0.01053045 0.00667103 0.11764706 0.63921569 0.14117647
v 0.00217510 0.01023195 0.00662120 0.11764706 0.63921569 0.14117647
v 0.00217510 0.01898530 0.00188442 0.11764706 0.63921569 0.14117647
v 0.00217243 0.01898735 0.00188442 0.11764706 0.63921569 0.14117647
v 0.00098078 0.01967531 0.00188442 0.11764706 0.63921569 0.14117647
v 0.00039263 0.02001469 0.00420035 0.11764706 0.63921569 0.14117647
v 0.00059112 0.01989918 0.00460011 0.11764706 0.63921569 0.14117647
v -0.00009828 0.02012509 0.00420035 0.11764706 0.63921569 0.14117647
v 0.00017254 0.02012509 0.00188442 0.11764706 0.63921569 0.14117647
v -0.00009828 0.01035462 0.00647056 0.11764706 0.63921569 0.14117647
v 0.00217510 0.01020844 0.00659717 0.11764706 0.63921569 0.14117647
v 0.00217510 0.01090765 0.00188442 0.11764706 0.63921569 0.14117647
v 0.00039263 0.02001469 0.00188442 0.11764706 0.63921569 0.14117647
v -0.00009828 0.02012509 0.00188442 0.11764706 0.63921569 0.14117647
v -0.00009828 0.00992835 0.00368921 0.11764706 0.63921569 0.14117647
v 0.00217510 0.01005511 0.00622144 0.11764706 0.63921569 0.14117647
v 0.00217510 0.00986089 0.00308019 0.11764706 0.63921569 0.14117647
v 0.00217243 0.01090765 0.00188442 0.11764706 0.63921569 0.14117647
v -0.00009828 0.01110187 0.00188442 0.11764706 0.63921569 0.14117647
v -0.00009828 0.00992835 0.00346706 0.11764706 0.63921569 0.14117647
v 0.00217243 0.00968302 0.00340023 0.11764706 0.63921569 0.14117647
v 0.00217510 0.00968302 0.00340023 0.11764706 0.63921569 0.14117647
v 0.00217510 0.00985884 0.00308312 0.11764706 0.63921569 0.14117647
v 0.00217243 0.00986089 0.00308019 0.11764706 0.63921569 0.14117647
v 0.00137132 0.01093934 0.00188442 0.11764706 0.63921569 0.14117647
v 0.00015630 0.01104667 0.00188442 0.11764706 0.63921569 0.14117647
v -0.00009828 0.01006124 0.00326718 0.11764706 0.63921569 0.14117647
v 0.00177232 0.00989769 0.00311008 0.11764706 0.63921569 0.14117647
v 0.00020058 0.01103747 0.00188442 0.11764706 0.63921569 0.14117647
v 0.00057265 0.01098738 0.00188442 0.11764706 0.63921569 0.14117647
v 0.00063429 0.01097920 0.00188442 0.11764706 0.63921569 0.14117647
v 0.00101527 0.01095365 0.00188442 0.11764706 0.63921569 0.14117647
f 1078 1079 1080
f 1078 1080 1081
f 1078 1081 1087
f 1078 1087 1088
f 1078 1088 1082
f 1078 1082 1083
f 1078 1083 1079
f 1079 1084 1080
f 1079 1083 1085
f 1079 1085 1086
f 1079 1086 1093
f 1079 1093 1084
f 1080 1084 1093
f 1080 1093 1105
f 1080 1105 1117
f 1080 1117 1128
f 1080 1128 1127
f 1080 1127 1126
f 1080 1126 1125
f 1080 1125 1139
f 1080 1139 1138
f 1080 1138 1148
f 1080 1148 1147
f 1080 1147 1157
f 1080 1157 1163
f 1080 1163 1168
f 1080 1168 1176
f 1080 1176 1169
f 1080 1169 1164
f 1080 1164 1159
f 1080 1159 1150
f 1080 1150 1141
f 1080 1141 1133
f 1080 1133 1132
f 1080 1132 1129
f 1080 1129 1118
f 1080 1118 1107
f 1080 1107 1096
f 1080 1096 1087
f 1080 1087 1081
f 1082 1088 1100
f 1082 1100 1109
f 1082 1109 1121
f 1082 1121 1131
f 1082 1131 1130
f 1082 1130 1140
f 1082 1140 1149
f 1082 1149 1151
f 1082 1151 1160
f 1082 1160 1165
f 1082 1165 1171
f 1082 1171 1172
f 1082 1172 1166
f 1082 1166 1161
f 1082 1161 1152
f 1082 1152 1142
f 1082 1142 1134
f 1082 1134 1122
f 1082 1122 1110
f 1082 1110 1101
f 1082 1101 1089
f 1082 1089 1083
f 1083 1089 1090
f 1083 1090 1091
f 1083 1091 1092
f 1083 1092 1085
f 1085 1092 1086
f 1086 1094 1105
f 1086 1105 1093
f 1086 1092 1091
f 1086 1091 1090
f 1086 1090 1089
f 1086 1089 1095
f 1086 1095 1094
f 1087 1096 1097
f 1087 1097 1098
f 1087 1098 1099
f 1087 1099 1100
f 1087 1100 1088
f 1089 1101 1102
f 1089 1102 1103
f 1089 1103 1104
f 1089 1104 1095
f 1094 1106 1116
f 1094 1116 1105
f 1094 1095 1104
f 1094 1104 1103
f 1094 1103 1102
f 1094 1102 1106
f 1096 1107 1097
f 1097 1107 1108
f 1097 1108 1098
f 1098 1108 1109
f 1098 1109 1099
f 1099 1109 1100
f 1101 1110 1102
f 1102 1110 1111
f 1102 1111 1112
f 1102 1112 1113
f 1102 1113 1114
f 1102 1114 1115
f 1102 1115 1106
f 1105 1116 1117
f 1106 1115 1126
f 1106 1126 1116
f 1107 1118 1119
f 1107 1119 1108
f 1108 1119 1120
f 1108 1120 1121
f 1108 1121 1109
f 1110 1122 1111
f 1111 1122 1113
f 1111 1113 1112
f 1113 1123 1124
f 1113 1124 1114
f 1113 1122 1123
f 1114 1124 1115
f 1115 1124 1125
f 1115 1125 1126
f 1116 1126 1127
f 1116 1127 1128
f 1116 1128 1117
f 1118 1129 1119
f 1119 1129 1120
f 1120 1130 1131
f 1120 1131 1121
f 1120 1129 1132
f 1120 1132 1133
f 1120 1133 1130
f 1122 1134 1135
f 1122 1135 1136
f 1122 1136 1123
f 1123 1136 1137
f 1123 1137 1148
f 1123 1148 1138
f 1123 1138 1139
f 1123 1139 1124
f 1124 1139 1125
f 1130 1133 1141
f 1130 1141 1140
f 1134 1142 1143
f 1134 1143 1144
f 1134 1144 1136
f 1134 1136 1135
f 1136 1145 1146
f 1136 1146 1137
f 1136 1144 1145
f 1137 1147 1148
f 1137 1146 1147
f 1140 1141 1149
f 1141 1150 1151
f 1141 1151 1149
f 1142 1152 1153
f 1142 1153 1143
f 1143 1153 1154
f 1143 1154 1155
f 1143 1155 1144
f 1144 1155 1156
f 1144 1156 1145
f 1145 1156 1155
f 1145 1155 1146
f 1146 1157 1147
f 1146 1155 1162
f 1146 1162 1158
f 1146 1158 1163
f 1146 1163 1157
f 1150 1159 1160
f 1150 1160 1151
f 1152 1161 1167
f 1152 1167 1174
f 1152 1174 1181
f 1152 1181 1180
f 1152 1180 1179
f 1152 1179 1178
f 1152 1178 1175
f 1152 1175 1168
f 1152 1168 1163
f 1152 1163 1158
f 1152 1158 1162
f 1152 1162 1154
f 1152 1154 1153
f 1154 1162 1155
f 1159 1164 1165
f 1159 1165 1160
f 1161 1166 1173
f 1161 1173 1167
f 1164 1169 1170
f 1164 1170 1165
f 1165 1170 1171
f 1166 1172 1173
f 1167 1173 1174
f 1168 1175 1176
f 1169 1177 1173
f 1169 1173 1172
f 1169 1172 1170
f 1169 1176 1177
f 1170 1172 1171
f 1173 1177 1178
f 1173 1178 1179
f 1173 1179 1180
f 1173 1180 1181
f 1173 1181 1174
f 1175 1178 1176
f 1176 1178 1177

o geometry_9
v -0.01756727 0.00000708 0.00276975 0.94117647 0.52156863 0.41176471
v -0.01756727 0.00000708 0.00619993 0.94117647 0.52156863 0.41176471
v -0.01756727 0.00326343 0.00276975 0.94117647 0.52156863 0.41176471
v -0.01129899 0.00000708 0.00276975 0.94117647 0.52156863 0.41176471
v -0.01754491 0.00000708 0.00640321 0.94117647 0.52156863 0.41176471
v -0.01756727 0.00220327 0.00619993 0.94117647 0.52156863 0.41176471
v -0.01756727 0.00326343 0.00579988 0.94117647 0.52156863 0.41176471
v -0.01083517 0.00326343 0.00276975 0.94117647 0.52156863 0.41176471
v -0.01099244 0.00120239 0.00276975 0.94117647 0.52156863 0.41176471
v -0.01011989 0.00000708 0.00393595 0.94117647 0.52156863 0.41176471
v -0.01752256 0.00000708 0.00659999 0.94117647 0.52156863 0.41176471
v -0.01752256 0.00020374 0.00659999 0.94117647 0.52156863 0.41176471
v -0.01756407 0.00300333 0.00619993 0.94117647 0.52156863 0.41176471
v -0.01756168 0.00326343 0.00619993 0.94117647 0.52156863 0.41176471
v -0.00944692 0.00326343 0.00387702 0.94117647 0.52156863 0.41176471
v -0.01082879 0.00326279 0.00276975 0.94117647 0.52156863 0.41176471
v -0.01003527 0.00000708 0.00403135 0.94117647 0.52156863 0.41176471
v -0.01743076 0.00000708 0.00681325 0.94117647 0.52156863 0.41176471
v -0.01750899 0.00060378 0.00659999 0.94117647 0.52156863 0.41176471
v -0.01733416 0.00021809 0.00703451 0.94117647 0.52156863 0.41176471
v -0.01743555 0.00260330 0.00659999 0.94117647 0.52156863 0.41176471
v -0.01742038 0.00300333 0.00659999 0.94117647 0.52156863 0.41176471
v -0.01740920 0.00326343 0.00659999 0.94117647 0.52156863 0.41176471
v -0.00941260 0.00326343 0.00420166 0.94117647 0.52156863 0.41176471
v -0.00998897 0.00000708 0.00420416 0.94117647 0.52156863 0.41176471
v -0.01733416 0.00000708 0.00703451 0.94117647 0.52156863 0.41176471
v -0.01726631 0.00000708 0.00716686 0.94117647 0.52156863 0.41176471
v -0.01723837 0.00009441 0.00721980 0.94117647 0.52156863 0.41176471
v -0.01713539 0.00021809 0.00737163 0.94117647 0.52156863 0.41176471
v -0.01691665 0.00020374 0.00770226 0.94117647 0.52156863 0.41176471
v -0.01724555 0.00326343 0.00682074 0.94117647 0.52156863 0.41176471
v -0.01061804 0.00326343 0.00699405 0.94117647 0.52156863 0.41176471
v -0.00998977 0.00000708 0.00444189 0.94117647 0.52156863 0.41176471
v -0.00998897 0.00000708 0.00430355 0.94117647 0.52156863 0.41176471
v -0.01723837 0.00000708 0.00721980 0.94117647 0.52156863 0.41176471
v -0.01691665 0.00000708 0.00770226 0.94117647 0.52156863 0.41176471
v -0.01662687 0.00020374 0.00783861 0.94117647 0.52156863 0.41176471
v -0.01662687 0.00060378 0.00781564 0.94117647 0.52156863 0.41176471
v -0.01655901 0.00260330 0.00772673 0.94117647 0.52156863 0.41176471
v -0.01653346 0.00300333 0.00771325 0.94117647 0.52156863 0.41176471
v -0.01651830 0.00326343 0.00770076 0.94117647 0.52156863 0.41176471
v -0.01689031 0.00060378 0.00767929 0.94117647 0.52156863 0.41176471
v -0.01686396 0.00100381 0.00764982 0.94117647 0.52156863 0.41176471
v -0.01658855 0.00326343 0.00761636 0.94117647 0.52156863 0.41176471
v -0.01067471 0.00326343 0.00711591 0.94117647 0.52156863 0.41176471
v -0.01141554 0.00000708 0.00739960 0.94117647 0.52156863 0.41176471
v -0.01662687 0.00000708 0.00783861 0.94117647 0.52156863 0.41176471
v -0.01642330 0.00000708 0.00785559 0.94117647 0.52156863 0.41176471
v -0.01622691 0.00180324 0.00787157 0.94117647 0.52156863 0.41176471
v -0.01622691 0.00220327 0.00787007 0.94117647 0.52156863 0.41176471
v -0.01622691 0.00260330 0.00786258 0.94117647 0.52156863 0.41176471
v -0.01622691 0.00300333 0.00784960 0.94117647 0.52156863 0.41176471
v -0.01622691 0.00326343 0.00783661 0.94117647 0.52156863 0.41176471
v -0.01633469 0.00326343 0.00778917 0.94117647 0.52156863 0.41176471
v -0.01076253 0.00326343 0.00726924 0.94117647 0.52156863 0.41176471
v -0.01150335 0.00000708 0.00751797 0.94117647 0.52156863 0.41176471
v -0.01622691 0.00000708 0.00787157 0.94117647 0.52156863 0.41176471
v -0.01236792 0.00326343 0.00787207 0.94117647 0.52156863 0.41176471
v -0.01582697 0.00326343 0.00787157 0.94117647 0.52156863 0.41176471
v -0.01596747 0.00326343 0.00786408 0.94117647 0.52156863 0.41176471
v -0.01081202 0.00326343 0.00732818 0.94117647 0.52156863 0.41176471
v -0.01159516 0.00000708 0.00763983 0.94117647 0.52156863 0.41176471
v -0.01222821 0.00000708 0.00787157 0.94117647 0.52156863 0.41176471
v -0.01182826 0.00326343 0.00787207 0.94117647 0.52156863 0.41176471
v -0.01101240 0.00326343 0.00754993 0.94117647 0.52156863 0.41176471
v -0.01114252 0.00326343 0.00767779 0.94117647 0.52156863 0.41176471
v -0.01170932 0.00000708 0.00770676 0.94117647 0.52156863 0.41176471
v -0.01202465 0.00000708 0.00782313 0.94117647 0.52156863 0.41176471
v -0.01182826 0.00100381 0.00782912 0.94117647 0.52156863 0.41176471
v -0.01182826 0.00140384 0.00784760 0.94117647 0.52156863 0.41176471
v -0.01182826 0.00180324 0.00786108 0.94117647 0.52156863 0.41176471
v -0.01182826 0.00220327 0.00786908 0.94117647 0.52156863 0.41176471
v -0.01182826 0.00260330 0.00787157 0.94117647 0.52156863 0.41176471
v -0.01156802 0.00326343 0.00784660 0.94117647 0.52156863 0.41176471
v -0.01122634 0.00326343 0.00772524 0.94117647 0.52156863 0.41176471
v -0.01182826 0.00000708 0.00777618 0.94117647 0.52156863 0.41176471
v -0.01142831 0.00326343 0.00781364 0.94117647 0.52156863 0.41176471
f 1182 1183 1187
f 1182 1187 1188
f 1182 1188 1184
f 1182 1184 1189
f 1182 1189 1197
f 1182 1197 1190
f 1182 1190 1185
f 1182 1185 1191
f 1182 1191 1198
f 1182 1198 1206
f 1182 1206 1215
f 1182 1215 1214
f 1182 1214 1227
f 1182 1227 1237
f 1182 1237 1243
f 1182 1243 1248
f 1182 1248 1257
f 1182 1257 1249
f 1182 1249 1244
f 1182 1244 1238
f 1182 1238 1229
f 1182 1229 1228
f 1182 1228 1217
f 1182 1217 1216
f 1182 1216 1208
f 1182 1208 1207
f 1182 1207 1199
f 1182 1199 1192
f 1182 1192 1186
f 1182 1186 1183
f 1183 1186 1187
f 1184 1188 1195
f 1184 1195 1204
f 1184 1204 1212
f 1184 1212 1225
f 1184 1225 1222
f 1184 1222 1235
f 1184 1235 1234
f 1184 1234 1241
f 1184 1241 1240
f 1184 1240 1239
f 1184 1239 1245
f 1184 1245 1255
f 1184 1255 1258
f 1184 1258 1256
f 1184 1256 1247
f 1184 1247 1246
f 1184 1246 1242
f 1184 1242 1236
f 1184 1236 1226
f 1184 1226 1213
f 1184 1213 1205
f 1184 1205 1196
f 1184 1196 1189
f 1185 1190 1191
f 1186 1192 1193
f 1186 1193 1187
f 1187 1193 1194
f 1187 1194 1188
f 1188 1194 1195
f 1189 1196 1197
f 1190 1197 1196
f 1190 1196 1191
f 1191 1196 1198
f 1192 1199 1193
f 1193 1200 1195
f 1193 1195 1194
f 1193 1199 1201
f 1193 1201 1200
f 1195 1200 1202
f 1195 1202 1203
f 1195 1203 1204
f 1196 1205 1206
f 1196 1206 1198
f 1199 1207 1201
f 1200 1201 1202
f 1201 1204 1203
f 1201 1203 1202
f 1201 1207 1208
f 1201 1208 1209
f 1201 1209 1204
f 1204 1209 1210
f 1204 1210 1211
f 1204 1211 1212
f 1205 1213 1214
f 1205 1214 1215
f 1205 1215 1206
f 1208 1216 1209
f 1209 1216 1217
f 1209 1217 1211
f 1209 1211 1210
f 1211 1217 1228
f 1211 1228 1218
f 1211 1218 1219
f 1211 1219 1220
f 1211 1220 1221
f 1211 1221 1222
f 1211 1222 1223
f 1211 1223 1212
f 1212 1223 1224
f 1212 1224 1225
f 1213 1226 1214
f 1214 1226 1227
f 1218 1228 1229
f 1218 1229 1230
f 1218 1230 1231
f 1218 1231 1232
f 1218 1232 1233
f 1218 1233 1234
f 1218 1234 1219
f 1219 1234 1235
f 1219 1235 1220
f 1220 1235 1221
f 1221 1235 1222
f 1222 1225 1224
f 1222 1224 1223
f 1226 1236 1227
f 1227 1236 1237
f 1229 1238 1230
f 1230 1238 1239
f 1230 1239 1240
f 1230 1240 1231
f 1231 1240 1241
f 1231 1241 1232
f 1232 1241 1233
f 1233 1241 1234
f 1236 1242 1243
f 1236 1243 1237
f 1238 1244 1245
f 1238 1245 1239
f 1242 1246 1243
f 1243 1246 1247
f 1243 1247 1248
f 1244 1249 1250
f 1244 1250 1251
f 1244 1251 1252
f 1244 1252 1253
f 1244 1253 1254
f 1244 1254 1245
f 1245 1254 1255
f 1247 1256 1257
f 1247 1257 1248
f 1249 1257 1250
f 1250 1257 1258
f 1250 1258 1251
f 1251 1258 1252
f 1252 1258 1255
f 1252 1255 1253
f 1253 1255 1254
f 1256 1258 1257

o geometry_10
v -0.00375795 0.00912697 -0.00208579 0.26274510 0.77254902 0.45490196
v 0.00217510 0.00983104 -0.00254475 0.26274510 0.77254902 0.45490196
v 0.00217510 0.00968140 -0.00219984 0.26274510 0.77254902 0.45490196
v -0.00375795 0.00912697 -0.00187878 0.26274510 0.77254902 0.45490196
v -0.00375795 0.01027996 -0.00364644 0.26274510 0.77254902 0.45490196
v 0.00217510 0.01087961 -0.00376916 0.26274510 0.77254902 0.45490196
v 0.00217510 0.00985365 -0.00187010 0.26274510 0.77254902 0.45490196
v -0.00375795 0.00927123 -0.00168354 0.26274510 0.77254902 0.45490196
v 0.00062563 0.01100341 -0.00376916 0.26274510 0.77254902 0.45490196
v 0.00217220 0.01087961 -0.00376916 0.26274510 0.77254902 0.45490196
v -0.00375795 0.01810224 -0.00364644 0.26274510 0.77254902 0.45490196
v -0.00009858 0.01111537 -0.00376916 0.26274510 0.77254902 0.45490196
v 0.00217510 0.01898502 -0.00376916 0.26274510 0.77254902 0.45490196
v -0.00375795 0.00930891 -0.00164202 0.26274510 0.77254902 0.45490196
v 0.00217510 0.01092159 -0.00092770 0.26274510 0.77254902 0.45490196
v 0.00217452 0.01092159 -0.00092336 0.26274510 0.77254902 0.45490196
v -0.00375795 0.01039085 -0.00060324 0.26274510 0.77254902 0.45490196
v -0.00375795 0.01810224 -0.00060324 0.26274510 0.77254902 0.45490196
v -0.00302736 0.01852533 -0.00364644 0.26274510 0.77254902 0.45490196
v -0.00009858 0.02012509 -0.00376916 0.26274510 0.77254902 0.45490196
v 0.00217220 0.01898717 -0.00376916 0.26274510 0.77254902 0.45490196
v 0.00217510 0.01898502 -0.00092336 0.26274510 0.77254902 0.45490196
v 0.00217510 0.01102279 -0.00092336 0.26274510 0.77254902 0.45490196
v -0.00009858 0.01113691 -0.00060324 0.26274510 0.77254902 0.45490196
v -0.00099121 0.01970093 -0.00060324 0.26274510 0.77254902 0.45490196
v -0.00078097 0.01982258 -0.00364644 0.26274510 0.77254902 0.45490196
v -0.00044820 0.02001313 -0.00364644 0.26274510 0.77254902 0.45490196
v -0.00022809 0.02012509 -0.00364644 0.26274510 0.77254902 0.45490196
v 0.00017205 0.02012509 -0.00376916 0.26274510 0.77254902 0.45490196
v 0.00097699 0.01967724 -0.00092336 0.26274510 0.77254902 0.45490196
v 0.00217220 0.01898717 -0.00092336 0.26274510 0.77254902 0.45490196
v 0.00039216 0.02001421 -0.00376916 0.26274510 0.77254902 0.45490196
v -0.00009858 0.02012509 -0.00060324 0.26274510 0.77254902 0.45490196
v -0.00044646 0.02001528 -0.00060324 0.26274510 0.77254902 0.45490196
v -0.00022809 0.02012509 -0.00060324 0.26274510 0.77254902 0.45490196
v 0.00017205 0.02012509 -0.00092336 0.26274510 0.77254902 0.45490196
v 0.00034977 0.02003574 -0.00092336 0.26274510 0.77254902 0.45490196
v 0.00039216 0.02001421 -0.00092336 0.26274510 0.77254902 0.45490196
f 1259 1260 1261
f 1259 1261 1262
f 1259 1262 1266
f 1259 1266 1272
f 1259 1272 1275
f 1259 1275 1276
f 1259 1276 1269
f 1259 1269 1263
f 1259 1263 1260
f 1260 1263 1264
f 1260 1264 1271
f 1260 1271 1280
f 1260 1280 1281
f 1260 1281 1273
f 1260 1273 1265
f 1260 1265 1261
f 1261 1265 1262
f 1262 1265 1266
f 1263 1267 1268
f 1263 1268 1264
f 1263 1269 1278
f 1263 1278 1270
f 1263 1270 1267
f 1264 1268 1267
f 1264 1267 1270
f 1264 1270 1278
f 1264 1278 1287
f 1264 1287 1290
f 1264 1290 1279
f 1264 1279 1271
f 1265 1272 1266
f 1265 1273 1274
f 1265 1274 1275
f 1265 1275 1272
f 1269 1276 1277
f 1269 1277 1278
f 1271 1279 1289
f 1271 1289 1280
f 1273 1281 1274
f 1274 1281 1282
f 1274 1282 1275
f 1275 1282 1291
f 1275 1291 1293
f 1275 1293 1292
f 1275 1292 1283
f 1275 1283 1276
f 1276 1283 1277
f 1277 1283 1284
f 1277 1284 1278
f 1278 1284 1285
f 1278 1285 1286
f 1278 1286 1293
f 1278 1293 1291
f 1278 1291 1294
f 1278 1294 1287
f 1279 1288 1289
f 1279 1290 1288
f 1280 1289 1291
f 1280 1291 1282
f 1280 1282 1281
f 1283 1292 1284
f 1284 1292 1285
f 1285 1292 1286
f 1286 1292 1293
f 1287 1294 1295
f 1287 1295 1290
f 1288 1290 1296
f 1288 1296 1291
f 1288 1291 1289
f 1290 1295 1296
f 1291 1296 1295
f 1291 1295 1294

o geometry_11
v -0.01302695 0.00326367 -0.00787204 0.56470588 0.01568627 0.61568627
v -0.01302695 0.00340355 -0.00787204 0.56470588 0.01568627 0.61568627
v -0.01182773 0.00326367 -0.00787204 0.56470588 0.01568627 0.61568627
v -0.01582669 0.00326367 -0.00787160 0.56470588 0.01568627 0.61568627
v -0.01582669 0.00420355 -0.00787160 0.56470588 0.01568627 0.61568627
v -0.01542726 0.00540330 -0.00787160 0.56470588 0.01568627 0.61568627
v -0.01502690 0.00573978 -0.00787160 0.56470588 0.01568627 0.61568627
v -0.01102794 0.00500330 -0.00787204 0.56470588 0.01568627 0.61568627
v -0.01142830 0.00380355 -0.00786445 0.56470588 0.01568627 0.61568627
v -0.01142830 0.00340355 -0.00782735 0.56470588 0.01568627 0.61568627
v -0.01142830 0.00326367 -0.00780680 0.56470588 0.01568627 0.61568627
v -0.01622705 0.00326367 -0.00783674 0.56470588 0.01568627 0.61568627
v -0.01582669 0.00460330 -0.00786713 0.56470588 0.01568627 0.61568627
v -0.01542726 0.00573978 -0.00785774 0.56470588 0.01568627 0.61568627
v -0.01102794 0.00573978 -0.00787160 0.56470588 0.01568627 0.61568627
v -0.01062758 0.00573978 -0.00786132 0.56470588 0.01568627 0.61568627
v -0.01102794 0.00460330 -0.00785417 0.56470588 0.01568627 0.61568627
v -0.01062758 0.00540330 -0.00783361 0.56470588 0.01568627 0.61568627
v -0.01023185 0.00573978 -0.00772413 0.56470588 0.01568627 0.61568627
v -0.01113359 0.00340355 -0.00769106 0.56470588 0.01568627 0.61568627
v -0.01115676 0.00326367 -0.00767050 0.56470588 0.01568627 0.61568627
v -0.01651805 0.00326367 -0.00770089 0.56470588 0.01568627 0.61568627
v -0.01622705 0.00340355 -0.00783004 0.56470588 0.01568627 0.61568627
v -0.01622705 0.00420355 -0.00778803 0.56470588 0.01568627 0.61568627
v -0.01582669 0.00500330 -0.00783808 0.56470588 0.01568627 0.61568627
v -0.01582669 0.00540330 -0.00777507 0.56470588 0.01568627 0.61568627
v -0.01583410 0.00573978 -0.00770133 0.56470588 0.01568627 0.61568627
v -0.01013917 0.00573978 -0.00761643 0.56470588 0.01568627 0.61568627
v -0.01038940 0.00510900 -0.00764682 0.56470588 0.01568627 0.61568627
v -0.01032916 0.00540330 -0.00769731 0.56470588 0.01568627 0.61568627
v -0.01081942 0.00398149 -0.00761062 0.56470588 0.01568627 0.61568627
v -0.01087224 0.00371482 -0.00753644 0.56470588 0.01568627 0.61568627
v -0.01095843 0.00326367 -0.00740103 0.56470588 0.01568627 0.61568627
v -0.01647356 0.00420355 -0.00765218 0.56470588 0.01568627 0.61568627
v -0.01651063 0.00340355 -0.00769418 0.56470588 0.01568627 0.61568627
v -0.01724555 0.00326367 -0.00682098 0.56470588 0.01568627 0.61568627
v -0.01736789 0.00460330 -0.00656984 0.56470588 0.01568627 0.61568627
v -0.01720014 0.00460330 -0.00676959 0.56470588 0.01568627 0.61568627
v -0.01645318 0.00448064 -0.00762894 0.56470588 0.01568627 0.61568627
v -0.01625392 0.00460961 -0.00772234 0.56470588 0.01568627 0.61568627
v -0.01615291 0.00500330 -0.00770178 0.56470588 0.01568627 0.61568627
v -0.01586468 0.00573978 -0.00768078 0.56470588 0.01568627 0.61568627
v -0.01000294 0.00573978 -0.00744527 0.56470588 0.01568627 0.61568627
v -0.01006874 0.00567481 -0.00750605 0.56470588 0.01568627 0.61568627
v -0.01044408 0.00484233 -0.00757129 0.56470588 0.01568627 0.61568627
v -0.00810216 0.00573978 -0.00459999 0.56470588 0.01568627 0.61568627
v -0.00919110 0.00351531 -0.00445342 0.56470588 0.01568627 0.61568627
v -0.00944040 0.00326367 -0.00459731 0.56470588 0.01568627 0.61568627
v -0.01683407 0.00444137 -0.00720798 0.56470588 0.01568627 0.61568627
v -0.01735120 0.00326367 -0.00668066 0.56470588 0.01568627 0.61568627
v -0.01737715 0.00420355 -0.00658503 0.56470588 0.01568627 0.61568627
v -0.01740310 0.00340355 -0.00659978 0.56470588 0.01568627 0.61568627
v -0.01753748 0.00460330 -0.00619982 0.56470588 0.01568627 0.61568627
v -0.01751339 0.00500330 -0.00619982 0.56470588 0.01568627 0.61568627
v -0.01734379 0.00500330 -0.00652828 0.56470588 0.01568627 0.61568627
v -0.01640498 0.00474706 -0.00757844 0.56470588 0.01568627 0.61568627
v -0.01607042 0.00540330 -0.00763922 0.56470588 0.01568627 0.61568627
v -0.01715566 0.00500330 -0.00672803 0.56470588 0.01568627 0.61568627
v -0.01728911 0.00540330 -0.00645856 0.56470588 0.01568627 0.61568627
v -0.01724463 0.00565154 -0.00641522 0.56470588 0.01568627 0.61568627
v -0.01602779 0.00560572 -0.00760079 0.56470588 0.01568627 0.61568627
v -0.01619924 0.00573978 -0.00737824 0.56470588 0.01568627 0.61568627
v -0.00810031 0.00573978 -0.00456960 0.56470588 0.01568627 0.61568627
v -0.00919110 0.00351531 -0.00435242 0.56470588 0.01568627 0.61568627
v -0.00944040 0.00326367 -0.00451062 0.56470588 0.01568627 0.61568627
v -0.01740866 0.00326367 -0.00659978 0.56470588 0.01568627 0.61568627
v -0.01754675 0.00420355 -0.00619982 0.56470588 0.01568627 0.61568627
v -0.01755972 0.00573978 -0.00579986 0.56470588 0.01568627 0.61568627
v -0.01754304 0.00573978 -0.00586332 0.56470588 0.01568627 0.61568627
v -0.01745871 0.00540330 -0.00619982 0.56470588 0.01568627 0.61568627
v -0.01737901 0.00573978 -0.00622038 0.56470588 0.01568627 0.61568627
v -0.01735584 0.00573978 -0.00625523 0.56470588 0.01568627 0.61568627
v -0.01732062 0.00573978 -0.00629501 0.56470588 0.01568627 0.61568627
v -0.01707040 0.00573978 -0.00654436 0.56470588 0.01568627 0.61568627
v -0.00824674 0.00573978 -0.00421746 0.56470588 0.01568627 0.61568627
v -0.00833756 0.00540330 -0.00432516 0.56470588 0.01568627 0.61568627
v -0.00841355 0.00518366 -0.00438549 0.56470588 0.01568627 0.61568627
v -0.00951825 0.00326367 -0.00414105 0.56470588 0.01568627 0.61568627
v -0.00945337 0.00326367 -0.00420897 0.56470588 0.01568627 0.61568627
v -0.01751061 0.00326367 -0.00633969 0.56470588 0.01568627 0.61568627
v -0.01755416 0.00380355 -0.00619982 0.56470588 0.01568627 0.61568627
v -0.01756714 0.00540330 -0.00579986 0.56470588 0.01568627 0.61568627
v -0.01756714 0.00573978 -0.00546381 0.56470588 0.01568627 0.61568627
v -0.00829122 0.00573978 -0.00418395 0.56470588 0.01568627 0.61568627
v -0.01055714 0.00326367 -0.00330672 0.56470588 0.01568627 0.61568627
v -0.00965541 0.00326367 -0.00401994 0.56470588 0.01568627 0.61568627
v -0.01756158 0.00326367 -0.00619982 0.56470588 0.01568627 0.61568627
v -0.01755972 0.00340355 -0.00619982 0.56470588 0.01568627 0.61568627
v -0.01756807 0.00500330 -0.00579986 0.56470588 0.01568627 0.61568627
v -0.01756807 0.00573978 -0.00540035 0.56470588 0.01568627 0.61568627
v -0.00839872 0.00573978 -0.00410306 0.56470588 0.01568627 0.61568627
v -0.01756807 0.00326367 -0.00330672 0.56470588 0.01568627 0.61568627
v -0.00848399 0.00573978 -0.00403961 0.56470588 0.01568627 0.61568627
v -0.00950991 0.00573978 -0.00330672 0.56470588 0.01568627 0.61568627
v -0.01756621 0.00326367 -0.00593974 0.56470588 0.01568627 0.61568627
v -0.01756807 0.00326367 -0.00579986 0.56470588 0.01568627 0.61568627
v -0.01756807 0.00573978 -0.00330672 0.56470588 0.01568627 0.61568627
f 1297 1298 1304
f 1297 1304 1299
f 1297 1299 1307
f 1297 1307 1317
f 1297 1317 1329
f 1297 1329 1344
f 1297 1344 1361
f 1297 1361 1375
f 1297 1375 1374
f 1297 1374 1382
f 1297 1382 1381
f 1297 1381 1388
f 1297 1388 1392
f 1297 1392 1391
f 1297 1391 1383
f 1297 1383 1376
f 1297 1376 1362
f 1297 1362 1346
f 1297 1346 1332
f 1297 1332 1318
f 1297 1318 1308
f 1297 1308 1300
f 1297 1300 1301
f 1297 1301 1298
f 1298 1301 1302
f 1298 1302 1303
f 1298 1303 1304
f 1299 1304 1305
f 1299 1305 1306
f 1299 1306 1307
f 1300 1308 1301
f 1301 1309 1302
f 1301 1308 1309
f 1302 1310 1303
f 1302 1309 1310
f 1303 1310 1323
f 1303 1323 1338
f 1303 1338 1358
f 1303 1358 1370
f 1303 1370 1369
f 1303 1369 1368
f 1303 1368 1367
f 1303 1367 1365
f 1303 1365 1364
f 1303 1364 1379
f 1303 1379 1386
f 1303 1386 1393
f 1303 1393 1390
f 1303 1390 1389
f 1303 1389 1387
f 1303 1387 1380
f 1303 1380 1371
f 1303 1371 1359
f 1303 1359 1342
f 1303 1342 1339
f 1303 1339 1324
f 1303 1324 1315
f 1303 1315 1312
f 1303 1312 1311
f 1303 1311 1304
f 1304 1311 1312
f 1304 1312 1305
f 1305 1312 1313
f 1305 1313 1306
f 1306 1313 1314
f 1306 1314 1307
f 1307 1314 1315
f 1307 1315 1316
f 1307 1316 1317
f 1308 1318 1319
f 1308 1319 1309
f 1309 1320 1321
f 1309 1321 1310
f 1309 1319 1320
f 1310 1321 1322
f 1310 1322 1323
f 1312 1314 1313
f 1312 1315 1314
f 1315 1324 1325
f 1315 1325 1326
f 1315 1326 1317
f 1315 1317 1316
f 1317 1327 1328
f 1317 1328 1329
f 1317 1326 1325
f 1317 1325 1327
f 1318 1330 1331
f 1318 1331 1320
f 1318 1320 1319
f 1318 1332 1333
f 1318 1333 1334
f 1318 1334 1330
f 1320 1331 1330
f 1320 1330 1335
f 1320 1335 1336
f 1320 1336 1321
f 1321 1336 1322
f 1322 1336 1337
f 1322 1337 1323
f 1323 1337 1338
f 1324 1339 1340
f 1324 1340 1325
f 1325 1341 1329
f 1325 1329 1328
f 1325 1328 1327
f 1325 1340 1341
f 1329 1341 1340
f 1329 1340 1342
f 1329 1342 1343
f 1329 1343 1344
f 1330 1334 1345
f 1330 1345 1335
f 1332 1346 1347
f 1332 1347 1333
f 1333 1347 1348
f 1333 1348 1349
f 1333 1349 1350
f 1333 1350 1351
f 1333 1351 1334
f 1334 1351 1335
f 1334 1335 1345
f 1335 1352 1353
f 1335 1353 1337
f 1335 1337 1336
f 1335 1351 1354
f 1335 1354 1355
f 1335 1355 1356
f 1335 1356 1352
f 1337 1353 1338
f 1338 1353 1357
f 1338 1357 1358
f 1339 1342 1340
f 1342 1359 1343
f 1343 1359 1360
f 1343 1360 1361
f 1343 1361 1344
f 1346 1362 1348
f 1346 1348 1347
f 1348 1362 1349
f 1349 1362 1363
f 1349 1363 1364
f 1349 1364 1350
f 1350 1364 1365
f 1350 1365 1366
f 1350 1366 1351
f 1351 1366 1367
f 1351 1367 1368
f 1351 1368 1355
f 1351 1355 1354
f 1352 1357 1353
f 1352 1356 1357
f 1355 1368 1356
f 1356 1368 1369
f 1356 1369 1370
f 1356 1370 1357
f 1357 1370 1358
f 1359 1371 1372
f 1359 1372 1373
f 1359 1373 1360
f 1360 1373 1372
f 1360 1372 1371
f 1360 1371 1374
f 1360 1374 1375
f 1360 1375 1361
f 1362 1376 1363
f 1363 1377 1378
f 1363 1378 1364
f 1363 1376 1377
f 1364 1378 1379
f 1365 1367 1366
f 1371 1380 1381
f 1371 1381 1382
f 1371 1382 1374
f 1376 1383 1384
f 1376 1384 1377
f 1377 1384 1378
f 1378 1384 1383
f 1378 1383 1385
f 1378 1385 1386
f 1378 1386 1379
f 1380 1387 1381
f 1381 1387 1389
f 1381 1389 1390
f 1381 1390 1393
f 1381 1393 1388
f 1383 1391 1385
f 1385 1392 1388
f 1385 1388 1393
f 1385 1393 1386
f 1385 1391 1392

o geometry_12
v -0.00702232 0.01621872 0.00551475 0.61176471 0.61568627 0.94117647
v -0.00702232 0.01621872 0.00227026 0.61176471 0.61568627 0.94117647
v -0.00702852 0.01621564 0.00551475 0.61176471 0.61568627 0.94117647
v -0.00702232 0.00902571 0.00551475 0.61176471 0.61568627 0.94117647
v -0.00702232 0.00902879 0.00227026 0.61176471 0.61568627 0.94117647
v -0.00702852 0.01621564 0.00227026 0.61176471 0.61568627 0.94117647
v -0.00908502 0.01502877 0.00227026 0.61176471 0.61568627 0.94117647
v -0.00990576 0.01455485 0.00551475 0.61176471 0.61568627 0.94117647
v -0.00794114 0.00588467 0.00407720 0.61176471 0.61568627 0.94117647
v -0.00702232 0.00705717 0.00406196 0.61176471 0.61568627 0.94117647
v -0.00974987 0.00574003 0.00551475 0.61176471 0.61568627 0.94117647
v -0.00702232 0.00740287 0.00349437 0.61176471 0.61568627 0.94117647
v -0.00703162 0.00900930 0.00227026 0.61176471 0.61568627 0.94117647
v -0.01641490 0.01079729 0.00227026 0.61176471 0.61568627 0.94117647
v -0.01641490 0.01079729 0.00460001 0.61176471 0.61568627 0.94117647
v -0.01191683 0.01339363 0.00551475 0.61176471 0.61568627 0.94117647
v -0.00794114 0.00588467 0.00389108 0.61176471 0.61568627 0.94117647
v -0.00720815 0.00677712 0.00401940 0.61176471 0.61568627 0.94117647
v -0.00757465 0.00633192 0.00404957 0.61176471 0.61568627 0.94117647
v -0.00824363 0.00574003 0.00423157 0.61176471 0.61568627 0.94117647
v -0.00822092 0.00574003 0.00421219 0.61176471 0.61568627 0.94117647
v -0.00818375 0.00574003 0.00375673 0.61176471 0.61568627 0.94117647
v -0.00702232 0.00705409 0.00385201 0.61176471 0.61568627 0.94117647
v -0.01756497 0.00574003 0.00551475 0.61176471 0.61568627 0.94117647
v -0.00702232 0.00707974 0.00380278 0.61176471 0.61568627 0.94117647
v -0.00716376 0.00714642 0.00356774 0.61176471 0.61568627 0.94117647
v -0.00902824 0.00619549 0.00227026 0.61176471 0.61568627 0.94117647
v -0.00867723 0.00665916 0.00227026 0.61176471 0.61568627 0.94117647
v -0.00784410 0.00782653 0.00227026 0.61176471 0.61568627 0.94117647
v -0.01712621 0.01038594 0.00227026 0.61176471 0.61568627 0.94117647
v -0.01696103 0.01048134 0.00419981 0.61176471 0.61568627 0.94117647
v -0.01716131 0.01036542 0.00419981 0.61176471 0.61568627 0.94117647
v -0.01695999 0.01048134 0.00460001 0.61176471 0.61568627 0.94117647
v -0.01566849 0.01122711 0.00499989 0.61176471 0.61568627 0.94117647
v -0.01417567 0.01208879 0.00539978 0.61176471 0.61568627 0.94117647
v -0.01342720 0.01252066 0.00551475 0.61176471 0.61568627 0.94117647
v -0.00702232 0.00705409 0.00384598 0.61176471 0.61568627 0.94117647
v -0.00757465 0.00633192 0.00391617 0.61176471 0.61568627 0.94117647
v -0.00720815 0.00677712 0.00395810 0.61176471 0.61568627 0.94117647
v -0.00818375 0.00574003 0.00375164 0.61176471 0.61568627 0.94117647
v -0.00940609 0.00574003 0.00227026 0.61176471 0.61568627 0.94117647
v -0.01756497 0.00580363 0.00551475 0.61176471 0.61568627 0.94117647
v -0.01756807 0.00574003 0.00539978 0.61176471 0.61568627 0.94117647
v -0.01716131 0.01036542 0.00227026 0.61176471 0.61568627 0.94117647
v -0.01715924 0.01035619 0.00460001 0.61176471 0.61568627 0.94117647
v -0.01720157 0.01033054 0.00227026 0.61176471 0.61568627 0.94117647
v -0.01739153 0.01016539 0.00419981 0.61176471 0.61568627 0.94117647
v -0.01565404 0.01121890 0.00523715 0.61176471 0.61568627 0.94117647
v -0.01491795 0.01165795 0.00539978 0.61176471 0.61568627 0.94117647
v -0.01462682 0.01182721 0.00539978 0.61176471 0.61568627 0.94117647
v -0.01377098 0.01232165 0.00551475 0.61176471 0.61568627 0.94117647
v -0.01756807 0.00574003 0.00227026 0.61176471 0.61568627 0.94117647
v -0.01755568 0.00620369 0.00551475 0.61176471 0.61568627 0.94117647
v -0.01756187 0.00700383 0.00539978 0.61176471 0.61568627 0.94117647
v -0.01756807 0.00660376 0.00539978 0.61176471 0.61568627 0.94117647
v -0.01737501 0.01015616 0.00460001 0.61176471 0.61568627 0.94117647
v -0.01731410 0.01009974 0.00487983 0.61176471 0.61568627 0.94117647
v -0.01691457 0.01045569 0.00488142 0.61176471 0.61568627 0.94117647
v -0.01739153 0.01016539 0.00227026 0.61176471 0.61568627 0.94117647
v -0.01753296 0.00986688 0.00227026 0.61176471 0.61568627 0.94117647
v -0.01756187 0.00980430 0.00419981 0.61176471 0.61568627 0.94117647
v -0.01754226 0.00980430 0.00460001 0.61176471 0.61568627 0.94117647
v -0.01501087 0.01157383 0.00551475 0.61176471 0.61568627 0.94117647
v -0.01490246 0.01164974 0.00551475 0.61176471 0.61568627 0.94117647
v -0.01756807 0.00940423 0.00227026 0.61176471 0.61568627 0.94117647
v -0.01753916 0.00660376 0.00551475 0.61176471 0.61568627 0.94117647
v -0.01753503 0.00740390 0.00539978 0.61176471 0.61568627 0.94117647
v -0.01754122 0.00860410 0.00499989 0.61176471 0.61568627 0.94117647
v -0.01756394 0.00820403 0.00499989 0.61176471 0.61568627 0.94117647
v -0.01756497 0.00940423 0.00460001 0.61176471 0.61568627 0.94117647
v -0.01756807 0.00900417 0.00460001 0.61176471 0.61568627 0.94117647
v -0.01737501 0.00980430 0.00495606 0.61176471 0.61568627 0.94117647
v -0.01716647 0.00980430 0.00515616 0.61176471 0.61568627 0.94117647
v -0.01688463 0.01007307 0.00524097 0.61176471 0.61568627 0.94117647
v -0.01650575 0.01049262 0.00525589 0.61176471 0.61568627 0.94117647
v -0.01612170 0.01087012 0.00527050 0.61176471 0.61568627 0.94117647
v -0.01756187 0.00980430 0.00227026 0.61176471 0.61568627 0.94117647
v -0.01756703 0.00947399 0.00227026 0.61176471 0.61568627 0.94117647
v -0.01756807 0.00940423 0.00419981 0.61176471 0.61568627 0.94117647
v -0.01749167 0.00900417 0.00499989 0.61176471 0.61568627 0.94117647
v -0.01535981 0.01128352 0.00551475 0.61176471 0.61568627 0.94117647
v -0.01751128 0.00700485 0.00551475 0.61176471 0.61568627 0.94117647
v -0.01747722 0.00740390 0.00551475 0.61176471 0.61568627 0.94117647
v -0.01748135 0.00780396 0.00539978 0.61176471 0.61568627 0.94117647
v -0.01737088 0.00860410 0.00534991 0.61176471 0.61568627 0.94117647
v -0.01732133 0.00900417 0.00528702 0.61176471 0.61568627 0.94117647
v -0.01726971 0.00932217 0.00523715 0.61176471 0.61568627 0.94117647
v -0.01722119 0.00958888 0.00519491 0.61176471 0.61568627 0.94117647
v -0.01688773 0.00949553 0.00551475 0.61176471 0.61568627 0.94117647
v -0.01696619 0.00980430 0.00531434 0.61176471 0.61568627 0.94117647
v -0.01670913 0.00980430 0.00551444 0.61176471 0.61568627 0.94117647
v -0.01649852 0.01007409 0.00551475 0.61176471 0.61568627 0.94117647
v -0.01660176 0.01017359 0.00538167 0.61176471 0.61568627 0.94117647
v -0.01598336 0.01068240 0.00551475 0.61176471 0.61568627 0.94117647
v -0.01553944 0.01113376 0.00551475 0.61176471 0.61568627 0.94117647
v -0.01741011 0.00780396 0.00551475 0.61176471 0.61568627 0.94117647
v -0.01733062 0.00817018 0.00551475 0.61176471 0.61568627 0.94117647
v -0.01720570 0.00860410 0.00551475 0.61176471 0.61568627 0.94117647
v -0.01712930 0.00882875 0.00551475 0.61176471 0.61568627 0.94117647
v -0.01709833 0.00900417 0.00548712 0.61176471 0.61568627 0.94117647
v -0.01703639 0.00942885 0.00540772 0.61176471 0.61568627 0.94117647
v -0.01694244 0.00934781 0.00551475 0.61176471 0.61568627 0.94117647
v -0.01670913 0.00980328 0.00551475 0.61176471 0.61568627 0.94117647
v -0.01706633 0.00900417 0.00551475 0.61176471 0.61568627 0.94117647
f 1394 1395 1399
f 1394 1399 1396
f 1394 1396 1401
f 1394 1401 1409
f 1394 1409 1429
f 1394 1429 1444
f 1394 1444 1457
f 1394 1457 1456
f 1394 1456 1474
f 1394 1474 1488
f 1394 1488 1487
f 1394 1487 1485
f 1394 1485 1496
f 1394 1496 1482
f 1394 1482 1495
f 1394 1495 1497
f 1394 1497 1492
f 1394 1492 1491
f 1394 1491 1490
f 1394 1490 1489
f 1394 1489 1476
f 1394 1476 1475
f 1394 1475 1459
f 1394 1459 1446
f 1394 1446 1435
f 1394 1435 1417
f 1394 1417 1404
f 1394 1404 1397
f 1394 1397 1403
f 1394 1403 1416
f 1394 1416 1430
f 1394 1430 1418
f 1394 1418 1405
f 1394 1405 1398
f 1394 1398 1395
f 1395 1398 1406
f 1395 1406 1422
f 1395 1422 1421
f 1395 1421 1420
f 1395 1420 1434
f 1395 1434 1445
f 1395 1445 1458
f 1395 1458 1471
f 1395 1471 1470
f 1395 1470 1453
f 1395 1453 1452
f 1395 1452 1439
f 1395 1439 1437
f 1395 1437 1423
f 1395 1423 1407
f 1395 1407 1400
f 1395 1400 1399
f 1396 1399 1400
f 1396 1400 1401
f 1397 1402 1403
f 1397 1404 1402
f 1398 1405 1406
f 1400 1407 1408
f 1400 1408 1401
f 1401 1408 1409
f 1402 1410 1432
f 1402 1432 1411
f 1402 1411 1412
f 1402 1412 1403
f 1402 1404 1413
f 1402 1413 1414
f 1402 1414 1415
f 1402 1415 1433
f 1402 1433 1410
f 1403 1412 1411
f 1403 1411 1416
f 1404 1417 1436
f 1404 1436 1445
f 1404 1445 1434
f 1404 1434 1433
f 1404 1433 1415
f 1404 1415 1414
f 1404 1414 1413
f 1405 1418 1419
f 1405 1419 1420
f 1405 1420 1421
f 1405 1421 1422
f 1405 1422 1406
f 1407 1423 1408
f 1408 1423 1424
f 1408 1424 1425
f 1408 1425 1426
f 1408 1426 1427
f 1408 1427 1428
f 1408 1428 1409
f 1409 1428 1429
f 1410 1418 1430
f 1410 1430 1431
f 1410 1431 1432
f 1410 1433 1434
f 1410 1434 1418
f 1411 1432 1430
f 1411 1430 1416
f 1417 1435 1448
f 1417 1448 1436
f 1418 1434 1420
f 1418 1420 1419
f 1423 1437 1425
f 1423 1425 1424
f 1425 1438 1426
f 1425 1437 1439
f 1425 1439 1440
f 1425 1440 1438
f 1426 1438 1441
f 1426 1441 1442
f 1426 1442 1427
f 1427 1442 1443
f 1427 1443 1428
f 1428 1443 1444
f 1428 1444 1429
f 1430 1432 1431
f 1435 1446 1447
f 1435 1447 1448
f 1436 1448 1464
f 1436 1464 1472
f 1436 1472 1458
f 1436 1458 1445
f 1438 1440 1449
f 1438 1449 1450
f 1438 1450 1451
f 1438 1451 1441
f 1439 1452 1440
f 1440 1452 1453
f 1440 1453 1454
f 1440 1454 1455
f 1440 1455 1449
f 1441 1456 1457
f 1441 1457 1442
f 1441 1451 1456
f 1442 1457 1444
f 1442 1444 1443
f 1446 1459 1447
f 1447 1459 1460
f 1447 1460 1461
f 1447 1461 1462
f 1447 1462 1448
f 1448 1462 1463
f 1448 1463 1464
f 1449 1455 1450
f 1450 1455 1465
f 1450 1465 1466
f 1450 1466 1467
f 1450 1467 1468
f 1450 1468 1469
f 1450 1469 1451
f 1451 1469 1456
f 1453 1470 1454
f 1454 1470 1471
f 1454 1471 1472
f 1454 1472 1463
f 1454 1463 1455
f 1455 1463 1462
f 1455 1462 1461
f 1455 1461 1473
f 1455 1473 1465
f 1456 1469 1474
f 1458 1472 1471
f 1459 1475 1460
f 1460 1475 1476
f 1460 1476 1477
f 1460 1477 1473
f 1460 1473 1461
f 1463 1472 1464
f 1465 1473 1478
f 1465 1478 1479
f 1465 1479 1480
f 1465 1480 1481
f 1465 1481 1466
f 1466 1481 1482
f 1466 1482 1483
f 1466 1483 1467
f 1467 1483 1484
f 1467 1484 1485
f 1467 1485 1486
f 1467 1486 1487
f 1467 1487 1468
f 1468 1487 1469
f 1469 1487 1488
f 1469 1488 1474
f 1473 1477 1478
f 1476 1489 1477
f 1477 1489 1478
f 1478 1490 1479
f 1478 1489 1490
f 1479 1490 1491
f 1479 1491 1480
f 1480 1491 1492
f 1480 1492 1493
f 1480 1493 1494
f 1480 1494 1481
f 1481 1494 1482
f 1482 1494 1495
f 1482 1496 1484
f 1482 1484 1483
f 1484 1496 1485
f 1485 1487 1486
f 1492 1497 1493
f 1493 1497 1495
f 1493 1495 1494

o geometry_13
v -0.00239115 -0.01888567 -0.00497825 0.67843137 0.35686275 0.43529412
v -0.00239115 -0.01888567 -0.00219818 0.67843137 0.35686275 0.43529412
v -0.00239115 -0.01085744 -0.00497825 0.67843137 0.35686275 0.43529412
v -0.00172329 -0.01927104 -0.00497825 0.67843137 0.35686275 0.43529412
v -0.00099364 -0.01969241 -0.00459975 0.67843137 0.35686275 0.43529412
v -0.00239115 -0.01080451 -0.00219818 0.67843137 0.35686275 0.43529412
v -0.00099364 -0.01969241 -0.00220019 0.67843137 0.35686275 0.43529412
v -0.00044598 -0.02000790 -0.00219818 0.67843137 0.35686275 0.43529412
v -0.00009773 -0.02011695 -0.00205359 0.67843137 0.35686275 0.43529412
v -0.00222601 -0.01087650 -0.00497825 0.67843137 0.35686275 0.43529412
v -0.00239115 -0.00984002 -0.00398132 0.67843137 0.35686275 0.43529412
v 0.00334718 -0.00946524 -0.00370847 0.67843137 0.35686275 0.43529412
v 0.00334718 -0.01062770 -0.00479988 0.67843137 0.35686275 0.43529412
v -0.00141435 -0.01943302 -0.00497825 0.67843137 0.35686275 0.43529412
v -0.00043868 -0.02000155 -0.00480876 0.67843137 0.35686275 0.43529412
v -0.00044598 -0.02000578 -0.00459975 0.67843137 0.35686275 0.43529412
v -0.00064595 -0.01989144 -0.00459975 0.67843137 0.35686275 0.43529412
v -0.00044767 -0.02000684 -0.00419949 0.67843137 0.35686275 0.43529412
v 0.00334718 -0.01059488 -0.00205359 0.67843137 0.35686275 0.43529412
v 0.00334718 -0.00940701 -0.00309319 0.67843137 0.35686275 0.43529412
v -0.00239115 -0.00956793 -0.00356274 0.67843137 0.35686275 0.43529412
v -0.00009773 -0.01117188 -0.00205359 0.67843137 0.35686275 0.43529412
v -0.00009717 -0.01116871 -0.00205359 0.67843137 0.35686275 0.43529412
v -0.00022748 -0.02011695 -0.00419949 0.67843137 0.35686275 0.43529412
v -0.00022748 -0.02011695 -0.00219818 0.67843137 0.35686275 0.43529412
v 0.00017301 -0.02011695 -0.00205359 0.67843137 0.35686275 0.43529412
v -0.00019603 -0.01113271 -0.00497825 0.67843137 0.35686275 0.43529412
v -0.00239115 -0.00972250 -0.00384991 0.67843137 0.35686275 0.43529412
v -0.00239115 -0.00956793 -0.00365006 0.67843137 0.35686275 0.43529412
v 0.00334718 -0.00930325 -0.00339381 0.67843137 0.35686275 0.43529412
v 0.00334718 -0.01830020 -0.00479988 0.67843137 0.35686275 0.43529412
v -0.00009773 -0.01116976 -0.00497825 0.67843137 0.35686275 0.43529412
v -0.00059989 -0.01979828 -0.00497825 0.67843137 0.35686275 0.43529412
v -0.00056394 -0.01980992 -0.00497825 0.67843137 0.35686275 0.43529412
v -0.00022748 -0.02003543 -0.00484483 0.67843137 0.35686275 0.43529412
v -0.00022748 -0.02009683 -0.00459975 0.67843137 0.35686275 0.43529412
v 0.00334718 -0.01830020 -0.00205359 0.67843137 0.35686275 0.43529412
v 0.00334718 -0.00931066 -0.00336289 0.67843137 0.35686275 0.43529412
v -0.00009773 -0.02011695 -0.00419978 0.67843137 0.35686275 0.43529412
v 0.00017301 -0.02011695 -0.00419978 0.67843137 0.35686275 0.43529412
v 0.00039320 -0.02000684 -0.00205359 0.67843137 0.35686275 0.43529412
v 0.00330449 -0.01832561 -0.00205359 0.67843137 0.35686275 0.43529412
v 0.00326236 -0.01834996 -0.00479988 0.67843137 0.35686275 0.43529412
v -0.00009773 -0.01990627 -0.00497825 0.67843137 0.35686275 0.43529412
v -0.00022748 -0.01990627 -0.00497825 0.67843137 0.35686275 0.43529412
v -0.00009773 -0.02003543 -0.00484483 0.67843137 0.35686275 0.43529412
v -0.00009773 -0.02009683 -0.00459975 0.67843137 0.35686275 0.43529412
v 0.00017301 -0.02009578 -0.00459975 0.67843137 0.35686275 0.43529412
v 0.00038477 -0.02000155 -0.00479988 0.67843137 0.35686275 0.43529412
v 0.00039151 -0.02000578 -0.00459975 0.67843137 0.35686275 0.43529412
v 0.00039320 -0.02000684 -0.00419978 0.67843137 0.35686275 0.43529412
v 0.00188507 -0.01914505 -0.00479988 0.67843137 0.35686275 0.43529412
v 0.00168511 -0.01926045 -0.00479988 0.67843137 0.35686275 0.43529412
v 0.00017301 -0.02004602 -0.00479988 0.67843137 0.35686275 0.43529412
v 0.00059092 -0.01989144 -0.00459975 0.67843137 0.35686275 0.43529412
v 0.00093861 -0.01969135 -0.00459975 0.67843137 0.35686275 0.43529412
f 1498 1499 1503
f 1498 1503 1518
f 1498 1518 1526
f 1498 1526 1525
f 1498 1525 1508
f 1498 1508 1500
f 1498 1500 1507
f 1498 1507 1524
f 1498 1524 1529
f 1498 1529 1541
f 1498 1541 1542
f 1498 1542 1531
f 1498 1531 1530
f 1498 1530 1511
f 1498 1511 1501
f 1498 1501 1502
f 1498 1502 1504
f 1498 1504 1499
f 1499 1504 1505
f 1499 1505 1506
f 1499 1506 1519
f 1499 1519 1503
f 1500 1508 1509
f 1500 1509 1510
f 1500 1510 1507
f 1501 1511 1512
f 1501 1512 1513
f 1501 1513 1514
f 1501 1514 1502
f 1502 1514 1515
f 1502 1515 1505
f 1502 1505 1504
f 1503 1516 1517
f 1503 1517 1518
f 1503 1519 1520
f 1503 1520 1516
f 1505 1515 1521
f 1505 1521 1522
f 1505 1522 1506
f 1506 1522 1521
f 1506 1521 1536
f 1506 1536 1537
f 1506 1537 1523
f 1506 1523 1538
f 1506 1538 1539
f 1506 1539 1534
f 1506 1534 1516
f 1506 1516 1520
f 1506 1520 1519
f 1507 1510 1524
f 1508 1525 1509
f 1509 1525 1526
f 1509 1526 1527
f 1509 1527 1535
f 1509 1535 1517
f 1509 1517 1516
f 1509 1516 1534
f 1509 1534 1528
f 1509 1528 1510
f 1510 1528 1541
f 1510 1541 1529
f 1510 1529 1524
f 1511 1530 1512
f 1512 1530 1531
f 1512 1531 1532
f 1512 1532 1533
f 1512 1533 1521
f 1512 1521 1513
f 1513 1521 1515
f 1513 1515 1514
f 1517 1535 1518
f 1518 1535 1527
f 1518 1527 1526
f 1521 1533 1536
f 1523 1537 1548
f 1523 1548 1538
f 1528 1534 1539
f 1528 1539 1540
f 1528 1540 1541
f 1531 1542 1532
f 1532 1543 1544
f 1532 1544 1533
f 1532 1542 1541
f 1532 1541 1543
f 1533 1544 1537
f 1533 1537 1536
f 1537 1544 1545
f 1537 1545 1546
f 1537 1546 1547
f 1537 1547 1548
f 1538 1548 1540
f 1538 1540 1539
f 1540 1548 1549
f 1540 1549 1541
f 1541 1550 1546
f 1541 1546 1551
f 1541 1551 1543
f 1541 1549 1550
f 1543 1551 1544
f 1544 1551 1545
f 1545 1551 1546
f 1546 1550 1547
f 1547 1550 1552
f 1547 1552 1548
f 1548 1552 1553
f 1548 1553 1550
f 1548 1550 1549
f 1550 1553 1552

o geometry_14
v -0.00422740 -0.01139703 0.00787207 0.69411765 0.05882353 0.66666667
v -0.00426875 -0.01139703 0.00787207 0.69411765 0.05882353 0.66666667
v -0.00262769 -0.01179690 0.00787207 0.69411765 0.05882353 0.66666667
v -0.00239115 -0.01179690 0.00786993 0.69411765 0.05882353 0.66666667
v -0.00382747 -0.01139703 0.00786208 0.69411765 0.05882353 0.66666667
v -0.00426875 -0.01096998 0.00776084 0.69411765 0.05882353 0.66666667
v -0.00426875 -0.01179690 0.00787207 0.69411765 0.05882353 0.66666667
v -0.00239115 -0.01219677 0.00787207 0.69411765 0.05882353 0.66666667
v -0.00239115 -0.01144556 0.00773374 0.69411765 0.05882353 0.66666667
v -0.00426875 -0.01084575 0.00769738 0.69411765 0.05882353 0.66666667
v -0.00426875 -0.01579561 0.00787135 0.69411765 0.05882353 0.66666667
v -0.00422740 -0.01219677 0.00787207 0.69411765 0.05882353 0.66666667
v -0.00239115 -0.01579561 0.00787135 0.69411765 0.05882353 0.66666667
v -0.00239115 -0.01124562 0.00749489 0.69411765 0.05882353 0.66666667
v -0.00426875 -0.01073705 0.00754908 0.69411765 0.05882353 0.66666667
v -0.00426875 -0.01619840 0.00778651 0.69411765 0.05882353 0.66666667
v -0.00422740 -0.01619645 0.00779363 0.69411765 0.05882353 0.66666667
v -0.00382747 -0.01619645 0.00782002 0.69411765 0.05882353 0.66666667
v -0.00342754 -0.01619645 0.00783927 0.69411765 0.05882353 0.66666667
v -0.00302762 -0.01619645 0.00785424 0.69411765 0.05882353 0.66666667
v -0.00262769 -0.01619645 0.00786494 0.69411765 0.05882353 0.66666667
v -0.00239115 -0.01619645 0.00786850 0.69411765 0.05882353 0.66666667
v -0.00239115 -0.00967137 0.00503218 0.69411765 0.05882353 0.66666667
v -0.00353984 -0.00916086 0.00484893 0.69411765 0.05882353 0.66666667
v -0.00382747 -0.00910553 0.00491025 0.69411765 0.05882353 0.66666667
v -0.00426875 -0.00901721 0.00498797 0.69411765 0.05882353 0.66666667
v -0.00426875 -0.01644880 0.00765317 0.69411765 0.05882353 0.66666667
v -0.00422740 -0.01645365 0.00765816 0.69411765 0.05882353 0.66666667
v -0.00382747 -0.01648277 0.00768383 0.69411765 0.05882353 0.66666667
v -0.00342754 -0.01650897 0.00770308 0.69411765 0.05882353 0.66666667
v -0.00302762 -0.01653518 0.00771877 0.69411765 0.05882353 0.66666667
v -0.00262769 -0.01656139 0.00772947 0.69411765 0.05882353 0.66666667
v -0.00239115 -0.01634592 0.00781289 0.69411765 0.05882353 0.66666667
v -0.00239115 -0.00956752 0.00485250 0.69411765 0.05882353 0.66666667
v -0.00239115 -0.00956364 0.00204612 0.69411765 0.05882353 0.66666667
v -0.00353984 -0.00916086 0.00474840 0.69411765 0.05882353 0.66666667
v -0.00426875 -0.00897063 0.00183079 0.69411765 0.05882353 0.66666667
v -0.00426875 -0.00898421 0.00462220 0.69411765 0.05882353 0.66666667
v -0.00426875 -0.01668174 0.00741147 0.69411765 0.05882353 0.66666667
v -0.00239115 -0.01881600 0.00562183 0.69411765 0.05882353 0.66666667
v -0.00239115 -0.01841128 0.00601398 0.69411765 0.05882353 0.66666667
v -0.00239115 -0.01677782 0.00757973 0.69411765 0.05882353 0.66666667
v -0.00239115 -0.01659827 0.00771806 0.69411765 0.05882353 0.66666667
v -0.00239115 -0.00956364 0.00195486 0.69411765 0.05882353 0.66666667
v -0.00354315 -0.00916280 0.00194701 0.69411765 0.05882353 0.66666667
v -0.00426875 -0.00899489 0.00179800 0.69411765 0.05882353 0.66666667
v -0.00426875 -0.01762318 0.00642681 0.69411765 0.05882353 0.66666667
v -0.00245217 -0.01880824 0.00561470 0.69411765 0.05882353 0.66666667
v -0.00239115 -0.01885871 0.00539937 0.69411765 0.05882353 0.66666667
v -0.00426875 -0.00917444 0.00158837 0.69411765 0.05882353 0.66666667
v -0.00239115 -0.01080013 0.00058803 0.69411765 0.05882353 0.66666667
v -0.00426875 -0.01772412 0.00619936 0.69411765 0.05882353 0.66666667
v -0.00372620 -0.01804926 0.00606247 0.69411765 0.05882353 0.66666667
v -0.00377767 -0.01807934 0.00579937 0.69411765 0.05882353 0.66666667
v -0.00323144 -0.01839769 0.00560828 0.69411765 0.05882353 0.66666667
v -0.00247569 -0.01882279 0.00539937 0.69411765 0.05882353 0.66666667
v -0.00239115 -0.01888588 0.00499938 0.69411765 0.05882353 0.66666667
v -0.00259883 -0.01076325 0.00058803 0.69411765 0.05882353 0.66666667
v -0.00420535 -0.01049052 0.00058803 0.69411765 0.05882353 0.66666667
v -0.00426875 -0.01048179 0.00058803 0.69411765 0.05882353 0.66666667
v -0.00239115 -0.01888491 0.00058803 0.69411765 0.05882353 0.66666667
v -0.00426875 -0.01780176 0.00579937 0.69411765 0.05882353 0.66666667
v -0.00397763 -0.01796870 0.00579937 0.69411765 0.05882353 0.66666667
v -0.00302762 -0.01851804 0.00539937 0.69411765 0.05882353 0.66666667
v -0.00267566 -0.01871506 0.00539937 0.69411765 0.05882353 0.66666667
v -0.00269716 -0.01870924 0.00058803 0.69411765 0.05882353 0.66666667
v -0.00239115 -0.01888588 0.00459938 0.69411765 0.05882353 0.66666667
v -0.00323328 -0.01839963 0.00539937 0.69411765 0.05882353 0.66666667
v -0.00426875 -0.01780176 0.00058803 0.69411765 0.05882353 0.66666667
v -0.00248691 -0.01883056 0.00058803 0.69411765 0.05882353 0.66666667
f 1554 1555 1560
f 1554 1560 1565
f 1554 1565 1561
f 1554 1561 1556
f 1554 1556 1557
f 1554 1557 1558
f 1554 1558 1559
f 1554 1559 1555
f 1555 1559 1563
f 1555 1563 1568
f 1555 1568 1579
f 1555 1579 1591
f 1555 1591 1590
f 1555 1590 1599
f 1555 1599 1603
f 1555 1603 1613
f 1555 1613 1622
f 1555 1622 1615
f 1555 1615 1605
f 1555 1605 1600
f 1555 1600 1592
f 1555 1592 1580
f 1555 1580 1569
f 1555 1569 1564
f 1555 1564 1560
f 1556 1561 1557
f 1557 1562 1559
f 1557 1559 1558
f 1557 1561 1566
f 1557 1566 1575
f 1557 1575 1586
f 1557 1586 1596
f 1557 1596 1595
f 1557 1595 1594
f 1557 1594 1593
f 1557 1593 1602
f 1557 1602 1610
f 1557 1610 1620
f 1557 1620 1614
f 1557 1614 1604
f 1557 1604 1597
f 1557 1597 1588
f 1557 1588 1587
f 1557 1587 1576
f 1557 1576 1567
f 1557 1567 1562
f 1559 1562 1563
f 1560 1564 1565
f 1561 1565 1564
f 1561 1564 1566
f 1562 1567 1563
f 1563 1567 1568
f 1564 1569 1570
f 1564 1570 1571
f 1564 1571 1572
f 1564 1572 1573
f 1564 1573 1574
f 1564 1574 1575
f 1564 1575 1566
f 1567 1576 1577
f 1567 1577 1578
f 1567 1578 1579
f 1567 1579 1568
f 1569 1580 1581
f 1569 1581 1570
f 1570 1581 1582
f 1570 1582 1583
f 1570 1583 1584
f 1570 1584 1571
f 1571 1584 1585
f 1571 1585 1572
f 1572 1585 1573
f 1573 1585 1574
f 1574 1585 1575
f 1575 1585 1586
f 1576 1587 1577
f 1577 1587 1588
f 1577 1588 1597
f 1577 1597 1589
f 1577 1589 1590
f 1577 1590 1591
f 1577 1591 1579
f 1577 1579 1578
f 1580 1592 1581
f 1581 1592 1593
f 1581 1593 1594
f 1581 1594 1582
f 1582 1595 1583
f 1582 1594 1595
f 1583 1595 1584
f 1584 1595 1585
f 1585 1596 1586
f 1585 1595 1596
f 1589 1598 1590
f 1589 1597 1598
f 1590 1598 1597
f 1590 1597 1599
f 1592 1600 1593
f 1593 1601 1602
f 1593 1600 1601
f 1597 1603 1599
f 1597 1604 1603
f 1600 1605 1606
f 1600 1606 1601
f 1601 1606 1607
f 1601 1607 1608
f 1601 1608 1609
f 1601 1609 1602
f 1602 1609 1610
f 1603 1604 1611
f 1603 1611 1612
f 1603 1612 1613
f 1604 1614 1623
f 1604 1623 1619
f 1604 1619 1622
f 1604 1622 1613
f 1604 1613 1612
f 1604 1612 1611
f 1605 1615 1616
f 1605 1616 1607
f 1605 1607 1606
f 1607 1616 1608
f 1608 1616 1617
f 1608 1617 1618
f 1608 1618 1609
f 1609 1618 1610
f 1610 1619 1620
f 1610 1618 1617
f 1610 1617 1621
f 1610 1621 1615
f 1610 1615 1619
f 1614 1620 1623
f 1615 1622 1619
f 1615 1621 1617
f 1615 1617 1616
f 1619 1623 1620

o geometry_15
v 0.00617251 0.01500293 0.00787208 0.67058824 0.20784314 0.12549020
v 0.00657235 0.01500293 0.00786198 0.67058824 0.20784314 0.12549020
v 0.00565886 0.01540273 0.00785544 0.67058824 0.20784314 0.12549020
v 0.00565886 0.01500293 0.00787208 0.67058824 0.20784314 0.12549020
v 0.00697236 0.01460314 0.00787208 0.67058824 0.20784314 0.12549020
v 0.00737237 0.01460314 0.00786911 0.67058824 0.20784314 0.12549020
v 0.00697236 0.01500293 0.00781562 0.67058824 0.20784314 0.12549020
v 0.00577250 0.01540273 0.00784950 0.67058824 0.20784314 0.12549020
v 0.00737860 0.01460314 0.00786851 0.67058824 0.20784314 0.12549020
v 0.00565886 0.01575687 0.00771876 0.67058824 0.20784314 0.12549020
v 0.00565886 0.01448949 0.00787208 0.67058824 0.20784314 0.12549020
v 0.00737860 0.01420943 0.00787148 0.67058824 0.20784314 0.12549020
v 0.00737860 0.00980355 0.00787148 0.67058824 0.20784314 0.12549020
v 0.00737860 0.01501917 0.00772351 0.67058824 0.20784314 0.12549020
v 0.00657235 0.01536113 0.00772589 0.67058824 0.20784314 0.12549020
v 0.00577250 0.01572744 0.00771341 0.67058824 0.20784314 0.12549020
v 0.00565886 0.01595067 0.00753156 0.67058824 0.20784314 0.12549020
v 0.00565886 0.01100395 0.00787148 0.67058824 0.20784314 0.12549020
v 0.00657235 0.01020436 0.00787148 0.67058824 0.20784314 0.12549020
v 0.00737237 0.00980355 0.00787148 0.67058824 0.20784314 0.12549020
v 0.00737860 0.00940375 0.00786614 0.67058824 0.20784314 0.12549020
v 0.00737860 0.01503946 0.00770449 0.67058824 0.20784314 0.12549020
v 0.00722624 0.01522516 0.00762902 0.67058824 0.20784314 0.12549020
v 0.00697236 0.01527792 0.00767953 0.67058824 0.20784314 0.12549020
v 0.00610450 0.01565844 0.00766171 0.67058824 0.20784314 0.12549020
v 0.00565886 0.01672490 0.00667047 0.67058824 0.20784314 0.12549020
v 0.00565886 0.01060416 0.00786257 0.67058824 0.20784314 0.12549020
v 0.00577250 0.01060416 0.00786911 0.67058824 0.20784314 0.12549020
v 0.00697236 0.00980355 0.00787089 0.67058824 0.20784314 0.12549020
v 0.00737237 0.00940375 0.00786614 0.67058824 0.20784314 0.12549020
v 0.00737860 0.00900396 0.00780611 0.67058824 0.20784314 0.12549020
v 0.00737860 0.01529517 0.00742281 0.67058824 0.20784314 0.12549020
v 0.00737860 0.01568482 0.00689153 0.67058824 0.20784314 0.12549020
v 0.00569708 0.01686899 0.00648149 0.67058824 0.20784314 0.12549020
v 0.00565886 0.01688015 0.00649159 0.67058824 0.20784314 0.12549020
v 0.00565886 0.01019320 0.00773242 0.67058824 0.20784314 0.12549020
v 0.00737237 0.00900396 0.00780552 0.67058824 0.20784314 0.12549020
v 0.00697236 0.00940375 0.00782394 0.67058824 0.20784314 0.12549020
v 0.00737860 0.00888929 0.00776511 0.67058824 0.20784314 0.12549020
v 0.00737860 0.01587660 0.00659737 0.67058824 0.20784314 0.12549020
v 0.00736597 0.01588370 0.00659737 0.67058824 0.20784314 0.12549020
v 0.00708011 0.01595778 0.00672930 0.67058824 0.20784314 0.12549020
v 0.00646427 0.01645600 0.00647792 0.67058824 0.20784314 0.12549020
v 0.00565886 0.01696539 0.00619980 0.67058824 0.20784314 0.12549020
v 0.00565886 0.01008158 0.00765160 0.67058824 0.20784314 0.12549020
v 0.00713011 0.00876449 0.00762724 0.67058824 0.20784314 0.12549020
v 0.00737860 0.00862851 0.00766943 0.67058824 0.20784314 0.12549020
v 0.00737860 0.01598112 0.00619980 0.67058824 0.20784314 0.12549020
v 0.00722842 0.01603591 0.00646307 0.67058824 0.20784314 0.12549020
v 0.00565886 0.01697351 0.00579986 0.67058824 0.20784314 0.12549020
v 0.00596156 0.01679694 0.00619980 0.67058824 0.20784314 0.12549020
v 0.00565886 0.00989589 0.00751076 0.67058824 0.20784314 0.12549020
v 0.00727405 0.00849863 0.00750779 0.67058824 0.20784314 0.12549020
v 0.00737860 0.00860518 0.00765160 0.67058824 0.20784314 0.12549020
v 0.00737860 0.01598112 0.00180102 0.67058824 0.20784314 0.12549020
v 0.00617201 0.01667822 0.00180102 0.67058824 0.20784314 0.12549020
v 0.00565886 0.01697452 0.00392138 0.67058824 0.20784314 0.12549020
v 0.00576375 0.01691364 0.00579986 0.67058824 0.20784314 0.12549020
v 0.00651023 0.01648238 0.00619980 0.67058824 0.20784314 0.12549020
v 0.00617251 0.01667619 0.00619980 0.67058824 0.20784314 0.12549020
v 0.00565886 0.00978934 0.00741627 0.67058824 0.20784314 0.12549020
v 0.00565886 0.00870462 0.00645415 0.67058824 0.20784314 0.12549020
v 0.00737860 0.00828858 0.00739785 0.67058824 0.20784314 0.12549020
v 0.00737860 0.00819219 0.00180102 0.67058824 0.20784314 0.12549020
v 0.00565886 0.01697452 0.00180102 0.67058824 0.20784314 0.12549020
v 0.00565886 0.00852806 0.00619980 0.67058824 0.20784314 0.12549020
v 0.00737860 0.00702831 0.00618614 0.67058824 0.20784314 0.12549020
v 0.00737860 0.00703643 0.00619564 0.67058824 0.20784314 0.12549020
v 0.00737860 0.00664881 0.00300442 0.67058824 0.20784314 0.12549020
v 0.00737237 0.00819625 0.00180102 0.67058824 0.20784314 0.12549020
v 0.00565886 0.00952450 0.00180102 0.67058824 0.20784314 0.12549020
v 0.00565886 0.00814247 0.00341684 0.67058824 0.20784314 0.12549020
v 0.00584826 0.00791010 0.00331165 0.67058824 0.20784314 0.12549020
v 0.00629238 0.00793749 0.00609581 0.67058824 0.20784314 0.12549020
v 0.00714155 0.00716936 0.00603816 0.67058824 0.20784314 0.12549020
v 0.00713499 0.00675738 0.00323797 0.67058824 0.20784314 0.12549020
v 0.00737860 0.00660822 0.00332413 0.67058824 0.20784314 0.12549020
v 0.00737860 0.00663866 0.00301393 0.67058824 0.20784314 0.12549020
v 0.00584826 0.00791010 0.00311257 0.67058824 0.20784314 0.12549020
v 0.00578816 0.00940781 0.00180102 0.67058824 0.20784314 0.12549020
v 0.00616796 0.00909731 0.00180102 0.67058824 0.20784314 0.12549020
v 0.00713398 0.00837382 0.00180102 0.67058824 0.20784314 0.12549020
v 0.00565886 0.00820233 0.00300263 0.67058824 0.20784314 0.12549020
v 0.00565886 0.00813739 0.00335801 0.67058824 0.20784314 0.12549020
v 0.00713499 0.00675738 0.00315358 0.67058824 0.20784314 0.12549020
v 0.00737860 0.00660822 0.00332057 0.67058824 0.20784314 0.12549020
f 1624 1625 1626
f 1624 1626 1627
f 1624 1627 1634
f 1624 1634 1628
f 1624 1628 1629
f 1624 1629 1625
f 1625 1630 1631
f 1625 1631 1626
f 1625 1629 1632
f 1625 1632 1630
f 1626 1631 1633
f 1626 1633 1640
f 1626 1640 1649
f 1626 1649 1658
f 1626 1658 1667
f 1626 1667 1673
f 1626 1673 1680
f 1626 1680 1688
f 1626 1688 1694
f 1626 1694 1706
f 1626 1706 1707
f 1626 1707 1695
f 1626 1695 1689
f 1626 1689 1685
f 1626 1685 1684
f 1626 1684 1675
f 1626 1675 1668
f 1626 1668 1659
f 1626 1659 1650
f 1626 1650 1641
f 1626 1641 1634
f 1626 1634 1627
f 1628 1635 1629
f 1628 1634 1636
f 1628 1636 1635
f 1629 1635 1632
f 1630 1637 1638
f 1630 1638 1639
f 1630 1639 1631
f 1630 1632 1637
f 1631 1639 1633
f 1632 1635 1636
f 1632 1636 1644
f 1632 1644 1654
f 1632 1654 1662
f 1632 1662 1670
f 1632 1670 1677
f 1632 1677 1686
f 1632 1686 1691
f 1632 1691 1690
f 1632 1690 1700
f 1632 1700 1709
f 1632 1709 1701
f 1632 1701 1692
f 1632 1692 1687
f 1632 1687 1678
f 1632 1678 1671
f 1632 1671 1663
f 1632 1663 1656
f 1632 1656 1655
f 1632 1655 1645
f 1632 1645 1637
f 1633 1639 1640
f 1634 1641 1642
f 1634 1642 1643
f 1634 1643 1636
f 1636 1643 1653
f 1636 1653 1644
f 1637 1645 1646
f 1637 1646 1647
f 1637 1647 1638
f 1638 1647 1639
f 1639 1647 1648
f 1639 1648 1640
f 1640 1648 1649
f 1641 1650 1651
f 1641 1651 1642
f 1642 1651 1652
f 1642 1652 1643
f 1643 1652 1653
f 1644 1653 1654
f 1645 1655 1646
f 1646 1648 1647
f 1646 1655 1656
f 1646 1656 1657
f 1646 1657 1658
f 1646 1658 1649
f 1646 1649 1648
f 1650 1659 1660
f 1650 1660 1661
f 1650 1661 1653
f 1650 1653 1651
f 1651 1653 1652
f 1653 1661 1660
f 1653 1660 1654
f 1654 1660 1662
f 1656 1663 1664
f 1656 1664 1665
f 1656 1665 1657
f 1657 1665 1666
f 1657 1666 1667
f 1657 1667 1658
f 1659 1668 1669
f 1659 1669 1670
f 1659 1670 1660
f 1660 1670 1662
f 1663 1671 1672
f 1663 1672 1664
f 1664 1672 1666
f 1664 1666 1665
f 1666 1672 1667
f 1667 1672 1674
f 1667 1674 1673
f 1668 1675 1669
f 1669 1676 1677
f 1669 1677 1670
f 1669 1675 1676
f 1671 1678 1679
f 1671 1679 1680
f 1671 1680 1681
f 1671 1681 1682
f 1671 1682 1672
f 1672 1682 1683
f 1672 1683 1674
f 1673 1681 1680
f 1673 1674 1681
f 1674 1683 1681
f 1675 1684 1676
f 1676 1685 1686
f 1676 1686 1677
f 1676 1684 1685
f 1678 1687 1693
f 1678 1693 1705
f 1678 1705 1704
f 1678 1704 1703
f 1678 1703 1694
f 1678 1694 1688
f 1678 1688 1679
f 1679 1688 1680
f 1681 1683 1682
f 1685 1689 1690
f 1685 1690 1691
f 1685 1691 1686
f 1687 1692 1693
f 1689 1695 1696
f 1689 1696 1697
f 1689 1697 1698
f 1689 1698 1690
f 1690 1698 1699
f 1690 1699 1700
f 1692 1701 1702
f 1692 1702 1703
f 1692 1703 1704
f 1692 1704 1705
f 1692 1705 1693
f 1694 1703 1702
f 1694 1702 1706
f 1695 1707 1696
f 1696 1707 1702
f 1696 1702 1708
f 1696 1708 1699
f 1696 1699 1698
f 1696 1698 1697
f 1699 1708 1709
f 1699 1709 1700
f 1701 1709 1708
f 1701 1708 1702
f 1702 1707 1706

o geometry_16
v -0.00375795 0.00912342 -0.00490314 0.31372549 0.36078431 0.56862745
v 0.00217510 0.00976418 -0.00536680 0.31372549 0.36078431 0.56862745
v 0.00217510 0.00967049 -0.00503095 0.31372549 0.36078431 0.56862745
v -0.00375795 0.00912342 -0.00468600 0.31372549 0.36078431 0.56862745
v -0.00375795 0.01108016 -0.00771487 0.31372549 0.36078431 0.56862745
v 0.00217510 0.01126647 -0.00748614 0.31372549 0.36078431 0.56862745
v 0.00217510 0.00986864 -0.00468269 0.31372549 0.36078431 0.56862745
v -0.00375795 0.00929250 -0.00448498 0.31372549 0.36078431 0.56862745
v -0.00375795 0.01140539 -0.00785094 0.31372549 0.36078431 0.56862745
v 0.00217220 0.01146677 -0.00773100 0.31372549 0.36078431 0.56862745
v 0.00217510 0.01146462 -0.00772934 0.31372549 0.36078431 0.56862745
v -0.00375795 0.00933557 -0.00444321 0.31372549 0.36078431 0.56862745
v 0.00217510 0.01087878 -0.00376985 0.31372549 0.36078431 0.56862745
v 0.00217510 0.01180276 -0.00786583 0.31372549 0.36078431 0.56862745
v -0.00375795 0.01180492 -0.00787204 0.31372549 0.36078431 0.56862745
v -0.00302736 0.01180492 -0.00787204 0.31372549 0.36078431 0.56862745
v 0.00217510 0.01180492 -0.00786666 0.31372549 0.36078431 0.56862745
v -0.00375795 0.01028110 -0.00364660 0.31372549 0.36078431 0.56862745
v -0.00009858 0.01124277 -0.00364660 0.31372549 0.36078431 0.56862745
v 0.00217510 0.01898465 -0.00376985 0.31372549 0.36078431 0.56862745
v -0.00375795 0.01580239 -0.00787162 0.31372549 0.36078431 0.56862745
v -0.00342692 0.01220445 -0.00787204 0.31372549 0.36078431 0.56862745
v 0.00217510 0.01220445 -0.00787204 0.31372549 0.36078431 0.56862745
v -0.00375795 0.01810266 -0.00364660 0.31372549 0.36078431 0.56862745
v -0.00009858 0.02012509 -0.00364660 0.31372549 0.36078431 0.56862745
v 0.00217510 0.01898465 -0.00500489 0.31372549 0.36078431 0.56862745
v 0.00217220 0.01898680 -0.00376985 0.31372549 0.36078431 0.56862745
v -0.00375795 0.01620193 -0.00782323 0.31372549 0.36078431 0.56862745
v -0.00342692 0.01620193 -0.00783936 0.31372549 0.36078431 0.56862745
v -0.00302736 0.01620193 -0.00785467 0.31372549 0.36078431 0.56862745
v -0.00262721 0.01620193 -0.00786542 0.31372549 0.36078431 0.56862745
v -0.00222707 0.01620193 -0.00787080 0.31372549 0.36078431 0.56862745
v -0.00182751 0.01620193 -0.00787162 0.31372549 0.36078431 0.56862745
v -0.00009858 0.01620300 -0.00787162 0.31372549 0.36078431 0.56862745
v 0.00177205 0.01620300 -0.00787162 0.31372549 0.36078431 0.56862745
v 0.00217510 0.01580239 -0.00787162 0.31372549 0.36078431 0.56862745
v -0.00078097 0.01982140 -0.00364660 0.31372549 0.36078431 0.56862745
v -0.00375795 0.01810266 -0.00540030 0.31372549 0.36078431 0.56862745
v 0.00039216 0.02001417 -0.00376985 0.31372549 0.36078431 0.56862745
v 0.00017205 0.02012509 -0.00376985 0.31372549 0.36078431 0.56862745
v -0.00022809 0.02012509 -0.00364660 0.31372549 0.36078431 0.56862745
v 0.00217510 0.01893511 -0.00540320 0.31372549 0.36078431 0.56862745
v 0.00188472 0.01915265 -0.00500034 0.31372549 0.36078431 0.56862745
v 0.00217220 0.01898680 -0.00500034 0.31372549 0.36078431 0.56862745
v -0.00375795 0.01649377 -0.00768674 0.31372549 0.36078431 0.56862745
v -0.00342692 0.01651530 -0.00770287 0.31372549 0.36078431 0.56862745
v -0.00302736 0.01654223 -0.00771859 0.31372549 0.36078431 0.56862745
v -0.00022809 0.01693745 -0.00771073 0.31372549 0.36078431 0.56862745
v -0.00102780 0.01660253 -0.00780669 0.31372549 0.36078431 0.56862745
v -0.00062823 0.01660253 -0.00782820 0.31372549 0.36078431 0.56862745
v -0.00022809 0.01660253 -0.00784681 0.31372549 0.36078431 0.56862745
v -0.00009858 0.01647331 -0.00785508 0.31372549 0.36078431 0.56862745
v -0.00009858 0.01660253 -0.00784681 0.31372549 0.36078431 0.56862745
v 0.00017205 0.01660253 -0.00784639 0.31372549 0.36078431 0.56862745
v 0.00217510 0.01620300 -0.00787080 0.31372549 0.36078431 0.56862745
v -0.00044820 0.02001309 -0.00364660 0.31372549 0.36078431 0.56862745
v -0.00044820 0.02001309 -0.00420042 0.31372549 0.36078431 0.56862745
v -0.00064798 0.01989786 -0.00420042 0.31372549 0.36078431 0.56862745
v -0.00174039 0.01926680 -0.00500076 0.31372549 0.36078431 0.56862745
v -0.00323295 0.01840527 -0.00540030 0.31372549 0.36078431 0.56862745
v -0.00323062 0.01840420 -0.00560876 0.31372549 0.36078431 0.56862745
v -0.00375795 0.01809620 -0.00579820 0.31372549 0.36078431 0.56862745
v 0.00039216 0.02001417 -0.00420042 0.31372549 0.36078431 0.56862745
v 0.00017205 0.02012509 -0.00420042 0.31372549 0.36078431 0.56862745
v -0.00022809 0.02012509 -0.00420042 0.31372549 0.36078431 0.56862745
v 0.00217510 0.01884250 -0.00564309 0.31372549 0.36078431 0.56862745
v 0.00217220 0.01884465 -0.00564268 0.31372549 0.36078431 0.56862745
v 0.00164719 0.01924526 -0.00526257 0.31372549 0.36078431 0.56862745
v 0.00038345 0.02000879 -0.00480967 0.31372549 0.36078431 0.56862745
v 0.00168494 0.01926680 -0.00500034 0.31372549 0.36078431 0.56862745
v 0.00039100 0.02001309 -0.00460038 0.31372549 0.36078431 0.56862745
v 0.00093866 0.01969864 -0.00460038 0.31372549 0.36078431 0.56862745
v -0.00375795 0.01669407 -0.00748490 0.31372549 0.36078431 0.56862745
v -0.00080420 0.01959741 -0.00519433 0.31372549 0.36078431 0.56862745
v -0.00053822 0.01962218 -0.00521831 0.31372549 0.36078431 0.56862745
v -0.00022809 0.01964910 -0.00524354 0.31372549 0.36078431 0.56862745
v -0.00005851 0.01840743 -0.00640414 0.31372549 0.36078431 0.56862745
v -0.00022809 0.01713668 -0.00753950 0.31372549 0.36078431 0.56862745
v -0.00009858 0.01682976 -0.00775457 0.31372549 0.36078431 0.56862745
v -0.00009858 0.01713776 -0.00753950 0.31372549 0.36078431 0.56862745
v -0.00009858 0.01707314 -0.00759492 0.31372549 0.36078431 0.56862745
v -0.00009858 0.01693745 -0.00771073 0.31372549 0.36078431 0.56862745
v 0.00017205 0.01693637 -0.00771073 0.31372549 0.36078431 0.56862745
v 0.00057220 0.01660253 -0.00782820 0.31372549 0.36078431 0.56862745
v 0.00097234 0.01660253 -0.00780627 0.31372549 0.36078431 0.56862745
v 0.00137191 0.01660253 -0.00778146 0.31372549 0.36078431 0.56862745
v 0.00177205 0.01660253 -0.00775499 0.31372549 0.36078431 0.56862745
v 0.00217510 0.01660684 -0.00771942 0.31372549 0.36078431 0.56862745
v -0.00044704 0.02001202 -0.00460079 0.31372549 0.36078431 0.56862745
v -0.00064682 0.01989786 -0.00460079 0.31372549 0.36078431 0.56862745
v -0.00302736 0.01852373 -0.00540030 0.31372549 0.36078431 0.56862745
v -0.00043949 0.02000879 -0.00480967 0.31372549 0.36078431 0.56862745
v -0.00372601 0.01805528 -0.00606249 0.31372549 0.36078431 0.56862745
v -0.00375795 0.01807359 -0.00590077 0.31372549 0.36078431 0.56862745
v -0.00245182 0.01881450 -0.00561579 0.31372549 0.36078431 0.56862745
v 0.00017205 0.02010355 -0.00460038 0.31372549 0.36078431 0.56862745
v -0.00009858 0.02010355 -0.00460038 0.31372549 0.36078431 0.56862745
v -0.00022809 0.02010248 -0.00460079 0.31372549 0.36078431 0.56862745
v 0.00217510 0.01679422 -0.00759120 0.31372549 0.36078431 0.56862745
v 0.00177205 0.01888773 -0.00567825 0.31372549 0.36078431 0.56862745
v 0.00074933 0.01959848 -0.00519391 0.31372549 0.36078431 0.56862745
v 0.00017205 0.02004217 -0.00484524 0.31372549 0.36078431 0.56862745
v -0.00375795 0.01767729 -0.00647073 0.31372549 0.36078431 0.56862745
v -0.00342692 0.01811235 -0.00611089 0.31372549 0.36078431 0.56862745
v -0.00222707 0.01884465 -0.00564268 0.31372549 0.36078431 0.56862745
v -0.00022809 0.02004217 -0.00484524 0.31372549 0.36078431 0.56862745
v -0.00022809 0.01984940 -0.00504543 0.31372549 0.36078431 0.56862745
v -0.00009858 0.01965018 -0.00524313 0.31372549 0.36078431 0.56862745
v 0.00000305 0.01840743 -0.00640414 0.31372549 0.36078431 0.56862745
v 0.00017205 0.01713776 -0.00753950 0.31372549 0.36078431 0.56862745
v 0.00057220 0.01690514 -0.00769170 0.31372549 0.36078431 0.56862745
v 0.00217510 0.01662946 -0.00771073 0.31372549 0.36078431 0.56862745
v -0.00375795 0.01801113 -0.00609806 0.31372549 0.36078431 0.56862745
v 0.00177205 0.01682114 -0.00761891 0.31372549 0.36078431 0.56862745
v 0.00007507 0.01882096 -0.00601617 0.31372549 0.36078431 0.56862745
v 0.00017205 0.01965018 -0.00524313 0.31372549 0.36078431 0.56862745
v 0.00048218 0.01962218 -0.00521831 0.31372549 0.36078431 0.56862745
v 0.00017205 0.01984940 -0.00504543 0.31372549 0.36078431 0.56862745
v -0.00009858 0.01998079 -0.00490976 0.31372549 0.36078431 0.56862745
v 0.00137191 0.01684807 -0.00764538 0.31372549 0.36078431 0.56862745
v 0.00097234 0.01687499 -0.00767020 0.31372549 0.36078431 0.56862745
f 1710 1711 1712
f 1710 1712 1713
f 1710 1713 1717
f 1710 1717 1721
f 1710 1721 1727
f 1710 1727 1733
f 1710 1733 1747
f 1710 1747 1771
f 1710 1771 1803
f 1710 1803 1822
f 1710 1822 1812
f 1710 1812 1782
f 1710 1782 1754
f 1710 1754 1737
f 1710 1737 1730
f 1710 1730 1724
f 1710 1724 1718
f 1710 1718 1714
f 1710 1714 1711
f 1711 1714 1715
f 1711 1715 1720
f 1711 1720 1723
f 1711 1723 1726
f 1711 1726 1732
f 1711 1732 1745
f 1711 1745 1764
f 1711 1764 1797
f 1711 1797 1821
f 1711 1821 1808
f 1711 1808 1775
f 1711 1775 1751
f 1711 1751 1735
f 1711 1735 1729
f 1711 1729 1722
f 1711 1722 1716
f 1711 1716 1712
f 1712 1716 1713
f 1713 1716 1717
f 1714 1718 1719
f 1714 1719 1720
f 1714 1720 1715
f 1716 1721 1717
f 1716 1722 1721
f 1718 1723 1719
f 1718 1724 1725
f 1718 1725 1726
f 1718 1726 1723
f 1719 1723 1720
f 1721 1722 1727
f 1722 1728 1727
f 1722 1729 1734
f 1722 1734 1728
f 1724 1730 1731
f 1724 1731 1732
f 1724 1732 1725
f 1725 1732 1726
f 1727 1728 1734
f 1727 1734 1750
f 1727 1750 1765
f 1727 1765 1746
f 1727 1746 1733
f 1729 1735 1753
f 1729 1753 1736
f 1729 1736 1734
f 1730 1737 1738
f 1730 1738 1739
f 1730 1739 1740
f 1730 1740 1741
f 1730 1741 1742
f 1730 1742 1731
f 1731 1742 1743
f 1731 1743 1744
f 1731 1744 1732
f 1732 1744 1745
f 1733 1746 1747
f 1734 1736 1748
f 1734 1748 1749
f 1734 1749 1773
f 1734 1773 1774
f 1734 1774 1750
f 1735 1751 1752
f 1735 1752 1753
f 1736 1753 1772
f 1736 1772 1748
f 1737 1754 1755
f 1737 1755 1756
f 1737 1756 1757
f 1737 1757 1758
f 1737 1758 1759
f 1737 1759 1738
f 1738 1759 1760
f 1738 1760 1739
f 1739 1760 1740
f 1740 1760 1741
f 1741 1760 1742
f 1742 1760 1761
f 1742 1761 1743
f 1743 1761 1744
f 1744 1761 1762
f 1744 1762 1763
f 1744 1763 1764
f 1744 1764 1745
f 1746 1765 1766
f 1746 1766 1767
f 1746 1767 1747
f 1747 1768 1769
f 1747 1769 1770
f 1747 1770 1771
f 1747 1767 1766
f 1747 1766 1768
f 1748 1772 1773
f 1748 1773 1749
f 1750 1774 1766
f 1750 1766 1765
f 1751 1775 1776
f 1751 1776 1777
f 1751 1777 1778
f 1751 1778 1779
f 1751 1779 1752
f 1752 1779 1780
f 1752 1780 1781
f 1752 1781 1772
f 1752 1772 1753
f 1754 1782 1783
f 1754 1783 1784
f 1754 1784 1785
f 1754 1785 1786
f 1754 1786 1787
f 1754 1787 1757
f 1754 1757 1755
f 1755 1757 1756
f 1757 1788 1760
f 1757 1760 1759
f 1757 1759 1758
f 1757 1787 1789
f 1757 1789 1790
f 1757 1790 1791
f 1757 1791 1788
f 1760 1788 1762
f 1760 1762 1761
f 1762 1788 1763
f 1763 1788 1792
f 1763 1792 1793
f 1763 1793 1764
f 1764 1793 1794
f 1764 1794 1795
f 1764 1795 1796
f 1764 1796 1797
f 1766 1774 1798
f 1766 1798 1799
f 1766 1799 1768
f 1768 1770 1800
f 1768 1800 1769
f 1768 1799 1798
f 1768 1798 1770
f 1769 1800 1770
f 1770 1798 1801
f 1770 1801 1771
f 1771 1802 1803
f 1771 1801 1804
f 1771 1804 1802
f 1772 1781 1780
f 1772 1780 1773
f 1773 1805 1806
f 1773 1806 1774
f 1773 1780 1778
f 1773 1778 1805
f 1774 1806 1807
f 1774 1807 1801
f 1774 1801 1798
f 1775 1808 1776
f 1776 1809 1810
f 1776 1810 1811
f 1776 1811 1778
f 1776 1778 1777
f 1776 1808 1809
f 1778 1811 1805
f 1778 1780 1779
f 1782 1812 1813
f 1782 1813 1814
f 1782 1814 1783
f 1783 1814 1804
f 1783 1804 1815
f 1783 1815 1816
f 1783 1816 1784
f 1784 1816 1785
f 1785 1816 1817
f 1785 1817 1786
f 1786 1817 1825
f 1786 1825 1818
f 1786 1818 1819
f 1786 1819 1789
f 1786 1789 1787
f 1788 1791 1792
f 1789 1819 1790
f 1790 1819 1791
f 1791 1819 1792
f 1792 1820 1821
f 1792 1821 1796
f 1792 1796 1795
f 1792 1795 1794
f 1792 1794 1793
f 1792 1819 1820
f 1796 1821 1797
f 1801 1807 1815
f 1801 1815 1804
f 1802 1813 1812
f 1802 1812 1822
f 1802 1822 1803
f 1802 1804 1813
f 1804 1814 1813
f 1805 1811 1815
f 1805 1815 1806
f 1806 1815 1807
f 1808 1821 1823
f 1808 1823 1819
f 1808 1819 1818
f 1808 1818 1824
f 1808 1824 1825
f 1808 1825 1826
f 1808 1826 1810
f 1808 1810 1809
f 1810 1826 1827
f 1810 1827 1811
f 1811 1827 1828
f 1811 1828 1815
f 1815 1828 1816
f 1816 1828 1827
f 1816 1827 1825
f 1816 1825 1817
f 1818 1825 1824
f 1819 1823 1829
f 1819 1829 1830
f 1819 1830 1820
f 1820 1830 1821
f 1821 1830 1829
f 1821 1829 1823
f 1825 1827 1826

o geometry_17
v -0.01756704 -0.00701928 -0.00259858 0.43529412 0.98823529 0.10196078
v -0.01756704 -0.00701928 0.00499920 0.43529412 0.98823529 0.10196078
v -0.01756704 -0.00525332 -0.00259858 0.43529412 0.98823529 0.10196078
v -0.00890169 -0.00701928 -0.00259858 0.43529412 0.98823529 0.10196078
v -0.01756189 -0.00701928 0.00537637 0.43529412 0.98823529 0.10196078
v -0.01756189 -0.00699646 0.00539995 0.43529412 0.98823529 0.10196078
v -0.01756704 -0.00659641 0.00539995 0.43529412 0.98823529 0.10196078
v -0.01756704 -0.00525332 0.00579967 0.43529412 0.98823529 0.10196078
v -0.00980137 -0.00525332 -0.00259858 0.43529412 0.98823529 0.10196078
v -0.00707454 -0.00701928 -0.00125695 0.43529412 0.98823529 0.10196078
v -0.00978696 -0.00525418 -0.00259858 0.43529412 0.98823529 0.10196078
v -0.01755983 -0.00701928 0.00539995 0.43529412 0.98823529 0.10196078
v -0.01752689 -0.00619637 0.00579967 0.43529412 0.98823529 0.10196078
v -0.01755880 -0.00579650 0.00579967 0.43529412 0.98823529 0.10196078
v -0.01756704 -0.00539663 0.00579967 0.43529412 0.98823529 0.10196078
v -0.01754748 -0.00525332 0.00594316 0.43529412 0.98823529 0.10196078
v -0.00837671 -0.00525332 -0.00124465 0.43529412 0.98823529 0.10196078
v -0.00706939 -0.00701928 -0.00125285 0.43529412 0.98823529 0.10196078
v -0.01738175 -0.00701928 0.00580582 0.43529412 0.98823529 0.10196078
v -0.01746925 -0.00659641 0.00579967 0.43529412 0.98823529 0.10196078
v -0.01745895 -0.00539663 0.00619939 0.43529412 0.98823529 0.10196078
v -0.01747851 -0.00525332 0.00619939 0.43529412 0.98823529 0.10196078
v -0.00837671 -0.00525332 -0.00114011 0.43529412 0.98823529 0.10196078
v -0.00721556 -0.00677967 -0.00121083 0.43529412 0.98823529 0.10196078
v -0.00705189 -0.00701928 -0.00104786 0.43529412 0.98823529 0.10196078
v -0.01737351 -0.00701928 0.00582324 0.43529412 0.98823529 0.10196078
v -0.01735704 -0.00619637 0.00612764 0.43529412 0.98823529 0.10196078
v -0.01741778 -0.00525332 0.00631726 0.43529412 0.98823529 0.10196078
v -0.00838185 -0.00525332 0.00166102 0.43529412 0.98823529 0.10196078
v -0.00721556 -0.00677967 -0.00116881 0.43529412 0.98823529 0.10196078
v -0.00705601 -0.00701928 0.00459948 0.43529412 0.98823529 0.10196078
v -0.01734881 -0.00701928 0.00585091 0.43529412 0.98823529 0.10196078
v -0.01725307 -0.00686749 0.00602208 0.43529412 0.98823529 0.10196078
v -0.01729940 -0.00659641 0.00606410 0.43529412 0.98823529 0.10196078
v -0.01730866 -0.00525332 0.00648329 0.43529412 0.98823529 0.10196078
v -0.00838906 -0.00525332 0.00436887 0.43529412 0.98823529 0.10196078
v -0.00763658 -0.00640642 0.00477372 0.43529412 0.98823529 0.10196078
v -0.01035003 -0.00525332 0.00767631 0.43529412 0.98823529 0.10196078
v -0.00730718 -0.00701928 0.00496845 0.43529412 0.98823529 0.10196078
v -0.00839009 -0.00525332 0.00447341 0.43529412 0.98823529 0.10196078
v -0.01707190 -0.00701928 0.00613277 0.43529412 0.98823529 0.10196078
v -0.01724072 -0.00525332 0.00655504 0.43529412 0.98823529 0.10196078
v -0.01607031 -0.00539663 0.00763941 0.43529412 0.98823529 0.10196078
v -0.01629987 -0.00525332 0.00747440 0.43529412 0.98823529 0.10196078
v -0.01728910 -0.00539663 0.00645870 0.43529412 0.98823529 0.10196078
v -0.01018224 -0.00525332 0.00740675 0.43529412 0.98823529 0.10196078
v -0.01061664 -0.00525332 0.00780237 0.43529412 0.98823529 0.10196078
v -0.00928256 -0.00701928 0.00771525 0.43529412 0.98823529 0.10196078
v -0.00924242 -0.00681511 0.00753692 0.43529412 0.98823529 0.10196078
v -0.00912610 -0.00701928 0.00752462 0.43529412 0.98823529 0.10196078
v -0.01533431 -0.00701928 0.00768963 0.43529412 0.98823529 0.10196078
v -0.01565135 -0.00645396 0.00762301 0.43529412 0.98823529 0.10196078
v -0.01570385 -0.00619637 0.00766811 0.43529412 0.98823529 0.10196078
v -0.01609914 -0.00525332 0.00766093 0.43529412 0.98823529 0.10196078
v -0.01102840 -0.00525332 0.00787207 0.43529412 0.98823529 0.10196078
v -0.01062797 -0.00539663 0.00783517 0.43529412 0.98823529 0.10196078
v -0.00940094 -0.00701928 0.00776343 0.43529412 0.98823529 0.10196078
v -0.00939682 -0.00696759 0.00775010 0.43529412 0.98823529 0.10196078
v -0.01502858 -0.00701928 0.00782390 0.43529412 0.98823529 0.10196078
v -0.01533842 -0.00699646 0.00769271 0.43529412 0.98823529 0.10196078
v -0.01583459 -0.00575795 0.00769578 0.43529412 0.98823529 0.10196078
v -0.01582738 -0.00539663 0.00777470 0.43529412 0.98823529 0.10196078
v -0.01582738 -0.00525332 0.00779725 0.43529412 0.98823529 0.10196078
v -0.01102840 -0.00579650 0.00787207 0.43529412 0.98823529 0.10196078
v -0.01022857 -0.00659641 0.00787104 0.43529412 0.98823529 0.10196078
v -0.00982814 -0.00699646 0.00786797 0.43529412 0.98823529 0.10196078
v -0.01502755 -0.00525332 0.00787207 0.43529412 0.98823529 0.10196078
v -0.00982814 -0.00659641 0.00781365 0.43529412 0.98823529 0.10196078
v -0.00982814 -0.00701928 0.00786797 0.43529412 0.98823529 0.10196078
v -0.01502755 -0.00699646 0.00782902 0.43529412 0.98823529 0.10196078
v -0.01462712 -0.00701928 0.00787104 0.43529412 0.98823529 0.10196078
v -0.01542695 -0.00619637 0.00780442 0.43529412 0.98823529 0.10196078
v -0.01542695 -0.00579650 0.00785465 0.43529412 0.98823529 0.10196078
v -0.01542695 -0.00539663 0.00787104 0.43529412 0.98823529 0.10196078
v -0.01542695 -0.00525332 0.00787104 0.43529412 0.98823529 0.10196078
v -0.01142780 -0.00579650 0.00787207 0.43529412 0.98823529 0.10196078
v -0.01022857 -0.00701928 0.00787104 0.43529412 0.98823529 0.10196078
v -0.01502755 -0.00539663 0.00787207 0.43529412 0.98823529 0.10196078
v -0.01502755 -0.00659641 0.00786387 0.43529412 0.98823529 0.10196078
f 1831 1832 1837
f 1831 1837 1845
f 1831 1845 1838
f 1831 1838 1833
f 1831 1833 1839
f 1831 1839 1841
f 1831 1841 1834
f 1831 1834 1840
f 1831 1840 1848
f 1831 1848 1855
f 1831 1855 1861
f 1831 1861 1869
f 1831 1869 1880
f 1831 1880 1878
f 1831 1878 1887
f 1831 1887 1899
f 1831 1899 1907
f 1831 1907 1901
f 1831 1901 1889
f 1831 1889 1881
f 1831 1881 1871
f 1831 1871 1862
f 1831 1862 1856
f 1831 1856 1849
f 1831 1849 1842
f 1831 1842 1835
f 1831 1835 1832
f 1832 1835 1836
f 1832 1836 1837
f 1833 1838 1846
f 1833 1846 1852
f 1833 1852 1858
f 1833 1858 1865
f 1833 1865 1872
f 1833 1872 1874
f 1833 1874 1884
f 1833 1884 1893
f 1833 1893 1905
f 1833 1905 1897
f 1833 1897 1885
f 1833 1885 1877
f 1833 1877 1868
f 1833 1868 1876
f 1833 1876 1870
f 1833 1870 1866
f 1833 1866 1859
f 1833 1859 1853
f 1833 1853 1847
f 1833 1847 1839
f 1834 1841 1840
f 1835 1842 1836
f 1836 1842 1843
f 1836 1843 1844
f 1836 1844 1845
f 1836 1845 1837
f 1838 1845 1846
f 1839 1847 1841
f 1840 1841 1848
f 1841 1847 1848
f 1842 1849 1850
f 1842 1850 1843
f 1843 1850 1851
f 1843 1851 1852
f 1843 1852 1844
f 1844 1852 1846
f 1844 1846 1845
f 1847 1853 1860
f 1847 1860 1854
f 1847 1854 1848
f 1848 1854 1855
f 1849 1856 1850
f 1850 1856 1857
f 1850 1857 1851
f 1851 1857 1858
f 1851 1858 1852
f 1853 1859 1860
f 1854 1860 1855
f 1855 1860 1861
f 1856 1862 1863
f 1856 1863 1864
f 1856 1864 1857
f 1857 1864 1865
f 1857 1865 1858
f 1859 1866 1860
f 1860 1866 1861
f 1861 1867 1868
f 1861 1868 1869
f 1861 1866 1870
f 1861 1870 1867
f 1862 1871 1863
f 1863 1872 1864
f 1863 1871 1873
f 1863 1873 1874
f 1863 1874 1872
f 1864 1872 1875
f 1864 1875 1865
f 1865 1875 1872
f 1867 1870 1876
f 1867 1876 1868
f 1868 1877 1878
f 1868 1878 1879
f 1868 1879 1869
f 1869 1879 1880
f 1871 1881 1882
f 1871 1882 1873
f 1873 1882 1883
f 1873 1883 1884
f 1873 1884 1874
f 1877 1885 1886
f 1877 1886 1887
f 1877 1887 1888
f 1877 1888 1878
f 1878 1888 1887
f 1878 1880 1879
f 1881 1889 1890
f 1881 1890 1884
f 1881 1884 1883
f 1881 1883 1882
f 1884 1890 1891
f 1884 1891 1892
f 1884 1892 1893
f 1885 1894 1907
f 1885 1907 1895
f 1885 1895 1896
f 1885 1896 1886
f 1885 1897 1908
f 1885 1908 1906
f 1885 1906 1894
f 1886 1896 1898
f 1886 1898 1887
f 1887 1898 1896
f 1887 1896 1899
f 1889 1900 1890
f 1889 1901 1900
f 1890 1900 1902
f 1890 1902 1892
f 1890 1892 1891
f 1892 1902 1893
f 1893 1902 1903
f 1893 1903 1904
f 1893 1904 1905
f 1894 1906 1901
f 1894 1901 1907
f 1895 1907 1899
f 1895 1899 1896
f 1897 1905 1904
f 1897 1904 1908
f 1900 1901 1909
f 1900 1909 1903
f 1900 1903 1902
f 1901 1908 1904
f 1901 1904 1909
f 1901 1906 1908
f 1903 1909 1904

o geometry_18
v -0.00239115 -0.01888516 -0.00500021 0.20784314 0.16078431 0.65098039
v -0.00239115 -0.01888516 -0.00497886 0.20784314 0.16078431 0.65098039
v -0.00239115 -0.01887518 -0.00526424 0.20784314 0.16078431 0.65098039
v -0.00193993 -0.01914560 -0.00500021 0.20784314 0.16078431 0.65098039
v -0.00193993 -0.01914560 -0.00497886 0.20784314 0.16078431 0.65098039
v -0.00009762 -0.02004774 -0.00479994 0.20784314 0.16078431 0.65098039
v -0.00239115 -0.01085788 -0.00497886 0.20784314 0.16078431 0.65098039
v -0.00239115 -0.01884082 -0.00555684 0.20784314 0.16078431 0.65098039
v -0.00173989 -0.01926086 -0.00500021 0.20784314 0.16078431 0.65098039
v -0.00173989 -0.01926086 -0.00497886 0.20784314 0.16078431 0.65098039
v -0.00141465 -0.01943265 -0.00497886 0.20784314 0.16078431 0.65098039
v -0.00142686 -0.01942489 -0.00500021 0.20784314 0.16078431 0.65098039
v -0.00060000 -0.01979838 -0.00497886 0.20784314 0.16078431 0.65098039
v -0.00009762 -0.02003555 -0.00484505 0.20784314 0.16078431 0.65098039
v 0.00017342 -0.02004774 -0.00479994 0.20784314 0.16078431 0.65098039
v -0.00009762 -0.01108619 -0.00479994 0.20784314 0.16078431 0.65098039
v 0.00540868 -0.00975957 -0.00480866 0.20784314 0.16078431 0.65098039
v 0.00540868 -0.00878761 -0.00587440 0.20784314 0.16078431 0.65098039
v 0.00540868 -0.00872555 -0.00598025 0.20784314 0.16078431 0.65098039
v -0.00239115 -0.01021286 -0.00620037 0.20784314 0.16078431 0.65098039
v -0.00239115 -0.01881533 -0.00562240 0.20784314 0.16078431 0.65098039
v -0.00170248 -0.01923870 -0.00526214 0.20784314 0.16078431 0.65098039
v -0.00056412 -0.01980946 -0.00497886 0.20784314 0.16078431 0.65098039
v 0.00017342 -0.02003555 -0.00484505 0.20784314 0.16078431 0.65098039
v -0.00022742 -0.01990699 -0.00497886 0.20784314 0.16078431 0.65098039
v 0.00038490 -0.02000120 -0.00480926 0.20784314 0.16078431 0.65098039
v 0.00038490 -0.02000120 -0.00479994 0.20784314 0.16078431 0.65098039
v 0.00334649 -0.01062736 -0.00479994 0.20784314 0.16078431 0.65098039
v 0.00540868 -0.01711080 -0.00480866 0.20784314 0.16078431 0.65098039
v 0.00540868 -0.00872776 -0.00620067 0.20784314 0.16078431 0.65098039
v -0.00239115 -0.01019624 -0.00659972 0.20784314 0.16078431 0.65098039
v -0.00222700 -0.01883750 -0.00564224 0.20784314 0.16078431 0.65098039
v -0.00080385 -0.01959113 -0.00519388 0.20784314 0.16078431 0.65098039
v -0.00239115 -0.01847842 -0.00595228 0.20784314 0.16078431 0.65098039
v -0.00009762 -0.01984271 -0.00504532 0.20784314 0.16078431 0.65098039
v 0.00017342 -0.01984160 -0.00504562 0.20784314 0.16078431 0.65098039
v 0.00074985 -0.01959002 -0.00519388 0.20784314 0.16078431 0.65098039
v 0.00239670 -0.01880758 -0.00561548 0.20784314 0.16078431 0.65098039
v -0.00022742 -0.01984271 -0.00504532 0.20784314 0.16078431 0.65098039
v 0.00168513 -0.01926086 -0.00500021 0.20784314 0.16078431 0.65098039
v 0.00372213 -0.01807944 -0.00580042 0.20784314 0.16078431 0.65098039
v 0.00317547 -0.01839640 -0.00560916 0.20784314 0.16078431 0.65098039
v 0.00168513 -0.01926086 -0.00479994 0.20784314 0.16078431 0.65098039
v 0.00334649 -0.01830109 -0.00479994 0.20784314 0.16078431 0.65098039
v 0.00202870 -0.01906248 -0.00479994 0.20784314 0.16078431 0.65098039
v 0.00540868 -0.01711080 -0.00580042 0.20784314 0.16078431 0.65098039
v 0.00540868 -0.00902368 -0.00658078 0.20784314 0.16078431 0.65098039
v -0.00239115 -0.01035805 -0.00683699 0.20784314 0.16078431 0.65098039
v -0.00239115 -0.01028601 -0.00673324 0.20784314 0.16078431 0.65098039
v -0.00239115 -0.01677721 -0.00758005 0.20784314 0.16078431 0.65098039
v -0.00053739 -0.01961551 -0.00521823 0.20784314 0.16078431 0.65098039
v -0.00009762 -0.01970750 -0.00517944 0.20784314 0.16078431 0.65098039
v -0.00009762 -0.01964322 -0.00524319 0.20784314 0.16078431 0.65098039
v 0.00017342 -0.01964211 -0.00524319 0.20784314 0.16078431 0.65098039
v 0.00048339 -0.01961440 -0.00521823 0.20784314 0.16078431 0.65098039
v 0.00440011 -0.01720833 -0.00681323 0.20784314 0.16078431 0.65098039
v 0.00438713 -0.01760177 -0.00640787 0.20784314 0.16078431 0.65098039
v 0.00417182 -0.01644694 -0.00765223 0.20784314 0.16078431 0.65098039
v 0.00442225 -0.01641923 -0.00762426 0.20784314 0.16078431 0.65098039
v 0.00518421 -0.01720168 -0.00640847 0.20784314 0.16078431 0.65098039
v -0.00022742 -0.01964322 -0.00524319 0.20784314 0.16078431 0.65098039
v 0.00417182 -0.01782453 -0.00580042 0.20784314 0.16078431 0.65098039
v 0.00520406 -0.01721276 -0.00620067 0.20784314 0.16078431 0.65098039
v 0.00540868 -0.01709750 -0.00620067 0.20784314 0.16078431 0.65098039
v 0.00392216 -0.01796639 -0.00580042 0.20784314 0.16078431 0.65098039
v 0.00540868 -0.01004219 -0.00755660 0.20784314 0.16078431 0.65098039
v -0.00239115 -0.01048217 -0.00695517 0.20784314 0.16078431 0.65098039
v -0.00239115 -0.01673177 -0.00761794 0.20784314 0.16078431 0.65098039
v -0.00182693 -0.01681378 -0.00761885 0.20784314 0.16078431 0.65098039
v -0.00022742 -0.01712964 -0.00753946 0.20784314 0.16078431 0.65098039
v -0.00009762 -0.01844739 -0.00635614 0.20784314 0.16078431 0.65098039
v -0.00013045 -0.01881423 -0.00601633 0.20784314 0.16078431 0.65098039
v 0.00000392 -0.01839973 -0.00640456 0.20784314 0.16078431 0.65098039
v 0.00377175 -0.01647686 -0.00767899 0.20784314 0.16078431 0.65098039
v 0.00524147 -0.01602579 -0.00763569 0.20784314 0.16078431 0.65098039
v 0.00540868 -0.01611889 -0.00744864 0.20784314 0.16078431 0.65098039
v 0.00417182 -0.01619536 -0.00778815 0.20784314 0.16078431 0.65098039
v 0.00456197 -0.01621198 -0.00771718 0.20784314 0.16078431 0.65098039
v 0.00497196 -0.01609007 -0.00768681 0.20784314 0.16078431 0.65098039
v 0.00540868 -0.01684149 -0.00667370 0.20784314 0.16078431 0.65098039
v 0.00540868 -0.01694566 -0.00655672 0.20784314 0.16078431 0.65098039
v -0.00005716 -0.01839973 -0.00640456 0.20784314 0.16078431 0.65098039
v 0.00540868 -0.01024057 -0.00771538 0.20784314 0.16078431 0.65098039
v -0.00239115 -0.01118261 -0.00761343 0.20784314 0.16078431 0.65098039
v -0.00239115 -0.01100306 -0.00744473 0.20784314 0.16078431 0.65098039
v -0.00142686 -0.01684038 -0.00764561 0.20784314 0.16078431 0.65098039
v -0.00239115 -0.01659766 -0.00771838 0.20784314 0.16078431 0.65098039
v -0.00102756 -0.01686808 -0.00767057 0.20784314 0.16078431 0.65098039
v -0.00009762 -0.01712964 -0.00753976 0.20784314 0.16078431 0.65098039
v -0.00062749 -0.01689801 -0.00769222 0.20784314 0.16078431 0.65098039
v -0.00022742 -0.01693015 -0.00771087 0.20784314 0.16078431 0.65098039
v 0.00017342 -0.01712964 -0.00753976 0.20784314 0.16078431 0.65098039
v 0.00337168 -0.01650457 -0.00769974 0.20784314 0.16078431 0.65098039
v 0.00017342 -0.01693015 -0.00771087 0.20784314 0.16078431 0.65098039
v 0.00540868 -0.01580968 -0.00772771 0.20784314 0.16078431 0.65098039
v 0.00540868 -0.01585844 -0.00768681 0.20784314 0.16078431 0.65098039
v 0.00297161 -0.01653117 -0.00771658 0.20784314 0.16078431 0.65098039
v 0.00377175 -0.01619536 -0.00781491 0.20784314 0.16078431 0.65098039
v 0.00457189 -0.01579527 -0.00786393 0.20784314 0.16078431 0.65098039
v 0.00497196 -0.01579527 -0.00782303 0.20784314 0.16078431 0.65098039
v 0.00540868 -0.01059743 -0.00785040 0.20784314 0.16078431 0.65098039
v 0.00537127 -0.01059743 -0.00784859 0.20784314 0.16078431 0.65098039
v -0.00239115 -0.01137655 -0.00773552 0.20784314 0.16078431 0.65098039
v -0.00239115 -0.01127903 -0.00767719 0.20784314 0.16078431 0.65098039
v -0.00142686 -0.01659545 -0.00778153 0.20784314 0.16078431 0.65098039
v -0.00239115 -0.01619536 -0.00786844 0.20784314 0.16078431 0.65098039
v -0.00102756 -0.01659545 -0.00780649 0.20784314 0.16078431 0.65098039
v -0.00062749 -0.01659545 -0.00782814 0.20784314 0.16078431 0.65098039
v -0.00022742 -0.01659545 -0.00784709 0.20784314 0.16078431 0.65098039
v 0.00017342 -0.01659545 -0.00784619 0.20784314 0.16078431 0.65098039
v 0.00057349 -0.01659545 -0.00782784 0.20784314 0.16078431 0.65098039
v 0.00097356 -0.01659545 -0.00780559 0.20784314 0.16078431 0.65098039
v 0.00540868 -0.01539407 -0.00786844 0.20784314 0.16078431 0.65098039
v 0.00337168 -0.01619536 -0.00783596 0.20784314 0.16078431 0.65098039
v 0.00417182 -0.01579527 -0.00787205 0.20784314 0.16078431 0.65098039
v 0.00537127 -0.01539407 -0.00787055 0.20784314 0.16078431 0.65098039
v 0.00297161 -0.01619536 -0.00785220 0.20784314 0.16078431 0.65098039
v 0.00257154 -0.01619536 -0.00786363 0.20784314 0.16078431 0.65098039
v 0.00540868 -0.01099752 -0.00787205 0.20784314 0.16078431 0.65098039
v 0.00497196 -0.01099752 -0.00787205 0.20784314 0.16078431 0.65098039
v -0.00239115 -0.01179770 -0.00787115 0.20784314 0.16078431 0.65098039
v -0.00239115 -0.01163368 -0.00782724 0.20784314 0.16078431 0.65098039
v -0.00239115 -0.01603133 -0.00787115 0.20784314 0.16078431 0.65098039
v -0.00222700 -0.01619536 -0.00787085 0.20784314 0.16078431 0.65098039
v -0.00182693 -0.01619536 -0.00787205 0.20784314 0.16078431 0.65098039
v 0.00177217 -0.01619536 -0.00787205 0.20784314 0.16078431 0.65098039
v 0.00217147 -0.01619536 -0.00787025 0.20784314 0.16078431 0.65098039
v 0.00540868 -0.01499398 -0.00787205 0.20784314 0.16078431 0.65098039
v 0.00497196 -0.01539407 -0.00787205 0.20784314 0.16078431 0.65098039
v -0.00239115 -0.01203377 -0.00787205 0.20784314 0.16078431 0.65098039
v -0.00239115 -0.01579527 -0.00787205 0.20784314 0.16078431 0.65098039
f 1910 1911 1916
f 1910 1916 1929
f 1910 1929 1940
f 1910 1940 1958
f 1910 1958 1957
f 1910 1957 1976
f 1910 1976 1994
f 1910 1994 1993
f 1910 1993 2013
f 1910 2013 2012
f 1910 2012 2031
f 1910 2031 2030
f 1910 2030 2039
f 1910 2039 2040
f 1910 2040 2032
f 1910 2032 2015
f 1910 2015 1996
f 1910 1996 1977
f 1910 1977 1959
f 1910 1959 1943
f 1910 1943 1930
f 1910 1930 1917
f 1910 1917 1912
f 1910 1912 1913
f 1910 1913 1914
f 1910 1914 1911
f 1911 1914 1915
f 1911 1915 1925
f 1911 1925 1916
f 1912 1917 1918
f 1912 1918 1913
f 1913 1918 1919
f 1913 1919 1914
f 1914 1919 1915
f 1915 1919 1920
f 1915 1920 1921
f 1915 1921 1922
f 1915 1922 1923
f 1915 1923 1933
f 1915 1933 1924
f 1915 1924 1936
f 1915 1936 1952
f 1915 1952 1954
f 1915 1954 1953
f 1915 1953 1937
f 1915 1937 1925
f 1916 1925 1926
f 1916 1926 1927
f 1916 1927 1928
f 1916 1928 1929
f 1917 1930 1931
f 1917 1931 1921
f 1917 1921 1918
f 1918 1921 1920
f 1918 1920 1919
f 1921 1931 1922
f 1922 1932 1923
f 1922 1931 1930
f 1922 1930 1932
f 1923 1932 1934
f 1923 1934 1933
f 1924 1933 1935
f 1924 1935 1936
f 1925 1937 1926
f 1926 1937 1953
f 1926 1953 1938
f 1926 1938 1955
f 1926 1955 1973
f 1926 1973 1990
f 1926 1990 1989
f 1926 1989 1985
f 1926 1985 2005
f 1926 2005 2004
f 1926 2004 2022
f 1926 2022 2037
f 1926 2037 2028
f 1926 2028 2010
f 1926 2010 1992
f 1926 1992 1975
f 1926 1975 1956
f 1926 1956 1939
f 1926 1939 1928
f 1926 1928 1927
f 1928 1939 1940
f 1928 1940 1929
f 1930 1941 1942
f 1930 1942 1932
f 1930 1943 1941
f 1932 1942 1934
f 1933 1934 1944
f 1933 1944 1945
f 1933 1945 1946
f 1933 1946 1947
f 1933 1947 1935
f 1934 1948 1944
f 1934 1942 1948
f 1935 1949 1952
f 1935 1952 1936
f 1935 1947 1950
f 1935 1950 1951
f 1935 1951 1949
f 1938 1953 1954
f 1938 1954 1955
f 1939 1956 1957
f 1939 1957 1958
f 1939 1958 1940
f 1941 1943 1959
f 1941 1959 1942
f 1942 1959 1960
f 1942 1960 1948
f 1944 1948 1961
f 1944 1961 1945
f 1945 1961 1962
f 1945 1962 1963
f 1945 1963 1964
f 1945 1964 1946
f 1946 1965 1966
f 1946 1966 1947
f 1946 1964 1967
f 1946 1967 1968
f 1946 1968 1965
f 1947 1966 1969
f 1947 1969 1950
f 1948 1960 1970
f 1948 1970 1961
f 1949 1954 1952
f 1949 1951 1971
f 1949 1971 1955
f 1949 1955 1954
f 1950 1969 1972
f 1950 1972 1973
f 1950 1973 1974
f 1950 1974 1951
f 1951 1974 1971
f 1955 1971 1973
f 1956 1975 1957
f 1957 1975 1976
f 1959 1977 1978
f 1959 1978 1979
f 1959 1979 1980
f 1959 1980 1981
f 1959 1981 1970
f 1959 1970 1960
f 1961 1970 1962
f 1962 1970 1991
f 1962 1991 1982
f 1962 1982 1963
f 1963 1982 1983
f 1963 1983 1967
f 1963 1967 1964
f 1965 1968 1984
f 1965 1984 1966
f 1966 1984 1985
f 1966 1985 1969
f 1967 1983 1986
f 1967 1986 1987
f 1967 1987 1968
f 1968 1987 1988
f 1968 1988 1984
f 1969 1985 1989
f 1969 1989 1990
f 1969 1990 1973
f 1969 1973 1972
f 1970 1981 1991
f 1971 1974 1973
f 1975 1992 1993
f 1975 1993 1994
f 1975 1994 1976
f 1977 1995 1978
f 1977 1996 1997
f 1977 1997 1995
f 1978 1995 1979
f 1979 1998 1991
f 1979 1991 1980
f 1979 1995 1997
f 1979 1997 1999
f 1979 1999 2000
f 1979 2000 1998
f 1980 1991 1981
f 1982 1991 1998
f 1982 1998 2001
f 1982 2001 1983
f 1983 2002 1986
f 1983 2001 2003
f 1983 2003 2002
f 1984 1988 2004
f 1984 2004 2005
f 1984 2005 1985
f 1986 2002 2006
f 1986 2006 2007
f 1986 2007 2008
f 1986 2008 2009
f 1986 2009 1987
f 1987 2009 2004
f 1987 2004 1988
f 1992 2010 2011
f 1992 2011 2012
f 1992 2012 2013
f 1992 2013 1993
f 1996 2014 2000
f 1996 2000 1999
f 1996 1999 1997
f 1996 2015 2014
f 1998 2000 2003
f 1998 2003 2001
f 2000 2014 2016
f 2000 2016 2017
f 2000 2017 2018
f 2000 2018 2003
f 2002 2003 2006
f 2003 2018 2019
f 2003 2019 2020
f 2003 2020 2021
f 2003 2021 2007
f 2003 2007 2006
f 2004 2009 2022
f 2007 2021 2020
f 2007 2020 2023
f 2007 2023 2008
f 2008 2024 2025
f 2008 2025 2022
f 2008 2022 2009
f 2008 2023 2026
f 2008 2026 2027
f 2008 2027 2024
f 2010 2028 2029
f 2010 2029 2030
f 2010 2030 2031
f 2010 2031 2011
f 2011 2031 2012
f 2014 2015 2016
f 2015 2032 2033
f 2015 2033 2018
f 2015 2018 2017
f 2015 2017 2016
f 2018 2033 2034
f 2018 2034 2035
f 2018 2035 2019
f 2019 2035 2036
f 2019 2036 2027
f 2019 2027 2026
f 2019 2026 2023
f 2019 2023 2020
f 2022 2025 2037
f 2024 2038 2025
f 2024 2027 2036
f 2024 2036 2035
f 2024 2035 2034
f 2024 2034 2040
f 2024 2040 2039
f 2024 2039 2029
f 2024 2029 2028
f 2024 2028 2037
f 2024 2037 2038
f 2025 2038 2037
f 2029 2039 2030
f 2032 2040 2034
f 2032 2034 2033

o geometry_19
v -0.00426875 -0.01048231 0.00058803 0.25098039 0.46274510 0.24313725
v -0.00420535 -0.01049008 0.00058803 0.25098039 0.46274510 0.24313725
v -0.00426875 -0.00898636 -0.00070467 0.25098039 0.46274510 0.24313725
v -0.00426875 -0.01780180 0.00058803 0.25098039 0.46274510 0.24313725
v -0.00259442 -0.01076402 0.00058803 0.25098039 0.46274510 0.24313725
v -0.00354977 -0.00916704 -0.00076677 0.25098039 0.46274510 0.24313725
v -0.00426875 -0.00896208 -0.00096387 0.25098039 0.46274510 0.24313725
v -0.00239115 -0.01079996 0.00058803 0.25098039 0.46274510 0.24313725
v -0.00426875 -0.01780180 -0.00579926 0.25098039 0.46274510 0.24313725
v -0.00303387 -0.01851480 0.00058803 0.25098039 0.46274510 0.24313725
v -0.00239115 -0.00956434 -0.00075767 0.25098039 0.46274510 0.24313725
v -0.00354977 -0.00916704 -0.00085456 0.25098039 0.46274510 0.24313725
v -0.00426875 -0.00897568 -0.00379935 0.25098039 0.46274510 0.24313725
v -0.00356006 -0.00917190 -0.00365360 0.25098039 0.46274510 0.24313725
v -0.00239115 -0.01888588 0.00058803 0.25098039 0.46274510 0.24313725
v -0.00397763 -0.01796791 -0.00579926 0.25098039 0.46274510 0.24313725
v -0.00323144 -0.01839824 -0.00560797 0.25098039 0.46274510 0.24313725
v -0.00302762 -0.01851772 -0.00539928 0.25098039 0.46274510 0.24313725
v -0.00248691 -0.01883051 -0.00499930 0.25098039 0.46274510 0.24313725
v -0.00239115 -0.01888588 0.00019964 0.25098039 0.46274510 0.24313725
v -0.00426875 -0.01779403 -0.00586303 0.25098039 0.46274510 0.24313725
v -0.00239115 -0.00956434 -0.00084959 0.25098039 0.46274510 0.24313725
v -0.00239115 -0.00956629 -0.00364946 0.25098039 0.46274510 0.24313725
v -0.00239115 -0.01019478 -0.00659923 0.25098039 0.46274510 0.24313725
v -0.00426875 -0.00959251 -0.00659923 0.25098039 0.46274510 0.24313725
v -0.00377767 -0.01807962 -0.00579926 0.25098039 0.46274510 0.24313725
v -0.00245217 -0.01880817 -0.00561459 0.25098039 0.46274510 0.24313725
v -0.00247569 -0.01882274 -0.00539928 0.25098039 0.46274510 0.24313725
v -0.00267566 -0.01871491 -0.00539928 0.25098039 0.46274510 0.24313725
v -0.00239115 -0.01888491 -0.00499930 0.25098039 0.46274510 0.24313725
v -0.00426875 -0.01772409 -0.00619925 0.25098039 0.46274510 0.24313725
v -0.00239115 -0.01028512 -0.00673338 0.25098039 0.46274510 0.24313725
v -0.00426875 -0.00961874 -0.00669363 0.25098039 0.46274510 0.24313725
v -0.00372620 -0.01804853 -0.00606261 0.25098039 0.46274510 0.24313725
v -0.00426875 -0.01771534 -0.00623982 0.25098039 0.46274510 0.24313725
v -0.00239115 -0.01881691 -0.00562205 0.25098039 0.46274510 0.24313725
v -0.00239115 -0.01884119 -0.00555580 0.25098039 0.46274510 0.24313725
v -0.00239115 -0.01887616 -0.00526347 0.25098039 0.46274510 0.24313725
v -0.00426875 -0.01762306 -0.00642698 0.25098039 0.46274510 0.24313725
v -0.00239115 -0.01035700 -0.00683690 0.25098039 0.46274510 0.24313725
v -0.00426875 -0.00978388 -0.00691143 0.25098039 0.46274510 0.24313725
v -0.00239115 -0.01847886 -0.00595164 0.25098039 0.46274510 0.24313725
v -0.00422740 -0.01665361 -0.00744971 0.25098039 0.46274510 0.24313725
v -0.00426875 -0.01644864 -0.00765343 0.25098039 0.46274510 0.24313725
v -0.00422740 -0.01645350 -0.00765757 0.25098039 0.46274510 0.24313725
v -0.00239115 -0.01048134 -0.00695532 0.25098039 0.46274510 0.24313725
v -0.00426875 -0.00978582 -0.00691391 0.25098039 0.46274510 0.24313725
v -0.00239115 -0.01677697 -0.00757972 0.25098039 0.46274510 0.24313725
v -0.00382747 -0.01648264 -0.00768407 0.25098039 0.46274510 0.24313725
v -0.00426875 -0.01642921 -0.00766419 0.25098039 0.46274510 0.24313725
v -0.00422740 -0.01619608 -0.00779338 0.25098039 0.46274510 0.24313725
v -0.00239115 -0.01114772 -0.00758055 0.25098039 0.46274510 0.24313725
v -0.00239115 -0.01118269 -0.00761285 0.25098039 0.46274510 0.24313725
v -0.00426875 -0.01021906 -0.00729568 0.25098039 0.46274510 0.24313725
v -0.00342754 -0.01650887 -0.00770311 0.25098039 0.46274510 0.24313725
v -0.00239115 -0.01673132 -0.00761782 0.25098039 0.46274510 0.24313725
v -0.00426875 -0.01619802 -0.00778593 0.25098039 0.46274510 0.24313725
v -0.00426875 -0.01615431 -0.00780083 0.25098039 0.46274510 0.24313725
v -0.00382747 -0.01619608 -0.00781988 0.25098039 0.46274510 0.24313725
v -0.00302762 -0.01653509 -0.00771885 0.25098039 0.46274510 0.24313725
v -0.00239115 -0.01127789 -0.00767744 0.25098039 0.46274510 0.24313725
v -0.00426875 -0.01067756 -0.00768821 0.25098039 0.46274510 0.24313725
v -0.00426875 -0.01065134 -0.00766916 0.25098039 0.46274510 0.24313725
v -0.00426875 -0.01048037 -0.00752590 0.25098039 0.46274510 0.24313725
v -0.00239115 -0.01659824 -0.00771802 0.25098039 0.46274510 0.24313725
v -0.00262769 -0.01656132 -0.00772879 0.25098039 0.46274510 0.24313725
v -0.00426875 -0.01579586 -0.00787122 0.25098039 0.46274510 0.24313725
v -0.00342754 -0.01619608 -0.00783892 0.25098039 0.46274510 0.24313725
v -0.00239115 -0.01137600 -0.00773541 0.25098039 0.46274510 0.24313725
v -0.00426875 -0.01095441 -0.00781077 0.25098039 0.46274510 0.24313725
v -0.00239115 -0.01643698 -0.00777847 0.25098039 0.46274510 0.24313725
v -0.00302762 -0.01619608 -0.00785466 0.25098039 0.46274510 0.24313725
v -0.00262769 -0.01619608 -0.00786543 0.25098039 0.46274510 0.24313725
v -0.00239115 -0.01619608 -0.00786874 0.25098039 0.46274510 0.24313725
v -0.00426875 -0.01575506 -0.00787205 0.25098039 0.46274510 0.24313725
v -0.00422740 -0.01579586 -0.00787205 0.25098039 0.46274510 0.24313725
v -0.00239115 -0.01163342 -0.00782733 0.25098039 0.46274510 0.24313725
v -0.00422740 -0.01099715 -0.00782153 0.25098039 0.46274510 0.24313725
v -0.00426875 -0.01099715 -0.00782567 0.25098039 0.46274510 0.24313725
v -0.00239115 -0.01603191 -0.00787122 0.25098039 0.46274510 0.24313725
v -0.00426875 -0.01139737 -0.00787205 0.25098039 0.46274510 0.24313725
v -0.00239115 -0.01579586 -0.00787205 0.25098039 0.46274510 0.24313725
v -0.00239115 -0.01179661 -0.00787122 0.25098039 0.46274510 0.24313725
v -0.00426875 -0.01135560 -0.00787039 0.25098039 0.46274510 0.24313725
v -0.00382747 -0.01139737 -0.00786791 0.25098039 0.46274510 0.24313725
v -0.00422740 -0.01139737 -0.00787205 0.25098039 0.46274510 0.24313725
v -0.00239115 -0.01203364 -0.00787205 0.25098039 0.46274510 0.24313725
v -0.00262769 -0.01179661 -0.00787205 0.25098039 0.46274510 0.24313725
f 2041 2042 2043
f 2041 2043 2047
f 2041 2047 2053
f 2041 2053 2065
f 2041 2065 2073
f 2041 2073 2081
f 2041 2081 2087
f 2041 2087 2094
f 2041 2094 2104
f 2041 2104 2103
f 2041 2103 2102
f 2041 2102 2110
f 2041 2110 2119
f 2041 2119 2124
f 2041 2124 2121
f 2041 2121 2115
f 2041 2115 2107
f 2041 2107 2098
f 2041 2098 2097
f 2041 2097 2090
f 2041 2090 2084
f 2041 2084 2079
f 2041 2079 2075
f 2041 2075 2071
f 2041 2071 2061
f 2041 2061 2049
f 2041 2049 2044
f 2041 2044 2050
f 2041 2050 2055
f 2041 2055 2048
f 2041 2048 2045
f 2041 2045 2042
f 2042 2045 2043
f 2043 2046 2047
f 2043 2045 2048
f 2043 2048 2046
f 2044 2049 2050
f 2046 2051 2062
f 2046 2062 2052
f 2046 2052 2047
f 2046 2048 2051
f 2047 2052 2054
f 2047 2054 2053
f 2048 2055 2060
f 2048 2060 2070
f 2048 2070 2078
f 2048 2078 2077
f 2048 2077 2076
f 2048 2076 2082
f 2048 2082 2088
f 2048 2088 2096
f 2048 2096 2105
f 2048 2105 2111
f 2048 2111 2114
f 2048 2114 2120
f 2048 2120 2122
f 2048 2122 2127
f 2048 2127 2123
f 2048 2123 2117
f 2048 2117 2109
f 2048 2109 2101
f 2048 2101 2093
f 2048 2093 2092
f 2048 2092 2086
f 2048 2086 2080
f 2048 2080 2072
f 2048 2072 2064
f 2048 2064 2063
f 2048 2063 2062
f 2048 2062 2051
f 2049 2056 2057
f 2049 2057 2058
f 2049 2058 2059
f 2049 2059 2060
f 2049 2060 2050
f 2049 2061 2056
f 2050 2060 2055
f 2052 2062 2063
f 2052 2063 2054
f 2053 2054 2064
f 2053 2064 2065
f 2054 2063 2064
f 2056 2066 2057
f 2056 2061 2066
f 2057 2066 2067
f 2057 2067 2068
f 2057 2068 2069
f 2057 2069 2070
f 2057 2070 2058
f 2058 2070 2059
f 2059 2070 2060
f 2061 2071 2066
f 2064 2072 2073
f 2064 2073 2065
f 2066 2074 2067
f 2066 2071 2075
f 2066 2075 2074
f 2067 2076 2077
f 2067 2077 2078
f 2067 2078 2068
f 2067 2074 2079
f 2067 2079 2076
f 2068 2078 2069
f 2069 2078 2070
f 2072 2080 2073
f 2073 2080 2081
f 2074 2075 2079
f 2076 2079 2083
f 2076 2083 2084
f 2076 2084 2085
f 2076 2085 2082
f 2079 2084 2083
f 2080 2086 2087
f 2080 2087 2081
f 2082 2085 2089
f 2082 2089 2088
f 2084 2090 2085
f 2085 2090 2091
f 2085 2091 2089
f 2086 2092 2087
f 2087 2092 2093
f 2087 2093 2094
f 2088 2089 2095
f 2088 2095 2096
f 2089 2091 2095
f 2090 2097 2091
f 2091 2098 2099
f 2091 2099 2100
f 2091 2100 2095
f 2091 2097 2098
f 2093 2101 2102
f 2093 2102 2103
f 2093 2103 2104
f 2093 2104 2094
f 2095 2100 2096
f 2096 2100 2106
f 2096 2106 2105
f 2098 2107 2099
f 2099 2108 2106
f 2099 2106 2100
f 2099 2107 2108
f 2101 2109 2102
f 2102 2109 2110
f 2105 2106 2111
f 2106 2108 2112
f 2106 2112 2113
f 2106 2113 2114
f 2106 2114 2111
f 2107 2115 2116
f 2107 2116 2113
f 2107 2113 2112
f 2107 2112 2108
f 2109 2117 2118
f 2109 2118 2110
f 2110 2118 2119
f 2113 2116 2114
f 2114 2116 2120
f 2115 2121 2126
f 2115 2126 2128
f 2115 2128 2127
f 2115 2127 2122
f 2115 2122 2116
f 2116 2122 2120
f 2117 2123 2119
f 2117 2119 2118
f 2119 2123 2125
f 2119 2125 2124
f 2121 2124 2126
f 2123 2127 2128
f 2123 2128 2126
f 2123 2126 2125
f 2124 2125 2126

o geometry_20
v 0.01751295 -0.00816047 0.00460024 0.15686275 0.10980392 0.65490196
v 0.01751295 -0.00899733 0.00460024 0.15686275 0.10980392 0.65490196
v 0.01751295 -0.00816047 0.00345427 0.15686275 0.10980392 0.65490196
v 0.01750879 -0.00816047 0.00500024 0.15686275 0.10980392 0.65490196
v 0.01751295 -0.00939739 0.00420023 0.15686275 0.10980392 0.65490196
v 0.01750879 -0.00819720 0.00500024 0.15686275 0.10980392 0.65490196
v 0.01751018 -0.00939739 0.00460024 0.15686275 0.10980392 0.65490196
v 0.01751295 -0.00939739 0.00345427 0.15686275 0.10980392 0.65490196
v 0.00730322 -0.00816047 0.00345427 0.15686275 0.10980392 0.65490196
v 0.01733823 -0.00816047 0.00542879 0.15686275 0.10980392 0.65490196
v 0.01750740 -0.00979647 0.00420023 0.15686275 0.10980392 0.65490196
v 0.01748660 -0.00859726 0.00500024 0.15686275 0.10980392 0.65490196
v 0.01748799 -0.00979647 0.00460024 0.15686275 0.10980392 0.65490196
v 0.01750740 -0.00979647 0.00345427 0.15686275 0.10980392 0.65490196
v 0.00381309 -0.01023525 0.00345427 0.15686275 0.10980392 0.65490196
v 0.00334718 -0.00950957 0.00472954 0.15686275 0.10980392 0.65490196
v 0.00334718 -0.00931103 0.00500154 0.15686275 0.10980392 0.65490196
v 0.00350109 -0.00916708 0.00513862 0.15686275 0.10980392 0.65490196
v 0.00537304 -0.00828257 0.00509754 0.15686275 0.10980392 0.65490196
v 0.00575436 -0.00816047 0.00498424 0.15686275 0.10980392 0.65490196
v 0.01727306 -0.00816047 0.00551787 0.15686275 0.10980392 0.65490196
v 0.01732576 -0.00821407 0.00543311 0.15686275 0.10980392 0.65490196
v 0.01731605 -0.00859726 0.00535052 0.15686275 0.10980392 0.65490196
v 0.01743669 -0.00899733 0.00500024 0.15686275 0.10980392 0.65490196
v 0.01733685 -0.01015881 0.00420023 0.15686275 0.10980392 0.65490196
v 0.01732021 -0.00979647 0.00495657 0.15686275 0.10980392 0.65490196
v 0.01725920 -0.01009230 0.00488002 0.15686275 0.10980392 0.65490196
v 0.01732021 -0.01014888 0.00460024 0.15686275 0.10980392 0.65490196
v 0.01733685 -0.01015881 0.00345427 0.15686275 0.10980392 0.65490196
v 0.00334718 -0.01052314 0.00345427 0.15686275 0.10980392 0.65490196
v 0.00334718 -0.00931202 0.00502186 0.15686275 0.10980392 0.65490196
v 0.00350109 -0.00916708 0.00524198 0.15686275 0.10980392 0.65490196
v 0.00513731 -0.00837092 0.00516846 0.15686275 0.10980392 0.65490196
v 0.00567671 -0.00816047 0.00543960 0.15686275 0.10980392 0.65490196
v 0.01719264 -0.00816047 0.00561906 0.15686275 0.10980392 0.65490196
v 0.01726613 -0.00899733 0.00528738 0.15686275 0.10980392 0.65490196
v 0.01710390 -0.01034941 0.00460024 0.15686275 0.10980392 0.65490196
v 0.01710528 -0.01035835 0.00420023 0.15686275 0.10980392 0.65490196
v 0.01713717 -0.01033154 0.00345427 0.15686275 0.10980392 0.65490196
v 0.01721344 -0.00931500 0.00523722 0.15686275 0.10980392 0.65490196
v 0.01716629 -0.00958204 0.00519527 0.15686275 0.10980392 0.65490196
v 0.01711083 -0.00979647 0.00515635 0.15686275 0.10980392 0.65490196
v 0.01682934 -0.01006550 0.00524154 0.15686275 0.10980392 0.65490196
v 0.01671703 -0.01033254 0.00514857 0.15686275 0.10980392 0.65490196
v 0.01645079 -0.01048542 0.00525625 0.15686275 0.10980392 0.65490196
v 0.01606670 -0.01086265 0.00527095 0.15686275 0.10980392 0.65490196
v 0.01685985 -0.01044869 0.00488175 0.15686275 0.10980392 0.65490196
v 0.00334718 -0.01830110 0.00345427 0.15686275 0.10980392 0.65490196
v 0.00334718 -0.00937853 0.00541322 0.15686275 0.10980392 0.65490196
v 0.00513731 -0.00837092 0.00523333 0.15686275 0.10980392 0.65490196
v 0.00823781 -0.00816047 0.00766104 0.15686275 0.10980392 0.65490196
v 0.01705398 -0.00816047 0.00574058 0.15686275 0.10980392 0.65490196
v 0.01715797 -0.00835802 0.00558793 0.15686275 0.10980392 0.65490196
v 0.01559941 -0.01121308 0.00523765 0.15686275 0.10980392 0.65490196
v 0.01357355 -0.01239740 0.00600134 0.15686275 0.10980392 0.65490196
v 0.01690422 -0.01047450 0.00460024 0.15686275 0.10980392 0.65490196
v 0.01690561 -0.01047450 0.00420023 0.15686275 0.10980392 0.65490196
v 0.01707894 -0.01037423 0.00345427 0.15686275 0.10980392 0.65490196
v 0.01710528 -0.01035835 0.00345427 0.15686275 0.10980392 0.65490196
v 0.01637592 -0.00920580 0.00600307 0.15686275 0.10980392 0.65490196
v 0.01595300 -0.00915418 0.00638621 0.15686275 0.10980392 0.65490196
v 0.01674337 -0.00952843 0.00557841 0.15686275 0.10980392 0.65490196
v 0.01704288 -0.00899733 0.00548760 0.15686275 0.10980392 0.65490196
v 0.01684321 -0.00899733 0.00566231 0.15686275 0.10980392 0.65490196
v 0.01505030 -0.00816047 0.00749282 0.15686275 0.10980392 0.65490196
v 0.01484231 -0.00819720 0.00766147 0.15686275 0.10980392 0.65490196
v 0.01691115 -0.00979647 0.00531506 0.15686275 0.10980392 0.65490196
v 0.01516123 -0.00877496 0.00719227 0.15686275 0.10980392 0.65490196
v 0.01238382 -0.01161215 0.00761001 0.15686275 0.10980392 0.65490196
v 0.01201220 -0.01203207 0.00763206 0.15686275 0.10980392 0.65490196
v 0.01275960 -0.01238449 0.00679140 0.15686275 0.10980392 0.65490196
v 0.01402281 -0.01203505 0.00603723 0.15686275 0.10980392 0.65490196
v 0.01482983 -0.01163300 0.00565020 0.15686275 0.10980392 0.65490196
v 0.00334718 -0.01830209 0.00460024 0.15686275 0.10980392 0.65490196
v 0.00335134 -0.01829912 0.00345427 0.15686275 0.10980392 0.65490196
v 0.00334718 -0.01111877 0.00768352 0.15686275 0.10980392 0.65490196
v 0.00826416 -0.00816047 0.00767833 0.15686275 0.10980392 0.65490196
v 0.01357355 -0.01239839 0.00579982 0.15686275 0.10980392 0.65490196
v 0.01561327 -0.01122102 0.00500024 0.15686275 0.10980392 0.65490196
v 0.01277069 -0.01279647 0.00639832 0.15686275 0.10980392 0.65490196
v 0.01078227 -0.01400262 0.00641129 0.15686275 0.10980392 0.65490196
v 0.01133276 -0.01368992 0.00619983 0.15686275 0.10980392 0.65490196
v 0.01078781 -0.01400560 0.00619983 0.15686275 0.10980392 0.65490196
v 0.01004320 -0.01443644 0.00619983 0.15686275 0.10980392 0.65490196
v 0.01635928 -0.01079018 0.00460024 0.15686275 0.10980392 0.65490196
v 0.01661719 -0.01064127 0.00345427 0.15686275 0.10980392 0.65490196
v 0.01690561 -0.01047450 0.00345427 0.15686275 0.10980392 0.65490196
v 0.01486727 -0.00816047 0.00765152 0.15686275 0.10980392 0.65490196
v 0.01484924 -0.00816047 0.00766579 0.15686275 0.10980392 0.65490196
v 0.01460242 -0.00816047 0.00778990 0.15686275 0.10980392 0.65490196
v 0.01457192 -0.00819720 0.00779725 0.15686275 0.10980392 0.65490196
v 0.01457330 -0.00858138 0.00769606 0.15686275 0.10980392 0.65490196
v 0.01479516 -0.00843743 0.00761996 0.15686275 0.10980392 0.65490196
v 0.01470642 -0.00870348 0.00755379 0.15686275 0.10980392 0.65490196
v 0.01444019 -0.00887820 0.00764893 0.15686275 0.10980392 0.65490196
v 0.01285527 -0.01090534 0.00766320 0.15686275 0.10980392 0.65490196
v 0.01246702 -0.01139673 0.00766666 0.15686275 0.10980392 0.65490196
v 0.01215503 -0.01176602 0.00767833 0.15686275 0.10980392 0.65490196
v 0.01177232 -0.01179680 0.00782363 0.15686275 0.10980392 0.65490196
v 0.01177232 -0.01211745 0.00768915 0.15686275 0.10980392 0.65490196
v 0.00925698 -0.01406020 0.00766190 0.15686275 0.10980392 0.65490196
v 0.00881603 -0.01442949 0.00763596 0.15686275 0.10980392 0.65490196
v 0.01297175 -0.01251057 0.00650383 0.15686275 0.10980392 0.65490196
v 0.01319084 -0.01241526 0.00641388 0.15686275 0.10980392 0.65490196
v 0.00337907 -0.01828423 0.00345427 0.15686275 0.10980392 0.65490196
v 0.00334718 -0.01830209 0.00540025 0.15686275 0.10980392 0.65490196
v 0.00334718 -0.01112969 0.00769088 0.15686275 0.10980392 0.65490196
v 0.00857337 -0.00816047 0.00781153 0.15686275 0.10980392 0.65490196
v 0.00949687 -0.01475213 0.00619983 0.15686275 0.10980392 0.65490196
v 0.01282754 -0.01282923 0.00579982 0.15686275 0.10980392 0.65490196
v 0.01561327 -0.01122102 0.00345427 0.15686275 0.10980392 0.65490196
v 0.00417361 -0.01782559 0.00579982 0.15686275 0.10980392 0.65490196
v 0.00834874 -0.01478489 0.00758363 0.15686275 0.10980392 0.65490196
v 0.00876750 -0.01479184 0.00719400 0.15686275 0.10980392 0.65490196
v 0.00890616 -0.01488813 0.00692762 0.15686275 0.10980392 0.65490196
v 0.01203023 -0.01323128 0.00644286 0.15686275 0.10980392 0.65490196
v 0.00917240 -0.01479581 0.00679962 0.15686275 0.10980392 0.65490196
v 0.00842916 -0.01522466 0.00683984 0.15686275 0.10980392 0.65490196
v 0.00870372 -0.01515914 0.00659983 0.15686275 0.10980392 0.65490196
v 0.00799376 -0.01560785 0.00643378 0.15686275 0.10980392 0.65490196
v 0.00651146 -0.01647549 0.00619983 0.15686275 0.10980392 0.65490196
v 0.00671113 -0.01636033 0.00619983 0.15686275 0.10980392 0.65490196
v 0.01457192 -0.00816047 0.00780201 0.15686275 0.10980392 0.65490196
v 0.01417118 -0.00859726 0.00784093 0.15686275 0.10980392 0.65490196
v 0.01418782 -0.00900626 0.00772504 0.15686275 0.10980392 0.65490196
v 0.01406580 -0.00931798 0.00766839 0.15686275 0.10980392 0.65490196
v 0.01298146 -0.01059759 0.00771769 0.15686275 0.10980392 0.65490196
v 0.01217167 -0.01139673 0.00780071 0.15686275 0.10980392 0.65490196
v 0.01297175 -0.01019653 0.00783531 0.15686275 0.10980392 0.65490196
v 0.01257240 -0.01059660 0.00785131 0.15686275 0.10980392 0.65490196
v 0.01217167 -0.01099667 0.00786299 0.15686275 0.10980392 0.65490196
v 0.01177232 -0.01139673 0.00787034 0.15686275 0.10980392 0.65490196
v 0.01137158 -0.01179680 0.00786904 0.15686275 0.10980392 0.65490196
v 0.01097224 -0.01219687 0.00786039 0.15686275 0.10980392 0.65490196
v 0.01057150 -0.01259693 0.00784526 0.15686275 0.10980392 0.65490196
v 0.00897272 -0.01379614 0.00785044 0.15686275 0.10980392 0.65490196
v 0.00857337 -0.01419620 0.00783099 0.15686275 0.10980392 0.65490196
v 0.00938316 -0.01381301 0.00773931 0.15686275 0.10980392 0.65490196
v 0.00895885 -0.01419422 0.00771336 0.15686275 0.10980392 0.65490196
v 0.00857337 -0.01451288 0.00769477 0.15686275 0.10980392 0.65490196
v 0.00337907 -0.01828423 0.00540025 0.15686275 0.10980392 0.65490196
v 0.00417361 -0.01782559 0.00345427 0.15686275 0.10980392 0.65490196
v 0.00334718 -0.01830110 0.00543225 0.15686275 0.10980392 0.65490196
v 0.00392263 -0.01796854 0.00579982 0.15686275 0.10980392 0.65490196
v 0.00334718 -0.01139574 0.00781844 0.15686275 0.10980392 0.65490196
v 0.00860942 -0.00816047 0.00782450 0.15686275 0.10980392 0.65490196
v 0.00596236 -0.01679018 0.00619983 0.15686275 0.10980392 0.65490196
v 0.00859833 -0.01501222 0.00701714 0.15686275 0.10980392 0.65490196
v 0.00808251 -0.01484147 0.00765325 0.15686275 0.10980392 0.65490196
v 0.00438854 -0.01760322 0.00640826 0.15686275 0.10980392 0.65490196
v 0.00518585 -0.01720315 0.00640869 0.15686275 0.10980392 0.65490196
v 0.01420723 -0.00816047 0.00786990 0.15686275 0.10980392 0.65490196
v 0.01417118 -0.00819720 0.00787207 0.15686275 0.10980392 0.65490196
v 0.01377183 -0.00899733 0.00785520 0.15686275 0.10980392 0.65490196
v 0.01337110 -0.00979647 0.00781066 0.15686275 0.10980392 0.65490196
v 0.01337110 -0.00939739 0.00786558 0.15686275 0.10980392 0.65490196
v 0.01297175 -0.00979647 0.00787163 0.15686275 0.10980392 0.65490196
v 0.01257240 -0.01019653 0.00787163 0.15686275 0.10980392 0.65490196
v 0.01017354 -0.01259693 0.00787163 0.15686275 0.10980392 0.65490196
v 0.00977280 -0.01299700 0.00787077 0.15686275 0.10980392 0.65490196
v 0.00937346 -0.01339607 0.00786342 0.15686275 0.10980392 0.65490196
v 0.00817264 -0.01419620 0.00787163 0.15686275 0.10980392 0.65490196
v 0.00777329 -0.01459627 0.00784136 0.15686275 0.10980392 0.65490196
v 0.00819898 -0.01462903 0.00774061 0.15686275 0.10980392 0.65490196
v 0.00334718 -0.01827231 0.00576609 0.15686275 0.10980392 0.65490196
v 0.00372296 -0.01807972 0.00579982 0.15686275 0.10980392 0.65490196
v 0.00520526 -0.01721407 0.00619983 0.15686275 0.10980392 0.65490196
v 0.00334718 -0.01142254 0.00782709 0.15686275 0.10980392 0.65490196
v 0.00337353 -0.01139673 0.00782407 0.15686275 0.10980392 0.65490196
v 0.00897272 -0.00816047 0.00786947 0.15686275 0.10980392 0.65490196
v 0.00777329 -0.01490501 0.00770515 0.15686275 0.10980392 0.65490196
v 0.00443152 -0.01642387 0.00762860 0.15686275 0.10980392 0.65490196
v 0.00441765 -0.01681699 0.00722211 0.15686275 0.10980392 0.65490196
v 0.00440379 -0.01721010 0.00681519 0.15686275 0.10980392 0.65490196
v 0.00417361 -0.01665418 0.00745001 0.15686275 0.10980392 0.65490196
v 0.00337353 -0.01810554 0.00611161 0.15686275 0.10980392 0.65490196
v 0.00367165 -0.01804895 0.00606274 0.15686275 0.10980392 0.65490196
v 0.01417118 -0.00816047 0.00787207 0.15686275 0.10980392 0.65490196
v 0.00937346 -0.00939739 0.00787207 0.15686275 0.10980392 0.65490196
v 0.00417361 -0.01579548 0.00787163 0.15686275 0.10980392 0.65490196
v 0.00617312 -0.01499634 0.00787163 0.15686275 0.10980392 0.65490196
v 0.00537304 -0.01539640 0.00787120 0.15686275 0.10980392 0.65490196
v 0.00737255 -0.01459627 0.00786904 0.15686275 0.10980392 0.65490196
v 0.00657247 -0.01499634 0.00786212 0.15686275 0.10980392 0.65490196
v 0.00577377 -0.01539640 0.00784958 0.15686275 0.10980392 0.65490196
v 0.00497369 -0.01579548 0.00782753 0.15686275 0.10980392 0.65490196
v 0.00697321 -0.01499634 0.00781585 0.15686275 0.10980392 0.65490196
v 0.00334718 -0.01827033 0.00577604 0.15686275 0.10980392 0.65490196
v 0.00334718 -0.01179680 0.00787163 0.15686275 0.10980392 0.65490196
v 0.00377287 -0.01139673 0.00786472 0.15686275 0.10980392 0.65490196
v 0.00900877 -0.00816047 0.00787207 0.15686275 0.10980392 0.65490196
v 0.00456880 -0.01621440 0.00772071 0.15686275 0.10980392 0.65490196
v 0.00497369 -0.01609627 0.00769131 0.15686275 0.10980392 0.65490196
v 0.00417361 -0.01645365 0.00765801 0.15686275 0.10980392 0.65490196
v 0.00334718 -0.01810851 0.00611334 0.15686275 0.10980392 0.65490196
v 0.00334718 -0.01812142 0.00609777 0.15686275 0.10980392 0.65490196
v 0.00857337 -0.00939739 0.00787207 0.15686275 0.10980392 0.65490196
v 0.00334718 -0.01579548 0.00787163 0.15686275 0.10980392 0.65490196
v 0.00334718 -0.01582129 0.00787077 0.15686275 0.10980392 0.65490196
v 0.00334718 -0.01619554 0.00784050 0.15686275 0.10980392 0.65490196
v 0.00457296 -0.01579548 0.00786558 0.15686275 0.10980392 0.65490196
v 0.00417361 -0.01619554 0.00779380 0.15686275 0.10980392 0.65490196
v 0.00817264 -0.00899733 0.00787207 0.15686275 0.10980392 0.65490196
v 0.00377287 -0.01648244 0.00768396 0.15686275 0.10980392 0.65490196
v 0.00334718 -0.01671076 0.00751012 0.15686275 0.10980392 0.65490196
v 0.00334718 -0.01621738 0.00783185 0.15686275 0.10980392 0.65490196
v 0.00337353 -0.01619554 0.00783963 0.15686275 0.10980392 0.65490196
v 0.00377287 -0.01619554 0.00781974 0.15686275 0.10980392 0.65490196
v 0.00334718 -0.01651123 0.00770428 0.15686275 0.10980392 0.65490196
v 0.00337353 -0.01650924 0.00770342 0.15686275 0.10980392 0.65490196
v 0.00334718 -0.01652314 0.00769304 0.15686275 0.10980392 0.65490196
f 2129 2130 2133
f 2129 2133 2136
f 2129 2136 2131
f 2129 2131 2137
f 2129 2137 2148
f 2129 2148 2162
f 2129 2162 2179
f 2129 2179 2205
f 2129 2205 2236
f 2129 2236 2274
f 2129 2274 2298
f 2129 2298 2319
f 2129 2319 2306
f 2129 2306 2280
f 2129 2280 2251
f 2129 2251 2218
f 2129 2218 2217
f 2129 2217 2216
f 2129 2216 2193
f 2129 2193 2180
f 2129 2180 2163
f 2129 2163 2149
f 2129 2149 2138
f 2129 2138 2132
f 2129 2132 2134
f 2129 2134 2130
f 2130 2134 2135
f 2130 2135 2133
f 2131 2136 2142
f 2131 2142 2157
f 2131 2157 2167
f 2131 2167 2187
f 2131 2187 2186
f 2131 2186 2215
f 2131 2215 2214
f 2131 2214 2239
f 2131 2239 2270
f 2131 2270 2233
f 2131 2233 2203
f 2131 2203 2176
f 2131 2176 2158
f 2131 2158 2143
f 2131 2143 2137
f 2132 2138 2134
f 2133 2135 2139
f 2133 2139 2142
f 2133 2142 2136
f 2134 2138 2140
f 2134 2140 2135
f 2135 2140 2141
f 2135 2141 2139
f 2137 2143 2144
f 2137 2144 2145
f 2137 2145 2146
f 2137 2146 2147
f 2137 2147 2148
f 2138 2149 2150
f 2138 2150 2151
f 2138 2151 2152
f 2138 2152 2140
f 2139 2141 2153
f 2139 2153 2157
f 2139 2157 2142
f 2140 2152 2141
f 2141 2152 2154
f 2141 2154 2155
f 2141 2155 2156
f 2141 2156 2153
f 2143 2158 2144
f 2144 2158 2176
f 2144 2176 2202
f 2144 2202 2234
f 2144 2234 2271
f 2144 2271 2293
f 2144 2293 2316
f 2144 2316 2324
f 2144 2324 2323
f 2144 2323 2333
f 2144 2333 2339
f 2144 2339 2337
f 2144 2337 2334
f 2144 2334 2328
f 2144 2328 2327
f 2144 2327 2326
f 2144 2326 2317
f 2144 2317 2296
f 2144 2296 2273
f 2144 2273 2235
f 2144 2235 2204
f 2144 2204 2177
f 2144 2177 2159
f 2144 2159 2145
f 2145 2159 2160
f 2145 2160 2146
f 2146 2160 2178
f 2146 2178 2161
f 2146 2161 2147
f 2147 2162 2148
f 2147 2161 2162
f 2149 2151 2150
f 2149 2163 2151
f 2151 2163 2164
f 2151 2164 2154
f 2151 2154 2152
f 2153 2156 2165
f 2153 2165 2166
f 2153 2166 2167
f 2153 2167 2157
f 2154 2164 2168
f 2154 2168 2169
f 2154 2169 2170
f 2154 2170 2155
f 2155 2170 2171
f 2155 2171 2172
f 2155 2172 2173
f 2155 2173 2174
f 2155 2174 2175
f 2155 2175 2165
f 2155 2165 2156
f 2159 2177 2160
f 2160 2162 2178
f 2160 2177 2179
f 2160 2179 2162
f 2161 2178 2162
f 2163 2180 2181
f 2163 2181 2168
f 2163 2168 2164
f 2165 2175 2182
f 2165 2182 2183
f 2165 2183 2184
f 2165 2184 2166
f 2166 2184 2185
f 2166 2185 2186
f 2166 2186 2187
f 2166 2187 2167
f 2168 2181 2169
f 2169 2188 2189
f 2169 2189 2190
f 2169 2190 2170
f 2169 2181 2191
f 2169 2191 2192
f 2169 2192 2193
f 2169 2193 2194
f 2169 2194 2188
f 2170 2195 2171
f 2170 2190 2195
f 2171 2173 2172
f 2171 2195 2189
f 2171 2189 2196
f 2171 2196 2197
f 2171 2197 2198
f 2171 2198 2173
f 2173 2199 2200
f 2173 2200 2174
f 2173 2198 2199
f 2174 2200 2201
f 2174 2201 2175
f 2175 2201 2183
f 2175 2183 2182
f 2176 2203 2202
f 2177 2204 2179
f 2179 2204 2205
f 2180 2193 2181
f 2181 2192 2191
f 2181 2193 2192
f 2183 2206 2207
f 2183 2207 2184
f 2183 2201 2208
f 2183 2208 2209
f 2183 2209 2210
f 2183 2210 2211
f 2183 2211 2212
f 2183 2212 2206
f 2184 2207 2213
f 2184 2213 2185
f 2185 2214 2215
f 2185 2215 2186
f 2185 2213 2214
f 2188 2194 2189
f 2189 2195 2190
f 2189 2194 2196
f 2193 2216 2194
f 2194 2216 2217
f 2194 2217 2218
f 2194 2218 2219
f 2194 2219 2220
f 2194 2220 2221
f 2194 2221 2196
f 2196 2221 2222
f 2196 2222 2223
f 2196 2223 2224
f 2196 2224 2197
f 2197 2225 2226
f 2197 2226 2198
f 2197 2224 2225
f 2198 2226 2227
f 2198 2227 2228
f 2198 2228 2229
f 2198 2229 2230
f 2198 2230 2199
f 2199 2208 2231
f 2199 2231 2232
f 2199 2232 2200
f 2199 2230 2208
f 2200 2232 2208
f 2200 2208 2201
f 2202 2203 2233
f 2202 2233 2269
f 2202 2269 2234
f 2204 2235 2236
f 2204 2236 2205
f 2206 2212 2237
f 2206 2237 2238
f 2206 2238 2207
f 2207 2239 2214
f 2207 2214 2213
f 2207 2238 2240
f 2207 2240 2270
f 2207 2270 2239
f 2208 2232 2231
f 2208 2230 2241
f 2208 2241 2242
f 2208 2242 2243
f 2208 2243 2244
f 2208 2244 2209
f 2209 2237 2212
f 2209 2212 2211
f 2209 2211 2210
f 2209 2244 2245
f 2209 2245 2246
f 2209 2246 2247
f 2209 2247 2248
f 2209 2248 2249
f 2209 2249 2250
f 2209 2250 2237
f 2218 2251 2219
f 2219 2251 2252
f 2219 2252 2220
f 2220 2252 2253
f 2220 2253 2254
f 2220 2254 2223
f 2220 2223 2221
f 2221 2223 2222
f 2223 2254 2224
f 2224 2254 2255
f 2224 2255 2225
f 2225 2255 2226
f 2226 2255 2256
f 2226 2256 2227
f 2227 2256 2257
f 2227 2257 2258
f 2227 2258 2259
f 2227 2259 2260
f 2227 2260 2261
f 2227 2261 2262
f 2227 2262 2263
f 2227 2263 2264
f 2227 2264 2265
f 2227 2265 2266
f 2227 2266 2228
f 2228 2266 2267
f 2228 2267 2229
f 2229 2267 2268
f 2229 2268 2230
f 2230 2268 2241
f 2233 2270 2240
f 2233 2240 2269
f 2234 2269 2272
f 2234 2272 2271
f 2235 2273 2274
f 2235 2274 2236
f 2237 2250 2240
f 2237 2240 2238
f 2240 2250 2249
f 2240 2249 2275
f 2240 2275 2272
f 2240 2272 2269
f 2241 2246 2276
f 2241 2276 2243
f 2241 2243 2242
f 2241 2268 2277
f 2241 2277 2278
f 2241 2278 2279
f 2241 2279 2246
f 2243 2276 2246
f 2243 2246 2245
f 2243 2245 2244
f 2246 2279 2247
f 2247 2279 2248
f 2248 2279 2275
f 2248 2275 2249
f 2251 2280 2252
f 2252 2280 2281
f 2252 2281 2282
f 2252 2282 2258
f 2252 2258 2257
f 2252 2257 2283
f 2252 2283 2253
f 2253 2283 2256
f 2253 2256 2255
f 2253 2255 2254
f 2256 2283 2257
f 2258 2282 2259
f 2259 2282 2284
f 2259 2284 2260
f 2260 2284 2285
f 2260 2285 2286
f 2260 2286 2287
f 2260 2287 2288
f 2260 2288 2261
f 2261 2288 2289
f 2261 2289 2262
f 2262 2289 2264
f 2262 2264 2263
f 2264 2289 2290
f 2264 2290 2265
f 2265 2290 2291
f 2265 2291 2292
f 2265 2292 2268
f 2265 2268 2267
f 2265 2267 2266
f 2268 2292 2277
f 2271 2272 2294
f 2271 2294 2293
f 2272 2275 2295
f 2272 2295 2294
f 2273 2296 2297
f 2273 2297 2274
f 2274 2297 2296
f 2274 2296 2298
f 2275 2279 2295
f 2277 2299 2300
f 2277 2300 2301
f 2277 2301 2302
f 2277 2302 2278
f 2277 2292 2299
f 2278 2302 2303
f 2278 2303 2304
f 2278 2304 2305
f 2278 2305 2279
f 2279 2305 2294
f 2279 2294 2295
f 2280 2306 2281
f 2281 2285 2284
f 2281 2284 2282
f 2281 2306 2319
f 2281 2319 2331
f 2281 2331 2325
f 2281 2325 2307
f 2281 2307 2308
f 2281 2308 2309
f 2281 2309 2290
f 2281 2290 2287
f 2281 2287 2286
f 2281 2286 2285
f 2287 2290 2288
f 2288 2290 2289
f 2290 2309 2310
f 2290 2310 2311
f 2290 2311 2291
f 2291 2311 2312
f 2291 2312 2313
f 2291 2313 2314
f 2291 2314 2315
f 2291 2315 2299
f 2291 2299 2292
f 2293 2294 2316
f 2294 2305 2316
f 2296 2317 2318
f 2296 2318 2298
f 2298 2318 2319
f 2299 2315 2320
f 2299 2320 2321
f 2299 2321 2300
f 2300 2321 2320
f 2300 2320 2322
f 2300 2322 2303
f 2300 2303 2301
f 2301 2303 2302
f 2303 2322 2304
f 2304 2323 2324
f 2304 2324 2305
f 2304 2322 2323
f 2305 2324 2316
f 2307 2325 2326
f 2307 2326 2308
f 2308 2326 2327
f 2308 2327 2328
f 2308 2328 2329
f 2308 2329 2310
f 2308 2310 2309
f 2310 2329 2311
f 2311 2329 2312
f 2312 2329 2313
f 2313 2329 2314
f 2314 2329 2330
f 2314 2330 2320
f 2314 2320 2315
f 2317 2326 2331
f 2317 2331 2319
f 2317 2319 2318
f 2320 2330 2322
f 2322 2330 2332
f 2322 2332 2323
f 2323 2332 2333
f 2325 2331 2326
f 2328 2334 2335
f 2328 2335 2329
f 2329 2335 2336
f 2329 2336 2330
f 2330 2336 2337
f 2330 2337 2338
f 2330 2338 2332
f 2332 2338 2339
f 2332 2339 2333
f 2334 2337 2336
f 2334 2336 2335
f 2337 2339 2338

o geometry_21
v 0.00565886 0.01697351 0.00180008 0.13725490 0.19607843 0.36862745
v 0.00576425 0.01691354 0.00180008 0.13725490 0.19607843 0.36862745
v 0.00565886 0.01697452 -0.00499928 0.13725490 0.19607843 0.36862745
v 0.00565886 0.00952512 0.00180008 0.13725490 0.19607843 0.36862745
v 0.00651073 0.01648257 0.00180008 0.13725490 0.19607843 0.36862745
v 0.00737860 0.01598147 0.00180008 0.13725490 0.19607843 0.36862745
v 0.00565886 0.01697452 -0.00579938 0.13725490 0.19607843 0.36862745
v 0.00578816 0.00940823 0.00180008 0.13725490 0.19607843 0.36862745
v 0.00565886 0.00836639 0.00082576 0.13725490 0.19607843 0.36862745
v 0.00737860 0.01598147 -0.00619989 0.13725490 0.19607843 0.36862745
v 0.00737860 0.00819258 0.00180008 0.13725490 0.19607843 0.36862745
v 0.00651023 0.01648257 -0.00619989 0.13725490 0.19607843 0.36862745
v 0.00617251 0.01667671 -0.00619989 0.13725490 0.19607843 0.36862745
v 0.00596156 0.01679665 -0.00619989 0.13725490 0.19607843 0.36862745
v 0.00565886 0.01696944 -0.00608059 0.13725490 0.19607843 0.36862745
v 0.00616796 0.00909720 0.00180008 0.13725490 0.19607843 0.36862745
v 0.00565886 0.00815396 0.00061272 0.13725490 0.19607843 0.36862745
v 0.00737860 0.00661915 0.00051235 0.13725490 0.19607843 0.36862745
v 0.00737860 0.01597029 -0.00628890 0.13725490 0.19607843 0.36862745
v 0.00722842 0.01603534 -0.00646312 0.13725490 0.19607843 0.36862745
v 0.00737237 0.00819665 0.00180008 0.13725490 0.19607843 0.36862745
v 0.00565886 0.01696538 -0.00619989 0.13725490 0.19607843 0.36862745
v 0.00713398 0.00837452 0.00180008 0.13725490 0.19607843 0.36862745
v 0.00565886 0.00814481 0.00055402 0.13725490 0.19607843 0.36862745
v 0.00584489 0.00790697 0.00050478 0.13725490 0.19607843 0.36862745
v 0.00713819 0.00676145 0.00043187 0.13725490 0.19607843 0.36862745
v 0.00737860 0.00659069 -0.00541401 0.13725490 0.19607843 0.36862745
v 0.00737860 0.01587678 -0.00659663 0.13725490 0.19607843 0.36862745
v 0.00646427 0.01645615 -0.00647732 0.13725490 0.19607843 0.36862745
v 0.00737860 0.01587068 -0.00660894 0.13725490 0.19607843 0.36862745
v 0.00565886 0.01690032 -0.00644418 0.13725490 0.19607843 0.36862745
v 0.00565886 0.00809806 -0.00539886 0.13725490 0.19607843 0.36862745
v 0.00584372 0.00790697 -0.00230170 0.13725490 0.19607843 0.36862745
v 0.00713819 0.00676145 0.00035139 0.13725490 0.19607843 0.36862745
v 0.00737860 0.00659272 -0.00541685 0.13725490 0.19607843 0.36862745
v 0.00714324 0.00676755 -0.00244846 0.13725490 0.19607843 0.36862745
v 0.00714964 0.00677568 -0.00524925 0.13725490 0.19607843 0.36862745
v 0.00569708 0.01686882 -0.00648111 0.13725490 0.19607843 0.36862745
v 0.00708011 0.01595810 -0.00672919 0.13725490 0.19607843 0.36862745
v 0.00737860 0.01568569 -0.00689110 0.13725490 0.19607843 0.36862745
v 0.00565886 0.01688000 -0.00649153 0.13725490 0.19607843 0.36862745
v 0.00584456 0.00791002 -0.00510912 0.13725490 0.19607843 0.36862745
v 0.00584372 0.00790697 -0.00250338 0.13725490 0.19607843 0.36862745
v 0.00565886 0.00831252 -0.00565640 0.13725490 0.19607843 0.36862745
v 0.00737860 0.00675129 -0.00560432 0.13725490 0.19607843 0.36862745
v 0.00737860 0.01519781 -0.00758704 0.13725490 0.19607843 0.36862745
v 0.00565886 0.01678750 -0.00659947 0.13725490 0.19607843 0.36862745
v 0.00723230 0.01522728 -0.00763154 0.13725490 0.19607843 0.36862745
v 0.00565886 0.01023459 -0.00771391 0.13725490 0.19607843 0.36862745
v 0.00737860 0.00880549 -0.00759177 0.13725490 0.19607843 0.36862745
v 0.00737860 0.01502196 -0.00772528 0.13725490 0.19607843 0.36862745
v 0.00565886 0.01672550 -0.00667048 0.13725490 0.19607843 0.36862745
v 0.00697236 0.01528115 -0.00768267 0.13725490 0.19607843 0.36862745
v 0.00617251 0.01564605 -0.00764763 0.13725490 0.19607843 0.36862745
v 0.00565886 0.01658422 -0.00683050 0.13725490 0.19607843 0.36862745
v 0.00565886 0.01031793 -0.00775463 0.13725490 0.19607843 0.36862745
v 0.00737860 0.00899353 -0.00772528 0.13725490 0.19607843 0.36862745
v 0.00707000 0.00912566 -0.00767036 0.13725490 0.19607843 0.36862745
v 0.00737860 0.00899048 -0.00772338 0.13725490 0.19607843 0.36862745
v 0.00737860 0.01501383 -0.00772906 0.13725490 0.19607843 0.36862745
v 0.00736833 0.01502501 -0.00772622 0.13725490 0.19607843 0.36862745
v 0.00577250 0.01572838 -0.00771486 0.13725490 0.19607843 0.36862745
v 0.00565886 0.01584121 -0.00765048 0.13725490 0.19607843 0.36862745
v 0.00565886 0.01595200 -0.00753212 0.13725490 0.19607843 0.36862745
v 0.00565886 0.01060355 -0.00785121 0.13725490 0.19607843 0.36862745
v 0.00657235 0.00980362 -0.00780576 0.13725490 0.19607843 0.36862745
v 0.00737860 0.00939807 -0.00785594 0.13725490 0.19607843 0.36862745
v 0.00737237 0.00940417 -0.00785689 0.13725490 0.19607843 0.36862745
v 0.00697236 0.01500265 -0.00781902 0.13725490 0.19607843 0.36862745
v 0.00737860 0.01460320 -0.00786920 0.13725490 0.19607843 0.36862745
v 0.00577250 0.01540313 -0.00785026 0.13725490 0.19607843 0.36862745
v 0.00565886 0.01552611 -0.00781618 0.13725490 0.19607843 0.36862745
v 0.00565886 0.01575786 -0.00771960 0.13725490 0.19607843 0.36862745
v 0.00565886 0.01071739 -0.00786636 0.13725490 0.19607843 0.36862745
v 0.00577250 0.01060355 -0.00786446 0.13725490 0.19607843 0.36862745
v 0.00737860 0.00940417 -0.00785689 0.13725490 0.19607843 0.36862745
v 0.00697236 0.00980362 -0.00786731 0.13725490 0.19607843 0.36862745
v 0.00737860 0.00979752 -0.00787109 0.13725490 0.19607843 0.36862745
v 0.00737237 0.01460320 -0.00787015 0.13725490 0.19607843 0.36862745
v 0.00657235 0.01500265 -0.00786257 0.13725490 0.19607843 0.36862745
v 0.00737860 0.01459710 -0.00787015 0.13725490 0.19607843 0.36862745
v 0.00565886 0.01540313 -0.00785594 0.13725490 0.19607843 0.36862745
v 0.00565886 0.01100402 -0.00787109 0.13725490 0.19607843 0.36862745
v 0.00657235 0.01020409 -0.00787109 0.13725490 0.19607843 0.36862745
v 0.00737860 0.01420272 -0.00787109 0.13725490 0.19607843 0.36862745
v 0.00697236 0.01460320 -0.00787109 0.13725490 0.19607843 0.36862745
v 0.00617251 0.01500265 -0.00787109 0.13725490 0.19607843 0.36862745
v 0.00565886 0.01511649 -0.00787109 0.13725490 0.19607843 0.36862745
f 2340 2341 2342
f 2340 2342 2346
f 2340 2346 2354
f 2340 2354 2361
f 2340 2361 2370
f 2340 2370 2380
f 2340 2380 2386
f 2340 2386 2391
f 2340 2391 2394
f 2340 2394 2403
f 2340 2403 2402
f 2340 2402 2412
f 2340 2412 2411
f 2340 2411 2421
f 2340 2421 2427
f 2340 2427 2422
f 2340 2422 2413
f 2340 2413 2404
f 2340 2404 2395
f 2340 2395 2388
f 2340 2388 2383
f 2340 2383 2371
f 2340 2371 2363
f 2340 2363 2356
f 2340 2356 2348
f 2340 2348 2343
f 2340 2343 2347
f 2340 2347 2355
f 2340 2355 2362
f 2340 2362 2360
f 2340 2360 2350
f 2340 2350 2345
f 2340 2345 2344
f 2340 2344 2341
f 2341 2344 2342
f 2342 2344 2345
f 2342 2345 2349
f 2342 2349 2346
f 2343 2348 2347
f 2345 2350 2357
f 2345 2357 2366
f 2345 2366 2374
f 2345 2374 2384
f 2345 2384 2389
f 2345 2389 2398
f 2345 2398 2396
f 2345 2396 2406
f 2345 2406 2415
f 2345 2415 2417
f 2345 2417 2424
f 2345 2424 2420
f 2345 2420 2409
f 2345 2409 2399
f 2345 2399 2390
f 2345 2390 2385
f 2345 2385 2379
f 2345 2379 2369
f 2345 2369 2367
f 2345 2367 2358
f 2345 2358 2349
f 2346 2351 2352
f 2346 2352 2353
f 2346 2353 2354
f 2346 2349 2351
f 2347 2348 2355
f 2348 2356 2357
f 2348 2357 2355
f 2349 2358 2359
f 2349 2359 2351
f 2350 2360 2357
f 2351 2359 2352
f 2352 2359 2353
f 2353 2361 2354
f 2353 2359 2361
f 2355 2357 2362
f 2356 2363 2364
f 2356 2364 2357
f 2357 2364 2365
f 2357 2365 2366
f 2357 2360 2362
f 2358 2367 2359
f 2359 2368 2361
f 2359 2367 2369
f 2359 2369 2368
f 2361 2368 2370
f 2363 2371 2364
f 2364 2371 2372
f 2364 2372 2365
f 2365 2373 2366
f 2365 2372 2382
f 2365 2382 2373
f 2366 2373 2375
f 2366 2375 2376
f 2366 2376 2371
f 2366 2371 2374
f 2368 2377 2370
f 2368 2369 2378
f 2368 2378 2377
f 2369 2379 2378
f 2370 2377 2380
f 2371 2376 2381
f 2371 2381 2382
f 2371 2382 2372
f 2371 2383 2374
f 2373 2382 2381
f 2373 2381 2375
f 2374 2383 2384
f 2375 2381 2376
f 2377 2378 2379
f 2377 2379 2385
f 2377 2385 2380
f 2380 2385 2387
f 2380 2387 2386
f 2383 2388 2384
f 2384 2388 2389
f 2385 2390 2387
f 2386 2387 2391
f 2387 2390 2392
f 2387 2392 2393
f 2387 2393 2394
f 2387 2394 2391
f 2388 2395 2396
f 2388 2396 2397
f 2388 2397 2389
f 2389 2397 2398
f 2390 2399 2400
f 2390 2400 2392
f 2392 2401 2393
f 2392 2400 2401
f 2393 2401 2402
f 2393 2402 2403
f 2393 2403 2394
f 2395 2404 2405
f 2395 2405 2396
f 2396 2398 2397
f 2396 2405 2407
f 2396 2407 2406
f 2399 2408 2400
f 2399 2409 2408
f 2400 2408 2401
f 2401 2410 2411
f 2401 2411 2412
f 2401 2412 2402
f 2401 2408 2410
f 2404 2413 2414
f 2404 2414 2407
f 2404 2407 2405
f 2406 2407 2415
f 2407 2414 2416
f 2407 2416 2417
f 2407 2417 2415
f 2408 2409 2418
f 2408 2418 2419
f 2408 2419 2410
f 2409 2420 2418
f 2410 2421 2411
f 2410 2419 2421
f 2413 2422 2423
f 2413 2423 2416
f 2413 2416 2414
f 2416 2423 2417
f 2417 2423 2422
f 2417 2422 2427
f 2417 2427 2426
f 2417 2426 2425
f 2417 2425 2424
f 2418 2420 2425
f 2418 2425 2426
f 2418 2426 2419
f 2419 2426 2421
f 2420 2424 2425
f 2421 2426 2427

o geometry_22
v -0.01102817 -0.00701928 -0.00787205 0.81960784 0.09411765 0.83529412
v -0.01462681 -0.00701928 -0.00787153 0.81960784 0.09411765 0.83529412
v -0.01542719 -0.00539663 -0.00787153 0.81960784 0.09411765 0.83529412
v -0.01102817 -0.00699646 -0.00787205 0.81960784 0.09411765 0.83529412
v -0.01020515 -0.00701928 -0.00787205 0.81960784 0.09411765 0.83529412
v -0.01500437 -0.00701928 -0.00783127 0.81960784 0.09411765 0.83529412
v -0.01502700 -0.00659641 -0.00786430 0.81960784 0.09411765 0.83529412
v -0.01542719 -0.00579650 -0.00785501 0.81960784 0.09411765 0.83529412
v -0.01557019 -0.00525332 -0.00785966 0.81960784 0.09411765 0.83529412
v -0.01542719 -0.00525332 -0.00787153 0.81960784 0.09411765 0.83529412
v -0.01062798 -0.00659641 -0.00787205 0.81960784 0.09411765 0.83529412
v -0.00982759 -0.00699646 -0.00786998 0.81960784 0.09411765 0.83529412
v -0.00982759 -0.00701928 -0.00786998 0.81960784 0.09411765 0.83529412
v -0.01022778 -0.00659641 -0.00787205 0.81960784 0.09411765 0.83529412
v -0.01502906 -0.00701928 -0.00782404 0.81960784 0.09411765 0.83529412
v -0.01502700 -0.00699646 -0.00782920 0.81960784 0.09411765 0.83529412
v -0.01542719 -0.00619637 -0.00780443 0.81960784 0.09411765 0.83529412
v -0.01582738 -0.00525332 -0.00779771 0.81960784 0.09411765 0.83529412
v -0.01102817 -0.00525332 -0.00787153 0.81960784 0.09411765 0.83529412
v -0.00980496 -0.00701928 -0.00786947 0.81960784 0.09411765 0.83529412
v -0.01532329 -0.00701928 -0.00769551 0.81960784 0.09411765 0.83529412
v -0.01533872 -0.00699646 -0.00769293 0.81960784 0.09411765 0.83529412
v -0.01582738 -0.00539663 -0.00777500 0.81960784 0.09411765 0.83529412
v -0.01594364 -0.00525332 -0.00774919 0.81960784 0.09411765 0.83529412
v -0.01077098 -0.00525332 -0.00785088 0.81960784 0.09411765 0.83529412
v -0.00942843 -0.00701928 -0.00780391 0.81960784 0.09411765 0.83529412
v -0.01533357 -0.00701928 -0.00768931 0.81960784 0.09411765 0.83529412
v -0.01570393 -0.00619637 -0.00766815 0.81960784 0.09411765 0.83529412
v -0.01610001 -0.00525332 -0.00766144 0.81960784 0.09411765 0.83529412
v -0.01062798 -0.00525332 -0.00781836 0.81960784 0.09411765 0.83529412
v -0.00942843 -0.00699646 -0.00780030 0.81960784 0.09411765 0.83529412
v -0.00940168 -0.00701928 -0.00779668 0.81960784 0.09411765 0.83529412
v -0.01553213 -0.00701928 -0.00751226 0.81960784 0.09411765 0.83529412
v -0.01565044 -0.00645396 -0.00762272 0.81960784 0.09411765 0.83529412
v -0.01607017 -0.00539663 -0.00763924 0.81960784 0.09411765 0.83529412
v -0.01617100 -0.00525332 -0.00759898 0.81960784 0.09411765 0.83529412
v -0.01041296 -0.00525332 -0.00773061 0.81960784 0.09411765 0.83529412
v -0.00912494 -0.00701928 -0.00767073 0.81960784 0.09411765 0.83529412
v -0.01722548 -0.00701928 -0.00599825 0.81960784 0.09411765 0.83529412
v -0.01629959 -0.00525332 -0.00747458 0.81960784 0.09411765 0.83529412
v -0.01032449 -0.00525332 -0.00768209 0.81960784 0.09411765 0.83529412
v -0.00910437 -0.00701928 -0.00765783 0.81960784 0.09411765 0.83529412
v -0.01737363 -0.00701928 -0.00582326 0.81960784 0.09411765 0.83529412
v -0.01725223 -0.00686749 -0.00602200 0.81960784 0.09411765 0.83529412
v -0.01729956 -0.00659641 -0.00606484 0.81960784 0.09411765 0.83529412
v -0.01728927 -0.00539663 -0.00645870 0.81960784 0.09411765 0.83529412
v -0.01710512 -0.00525332 -0.00668376 0.81960784 0.09411765 0.83529412
v -0.01019589 -0.00525332 -0.00757627 0.81960784 0.09411765 0.83529412
v -0.00847682 -0.00701928 -0.00716073 0.81960784 0.09411765 0.83529412
v -0.00864862 -0.00701928 -0.00729907 0.81960784 0.09411765 0.83529412
v -0.00892433 -0.00701928 -0.00752103 0.81960784 0.09411765 0.83529412
v -0.01755983 -0.00701928 -0.00539998 0.81960784 0.09411765 0.83529412
v -0.01746930 -0.00659641 -0.00579952 0.81960784 0.09411765 0.83529412
v -0.01735717 -0.00619637 -0.00612782 0.81960784 0.09411765 0.83529412
v -0.01730882 -0.00525332 -0.00648348 0.81960784 0.09411765 0.83529412
v -0.00997368 -0.00525332 -0.00736927 0.81960784 0.09411765 0.83529412
v -0.00827209 -0.00701928 -0.00698264 0.81960784 0.09411765 0.83529412
v -0.00828958 -0.00701928 -0.00699864 0.81960784 0.09411765 0.83529412
v -0.01756189 -0.00699646 -0.00539998 0.81960784 0.09411765 0.83529412
v -0.01752692 -0.00619637 -0.00579952 0.81960784 0.09411765 0.83529412
v -0.01756704 -0.00701928 -0.00500044 0.81960784 0.09411765 0.83529412
v -0.01745902 -0.00539663 -0.00619957 0.81960784 0.09411765 0.83529412
v -0.01747856 -0.00525332 -0.00619957 0.81960784 0.09411765 0.83529412
v -0.00988932 -0.00525332 -0.00728616 0.81960784 0.09411765 0.83529412
v -0.00826489 -0.00701928 -0.00697593 0.81960784 0.09411765 0.83529412
v -0.01755881 -0.00579650 -0.00579952 0.81960784 0.09411765 0.83529412
v -0.01756704 -0.00659641 -0.00539998 0.81960784 0.09411765 0.83529412
v -0.01756704 -0.00539663 -0.00579952 0.81960784 0.09411765 0.83529412
v -0.01756704 -0.00701928 -0.00259909 0.81960784 0.09411765 0.83529412
v -0.01756704 -0.00525332 -0.00579952 0.81960784 0.09411765 0.83529412
v -0.00975764 -0.00525332 -0.00714369 0.81960784 0.09411765 0.83529412
v -0.00837188 -0.00672919 -0.00686030 0.81960784 0.09411765 0.83529412
v -0.00706226 -0.00701928 -0.00407438 0.81960784 0.09411765 0.83529412
v -0.01756704 -0.00525332 -0.00259909 0.81960784 0.09411765 0.83529412
v -0.00890170 -0.00701928 -0.00259909 0.81960784 0.09411765 0.83529412
v -0.00963727 -0.00525332 -0.00698729 0.81960784 0.09411765 0.83529412
v -0.00837394 -0.00525332 -0.00405374 0.81960784 0.09411765 0.83529412
v -0.00720937 -0.00677102 -0.00401864 0.81960784 0.09411765 0.83529412
v -0.00957760 -0.00525332 -0.00689902 0.81960784 0.09411765 0.83529412
v -0.00705814 -0.00701928 -0.00383900 0.81960784 0.09411765 0.83529412
v -0.00980187 -0.00525332 -0.00259909 0.81960784 0.09411765 0.83529412
v -0.00740689 -0.00701928 -0.00351379 0.81960784 0.09411765 0.83529412
v -0.00978747 -0.00525418 -0.00259909 0.81960784 0.09411765 0.83529412
v -0.00837394 -0.00525332 -0.00394327 0.81960784 0.09411765 0.83529412
v -0.00720937 -0.00677102 -0.00396289 0.81960784 0.09411765 0.83529412
v -0.00705814 -0.00701928 -0.00383693 0.81960784 0.09411765 0.83529412
v -0.00978850 -0.00525332 -0.00260013 0.81960784 0.09411765 0.83529412
v -0.00706946 -0.00701928 -0.00382351 0.81960784 0.09411765 0.83529412
v -0.00731328 -0.00687458 -0.00369653 0.81960784 0.09411765 0.83529412
f 2428 2429 2430
f 2428 2430 2437
f 2428 2437 2431
f 2428 2431 2438
f 2428 2438 2441
f 2428 2441 2432
f 2428 2432 2440
f 2428 2440 2447
f 2428 2447 2453
f 2428 2453 2459
f 2428 2459 2465
f 2428 2465 2469
f 2428 2469 2478
f 2428 2478 2477
f 2428 2477 2476
f 2428 2476 2485
f 2428 2485 2484
f 2428 2484 2492
f 2428 2492 2500
f 2428 2500 2507
f 2428 2507 2513
f 2428 2513 2515
f 2428 2515 2509
f 2428 2509 2502
f 2428 2502 2496
f 2428 2496 2488
f 2428 2488 2479
f 2428 2479 2470
f 2428 2470 2466
f 2428 2466 2460
f 2428 2460 2454
f 2428 2454 2448
f 2428 2448 2442
f 2428 2442 2433
f 2428 2433 2429
f 2429 2433 2434
f 2429 2434 2430
f 2430 2435 2436
f 2430 2436 2437
f 2430 2434 2435
f 2431 2437 2438
f 2432 2439 2440
f 2432 2441 2439
f 2433 2442 2443
f 2433 2443 2434
f 2434 2443 2435
f 2435 2444 2445
f 2435 2445 2436
f 2435 2443 2444
f 2436 2445 2451
f 2436 2451 2456
f 2436 2456 2463
f 2436 2463 2467
f 2436 2467 2474
f 2436 2474 2482
f 2436 2482 2490
f 2436 2490 2497
f 2436 2497 2501
f 2436 2501 2508
f 2436 2508 2514
f 2436 2514 2511
f 2436 2511 2504
f 2436 2504 2506
f 2436 2506 2503
f 2436 2503 2498
f 2436 2498 2491
f 2436 2491 2483
f 2436 2483 2475
f 2436 2475 2468
f 2436 2468 2464
f 2436 2464 2457
f 2436 2457 2452
f 2436 2452 2446
f 2436 2446 2437
f 2437 2446 2441
f 2437 2441 2438
f 2439 2447 2440
f 2439 2441 2446
f 2439 2446 2447
f 2442 2448 2444
f 2442 2444 2443
f 2444 2448 2449
f 2444 2449 2450
f 2444 2450 2445
f 2445 2450 2451
f 2446 2452 2447
f 2447 2452 2453
f 2448 2454 2449
f 2449 2454 2455
f 2449 2455 2456
f 2449 2456 2451
f 2449 2451 2450
f 2452 2457 2453
f 2453 2458 2459
f 2453 2457 2458
f 2454 2460 2461
f 2454 2461 2455
f 2455 2461 2462
f 2455 2462 2456
f 2456 2462 2463
f 2457 2464 2459
f 2457 2459 2458
f 2459 2464 2465
f 2460 2466 2461
f 2461 2466 2462
f 2462 2466 2463
f 2463 2466 2467
f 2464 2468 2465
f 2465 2468 2469
f 2466 2470 2471
f 2466 2471 2472
f 2466 2472 2467
f 2467 2472 2473
f 2467 2473 2474
f 2468 2475 2476
f 2468 2476 2477
f 2468 2477 2478
f 2468 2478 2469
f 2470 2479 2480
f 2470 2480 2481
f 2470 2481 2472
f 2470 2472 2471
f 2472 2481 2482
f 2472 2482 2473
f 2473 2482 2474
f 2475 2483 2484
f 2475 2484 2485
f 2475 2485 2476
f 2479 2486 2487
f 2479 2487 2480
f 2479 2488 2486
f 2480 2489 2481
f 2480 2487 2489
f 2481 2489 2482
f 2482 2489 2490
f 2483 2491 2492
f 2483 2492 2484
f 2486 2493 2487
f 2486 2488 2494
f 2486 2494 2495
f 2486 2495 2493
f 2487 2493 2490
f 2487 2490 2489
f 2488 2496 2501
f 2488 2501 2497
f 2488 2497 2495
f 2488 2495 2494
f 2490 2493 2495
f 2490 2495 2497
f 2491 2498 2499
f 2491 2499 2492
f 2492 2499 2500
f 2496 2502 2510
f 2496 2510 2508
f 2496 2508 2501
f 2498 2503 2499
f 2499 2504 2505
f 2499 2505 2500
f 2499 2503 2506
f 2499 2506 2504
f 2500 2505 2507
f 2502 2509 2510
f 2504 2511 2512
f 2504 2512 2505
f 2505 2512 2513
f 2505 2513 2507
f 2508 2510 2514
f 2509 2515 2516
f 2509 2516 2510
f 2510 2516 2511
f 2510 2511 2514
f 2511 2516 2515
f 2511 2515 2513
f 2511 2513 2512

o geometry_23
v -0.00239115 -0.01888450 0.00340737 0.09411765 0.97254902 0.46666667
v -0.00238778 -0.01888661 0.00340737 0.09411765 0.97254902 0.46666667
v -0.00239115 -0.01888450 0.00500034 0.09411765 0.97254902 0.46666667
v -0.00239115 -0.01080108 0.00340737 0.09411765 0.97254902 0.46666667
v -0.00222713 -0.01897971 0.00340737 0.09411765 0.97254902 0.46666667
v -0.00222713 -0.01897971 0.00500034 0.09411765 0.97254902 0.46666667
v -0.00239115 -0.01885805 0.00540066 0.09411765 0.97254902 0.46666667
v -0.00239115 -0.00956863 0.00476129 0.09411765 0.97254902 0.46666667
v 0.00334718 -0.01053660 0.00346681 0.09411765 0.97254902 0.46666667
v -0.00238778 -0.01080108 0.00340737 0.09411765 0.97254902 0.46666667
v -0.00044767 -0.02000693 0.00340737 0.09411765 0.97254902 0.46666667
v -0.00044767 -0.02000693 0.00420058 0.09411765 0.97254902 0.46666667
v -0.00099364 -0.01969168 0.00460046 0.09411765 0.97254902 0.46666667
v -0.00174014 -0.01926005 0.00500034 0.09411765 0.97254902 0.46666667
v -0.00239115 -0.01881573 0.00562311 0.09411765 0.97254902 0.46666667
v -0.00043868 -0.02000164 0.00480980 0.09411765 0.97254902 0.46666667
v -0.00239115 -0.00956863 0.00485307 0.09411765 0.97254902 0.46666667
v 0.00334718 -0.00931050 0.00500209 0.09411765 0.97254902 0.46666667
v 0.00334718 -0.00950938 0.00472939 0.09411765 0.97254902 0.46666667
v 0.00334718 -0.01830160 0.00346681 0.09411765 0.97254902 0.46666667
v -0.00009773 -0.01112374 0.00340737 0.09411765 0.97254902 0.46666667
v -0.00062741 -0.01104228 0.00340737 0.09411765 0.97254902 0.46666667
v -0.00102734 -0.01098410 0.00340737 0.09411765 0.97254902 0.46666667
v -0.00185473 -0.01086667 0.00340737 0.09411765 0.97254902 0.46666667
v -0.00022748 -0.02011801 0.00340737 0.09411765 0.97254902 0.46666667
v -0.00022748 -0.02011801 0.00420058 0.09411765 0.97254902 0.46666667
v -0.00044598 -0.02000587 0.00460046 0.09411765 0.97254902 0.46666667
v -0.00064595 -0.01989162 0.00460046 0.09411765 0.97254902 0.46666667
v -0.00222713 -0.01883795 0.00564147 0.09411765 0.97254902 0.46666667
v -0.00239115 -0.01841162 0.00601382 0.09411765 0.97254902 0.46666667
v -0.00022748 -0.02003549 0.00484520 0.09411765 0.97254902 0.46666667
v -0.00080435 -0.01959118 0.00519439 0.09411765 0.97254902 0.46666667
v -0.00022748 -0.02009580 0.00460046 0.09411765 0.97254902 0.46666667
v 0.00334718 -0.00937926 0.00541334 0.09411765 0.97254902 0.46666667
v 0.00334718 -0.00931156 0.00502176 0.09411765 0.97254902 0.46666667
v -0.00239115 -0.00967230 0.00503268 0.09411765 0.97254902 0.46666667
v 0.00334718 -0.01830160 0.00543257 0.09411765 0.97254902 0.46666667
v 0.00039320 -0.02000799 0.00346681 0.09411765 0.97254902 0.46666667
v -0.00009773 -0.02011801 0.00340737 0.09411765 0.97254902 0.46666667
v 0.00017301 -0.02011801 0.00420058 0.09411765 0.97254902 0.46666667
v -0.00009773 -0.02009685 0.00460046 0.09411765 0.97254902 0.46666667
v -0.00239115 -0.01677610 0.00757969 0.09411765 0.97254902 0.46666667
v -0.00009773 -0.02003655 0.00484564 0.09411765 0.97254902 0.46666667
v -0.00022748 -0.01984296 0.00504536 0.09411765 0.97254902 0.46666667
v -0.00053754 -0.01961551 0.00521886 0.09411765 0.97254902 0.46666667
v -0.00239115 -0.01124540 0.00749535 0.09411765 0.97254902 0.46666667
v 0.00334718 -0.01111951 0.00768327 0.09411765 0.97254902 0.46666667
v 0.00188507 -0.01914580 0.00500034 0.09411765 0.97254902 0.46666667
v 0.00039320 -0.02000799 0.00420058 0.09411765 0.97254902 0.46666667
v 0.00334718 -0.01827197 0.00576602 0.09411765 0.97254902 0.46666667
v 0.00317586 -0.01839786 0.00560913 0.09411765 0.97254902 0.46666667
v 0.00168511 -0.01926111 0.00500034 0.09411765 0.97254902 0.46666667
v 0.00017301 -0.02011801 0.00346681 0.09411765 0.97254902 0.46666667
v 0.00039151 -0.02000693 0.00460046 0.09411765 0.97254902 0.46666667
v 0.00038421 -0.02000270 0.00480980 0.09411765 0.97254902 0.46666667
v 0.00017301 -0.02009685 0.00460046 0.09411765 0.97254902 0.46666667
v -0.00232038 -0.01678139 0.00758494 0.09411765 0.97254902 0.46666667
v -0.00239115 -0.01659732 0.00771867 0.09411765 0.97254902 0.46666667
v -0.00022748 -0.01964196 0.00524333 0.09411765 0.97254902 0.46666667
v 0.00017301 -0.02003655 0.00484564 0.09411765 0.97254902 0.46666667
v 0.00017301 -0.01984296 0.00504536 0.09411765 0.97254902 0.46666667
v -0.00009773 -0.01964301 0.00524333 0.09411765 0.97254902 0.46666667
v -0.00239115 -0.01144640 0.00773309 0.09411765 0.97254902 0.46666667
v 0.00334718 -0.01112903 0.00769070 0.09411765 0.97254902 0.46666667
v 0.00334718 -0.01826986 0.00577563 0.09411765 0.97254902 0.46666667
v 0.00239622 -0.01880727 0.00561524 0.09411765 0.97254902 0.46666667
v -0.00205413 -0.01679938 0.00760373 0.09411765 0.97254902 0.46666667
v -0.00009773 -0.01844653 0.00635645 0.09411765 0.97254902 0.46666667
v -0.00009773 -0.01835343 0.00644167 0.09411765 0.97254902 0.46666667
v -0.00142727 -0.01684063 0.00764525 0.09411765 0.97254902 0.46666667
v -0.00102734 -0.01686814 0.00767060 0.09411765 0.97254902 0.46666667
v -0.00062741 -0.01689776 0.00769245 0.09411765 0.97254902 0.46666667
v -0.00022748 -0.01693056 0.00771080 0.09411765 0.97254902 0.46666667
v -0.00142727 -0.01659520 0.00778160 0.09411765 0.97254902 0.46666667
v -0.00239115 -0.01634448 0.00781307 0.09411765 0.97254902 0.46666667
v -0.00005785 -0.01839998 0.00640408 0.09411765 0.97254902 0.46666667
v 0.00074875 -0.01959223 0.00519395 0.09411765 0.97254902 0.46666667
v 0.00048251 -0.01961445 0.00521842 0.09411765 0.97254902 0.46666667
v 0.00017301 -0.01964301 0.00524333 0.09411765 0.97254902 0.46666667
v 0.00334718 -0.01139668 0.00781831 0.09411765 0.97254902 0.46666667
v -0.00239115 -0.01179762 0.00786988 0.09411765 0.97254902 0.46666667
v 0.00334718 -0.01812175 0.00609773 0.09411765 0.97254902 0.46666667
v 0.00334718 -0.01810800 0.00611302 0.09411765 0.97254902 0.46666667
v 0.00217210 -0.01883689 0.00564234 0.09411765 0.97254902 0.46666667
v -0.00022748 -0.01712944 0.00753949 0.09411765 0.97254902 0.46666667
v -0.00009773 -0.01713050 0.00753949 0.09411765 0.97254902 0.46666667
v -0.00009773 -0.01706597 0.00759499 0.09411765 0.97254902 0.46666667
v -0.00009773 -0.01693056 0.00771080 0.09411765 0.97254902 0.46666667
v -0.00022748 -0.01659520 0.00784716 0.09411765 0.97254902 0.46666667
v -0.00062741 -0.01659520 0.00782836 0.09411765 0.97254902 0.46666667
v -0.00102734 -0.01659520 0.00780651 0.09411765 0.97254902 0.46666667
v -0.00239115 -0.01619532 0.00786857 0.09411765 0.97254902 0.46666667
v 0.00000338 -0.01839998 0.00640408 0.09411765 0.97254902 0.46666667
v 0.00334718 -0.01672321 0.00749709 0.09411765 0.97254902 0.46666667
v 0.00334718 -0.01651057 0.00770425 0.09411765 0.97254902 0.46666667
v 0.00334718 -0.01142207 0.00782705 0.09411765 0.97254902 0.46666667
v -0.00239115 -0.01219751 0.00787207 0.09411765 0.97254902 0.46666667
v 0.00257203 -0.01179656 0.00787207 0.09411765 0.97254902 0.46666667
v 0.00017301 -0.01713050 0.00753949 0.09411765 0.97254902 0.46666667
v 0.00017301 -0.01692950 0.00771036 0.09411765 0.97254902 0.46666667
v 0.00017301 -0.01659626 0.00784672 0.09411765 0.97254902 0.46666667
v -0.00009773 -0.01659520 0.00784716 0.09411765 0.97254902 0.46666667
v -0.00009773 -0.01619637 0.00787163 0.09411765 0.97254902 0.46666667
v -0.00182720 -0.01619532 0.00787163 0.09411765 0.97254902 0.46666667
v -0.00222713 -0.01619532 0.00787076 0.09411765 0.97254902 0.46666667
v -0.00239115 -0.01579543 0.00787163 0.09411765 0.97254902 0.46666667
v 0.00334718 -0.01621753 0.00783186 0.09411765 0.97254902 0.46666667
v 0.00297196 -0.01653490 0.00771823 0.09411765 0.97254902 0.46666667
v 0.00057238 -0.01689776 0.00769201 0.09411765 0.97254902 0.46666667
v 0.00334718 -0.01179656 0.00787207 0.09411765 0.97254902 0.46666667
v 0.00177161 -0.01219857 0.00787207 0.09411765 0.97254902 0.46666667
v 0.00097231 -0.01659626 0.00780651 0.09411765 0.97254902 0.46666667
v 0.00057238 -0.01659626 0.00782836 0.09411765 0.97254902 0.46666667
v 0.00334718 -0.01619637 0.00784016 0.09411765 0.97254902 0.46666667
v 0.00297196 -0.01619637 0.00785458 0.09411765 0.97254902 0.46666667
v 0.00257203 -0.01619637 0.00786551 0.09411765 0.97254902 0.46666667
v 0.00217210 -0.01619637 0.00787076 0.09411765 0.97254902 0.46666667
v 0.00177161 -0.01619637 0.00787163 0.09411765 0.97254902 0.46666667
v 0.00334718 -0.01219857 0.00787207 0.09411765 0.97254902 0.46666667
v 0.00334718 -0.01582082 0.00787076 0.09411765 0.97254902 0.46666667
v 0.00334718 -0.01579543 0.00787163 0.09411765 0.97254902 0.46666667
f 2517 2518 2519
f 2517 2519 2523
f 2517 2523 2531
f 2517 2531 2546
f 2517 2546 2558
f 2517 2558 2574
f 2517 2574 2591
f 2517 2591 2608
f 2517 2608 2622
f 2517 2622 2613
f 2517 2613 2597
f 2517 2597 2579
f 2517 2579 2562
f 2517 2562 2552
f 2517 2552 2533
f 2517 2533 2524
f 2517 2524 2520
f 2517 2520 2526
f 2517 2526 2540
f 2517 2540 2539
f 2517 2539 2538
f 2517 2538 2537
f 2517 2537 2555
f 2517 2555 2541
f 2517 2541 2527
f 2517 2527 2521
f 2517 2521 2518
f 2518 2521 2522
f 2518 2522 2519
f 2519 2522 2523
f 2520 2524 2525
f 2520 2525 2526
f 2521 2527 2528
f 2521 2528 2522
f 2522 2528 2529
f 2522 2529 2530
f 2522 2530 2523
f 2523 2530 2532
f 2523 2532 2531
f 2524 2533 2534
f 2524 2534 2535
f 2524 2535 2525
f 2525 2536 2555
f 2525 2555 2537
f 2525 2537 2538
f 2525 2538 2539
f 2525 2539 2540
f 2525 2540 2526
f 2525 2535 2534
f 2525 2534 2551
f 2525 2551 2550
f 2525 2550 2563
f 2525 2563 2580
f 2525 2580 2596
f 2525 2596 2612
f 2525 2612 2626
f 2525 2626 2635
f 2525 2635 2637
f 2525 2637 2636
f 2525 2636 2630
f 2525 2630 2623
f 2525 2623 2611
f 2525 2611 2610
f 2525 2610 2599
f 2525 2599 2598
f 2525 2598 2581
f 2525 2581 2566
f 2525 2566 2553
f 2525 2553 2536
f 2527 2541 2542
f 2527 2542 2528
f 2528 2542 2543
f 2528 2543 2544
f 2528 2544 2529
f 2529 2544 2530
f 2530 2544 2543
f 2530 2543 2532
f 2531 2545 2546
f 2531 2532 2547
f 2531 2547 2548
f 2531 2548 2545
f 2532 2543 2542
f 2532 2542 2549
f 2532 2549 2547
f 2533 2550 2551
f 2533 2551 2534
f 2533 2552 2550
f 2536 2553 2565
f 2536 2565 2554
f 2536 2554 2555
f 2541 2555 2569
f 2541 2569 2556
f 2541 2556 2542
f 2542 2556 2572
f 2542 2572 2557
f 2542 2557 2549
f 2545 2548 2558
f 2545 2558 2546
f 2547 2549 2559
f 2547 2559 2560
f 2547 2560 2548
f 2548 2560 2561
f 2548 2561 2558
f 2549 2557 2559
f 2550 2552 2562
f 2550 2562 2563
f 2553 2564 2565
f 2553 2566 2567
f 2553 2567 2568
f 2553 2568 2564
f 2554 2565 2556
f 2554 2556 2569
f 2554 2569 2555
f 2556 2565 2570
f 2556 2570 2571
f 2556 2571 2572
f 2557 2572 2576
f 2557 2576 2559
f 2558 2573 2574
f 2558 2561 2575
f 2558 2575 2573
f 2559 2576 2577
f 2559 2577 2560
f 2560 2577 2595
f 2560 2595 2578
f 2560 2578 2575
f 2560 2575 2561
f 2562 2579 2563
f 2563 2579 2580
f 2564 2568 2565
f 2565 2568 2570
f 2566 2581 2567
f 2567 2581 2582
f 2567 2582 2571
f 2567 2571 2570
f 2567 2570 2568
f 2571 2576 2572
f 2571 2582 2576
f 2573 2583 2574
f 2573 2575 2584
f 2573 2584 2585
f 2573 2585 2583
f 2574 2583 2586
f 2574 2586 2587
f 2574 2587 2588
f 2574 2588 2589
f 2574 2589 2590
f 2574 2590 2591
f 2575 2578 2592
f 2575 2592 2584
f 2576 2582 2593
f 2576 2593 2577
f 2577 2593 2594
f 2577 2594 2595
f 2578 2595 2609
f 2578 2609 2592
f 2579 2596 2580
f 2579 2597 2596
f 2581 2598 2582
f 2582 2598 2599
f 2582 2599 2600
f 2582 2600 2593
f 2583 2585 2601
f 2583 2601 2586
f 2584 2592 2585
f 2585 2592 2601
f 2586 2601 2587
f 2587 2601 2588
f 2588 2601 2589
f 2589 2601 2602
f 2589 2602 2603
f 2589 2603 2604
f 2589 2604 2618
f 2589 2618 2605
f 2589 2605 2606
f 2589 2606 2607
f 2589 2607 2590
f 2590 2607 2608
f 2590 2608 2591
f 2592 2609 2615
f 2592 2615 2602
f 2592 2602 2601
f 2593 2600 2610
f 2593 2610 2611
f 2593 2611 2594
f 2594 2611 2595
f 2595 2611 2609
f 2596 2597 2612
f 2597 2613 2614
f 2597 2614 2612
f 2599 2610 2600
f 2602 2615 2603
f 2603 2615 2604
f 2604 2615 2616
f 2604 2616 2617
f 2604 2617 2618
f 2605 2618 2634
f 2605 2634 2619
f 2605 2619 2620
f 2605 2620 2621
f 2605 2621 2608
f 2605 2608 2606
f 2606 2608 2607
f 2608 2621 2622
f 2609 2611 2615
f 2611 2623 2624
f 2611 2624 2616
f 2611 2616 2625
f 2611 2625 2615
f 2612 2614 2626
f 2613 2622 2620
f 2613 2620 2619
f 2613 2619 2627
f 2613 2627 2635
f 2613 2635 2626
f 2613 2626 2614
f 2615 2625 2616
f 2616 2624 2628
f 2616 2628 2629
f 2616 2629 2617
f 2617 2629 2630
f 2617 2630 2631
f 2617 2631 2632
f 2617 2632 2633
f 2617 2633 2634
f 2617 2634 2618
f 2619 2634 2635
f 2619 2635 2627
f 2620 2622 2621
f 2623 2629 2628
f 2623 2628 2624
f 2623 2630 2629
f 2630 2636 2631
f 2631 2636 2632
f 2632 2636 2633
f 2633 2636 2637
f 2633 2637 2634
f 2634 2637 2635

o geometry_24
v -0.01070964 -0.00299705 0.00570217 0.97647059 0.60392157 0.73725490
v -0.01092313 -0.00299617 0.00699980 0.97647059 0.60392157 0.73725490
v -0.01092313 -0.00299734 0.00699980 0.97647059 0.60392157 0.73725490
v -0.01072777 -0.00299734 0.00572220 0.97647059 0.60392157 0.73725490
v -0.01070964 -0.00299734 0.00548795 0.97647059 0.60392157 0.73725490
v -0.01070964 0.00000708 0.00512425 0.97647059 0.60392157 0.73725490
v -0.01121785 -0.00070668 0.00721555 0.97647059 0.60392157 0.73725490
v -0.01104129 -0.00299734 0.00739895 0.97647059 0.60392157 0.73725490
v -0.01070964 -0.00299734 -0.00393602 0.97647059 0.60392157 0.73725490
v -0.01126081 0.00000708 0.00699671 0.97647059 0.60392157 0.73725490
v -0.01070964 0.00000708 -0.00514118 0.97647059 0.60392157 0.73725490
v -0.01133869 0.00000708 0.00720785 0.97647059 0.60392157 0.73725490
v -0.01141589 0.00000708 0.00739895 0.97647059 0.60392157 0.73725490
v -0.01119704 -0.00299617 0.00763474 0.97647059 0.60392157 0.73725490
v -0.01119704 -0.00299734 0.00763474 0.97647059 0.60392157 0.73725490
v -0.01072374 -0.00299734 -0.00657442 0.97647059 0.60392157 0.73725490
v -0.01070964 -0.00299705 -0.00540471 0.97647059 0.60392157 0.73725490
v -0.01073314 -0.00299734 -0.00699823 0.97647059 0.60392157 0.73725490
v -0.01073381 -0.00299734 -0.00701210 0.97647059 0.60392157 0.73725490
v -0.01125813 0.00000708 -0.00699977 0.97647059 0.60392157 0.73725490
v -0.01150317 0.00000708 0.00751761 0.97647059 0.60392157 0.73725490
v -0.01159514 0.00000708 0.00763936 0.97647059 0.60392157 0.73725490
v -0.01151659 -0.00139661 0.00771179 0.97647059 0.60392157 0.73725490
v -0.01148974 -0.00179628 0.00772412 0.97647059 0.60392157 0.73725490
v -0.01142798 -0.00299617 0.00777036 0.97647059 0.60392157 0.73725490
v -0.01142798 -0.00299734 0.00777036 0.97647059 0.60392157 0.73725490
v -0.01081236 -0.00299734 -0.00720474 0.97647059 0.60392157 0.73725490
v -0.01121181 -0.00067756 -0.00722169 0.97647059 0.60392157 0.73725490
v -0.01141455 0.00000708 -0.00739892 0.97647059 0.60392157 0.73725490
v -0.01182810 0.00000708 0.00777498 0.97647059 0.60392157 0.73725490
v -0.01182810 -0.00099665 0.00782892 0.97647059 0.60392157 0.73725490
v -0.01182810 -0.00139661 0.00784741 0.97647059 0.60392157 0.73725490
v -0.01182810 -0.00179628 0.00786128 0.97647059 0.60392157 0.73725490
v -0.01182810 -0.00219624 0.00786899 0.97647059 0.60392157 0.73725490
v -0.01182810 -0.00259621 0.00787053 0.97647059 0.60392157 0.73725490
v -0.01182810 -0.00299734 0.00787053 0.97647059 0.60392157 0.73725490
v -0.01094193 -0.00299734 -0.00736502 0.97647059 0.60392157 0.73725490
v -0.01159514 0.00000708 -0.00763934 0.97647059 0.60392157 0.73725490
v -0.01150585 0.00000708 -0.00752221 0.97647059 0.60392157 0.73725490
v -0.01202413 0.00000708 0.00782276 0.97647059 0.60392157 0.73725490
v -0.01222822 0.00000708 0.00787207 0.97647059 0.60392157 0.73725490
v -0.01222822 -0.00099665 0.00787207 0.97647059 0.60392157 0.73725490
v -0.01582728 -0.00299734 0.00787053 0.97647059 0.60392157 0.73725490
v -0.01118630 -0.00299734 -0.00764242 0.97647059 0.60392157 0.73725490
v -0.01118630 -0.00299617 -0.00764242 0.97647059 0.60392157 0.73725490
v -0.01151525 -0.00139661 -0.00771177 0.97647059 0.60392157 0.73725490
v -0.01154144 -0.00099665 -0.00769328 0.97647059 0.60392157 0.73725490
v -0.01182810 0.00000708 -0.00777650 0.97647059 0.60392157 0.73725490
v -0.01582728 0.00000708 0.00787207 0.97647059 0.60392157 0.73725490
v -0.01302778 -0.00099665 0.00787207 0.97647059 0.60392157 0.73725490
v -0.01622740 -0.00179628 0.00787053 0.97647059 0.60392157 0.73725490
v -0.01622740 -0.00219624 0.00786899 0.97647059 0.60392157 0.73725490
v -0.01622740 -0.00259621 0.00786282 0.97647059 0.60392157 0.73725490
v -0.01622740 -0.00299734 0.00784895 0.97647059 0.60392157 0.73725490
v -0.01582728 -0.00019673 0.00787207 0.97647059 0.60392157 0.73725490
v -0.01142798 -0.00299734 -0.00777804 0.97647059 0.60392157 0.73725490
v -0.01142798 -0.00299617 -0.00777804 0.97647059 0.60392157 0.73725490
v -0.01148840 -0.00179628 -0.00772564 0.97647059 0.60392157 0.73725490
v -0.01182810 -0.00099665 -0.00782889 0.97647059 0.60392157 0.73725490
v -0.01222822 0.00000708 -0.00787051 0.97647059 0.60392157 0.73725490
v -0.01622740 0.00000708 0.00787053 0.97647059 0.60392157 0.73725490
v -0.01642343 0.00000708 0.00785512 0.97647059 0.60392157 0.73725490
v -0.01662752 -0.00019673 0.00783817 0.97647059 0.60392157 0.73725490
v -0.01662752 -0.00059669 0.00781505 0.97647059 0.60392157 0.73725490
v -0.01653420 -0.00299734 0.00771334 0.97647059 0.60392157 0.73725490
v -0.01182810 -0.00299734 -0.00787205 0.97647059 0.60392157 0.73725490
v -0.01182810 -0.00259621 -0.00787205 0.97647059 0.60392157 0.73725490
v -0.01182810 -0.00219624 -0.00786896 0.97647059 0.60392157 0.73725490
v -0.01182810 -0.00179628 -0.00786126 0.97647059 0.60392157 0.73725490
v -0.01182810 -0.00139661 -0.00784739 0.97647059 0.60392157 0.73725490
v -0.01622740 0.00000708 -0.00787051 0.97647059 0.60392157 0.73725490
v -0.01662752 0.00000708 0.00783817 0.97647059 0.60392157 0.73725490
v -0.01676917 0.00000708 0.00777190 0.97647059 0.60392157 0.73725490
v -0.01691619 -0.00019673 0.00770255 0.97647059 0.60392157 0.73725490
v -0.01689068 -0.00059669 0.00767943 0.97647059 0.60392157 0.73725490
v -0.01686450 -0.00099665 0.00765015 0.97647059 0.60392157 0.73725490
v -0.01684302 -0.00131721 0.00762241 0.97647059 0.60392157 0.73725490
v -0.01673359 -0.00299734 0.00747138 0.97647059 0.60392157 0.73725490
v -0.01262766 -0.00299734 -0.00787205 0.97647059 0.60392157 0.73725490
v -0.01222822 -0.00259621 -0.00787205 0.97647059 0.60392157 0.73725490
v -0.01643081 0.00000708 -0.00785509 0.97647059 0.60392157 0.73725490
v -0.01262766 -0.00299617 -0.00787205 0.97647059 0.60392157 0.73725490
v -0.01622740 -0.00179628 -0.00787051 0.97647059 0.60392157 0.73725490
v -0.01691619 0.00000708 0.00770255 0.97647059 0.60392157 0.73725490
v -0.01723911 -0.00008733 0.00721863 0.97647059 0.60392157 0.73725490
v -0.01713505 -0.00021114 0.00737121 0.97647059 0.60392157 0.73725490
v -0.01742037 -0.00299734 0.00659910 0.97647059 0.60392157 0.73725490
v -0.01725388 -0.00299734 0.00683027 0.97647059 0.60392157 0.73725490
v -0.01582728 -0.00299734 -0.00787051 0.97647059 0.60392157 0.73725490
v -0.01662752 -0.00019673 -0.00783814 0.97647059 0.60392157 0.73725490
v -0.01662752 0.00000708 -0.00783814 0.97647059 0.60392157 0.73725490
v -0.01622740 -0.00219624 -0.00786896 0.97647059 0.60392157 0.73725490
v -0.01723911 0.00000708 0.00721863 0.97647059 0.60392157 0.73725490
v -0.01733444 -0.00021114 0.00703370 0.97647059 0.60392157 0.73725490
v -0.01750899 -0.00059669 0.00659910 0.97647059 0.60392157 0.73725490
v -0.01756404 -0.00299734 0.00619995 0.97647059 0.60392157 0.73725490
v -0.01622740 -0.00299734 -0.00784893 0.97647059 0.60392157 0.73725490
v -0.01622740 -0.00259621 -0.00786280 0.97647059 0.60392157 0.73725490
v -0.01662752 -0.00059669 -0.00781502 0.97647059 0.60392157 0.73725490
v -0.01691619 -0.00019673 -0.00770252 0.97647059 0.60392157 0.73725490
v -0.01691619 0.00000708 -0.00770252 0.97647059 0.60392157 0.73725490
v -0.01733444 0.00000708 0.00703370 0.97647059 0.60392157 0.73725490
v -0.01743044 0.00000708 0.00681332 0.97647059 0.60392157 0.73725490
v -0.01752309 -0.00019673 0.00659910 0.97647059 0.60392157 0.73725490
v -0.01756605 -0.00259621 0.00619995 0.97647059 0.60392157 0.73725490
v -0.01756807 -0.00299734 0.00579926 0.97647059 0.60392157 0.73725490
v -0.01653420 -0.00299734 -0.00771331 0.97647059 0.60392157 0.73725490
v -0.01689068 -0.00059669 -0.00767941 0.97647059 0.60392157 0.73725490
v -0.01725388 -0.00299734 -0.00683025 0.97647059 0.60392157 0.73725490
v -0.01742037 -0.00299734 -0.00659908 0.97647059 0.60392157 0.73725490
v -0.01713505 -0.00021114 -0.00737118 0.97647059 0.60392157 0.73725490
v -0.01723911 -0.00008733 -0.00721861 0.97647059 0.60392157 0.73725490
v -0.01723911 0.00000708 -0.00721861 0.97647059 0.60392157 0.73725490
v -0.01752309 0.00000708 0.00659910 0.97647059 0.60392157 0.73725490
v -0.01754524 0.00000708 0.00640338 0.97647059 0.60392157 0.73725490
v -0.01756807 -0.00179628 0.00619995 0.97647059 0.60392157 0.73725490
v -0.01756739 -0.00219624 0.00619995 0.97647059 0.60392157 0.73725490
v -0.01756807 -0.00299734 -0.00579923 0.97647059 0.60392157 0.73725490
v -0.01684302 -0.00131721 -0.00762238 0.97647059 0.60392157 0.73725490
v -0.01686450 -0.00099665 -0.00765012 0.97647059 0.60392157 0.73725490
v -0.01673359 -0.00299734 -0.00747135 0.97647059 0.60392157 0.73725490
v -0.01750899 -0.00059669 -0.00659908 0.97647059 0.60392157 0.73725490
v -0.01733444 -0.00021114 -0.00703367 0.97647059 0.60392157 0.73725490
v -0.01756404 -0.00299734 -0.00619993 0.97647059 0.60392157 0.73725490
v -0.01726865 0.00000708 -0.00716159 0.97647059 0.60392157 0.73725490
v -0.01756807 0.00000708 0.00619995 0.97647059 0.60392157 0.73725490
v -0.01756807 -0.00179628 -0.00619993 0.97647059 0.60392157 0.73725490
v -0.01756739 -0.00219624 -0.00619993 0.97647059 0.60392157 0.73725490
v -0.01756605 -0.00259621 -0.00619993 0.97647059 0.60392157 0.73725490
v -0.01752309 -0.00019673 -0.00659908 0.97647059 0.60392157 0.73725490
v -0.01743380 0.00000708 -0.00680559 0.97647059 0.60392157 0.73725490
v -0.01733444 0.00000708 -0.00703367 0.97647059 0.60392157 0.73725490
v -0.01756807 0.00000708 -0.00619993 0.97647059 0.60392157 0.73725490
v -0.01752309 0.00000708 -0.00659908 0.97647059 0.60392157 0.73725490
f 2638 2639 2640
f 2638 2640 2641
f 2638 2641 2642
f 2638 2642 2646
f 2638 2646 2654
f 2638 2654 2648
f 2638 2648 2643
f 2638 2643 2639
f 2639 2644 2645
f 2639 2645 2640
f 2639 2643 2644
f 2640 2645 2652
f 2640 2652 2663
f 2640 2663 2673
f 2640 2673 2680
f 2640 2680 2691
f 2640 2691 2702
f 2640 2702 2715
f 2640 2715 2725
f 2640 2725 2724
f 2640 2724 2733
f 2640 2733 2743
f 2640 2743 2755
f 2640 2755 2761
f 2640 2761 2747
f 2640 2747 2746
f 2640 2746 2758
f 2640 2758 2744
f 2640 2744 2734
f 2640 2734 2726
f 2640 2726 2716
f 2640 2716 2703
f 2640 2703 2693
f 2640 2693 2681
f 2640 2681 2674
f 2640 2674 2664
f 2640 2664 2656
f 2640 2656 2655
f 2640 2655 2653
f 2640 2653 2646
f 2640 2646 2642
f 2640 2642 2641
f 2643 2647 2644
f 2643 2648 2657
f 2643 2657 2666
f 2643 2666 2676
f 2643 2676 2675
f 2643 2675 2685
f 2643 2685 2697
f 2643 2697 2708
f 2643 2708 2718
f 2643 2718 2728
f 2643 2728 2738
f 2643 2738 2750
f 2643 2750 2762
f 2643 2762 2769
f 2643 2769 2768
f 2643 2768 2771
f 2643 2771 2770
f 2643 2770 2763
f 2643 2763 2752
f 2643 2752 2751
f 2643 2751 2740
f 2643 2740 2739
f 2643 2739 2730
f 2643 2730 2721
f 2643 2721 2710
f 2643 2710 2709
f 2643 2709 2699
f 2643 2699 2698
f 2643 2698 2686
f 2643 2686 2678
f 2643 2678 2677
f 2643 2677 2667
f 2643 2667 2659
f 2643 2659 2658
f 2643 2658 2650
f 2643 2650 2649
f 2643 2649 2647
f 2644 2647 2649
f 2644 2649 2650
f 2644 2650 2645
f 2645 2650 2651
f 2645 2651 2652
f 2646 2653 2654
f 2648 2654 2653
f 2648 2653 2655
f 2648 2655 2656
f 2648 2656 2657
f 2650 2658 2651
f 2651 2659 2660
f 2651 2660 2661
f 2651 2661 2662
f 2651 2662 2663
f 2651 2663 2652
f 2651 2658 2659
f 2656 2664 2665
f 2656 2665 2657
f 2657 2665 2666
f 2659 2667 2660
f 2660 2667 2661
f 2661 2667 2662
f 2662 2667 2668
f 2662 2668 2669
f 2662 2669 2670
f 2662 2670 2671
f 2662 2671 2672
f 2662 2672 2673
f 2662 2673 2663
f 2664 2674 2675
f 2664 2675 2676
f 2664 2676 2666
f 2664 2666 2665
f 2667 2677 2668
f 2668 2677 2678
f 2668 2678 2669
f 2669 2678 2670
f 2670 2678 2671
f 2671 2678 2672
f 2672 2678 2679
f 2672 2679 2673
f 2673 2679 2687
f 2673 2687 2680
f 2674 2681 2682
f 2674 2682 2675
f 2675 2682 2683
f 2675 2683 2684
f 2675 2684 2685
f 2678 2686 2692
f 2678 2692 2687
f 2678 2687 2679
f 2680 2688 2689
f 2680 2689 2690
f 2680 2690 2691
f 2680 2687 2692
f 2680 2692 2688
f 2681 2693 2694
f 2681 2694 2682
f 2682 2694 2695
f 2682 2695 2683
f 2683 2695 2694
f 2683 2694 2685
f 2683 2685 2684
f 2685 2694 2696
f 2685 2696 2697
f 2686 2698 2688
f 2686 2688 2692
f 2688 2699 2700
f 2688 2700 2689
f 2688 2698 2699
f 2689 2700 2690
f 2690 2700 2691
f 2691 2700 2701
f 2691 2701 2702
f 2693 2703 2704
f 2693 2704 2694
f 2694 2704 2705
f 2694 2705 2706
f 2694 2706 2707
f 2694 2707 2696
f 2696 2707 2697
f 2697 2707 2706
f 2697 2706 2705
f 2697 2705 2704
f 2697 2704 2717
f 2697 2717 2708
f 2699 2709 2700
f 2700 2709 2710
f 2700 2710 2711
f 2700 2711 2701
f 2701 2711 2702
f 2702 2711 2712
f 2702 2712 2713
f 2702 2713 2714
f 2702 2714 2715
f 2703 2716 2719
f 2703 2719 2717
f 2703 2717 2704
f 2708 2717 2719
f 2708 2719 2716
f 2708 2716 2720
f 2708 2720 2718
f 2710 2721 2711
f 2711 2721 2730
f 2711 2730 2722
f 2711 2722 2723
f 2711 2723 2724
f 2711 2724 2725
f 2711 2725 2712
f 2712 2725 2713
f 2713 2725 2714
f 2714 2725 2715
f 2716 2726 2720
f 2718 2727 2728
f 2718 2720 2727
f 2720 2726 2729
f 2720 2729 2727
f 2722 2730 2739
f 2722 2739 2731
f 2722 2731 2724
f 2722 2724 2723
f 2724 2731 2732
f 2724 2732 2733
f 2726 2734 2735
f 2726 2735 2729
f 2727 2736 2737
f 2727 2737 2738
f 2727 2738 2728
f 2727 2729 2735
f 2727 2735 2734
f 2727 2734 2736
f 2731 2739 2740
f 2731 2740 2741
f 2731 2741 2732
f 2732 2741 2733
f 2733 2741 2742
f 2733 2742 2743
f 2734 2744 2736
f 2736 2744 2737
f 2737 2744 2745
f 2737 2745 2746
f 2737 2746 2747
f 2737 2747 2748
f 2737 2748 2749
f 2737 2749 2750
f 2737 2750 2738
f 2740 2751 2741
f 2741 2752 2753
f 2741 2753 2754
f 2741 2754 2742
f 2741 2751 2752
f 2742 2754 2743
f 2743 2754 2753
f 2743 2753 2763
f 2743 2763 2770
f 2743 2770 2764
f 2743 2764 2755
f 2744 2756 2757
f 2744 2757 2745
f 2744 2758 2756
f 2745 2757 2746
f 2746 2757 2756
f 2746 2756 2758
f 2747 2759 2760
f 2747 2760 2749
f 2747 2749 2748
f 2747 2761 2759
f 2749 2760 2762
f 2749 2762 2750
f 2752 2763 2753
f 2755 2764 2765
f 2755 2765 2766
f 2755 2766 2761
f 2759 2761 2767
f 2759 2767 2760
f 2760 2767 2768
f 2760 2768 2769
f 2760 2769 2762
f 2761 2766 2767
f 2764 2770 2771
f 2764 2771 2767
f 2764 2767 2765
f 2765 2767 2766
f 2767 2771 2768

o geometry_25
v -0.01756807 0.00326367 0.00231479 0.03529412 0.28235294 0.11764706
v -0.01756807 0.00326367 0.00579952 0.03529412 0.28235294 0.11764706
v -0.01756807 0.00573978 0.00231479 0.03529412 0.28235294 0.11764706
v -0.01053843 0.00326367 0.00231479 0.03529412 0.28235294 0.11764706
v -0.01756163 0.00326367 0.00619988 0.03529412 0.28235294 0.11764706
v -0.01756807 0.00500330 0.00579952 0.03529412 0.28235294 0.11764706
v -0.01756807 0.00573978 0.00539969 0.03529412 0.28235294 0.11764706
v -0.00946267 0.00573978 0.00231479 0.03529412 0.28235294 0.11764706
v -0.00818389 0.00573978 0.00375198 0.03529412 0.28235294 0.11764706
v -0.00919718 0.00352888 0.00396576 0.03529412 0.28235294 0.11764706
v -0.00944705 0.00326367 0.00387710 0.03529412 0.28235294 0.11764706
v -0.01740914 0.00326367 0.00659971 0.03529412 0.28235294 0.11764706
v -0.01755980 0.00340355 0.00619988 0.03529412 0.28235294 0.11764706
v -0.01756715 0.00540330 0.00579952 0.03529412 0.28235294 0.11764706
v -0.01755980 0.00573978 0.00579952 0.03529412 0.28235294 0.11764706
v -0.00818389 0.00573978 0.00375688 0.03529412 0.28235294 0.11764706
v -0.00840529 0.00517106 0.00396903 0.03529412 0.28235294 0.11764706
v -0.00919718 0.00352888 0.00405661 0.03529412 0.28235294 0.11764706
v -0.00941306 0.00326367 0.00420185 0.03529412 0.28235294 0.11764706
v -0.01740362 0.00340355 0.00659971 0.03529412 0.28235294 0.11764706
v -0.01753775 0.00460330 0.00619988 0.03529412 0.28235294 0.11764706
v -0.01754694 0.00420355 0.00619988 0.03529412 0.28235294 0.11764706
v -0.01755428 0.00380355 0.00619988 0.03529412 0.28235294 0.11764706
v -0.01724469 0.00326367 0.00682111 0.03529412 0.28235294 0.11764706
v -0.01751386 0.00500330 0.00619988 0.03529412 0.28235294 0.11764706
v -0.01745874 0.00540330 0.00619988 0.03529412 0.28235294 0.11764706
v -0.01737882 0.00573978 0.00622056 0.03529412 0.28235294 0.11764706
v -0.00822063 0.00573978 0.00421273 0.03529412 0.28235294 0.11764706
v -0.00831801 0.00540330 0.00410013 0.03529412 0.28235294 0.11764706
v -0.00840529 0.00517106 0.00402832 0.03529412 0.28235294 0.11764706
v -0.00939285 0.00573978 0.00704740 0.03529412 0.28235294 0.11764706
v -0.01061835 0.00326367 0.00699409 0.03529412 0.28235294 0.11764706
v -0.01737698 0.00420355 0.00658502 0.03529412 0.28235294 0.11764706
v -0.01736780 0.00460330 0.00656979 0.03529412 0.28235294 0.11764706
v -0.01724102 0.00340355 0.00681567 0.03529412 0.28235294 0.11764706
v -0.01658877 0.00326367 0.00761586 0.03529412 0.28235294 0.11764706
v -0.01734391 0.00500330 0.00652790 0.03529412 0.28235294 0.11764706
v -0.01728879 0.00540330 0.00645882 0.03529412 0.28235294 0.11764706
v -0.01732094 0.00573978 0.00629508 0.03529412 0.28235294 0.11764706
v -0.00939744 0.00573978 0.00705284 0.03529412 0.28235294 0.11764706
v -0.01076258 0.00326367 0.00726935 0.03529412 0.28235294 0.11764706
v -0.01067439 0.00326367 0.00711594 0.03529412 0.28235294 0.11764706
v -0.01720060 0.00460330 0.00676943 0.03529412 0.28235294 0.11764706
v -0.01651803 0.00326367 0.00770072 0.03529412 0.28235294 0.11764706
v -0.01715558 0.00500330 0.00672809 0.03529412 0.28235294 0.11764706
v -0.01645372 0.00448064 0.00762892 0.03529412 0.28235294 0.11764706
v -0.01722816 0.00573978 0.00640116 0.03529412 0.28235294 0.11764706
v -0.00958026 0.00573978 0.00723943 0.03529412 0.28235294 0.11764706
v -0.01101246 0.00326367 0.00755004 0.03529412 0.28235294 0.11764706
v -0.01081219 0.00326367 0.00732810 0.03529412 0.28235294 0.11764706
v -0.01683405 0.00444137 0.00720788 0.03529412 0.28235294 0.11764706
v -0.01647301 0.00420355 0.00765231 0.03529412 0.28235294 0.11764706
v -0.01651068 0.00340355 0.00769419 0.03529412 0.28235294 0.11764706
v -0.01633430 0.00326367 0.00778885 0.03529412 0.28235294 0.11764706
v -0.01622681 0.00420355 0.00778830 0.03529412 0.28235294 0.11764706
v -0.01625437 0.00460961 0.00772248 0.03529412 0.28235294 0.11764706
v -0.01615240 0.00500330 0.00770181 0.03529412 0.28235294 0.11764706
v -0.01606972 0.00540330 0.00763925 0.03529412 0.28235294 0.11764706
v -0.01640503 0.00474706 0.00757833 0.03529412 0.28235294 0.11764706
v -0.01602838 0.00560572 0.00760063 0.03529412 0.28235294 0.11764706
v -0.01599990 0.00573978 0.00757343 0.03529412 0.28235294 0.11764706
v -0.00980350 0.00573978 0.00743689 0.03529412 0.28235294 0.11764706
v -0.01114199 0.00326367 0.00767787 0.03529412 0.28235294 0.11764706
v -0.01622681 0.00326367 0.00783672 0.03529412 0.28235294 0.11764706
v -0.01622681 0.00340355 0.00783019 0.03529412 0.28235294 0.11764706
v -0.01582719 0.00460330 0.00786718 0.03529412 0.28235294 0.11764706
v -0.01582719 0.00500330 0.00783780 0.03529412 0.28235294 0.11764706
v -0.01582719 0.00540330 0.00777525 0.03529412 0.28235294 0.11764706
v -0.01583362 0.00573978 0.00770126 0.03529412 0.28235294 0.11764706
v -0.01585108 0.00573978 0.00769202 0.03529412 0.28235294 0.11764706
v -0.01000836 0.00573978 0.00761423 0.03529412 0.28235294 0.11764706
v -0.01111811 0.00340355 0.00769746 0.03529412 0.28235294 0.11764706
v -0.01122651 0.00326367 0.00772520 0.03529412 0.28235294 0.11764706
v -0.01029590 0.00540330 0.00770235 0.03529412 0.28235294 0.11764706
v -0.01020771 0.00573978 0.00773227 0.03529412 0.28235294 0.11764706
v -0.01596683 0.00326367 0.00786391 0.03529412 0.28235294 0.11764706
v -0.01582719 0.00420355 0.00787153 0.03529412 0.28235294 0.11764706
v -0.01542665 0.00540330 0.00787153 0.03529412 0.28235294 0.11764706
v -0.01542665 0.00573978 0.00785739 0.03529412 0.28235294 0.11764706
v -0.01549096 0.00573978 0.00784216 0.03529412 0.28235294 0.11764706
v -0.01142770 0.00326367 0.00781387 0.03529412 0.28235294 0.11764706
v -0.01024262 0.00573978 0.00774641 0.03529412 0.28235294 0.11764706
v -0.01582719 0.00326367 0.00787153 0.03529412 0.28235294 0.11764706
v -0.01382726 0.00573978 0.00787207 0.03529412 0.28235294 0.11764706
v -0.01509042 0.00573978 0.00787153 0.03529412 0.28235294 0.11764706
v -0.01142770 0.00340355 0.00783345 0.03529412 0.28235294 0.11764706
v -0.01156825 0.00326367 0.00784705 0.03529412 0.28235294 0.11764706
v -0.01102808 0.00420355 0.00780788 0.03529412 0.28235294 0.11764706
v -0.01062846 0.00540330 0.00783835 0.03529412 0.28235294 0.11764706
v -0.01062846 0.00573978 0.00786065 0.03529412 0.28235294 0.11764706
v -0.01182824 0.00326367 0.00787153 0.03529412 0.28235294 0.11764706
v -0.01222786 0.00500330 0.00787207 0.03529412 0.28235294 0.11764706
v -0.01382726 0.00540330 0.00787207 0.03529412 0.28235294 0.11764706
v -0.01102808 0.00573978 0.00787207 0.03529412 0.28235294 0.11764706
v -0.01102808 0.00460330 0.00785739 0.03529412 0.28235294 0.11764706
v -0.01142770 0.00380355 0.00786609 0.03529412 0.28235294 0.11764706
v -0.01069185 0.00573978 0.00786609 0.03529412 0.28235294 0.11764706
v -0.01102808 0.00500330 0.00787207 0.03529412 0.28235294 0.11764706
f 2772 2773 2777
f 2772 2777 2778
f 2772 2778 2774
f 2772 2774 2779
f 2772 2779 2775
f 2772 2775 2782
f 2772 2782 2790
f 2772 2790 2803
f 2772 2803 2813
f 2772 2813 2812
f 2772 2812 2821
f 2772 2821 2820
f 2772 2820 2834
f 2772 2834 2844
f 2772 2844 2852
f 2772 2852 2858
f 2772 2858 2862
f 2772 2862 2854
f 2772 2854 2847
f 2772 2847 2835
f 2772 2835 2825
f 2772 2825 2815
f 2772 2815 2807
f 2772 2807 2795
f 2772 2795 2783
f 2772 2783 2776
f 2772 2776 2773
f 2773 2776 2777
f 2774 2778 2786
f 2774 2786 2798
f 2774 2798 2810
f 2774 2810 2818
f 2774 2818 2832
f 2774 2832 2841
f 2774 2841 2840
f 2774 2840 2851
f 2774 2851 2850
f 2774 2850 2856
f 2774 2856 2855
f 2774 2855 2865
f 2774 2865 2868
f 2774 2868 2861
f 2774 2861 2853
f 2774 2853 2846
f 2774 2846 2842
f 2774 2842 2833
f 2774 2833 2819
f 2774 2819 2811
f 2774 2811 2802
f 2774 2802 2799
f 2774 2799 2787
f 2774 2787 2780
f 2774 2780 2779
f 2775 2779 2780
f 2775 2780 2781
f 2775 2781 2782
f 2776 2783 2784
f 2776 2784 2785
f 2776 2785 2777
f 2777 2785 2778
f 2778 2785 2786
f 2780 2787 2801
f 2780 2801 2788
f 2780 2788 2781
f 2781 2788 2801
f 2781 2801 2789
f 2781 2789 2790
f 2781 2790 2782
f 2783 2791 2792
f 2783 2792 2793
f 2783 2793 2794
f 2783 2794 2784
f 2783 2795 2791
f 2784 2794 2785
f 2785 2794 2793
f 2785 2793 2786
f 2786 2793 2792
f 2786 2792 2796
f 2786 2796 2797
f 2786 2797 2798
f 2787 2799 2800
f 2787 2800 2801
f 2789 2801 2800
f 2789 2800 2802
f 2789 2802 2803
f 2789 2803 2790
f 2791 2804 2805
f 2791 2805 2792
f 2791 2795 2804
f 2792 2805 2796
f 2795 2806 2805
f 2795 2805 2804
f 2795 2807 2806
f 2796 2805 2808
f 2796 2808 2797
f 2797 2808 2798
f 2798 2808 2809
f 2798 2809 2810
f 2799 2802 2800
f 2802 2811 2821
f 2802 2821 2812
f 2802 2812 2813
f 2802 2813 2803
f 2805 2814 2808
f 2805 2806 2807
f 2805 2807 2815
f 2805 2815 2814
f 2808 2816 2809
f 2808 2814 2817
f 2808 2817 2816
f 2809 2818 2810
f 2809 2816 2817
f 2809 2817 2818
f 2811 2819 2820
f 2811 2820 2821
f 2814 2822 2817
f 2814 2815 2823
f 2814 2823 2822
f 2815 2824 2823
f 2815 2825 2826
f 2815 2826 2824
f 2817 2823 2826
f 2817 2826 2827
f 2817 2827 2828
f 2817 2828 2829
f 2817 2829 2830
f 2817 2830 2818
f 2817 2822 2823
f 2818 2830 2831
f 2818 2831 2832
f 2819 2833 2834
f 2819 2834 2820
f 2823 2824 2826
f 2825 2835 2836
f 2825 2836 2826
f 2826 2836 2837
f 2826 2837 2838
f 2826 2838 2827
f 2827 2838 2839
f 2827 2839 2828
f 2828 2839 2840
f 2828 2840 2841
f 2828 2841 2829
f 2829 2841 2831
f 2829 2831 2830
f 2831 2841 2832
f 2833 2842 2834
f 2834 2843 2844
f 2834 2842 2845
f 2834 2845 2846
f 2834 2846 2843
f 2835 2847 2848
f 2835 2848 2837
f 2835 2837 2836
f 2837 2848 2849
f 2837 2849 2850
f 2837 2850 2838
f 2838 2850 2851
f 2838 2851 2839
f 2839 2851 2840
f 2842 2846 2845
f 2843 2846 2844
f 2844 2846 2852
f 2846 2853 2852
f 2847 2854 2848
f 2848 2854 2864
f 2848 2864 2855
f 2848 2855 2849
f 2849 2856 2850
f 2849 2855 2856
f 2852 2857 2858
f 2852 2853 2859
f 2852 2859 2860
f 2852 2860 2857
f 2853 2861 2860
f 2853 2860 2859
f 2854 2862 2869
f 2854 2869 2863
f 2854 2863 2864
f 2855 2864 2863
f 2855 2863 2869
f 2855 2869 2865
f 2857 2866 2867
f 2857 2867 2858
f 2857 2860 2866
f 2858 2867 2862
f 2860 2861 2866
f 2861 2868 2869
f 2861 2869 2866
f 2862 2867 2869
f 2865 2869 2868
f 2866 2869 2867

o geometry_26
v -0.01756807 0.00574049 -0.00039117 0.29411765 0.11764706 0.31764706
v -0.00951321 0.00574049 -0.00039117 0.29411765 0.11764706 0.31764706
v -0.01756703 0.00326367 0.00003872 0.29411765 0.11764706 0.31764706
v -0.01756807 0.00574049 0.00226976 0.29411765 0.11764706 0.31764706
v -0.01756807 0.00940436 -0.00039117 0.29411765 0.11764706 0.31764706
v -0.01065491 0.00326367 0.00003872 0.29411765 0.11764706 0.31764706
v -0.00945230 0.00578361 -0.00039117 0.29411765 0.11764706 0.31764706
v -0.01756703 0.00326367 0.00231452 0.29411765 0.11764706 0.31764706
v -0.01756807 0.00940436 0.00226976 0.29411765 0.11764706 0.31764706
v -0.01756497 0.00961362 -0.00039117 0.29411765 0.11764706 0.31764706
v -0.00944198 0.00326367 0.00106273 0.29411765 0.11764706 0.31764706
v -0.00907552 0.00623763 -0.00039117 0.29411765 0.11764706 0.31764706
v -0.00786363 0.00784953 -0.00039117 0.29411765 0.11764706 0.31764706
v -0.01053929 0.00326367 0.00231452 0.29411765 0.11764706 0.31764706
v -0.01756703 0.00574049 0.00231452 0.29411765 0.11764706 0.31764706
v -0.01756703 0.00947412 0.00226976 0.29411765 0.11764706 0.31764706
v -0.01756084 0.00980385 0.00226976 0.29411765 0.11764706 0.31764706
v -0.01756084 0.00980385 -0.00039117 0.29411765 0.11764706 0.31764706
v -0.00919423 0.00352239 0.00115940 0.29411765 0.11764706 0.31764706
v -0.00943682 0.00326367 0.00139859 0.29411765 0.11764706 0.31764706
v -0.00703265 0.00901375 -0.00039117 0.29411765 0.11764706 0.31764706
v -0.00702336 0.00738664 0.00067892 0.29411765 0.11764706 0.31764706
v -0.00946263 0.00574049 0.00231452 0.29411765 0.11764706 0.31764706
v -0.00961747 0.00326367 0.00160678 0.29411765 0.11764706 0.31764706
v -0.00703265 0.00900995 0.00226976 0.29411765 0.11764706 0.31764706
v -0.00702336 0.00902897 0.00226976 0.29411765 0.11764706 0.31764706
v -0.00702336 0.01621848 0.00226976 0.29411765 0.11764706 0.31764706
v -0.01641398 0.01079686 0.00226976 0.29411765 0.11764706 0.31764706
v -0.01716032 0.01036440 0.00226976 0.29411765 0.11764706 0.31764706
v -0.01720057 0.01033016 0.00226976 0.29411765 0.11764706 0.31764706
v -0.01739051 0.01016529 0.00226976 0.29411765 0.11764706 0.31764706
v -0.01753194 0.00986599 0.00226976 0.29411765 0.11764706 0.31764706
v -0.01747206 0.00999281 -0.00039117 0.29411765 0.11764706 0.31764706
v -0.00919423 0.00352239 0.00125317 0.29411765 0.11764706 0.31764706
v -0.00702336 0.00706451 0.00101902 0.29411765 0.11764706 0.31764706
v -0.00702336 0.00705056 0.00105425 0.29411765 0.11764706 0.31764706
v -0.00954831 0.00326367 0.00153367 0.29411765 0.11764706 0.31764706
v -0.00702336 0.00706705 0.00125026 0.29411765 0.11764706 0.31764706
v -0.00702749 0.00902263 -0.00039117 0.29411765 0.11764706 0.31764706
v -0.00702336 0.00903151 -0.00039117 0.29411765 0.11764706 0.31764706
v -0.00702336 0.00707973 0.00125873 0.29411765 0.11764706 0.31764706
v -0.00702336 0.01621974 -0.00019993 0.29411765 0.11764706 0.31764706
v -0.01641398 0.01079686 -0.00039117 0.29411765 0.11764706 0.31764706
v -0.01696005 0.01048108 -0.00039117 0.29411765 0.11764706 0.31764706
v -0.01716032 0.01036440 -0.00039117 0.29411765 0.11764706 0.31764706
v -0.01728006 0.01026168 -0.00039117 0.29411765 0.11764706 0.31764706
v -0.01739051 0.01016529 -0.00039117 0.29411765 0.11764706 0.31764706
v -0.00702336 0.00705056 0.00105690 0.29411765 0.11764706 0.31764706
v -0.00702336 0.01621974 -0.00039117 0.29411765 0.11764706 0.31764706
f 2870 2871 2875
f 2870 2875 2872
f 2870 2872 2877
f 2870 2877 2873
f 2870 2873 2878
f 2870 2878 2874
f 2870 2874 2879
f 2870 2879 2887
f 2870 2887 2902
f 2870 2902 2916
f 2870 2916 2915
f 2870 2915 2914
f 2870 2914 2913
f 2870 2913 2912
f 2870 2912 2918
f 2870 2918 2909
f 2870 2909 2908
f 2870 2908 2890
f 2870 2890 2882
f 2870 2882 2881
f 2870 2881 2876
f 2870 2876 2871
f 2871 2876 2875
f 2872 2875 2880
f 2872 2880 2889
f 2872 2889 2906
f 2872 2906 2893
f 2872 2893 2883
f 2872 2883 2877
f 2873 2877 2884
f 2873 2884 2878
f 2874 2878 2885
f 2874 2885 2879
f 2875 2876 2881
f 2875 2881 2882
f 2875 2882 2880
f 2877 2883 2892
f 2877 2892 2884
f 2878 2884 2885
f 2879 2886 2887
f 2879 2885 2886
f 2880 2888 2889
f 2880 2882 2890
f 2880 2890 2891
f 2880 2891 2888
f 2883 2893 2894
f 2883 2894 2895
f 2883 2895 2892
f 2884 2892 2896
f 2884 2896 2897
f 2884 2897 2898
f 2884 2898 2899
f 2884 2899 2900
f 2884 2900 2901
f 2884 2901 2886
f 2884 2886 2885
f 2886 2901 2887
f 2887 2901 2902
f 2888 2903 2889
f 2888 2891 2904
f 2888 2904 2905
f 2888 2905 2917
f 2888 2917 2903
f 2889 2903 2907
f 2889 2907 2906
f 2890 2908 2891
f 2891 2908 2909
f 2891 2909 2918
f 2891 2918 2911
f 2891 2911 2896
f 2891 2896 2895
f 2891 2895 2910
f 2891 2910 2907
f 2891 2907 2917
f 2891 2917 2905
f 2891 2905 2904
f 2892 2895 2896
f 2893 2906 2910
f 2893 2910 2894
f 2894 2910 2895
f 2896 2911 2897
f 2897 2912 2913
f 2897 2913 2898
f 2897 2911 2918
f 2897 2918 2912
f 2898 2913 2914
f 2898 2914 2899
f 2899 2914 2915
f 2899 2915 2900
f 2900 2915 2916
f 2900 2916 2902
f 2900 2902 2901
f 2903 2917 2907
f 2906 2907 2910

o geometry_27
v 0.01751208 -0.00314599 0.00116613 0.41176471 0.06274510 0.69019608
v 0.01075874 -0.00314599 0.00116613 0.41176471 0.06274510 0.69019608
v 0.01751208 -0.00489878 0.00116613 0.41176471 0.06274510 0.69019608
v 0.01751208 -0.00314599 -0.00579986 0.41176471 0.06274510 0.69019608
v 0.01062722 -0.00338244 0.00116613 0.41176471 0.06274510 0.69019608
v 0.00943576 -0.00314599 0.00008579 0.41176471 0.06274510 0.69019608
v 0.01028320 -0.00489878 0.00116613 0.41176471 0.06274510 0.69019608
v 0.01751208 -0.00489878 -0.00579986 0.41176471 0.06274510 0.69019608
v 0.01751034 -0.00314599 -0.00605026 0.41176471 0.06274510 0.69019608
v 0.00916403 -0.00356913 0.00000793 0.41176471 0.06274510 0.69019608
v 0.00872071 -0.00489878 0.00003713 0.41176471 0.06274510 0.69019608
v 0.00875991 -0.00489878 0.00006721 0.41176471 0.06274510 0.69019608
v 0.00940267 -0.00314599 -0.00001773 0.41176471 0.06274510 0.69019608
v 0.01750511 -0.00489878 -0.00589719 0.41176471 0.06274510 0.69019608
v 0.01750511 -0.00339651 -0.00619979 0.41176471 0.06274510 0.69019608
v 0.01750685 -0.00314599 -0.00619979 0.41176471 0.06274510 0.69019608
v 0.00939221 -0.00314599 -0.00020973 0.41176471 0.06274510 0.69019608
v 0.00938873 -0.00314599 -0.00300479 0.41176471 0.06274510 0.69019608
v 0.00916403 -0.00356913 -0.00005312 0.41176471 0.06274510 0.69019608
v 0.00861533 -0.00489878 -0.00022212 0.41176471 0.06274510 0.69019608
v 0.00864146 -0.00489878 -0.00011860 0.41176471 0.06274510 0.69019608
v 0.01746505 -0.00489878 -0.00619979 0.41176471 0.06274510 0.69019608
v 0.01748247 -0.00459644 -0.00619979 0.41176471 0.06274510 0.69019608
v 0.01749205 -0.00419629 -0.00619979 0.41176471 0.06274510 0.69019608
v 0.01749902 -0.00379649 -0.00619979 0.41176471 0.06274510 0.69019608
v 0.01741715 -0.00314599 -0.00645018 0.41176471 0.06274510 0.69019608
v 0.00940789 -0.00314599 -0.00579986 0.41176471 0.06274510 0.69019608
v 0.00917274 -0.00359641 -0.00280129 0.41176471 0.06274510 0.69019608
v 0.00862142 -0.00489878 -0.00301541 0.41176471 0.06274510 0.69019608
v 0.01742324 -0.00489878 -0.00629003 0.41176471 0.06274510 0.69019608
v 0.01731263 -0.00459644 -0.00656963 0.41176471 0.06274510 0.69019608
v 0.01735879 -0.00314599 -0.00659971 0.41176471 0.06274510 0.69019608
v 0.00948802 -0.00314599 -0.00607945 0.41176471 0.06274510 0.69019608
v 0.00913964 -0.00390047 -0.00603521 0.41176471 0.06274510 0.69019608
v 0.00876426 -0.00477095 -0.00601044 0.41176471 0.06274510 0.69019608
v 0.00873204 -0.00489878 -0.00604849 0.41176471 0.06274510 0.69019608
v 0.01729434 -0.00489878 -0.00653778 0.41176471 0.06274510 0.69019608
v 0.01732134 -0.00419629 -0.00658467 0.41176471 0.06274510 0.69019608
v 0.01734834 -0.00339651 -0.00659971 0.41176471 0.06274510 0.69019608
v 0.01725341 -0.00489878 -0.00658733 0.41176471 0.06274510 0.69019608
v 0.01714541 -0.00459644 -0.00676959 0.41176471 0.06274510 0.69019608
v 0.01646955 -0.00314599 -0.00770571 0.41176471 0.06274510 0.69019608
v 0.01654445 -0.00314599 -0.00761546 0.41176471 0.06274510 0.69019608
v 0.01666987 -0.00314599 -0.00746416 0.41176471 0.06274510 0.69019608
v 0.01719331 -0.00314599 -0.00682534 0.41176471 0.06274510 0.69019608
v 0.01725428 -0.00314599 -0.00674393 0.41176471 0.06274510 0.69019608
v 0.01042603 -0.00314599 -0.00713413 0.41176471 0.06274510 0.69019608
v 0.00946276 -0.00489878 -0.00682622 0.41176471 0.06274510 0.69019608
v 0.01705657 -0.00489878 -0.00679791 0.41176471 0.06274510 0.69019608
v 0.01639814 -0.00447341 -0.00762873 0.41176471 0.06274510 0.69019608
v 0.01641817 -0.00419629 -0.00765173 0.41176471 0.06274510 0.69019608
v 0.01617169 -0.00419629 -0.00778799 0.41176471 0.06274510 0.69019608
v 0.01617169 -0.00339651 -0.00782958 0.41176471 0.06274510 0.69019608
v 0.01617169 -0.00314599 -0.00784196 0.41176471 0.06274510 0.69019608
v 0.01062635 -0.00314599 -0.00733586 0.41176471 0.06274510 0.69019608
v 0.00987385 -0.00489878 -0.00725535 0.41176471 0.06274510 0.69019608
v 0.00969269 -0.00489878 -0.00706688 0.41176471 0.06274510 0.69019608
v 0.01685190 -0.00489878 -0.00701291 0.41176471 0.06274510 0.69019608
v 0.01635023 -0.00474006 -0.00757830 0.41176471 0.06274510 0.69019608
v 0.01612291 -0.00489878 -0.00770659 0.41176471 0.06274510 0.69019608
v 0.01619869 -0.00460262 -0.00772252 0.41176471 0.06274510 0.69019608
v 0.01577192 -0.00489878 -0.00784462 0.41176471 0.06274510 0.69019608
v 0.01577192 -0.00459644 -0.00786674 0.41176471 0.06274510 0.69019608
v 0.01577192 -0.00419629 -0.00787116 0.41176471 0.06274510 0.69019608
v 0.01577192 -0.00314599 -0.00787116 0.41176471 0.06274510 0.69019608
v 0.01071170 -0.00314599 -0.00741018 0.41176471 0.06274510 0.69019608
v 0.01086151 -0.00314599 -0.00753582 0.41176471 0.06274510 0.69019608
v 0.01013513 -0.00489878 -0.00746593 0.41176471 0.06274510 0.69019608
v 0.01644342 -0.00489878 -0.00742257 0.41176471 0.06274510 0.69019608
v 0.01631801 -0.00489878 -0.00754644 0.41176471 0.06274510 0.69019608
v 0.01537216 -0.00489878 -0.00787116 0.41176471 0.06274510 0.69019608
v 0.01177252 -0.00314599 -0.00787116 0.41176471 0.06274510 0.69019608
v 0.01093641 -0.00314599 -0.00759245 0.41176471 0.06274510 0.69019608
v 0.01033719 -0.00489878 -0.00762430 0.41176471 0.06274510 0.69019608
v 0.01137275 -0.00489878 -0.00787116 0.41176471 0.06274510 0.69019608
v 0.01137275 -0.00419629 -0.00787116 0.41176471 0.06274510 0.69019608
v 0.01097299 -0.00489878 -0.00786762 0.41176471 0.06274510 0.69019608
v 0.01137275 -0.00379649 -0.00786585 0.41176471 0.06274510 0.69019608
v 0.01137275 -0.00339651 -0.00784108 0.41176471 0.06274510 0.69019608
v 0.01137275 -0.00314599 -0.00781807 0.41176471 0.06274510 0.69019608
v 0.01106183 -0.00314599 -0.00768182 0.41176471 0.06274510 0.69019608
v 0.01057235 -0.00489878 -0.00775879 0.41176471 0.06274510 0.69019608
v 0.01097299 -0.00459644 -0.00785612 0.41176471 0.06274510 0.69019608
f 2919 2920 2923
f 2919 2923 2925
f 2919 2925 2921
f 2919 2921 2926
f 2919 2926 2922
f 2919 2922 2927
f 2919 2927 2934
f 2919 2934 2944
f 2919 2944 2950
f 2919 2950 2964
f 2919 2964 2963
f 2919 2963 2962
f 2919 2962 2961
f 2919 2961 2960
f 2919 2960 2972
f 2919 2972 2983
f 2919 2983 2990
f 2919 2990 2998
f 2919 2998 2999
f 2919 2999 2991
f 2919 2991 2985
f 2919 2985 2984
f 2919 2984 2973
f 2919 2973 2965
f 2919 2965 2951
f 2919 2951 2945
f 2919 2945 2936
f 2919 2936 2935
f 2919 2935 2931
f 2919 2931 2924
f 2919 2924 2920
f 2920 2924 2923
f 2921 2925 2930
f 2921 2930 2929
f 2921 2929 2939
f 2921 2939 2938
f 2921 2938 2947
f 2921 2947 2954
f 2921 2954 2966
f 2921 2966 2975
f 2921 2975 2974
f 2921 2974 2986
f 2921 2986 2992
f 2921 2992 3000
f 2921 3000 2995
f 2921 2995 2993
f 2921 2993 2989
f 2921 2989 2980
f 2921 2980 2978
f 2921 2978 2988
f 2921 2988 2987
f 2921 2987 2976
f 2921 2976 2967
f 2921 2967 2958
f 2921 2958 2955
f 2921 2955 2948
f 2921 2948 2940
f 2921 2940 2932
f 2921 2932 2926
f 2922 2926 2927
f 2923 2924 2928
f 2923 2928 2929
f 2923 2929 2930
f 2923 2930 2925
f 2924 2931 2928
f 2926 2932 2933
f 2926 2933 2934
f 2926 2934 2927
f 2928 2931 2935
f 2928 2935 2936
f 2928 2936 2937
f 2928 2937 2938
f 2928 2938 2939
f 2928 2939 2929
f 2932 2940 2941
f 2932 2941 2942
f 2932 2942 2943
f 2932 2943 2933
f 2933 2943 2944
f 2933 2944 2934
f 2936 2945 2937
f 2937 2945 2946
f 2937 2946 2947
f 2937 2947 2938
f 2940 2948 2949
f 2940 2949 2941
f 2941 2949 2950
f 2941 2950 2942
f 2942 2950 2944
f 2942 2944 2943
f 2945 2951 2952
f 2945 2952 2953
f 2945 2953 2947
f 2945 2947 2946
f 2947 2953 2954
f 2948 2955 2949
f 2949 2956 2957
f 2949 2957 2950
f 2949 2955 2958
f 2949 2958 2959
f 2949 2959 2960
f 2949 2960 2961
f 2949 2961 2962
f 2949 2962 2963
f 2949 2963 2956
f 2950 2957 2964
f 2951 2954 2952
f 2951 2965 2954
f 2952 2954 2953
f 2954 2965 2966
f 2956 2963 2964
f 2956 2964 2957
f 2958 2967 2968
f 2958 2968 2959
f 2959 2968 2969
f 2959 2969 2960
f 2960 2969 2970
f 2960 2970 2971
f 2960 2971 2972
f 2965 2973 2974
f 2965 2974 2975
f 2965 2975 2966
f 2967 2976 2968
f 2968 2976 2977
f 2968 2977 2978
f 2968 2978 2979
f 2968 2979 2970
f 2968 2970 2969
f 2970 2979 2980
f 2970 2980 2981
f 2970 2981 2971
f 2971 2981 2972
f 2972 2981 2982
f 2972 2982 2983
f 2973 2984 2974
f 2974 2984 2985
f 2974 2985 2986
f 2976 2987 2977
f 2977 2987 2988
f 2977 2988 2978
f 2978 2980 2979
f 2980 2989 2981
f 2981 2989 2982
f 2982 2989 2993
f 2982 2993 2994
f 2982 2994 2990
f 2982 2990 2983
f 2985 2991 2992
f 2985 2992 2986
f 2990 2994 2995
f 2990 2995 2996
f 2990 2996 2997
f 2990 2997 2998
f 2991 2999 2992
f 2992 2999 3000
f 2993 2995 2994
f 2995 3000 3001
f 2995 3001 2996
f 2996 3001 2997
f 2997 3001 2998
f 2998 3000 2999
f 2998 3001 3000

o geometry_28
v -0.00375795 0.00913518 0.00072461 0.56470588 0.26274510 0.52156863
v 0.00217510 0.00984632 0.00026740 0.56470588 0.26274510 0.52156863
v 0.00217510 0.00968279 0.00059976 0.56470588 0.26274510 0.52156863
v -0.00375795 0.00913518 0.00074884 0.56470588 0.26274510 0.52156863
v -0.00375795 0.01039070 -0.00060312 0.56470588 0.26274510 0.52156863
v 0.00217452 0.01092110 -0.00092322 0.56470588 0.26274510 0.52156863
v 0.00217510 0.01102116 -0.00092322 0.56470588 0.26274510 0.52156863
v -0.00375795 0.00914701 0.00095293 0.56470588 0.26274510 0.52156863
v 0.00217510 0.00983986 0.00094238 0.56470588 0.26274510 0.52156863
v 0.00057859 0.01103192 -0.00092322 0.56470588 0.26274510 0.52156863
v 0.00097699 0.01097382 -0.00092322 0.56470588 0.26274510 0.52156863
v 0.00217220 0.01092110 -0.00092322 0.56470588 0.26274510 0.52156863
v -0.00375795 0.01810247 -0.00060312 0.56470588 0.26274510 0.52156863
v -0.00009858 0.01113197 -0.00092322 0.56470588 0.26274510 0.52156863
v 0.00217510 0.01898468 -0.00092322 0.56470588 0.26274510 0.52156863
v -0.00375795 0.00925890 0.00113079 0.56470588 0.26274510 0.52156863
v -0.00375795 0.00943211 0.00129156 0.56470588 0.26274510 0.52156863
v 0.00217510 0.01090819 0.00188359 0.56470588 0.26274510 0.52156863
v -0.00375795 0.01810247 0.00198877 0.56470588 0.26274510 0.52156863
v -0.00347512 0.01826600 -0.00060312 0.56470588 0.26274510 0.52156863
v -0.00009858 0.02012509 -0.00092322 0.56470588 0.26274510 0.52156863
v 0.00217220 0.01898683 -0.00092322 0.56470588 0.26274510 0.52156863
v 0.00217510 0.01898468 0.00188359 0.56470588 0.26274510 0.52156863
v -0.00375795 0.01025837 0.00198877 0.56470588 0.26274510 0.52156863
v -0.00009858 0.01121374 0.00198877 0.56470588 0.26274510 0.52156863
v -0.00323295 0.01840587 0.00198877 0.56470588 0.26274510 0.52156863
v -0.00323295 0.01840587 -0.00059970 0.56470588 0.26274510 0.52156863
v -0.00099121 0.01970013 -0.00060312 0.56470588 0.26274510 0.52156863
v -0.00064798 0.01989809 -0.00060312 0.56470588 0.26274510 0.52156863
v -0.00044646 0.02001428 -0.00060312 0.56470588 0.26274510 0.52156863
v -0.00022809 0.02012509 -0.00060312 0.56470588 0.26274510 0.52156863
v 0.00017205 0.02012509 -0.00092322 0.56470588 0.26274510 0.52156863
v 0.00217220 0.01898683 0.00188359 0.56470588 0.26274510 0.52156863
v 0.00039216 0.02001428 -0.00092322 0.56470588 0.26274510 0.52156863
v -0.00009858 0.02012402 0.00198877 0.56470588 0.26274510 0.52156863
v -0.00055332 0.01995295 0.00198877 0.56470588 0.26274510 0.52156863
v -0.00044820 0.02001320 0.00198877 0.56470588 0.26274510 0.52156863
v -0.00022809 0.02012509 0.00020013 0.56470588 0.26274510 0.52156863
v 0.00034977 0.02003579 -0.00092322 0.56470588 0.26274510 0.52156863
v 0.00017205 0.02012509 -0.00019950 0.56470588 0.26274510 0.52156863
v 0.00039216 0.02001428 0.00188359 0.56470588 0.26274510 0.52156863
v 0.00017205 0.02012402 0.00188359 0.56470588 0.26274510 0.52156863
v -0.00009858 0.02012509 0.00020013 0.56470588 0.26274510 0.52156863
v -0.00022809 0.02012402 0.00198877 0.56470588 0.26274510 0.52156863
f 3002 3003 3004
f 3002 3004 3005
f 3002 3005 3009
f 3002 3009 3017
f 3002 3017 3018
f 3002 3018 3025
f 3002 3025 3020
f 3002 3020 3014
f 3002 3014 3006
f 3002 3006 3007
f 3002 3007 3003
f 3003 3007 3008
f 3003 3008 3016
f 3003 3016 3024
f 3003 3024 3019
f 3003 3019 3010
f 3003 3010 3004
f 3004 3009 3005
f 3004 3010 3009
f 3006 3011 3012
f 3006 3012 3013
f 3006 3013 3007
f 3006 3014 3022
f 3006 3022 3015
f 3006 3015 3011
f 3007 3013 3012
f 3007 3012 3011
f 3007 3011 3015
f 3007 3015 3022
f 3007 3022 3033
f 3007 3033 3040
f 3007 3040 3035
f 3007 3035 3023
f 3007 3023 3016
f 3007 3016 3008
f 3009 3010 3017
f 3010 3018 3017
f 3010 3019 3018
f 3014 3020 3021
f 3014 3021 3022
f 3016 3023 3034
f 3016 3034 3024
f 3018 3019 3025
f 3019 3024 3036
f 3019 3036 3026
f 3019 3026 3025
f 3020 3027 3021
f 3020 3025 3026
f 3020 3026 3036
f 3020 3036 3045
f 3020 3045 3038
f 3020 3038 3037
f 3020 3037 3027
f 3021 3027 3028
f 3021 3028 3029
f 3021 3029 3022
f 3022 3030 3031
f 3022 3031 3032
f 3022 3032 3039
f 3022 3039 3044
f 3022 3044 3041
f 3022 3041 3033
f 3022 3029 3030
f 3023 3035 3042
f 3023 3042 3034
f 3024 3034 3036
f 3027 3037 3028
f 3028 3037 3029
f 3029 3037 3030
f 3030 3037 3031
f 3031 3037 3038
f 3031 3038 3039
f 3031 3039 3032
f 3033 3041 3040
f 3034 3042 3036
f 3035 3040 3042
f 3036 3042 3043
f 3036 3043 3044
f 3036 3044 3039
f 3036 3039 3045
f 3038 3045 3039
f 3040 3041 3042
f 3041 3044 3043
f 3041 3043 3042

o geometry_29
v -0.01157130 -0.00525310 -0.00787205 0.09019608 0.57254902 0.92549020
v -0.01142820 -0.00419644 -0.00787205 0.09019608 0.57254902 0.92549020
v -0.01102770 -0.00525310 -0.00787205 0.09019608 0.57254902 0.92549020
v -0.01542694 -0.00525310 -0.00787156 0.09019608 0.57254902 0.92549020
v -0.01582745 -0.00419644 -0.00787156 0.09019608 0.57254902 0.92549020
v -0.01582745 -0.00299734 -0.00787156 0.09019608 0.57254902 0.92549020
v -0.01182780 -0.00299734 -0.00787156 0.09019608 0.57254902 0.92549020
v -0.01102770 -0.00499627 -0.00787205 0.09019608 0.57254902 0.92549020
v -0.01077119 -0.00525310 -0.00785081 0.09019608 0.57254902 0.92549020
v -0.01557004 -0.00525310 -0.00785950 0.09019608 0.57254902 0.92549020
v -0.01582745 -0.00459636 -0.00786722 0.09019608 0.57254902 0.92549020
v -0.01622705 -0.00299734 -0.00784937 0.09019608 0.57254902 0.92549020
v -0.01142820 -0.00299734 -0.00777939 0.09019608 0.57254902 0.92549020
v -0.01142820 -0.00339660 -0.00783489 0.09019608 0.57254902 0.92549020
v -0.01142820 -0.00379652 -0.00786674 0.09019608 0.57254902 0.92549020
v -0.01102770 -0.00459636 -0.00785853 0.09019608 0.57254902 0.92549020
v -0.01062809 -0.00525310 -0.00781800 0.09019608 0.57254902 0.92549020
v -0.01582745 -0.00525310 -0.00779773 0.09019608 0.57254902 0.92549020
v -0.01582745 -0.00499627 -0.00783778 0.09019608 0.57254902 0.92549020
v -0.01622705 -0.00419644 -0.00778808 0.09019608 0.57254902 0.92549020
v -0.01622705 -0.00339660 -0.00783006 0.09019608 0.57254902 0.92549020
v -0.01653395 -0.00299734 -0.00771328 0.09019608 0.57254902 0.92549020
v -0.01118610 -0.00299734 -0.00764331 0.09019608 0.57254902 0.92549020
v -0.01111500 -0.00339660 -0.00769929 0.09019608 0.57254902 0.92549020
v -0.01041299 -0.00525310 -0.00773066 0.09019608 0.57254902 0.92549020
v -0.01062809 -0.00499627 -0.00778084 0.09019608 0.57254902 0.92549020
v -0.01102770 -0.00419644 -0.00781028 0.09019608 0.57254902 0.92549020
v -0.01594355 -0.00525310 -0.00774899 0.09019608 0.57254902 0.92549020
v -0.01625405 -0.00460254 -0.00772245 0.09019608 0.57254902 0.92549020
v -0.01645385 -0.00447335 -0.00762884 0.09019608 0.57254902 0.92549020
v -0.01647365 -0.00419644 -0.00765200 0.09019608 0.57254902 0.92549020
v -0.01719996 -0.00459636 -0.00676939 0.09019608 0.57254902 0.92549020
v -0.01736736 -0.00459636 -0.00656961 0.09019608 0.57254902 0.92549020
v -0.01673376 -0.00299734 -0.00747152 0.09019608 0.57254902 0.92549020
v -0.01095480 -0.00299734 -0.00737983 0.09019608 0.57254902 0.92549020
v -0.00975778 -0.00525310 -0.00714386 0.09019608 0.57254902 0.92549020
v -0.00988919 -0.00525310 -0.00728622 0.09019608 0.57254902 0.92549020
v -0.00997379 -0.00525310 -0.00736922 0.09019608 0.57254902 0.92549020
v -0.01019609 -0.00525310 -0.00757624 0.09019608 0.57254902 0.92549020
v -0.01037969 -0.00499627 -0.00764476 0.09019608 0.57254902 0.92549020
v -0.01032389 -0.00525310 -0.00768192 0.09019608 0.57254902 0.92549020
v -0.01609925 -0.00525310 -0.00766165 0.09019608 0.57254902 0.92549020
v -0.01615325 -0.00499627 -0.00770170 0.09019608 0.57254902 0.92549020
v -0.01640525 -0.00473989 -0.00757817 0.09019608 0.57254902 0.92549020
v -0.01730886 -0.00525310 -0.00648372 0.09019608 0.57254902 0.92549020
v -0.01715586 -0.00499627 -0.00672838 0.09019608 0.57254902 0.92549020
v -0.01734396 -0.00499627 -0.00652811 0.09019608 0.57254902 0.92549020
v -0.01751406 -0.00499627 -0.00619997 0.09019608 0.57254902 0.92549020
v -0.01753746 -0.00459636 -0.00619997 0.09019608 0.57254902 0.92549020
v -0.01740336 -0.00339660 -0.00659953 0.09019608 0.57254902 0.92549020
v -0.01737636 -0.00419644 -0.00658505 0.09019608 0.57254902 0.92549020
v -0.01725396 -0.00299734 -0.00683068 0.09019608 0.57254902 0.92549020
v -0.01094220 -0.00299734 -0.00736487 0.09019608 0.57254902 0.92549020
v -0.01081259 -0.00299734 -0.00720466 0.09019608 0.57254902 0.92549020
v -0.00963808 -0.00525310 -0.00698751 0.09019608 0.57254902 0.92549020
v -0.01617125 -0.00525310 -0.00759892 0.09019608 0.57254902 0.92549020
v -0.01635305 -0.00499627 -0.00752701 0.09019608 0.57254902 0.92549020
v -0.01675626 -0.00499627 -0.00713035 0.09019608 0.57254902 0.92549020
v -0.01710546 -0.00525310 -0.00668350 0.09019608 0.57254902 0.92549020
v -0.01747806 -0.00525310 -0.00619997 0.09019608 0.57254902 0.92549020
v -0.01756717 -0.00525310 -0.00579993 0.09019608 0.57254902 0.92549020
v -0.01754736 -0.00419644 -0.00619997 0.09019608 0.57254902 0.92549020
v -0.01741956 -0.00299734 -0.00659953 0.09019608 0.57254902 0.92549020
v -0.00952108 -0.00299734 -0.00421857 0.09019608 0.57254902 0.92549020
v -0.00960028 -0.00514357 -0.00684564 0.09019608 0.57254902 0.92549020
v -0.00957778 -0.00525310 -0.00689920 0.09019608 0.57254902 0.92549020
v -0.01629995 -0.00525310 -0.00747442 0.09019608 0.57254902 0.92549020
v -0.01637285 -0.00525310 -0.00740300 0.09019608 0.57254902 0.92549020
v -0.01756356 -0.00299734 -0.00619997 0.09019608 0.57254902 0.92549020
v -0.01755996 -0.00339660 -0.00619997 0.09019608 0.57254902 0.92549020
v -0.01755456 -0.00379652 -0.00619997 0.09019608 0.57254902 0.92549020
v -0.01756807 -0.00525310 -0.00540037 0.09019608 0.57254902 0.92549020
v -0.01756807 -0.00499627 -0.00579993 0.09019608 0.57254902 0.92549020
v -0.00952108 -0.00299734 -0.00389767 0.09019608 0.57254902 0.92549020
v -0.00919798 -0.00352380 -0.00405740 0.09019608 0.57254902 0.92549020
v -0.00837447 -0.00525310 -0.00405402 0.09019608 0.57254902 0.92549020
v -0.01756807 -0.00299734 -0.00579993 0.09019608 0.57254902 0.92549020
v -0.01756807 -0.00525310 -0.00294268 0.09019608 0.57254902 0.92549020
v -0.00975328 -0.00299734 -0.00369741 0.09019608 0.57254902 0.92549020
v -0.00859767 -0.00525310 -0.00374277 0.09019608 0.57254902 0.92549020
v -0.00837447 -0.00525310 -0.00394303 0.09019608 0.57254902 0.92549020
v -0.00919798 -0.00352380 -0.00396378 0.09019608 0.57254902 0.92549020
v -0.00840597 -0.00516587 -0.00402651 0.09019608 0.57254902 0.92549020
v -0.01756807 -0.00299734 -0.00294268 0.09019608 0.57254902 0.92549020
v -0.00963988 -0.00525310 -0.00294268 0.09019608 0.57254902 0.92549020
v -0.01062359 -0.00299734 -0.00300252 0.09019608 0.57254902 0.92549020
v -0.01063979 -0.00299911 -0.00294268 0.09019608 0.57254902 0.92549020
v -0.01025549 -0.00381131 -0.00294268 0.09019608 0.57254902 0.92549020
v -0.00988739 -0.00461071 -0.00294268 0.09019608 0.57254902 0.92549020
v -0.00987119 -0.00464737 -0.00294268 0.09019608 0.57254902 0.92549020
v -0.00985138 -0.00469529 -0.00294268 0.09019608 0.57254902 0.92549020
v -0.00840597 -0.00516587 -0.00397247 0.09019608 0.57254902 0.92549020
v -0.01095480 -0.00299734 -0.00294268 0.09019608 0.57254902 0.92549020
f 3046 3047 3053
f 3046 3053 3048
f 3046 3048 3054
f 3046 3054 3062
f 3046 3062 3070
f 3046 3070 3086
f 3046 3086 3084
f 3046 3084 3083
f 3046 3083 3082
f 3046 3082 3081
f 3046 3081 3100
f 3046 3100 3111
f 3046 3111 3121
f 3046 3121 3126
f 3046 3126 3125
f 3046 3125 3130
f 3046 3130 3123
f 3046 3123 3117
f 3046 3117 3106
f 3046 3106 3105
f 3046 3105 3090
f 3046 3090 3104
f 3046 3104 3113
f 3046 3113 3112
f 3046 3112 3101
f 3046 3101 3087
f 3046 3087 3073
f 3046 3073 3063
f 3046 3063 3055
f 3046 3055 3049
f 3046 3049 3050
f 3046 3050 3051
f 3046 3051 3047
f 3047 3052 3053
f 3047 3051 3052
f 3048 3053 3054
f 3049 3055 3056
f 3049 3056 3050
f 3050 3057 3051
f 3050 3056 3057
f 3051 3057 3067
f 3051 3067 3079
f 3051 3079 3097
f 3051 3097 3108
f 3051 3108 3114
f 3051 3114 3122
f 3051 3122 3129
f 3051 3129 3138
f 3051 3138 3131
f 3051 3131 3124
f 3051 3124 3119
f 3051 3119 3109
f 3051 3109 3099
f 3051 3099 3098
f 3051 3098 3080
f 3051 3080 3068
f 3051 3068 3058
f 3051 3058 3052
f 3052 3058 3059
f 3052 3059 3060
f 3052 3060 3053
f 3053 3060 3061
f 3053 3061 3054
f 3054 3061 3062
f 3055 3063 3064
f 3055 3064 3056
f 3056 3064 3065
f 3056 3065 3066
f 3056 3066 3057
f 3057 3066 3067
f 3058 3068 3069
f 3058 3069 3070
f 3058 3070 3071
f 3058 3071 3072
f 3058 3072 3059
f 3059 3072 3062
f 3059 3062 3061
f 3059 3061 3060
f 3062 3072 3071
f 3062 3071 3070
f 3063 3073 3074
f 3063 3074 3064
f 3064 3074 3065
f 3065 3074 3075
f 3065 3075 3076
f 3065 3076 3067
f 3065 3067 3066
f 3067 3076 3077
f 3067 3077 3078
f 3067 3078 3079
f 3068 3080 3081
f 3068 3081 3082
f 3068 3082 3083
f 3068 3083 3084
f 3068 3084 3085
f 3068 3085 3086
f 3068 3086 3069
f 3069 3086 3070
f 3073 3087 3088
f 3073 3088 3074
f 3074 3088 3075
f 3075 3088 3087
f 3075 3087 3089
f 3075 3089 3090
f 3075 3090 3091
f 3075 3091 3092
f 3075 3092 3077
f 3075 3077 3076
f 3077 3092 3078
f 3078 3092 3093
f 3078 3093 3094
f 3078 3094 3095
f 3078 3095 3096
f 3078 3096 3097
f 3078 3097 3079
f 3080 3098 3081
f 3081 3099 3100
f 3081 3098 3099
f 3084 3086 3085
f 3087 3101 3089
f 3089 3101 3102
f 3089 3102 3103
f 3089 3103 3090
f 3090 3105 3092
f 3090 3092 3091
f 3090 3103 3102
f 3090 3102 3104
f 3092 3105 3093
f 3093 3105 3106
f 3093 3106 3094
f 3094 3106 3107
f 3094 3107 3108
f 3094 3108 3095
f 3095 3108 3097
f 3095 3097 3096
f 3099 3109 3110
f 3099 3110 3111
f 3099 3111 3100
f 3101 3112 3102
f 3102 3112 3113
f 3102 3113 3104
f 3106 3114 3115
f 3106 3115 3116
f 3106 3116 3107
f 3106 3117 3118
f 3106 3118 3114
f 3107 3116 3108
f 3108 3116 3115
f 3108 3115 3114
f 3109 3119 3127
f 3109 3127 3120
f 3109 3120 3110
f 3110 3120 3121
f 3110 3121 3111
f 3114 3118 3122
f 3117 3123 3129
f 3117 3129 3122
f 3117 3122 3118
f 3119 3124 3125
f 3119 3125 3126
f 3119 3126 3127
f 3120 3127 3137
f 3120 3137 3128
f 3120 3128 3121
f 3121 3128 3137
f 3121 3137 3126
f 3123 3130 3136
f 3123 3136 3135
f 3123 3135 3134
f 3123 3134 3133
f 3123 3133 3132
f 3123 3132 3138
f 3123 3138 3129
f 3124 3131 3132
f 3124 3132 3125
f 3125 3132 3133
f 3125 3133 3134
f 3125 3134 3135
f 3125 3135 3136
f 3125 3136 3130
f 3126 3137 3127
f 3131 3138 3132

o geometry_30
v 0.00753085 -0.00816047 0.00110599 0.31764706 0.66666667 0.12941176
v 0.00574068 -0.00816047 0.00217306 0.31764706 0.66666667 0.12941176
v 0.00782284 -0.00778549 0.00110599 0.31764706 0.66666667 0.12941176
v 0.01751295 -0.00816047 0.00110599 0.31764706 0.66666667 0.12941176
v 0.00567695 -0.00816047 0.00543919 0.31764706 0.66666667 0.12941176
v 0.00584728 -0.00790105 0.00231150 0.31764706 0.66666667 0.12941176
v 0.00881005 -0.00669400 0.00110599 0.31764706 0.66666667 0.12941176
v 0.00854702 -0.00696432 0.00110599 0.31764706 0.66666667 0.12941176
v 0.01751295 -0.00669400 0.00110599 0.31764706 0.66666667 0.12941176
v 0.01751295 -0.00816047 0.00459998 0.31764706 0.66666667 0.12941176
v 0.00838828 -0.00669400 0.00667583 0.31764706 0.66666667 0.12941176
v 0.00799433 -0.00669400 0.00627179 0.31764706 0.66666667 0.12941176
v 0.00785065 -0.00669400 0.00612408 0.31764706 0.66666667 0.12941176
v 0.00776954 -0.00669400 0.00604062 0.31764706 0.66666667 0.12941176
v 0.00760038 -0.00669400 0.00586576 0.31764706 0.66666667 0.12941176
v 0.00745786 -0.00669400 0.00571739 0.31764706 0.66666667 0.12941176
v 0.00737907 -0.00669400 0.00561803 0.31764706 0.66666667 0.12941176
v 0.00584844 -0.00790464 0.00531070 0.31764706 0.66666667 0.12941176
v 0.00584728 -0.00790105 0.00249299 0.31764706 0.66666667 0.12941176
v 0.00823765 -0.00816047 0.00766077 0.31764706 0.66666667 0.12941176
v 0.00834657 -0.00796235 0.00762699 0.31764706 0.66666667 0.12941176
v 0.00871619 -0.00752191 0.00765415 0.31764706 0.66666667 0.12941176
v 0.00918894 -0.00681502 0.00758460 0.31764706 0.66666667 0.12941176
v 0.00923528 -0.00669400 0.00753823 0.31764706 0.66666667 0.12941176
v 0.00714501 -0.00676191 0.00237310 0.31764706 0.66666667 0.12941176
v 0.00725625 -0.00669400 0.00233402 0.31764706 0.66666667 0.12941176
v 0.01751295 -0.00669400 0.00499938 0.31764706 0.66666667 0.12941176
v 0.01751295 -0.00779640 0.00499938 0.31764706 0.66666667 0.12941176
v 0.01750832 -0.00816047 0.00499938 0.31764706 0.66666667 0.12941176
v 0.00726204 -0.00669400 0.00539150 0.31764706 0.66666667 0.12941176
v 0.00724002 -0.00669400 0.00532460 0.31764706 0.66666667 0.12941176
v 0.00715196 -0.00676966 0.00525506 0.31764706 0.66666667 0.12941176
v 0.00714501 -0.00676191 0.00244861 0.31764706 0.66666667 0.12941176
v 0.00826315 -0.00816047 0.00767799 0.31764706 0.66666667 0.12941176
v 0.00908466 -0.00708176 0.00767402 0.31764706 0.66666667 0.12941176
v 0.00934536 -0.00669400 0.00763428 0.31764706 0.66666667 0.12941176
v 0.00724234 -0.00669400 0.00251286 0.31764706 0.66666667 0.12941176
v 0.01751063 -0.00669400 0.00539945 0.31764706 0.66666667 0.12941176
v 0.01750600 -0.00699648 0.00539945 0.31764706 0.66666667 0.12941176
v 0.01747935 -0.00739658 0.00539945 0.31764706 0.66666667 0.12941176
v 0.01742605 -0.00779640 0.00539945 0.31764706 0.66666667 0.12941176
v 0.01733799 -0.00816047 0.00542793 0.31764706 0.66666667 0.12941176
v 0.00857367 -0.00816047 0.00781113 0.31764706 0.66666667 0.12941176
v 0.00857831 -0.00781607 0.00770316 0.31764706 0.66666667 0.12941176
v 0.00896068 -0.00739185 0.00773098 0.31764706 0.66666667 0.12941176
v 0.00943805 -0.00669400 0.00769389 0.31764706 0.66666667 0.12941176
v 0.01739129 -0.00669400 0.00580681 0.31764706 0.66666667 0.12941176
v 0.01730902 -0.00739658 0.00573858 0.31764706 0.66666667 0.12941176
v 0.01725572 -0.00779640 0.00567566 0.31764706 0.66666667 0.12941176
v 0.01727426 -0.00816047 0.00551735 0.31764706 0.66666667 0.12941176
v 0.00860959 -0.00816047 0.00782438 0.31764706 0.66666667 0.12941176
v 0.00966052 -0.00669400 0.00779457 0.31764706 0.66666667 0.12941176
v 0.01722791 -0.00669400 0.00604923 0.31764706 0.66666667 0.12941176
v 0.01720590 -0.00809098 0.00562929 0.31764706 0.66666667 0.12941176
v 0.01719315 -0.00816047 0.00561870 0.31764706 0.66666667 0.12941176
v 0.00897342 -0.00816047 0.00786942 0.31764706 0.66666667 0.12941176
v 0.00897342 -0.00779640 0.00784425 0.31764706 0.66666667 0.12941176
v 0.00977292 -0.00669400 0.00782438 0.31764706 0.66666667 0.12941176
v 0.01554550 -0.00669400 0.00757466 0.31764706 0.66666667 0.12941176
v 0.01719779 -0.00686757 0.00602208 0.31764706 0.66666667 0.12941176
v 0.01705411 -0.00816047 0.00574057 0.31764706 0.66666667 0.12941176
v 0.00900934 -0.00816047 0.00787140 0.31764706 0.66666667 0.12941176
v 0.01007533 -0.00669400 0.00787008 0.31764706 0.66666667 0.12941176
v 0.00937317 -0.00739658 0.00785948 0.31764706 0.66666667 0.12941176
v 0.01536474 -0.00669400 0.00771045 0.31764706 0.66666667 0.12941176
v 0.01528363 -0.00699648 0.00769323 0.31764706 0.66666667 0.12941176
v 0.01521875 -0.00731030 0.00764355 0.31764706 0.66666667 0.12941176
v 0.01507160 -0.00816047 0.00747332 0.31764706 0.66666667 0.12941176
v 0.00937317 -0.00779640 0.00787207 0.31764706 0.66666667 0.12941176
v 0.01017266 -0.00669400 0.00787207 0.31764706 0.66666667 0.12941176
v 0.01417129 -0.00816047 0.00787140 0.31764706 0.66666667 0.12941176
v 0.01528595 -0.00669400 0.00774489 0.31764706 0.66666667 0.12941176
v 0.01460348 -0.00816047 0.00778993 0.31764706 0.66666667 0.12941176
v 0.01491981 -0.00779640 0.00771244 0.31764706 0.66666667 0.12941176
v 0.01485029 -0.00816047 0.00766607 0.31764706 0.66666667 0.12941176
v 0.01486767 -0.00816047 0.00765150 0.31764706 0.66666667 0.12941176
v 0.01377155 -0.00699648 0.00787207 0.31764706 0.66666667 0.12941176
v 0.01457220 -0.00669400 0.00787207 0.31764706 0.66666667 0.12941176
v 0.01420837 -0.00816047 0.00786942 0.31764706 0.66666667 0.12941176
v 0.01457220 -0.00739658 0.00787008 0.31764706 0.66666667 0.12941176
v 0.01457220 -0.00699648 0.00787140 0.31764706 0.66666667 0.12941176
v 0.01497195 -0.00669400 0.00785551 0.31764706 0.66666667 0.12941176
v 0.01497195 -0.00699648 0.00782901 0.31764706 0.66666667 0.12941176
v 0.01457220 -0.00816047 0.00780186 0.31764706 0.66666667 0.12941176
v 0.01487462 -0.00669400 0.00786611 0.31764706 0.66666667 0.12941176
v 0.01457220 -0.00779640 0.00784822 0.31764706 0.66666667 0.12941176
f 3139 3140 3141
f 3139 3141 3146
f 3139 3146 3145
f 3139 3145 3147
f 3139 3147 3142
f 3139 3142 3148
f 3139 3148 3167
f 3139 3167 3180
f 3139 3180 3188
f 3139 3188 3193
f 3139 3193 3199
f 3139 3199 3206
f 3139 3206 3214
f 3139 3214 3213
f 3139 3213 3211
f 3139 3211 3222
f 3139 3222 3217
f 3139 3217 3209
f 3139 3209 3200
f 3139 3200 3194
f 3139 3194 3189
f 3139 3189 3181
f 3139 3181 3172
f 3139 3172 3158
f 3139 3158 3143
f 3139 3143 3140
f 3140 3143 3144
f 3140 3144 3145
f 3140 3145 3146
f 3140 3146 3141
f 3142 3147 3165
f 3142 3165 3166
f 3142 3166 3148
f 3143 3149 3150
f 3143 3150 3151
f 3143 3151 3152
f 3143 3152 3153
f 3143 3153 3154
f 3143 3154 3155
f 3143 3155 3156
f 3143 3156 3157
f 3143 3157 3144
f 3143 3158 3159
f 3143 3159 3160
f 3143 3160 3161
f 3143 3161 3162
f 3143 3162 3149
f 3144 3157 3171
f 3144 3171 3163
f 3144 3163 3164
f 3144 3164 3145
f 3145 3164 3175
f 3145 3175 3169
f 3145 3169 3168
f 3145 3168 3155
f 3145 3155 3154
f 3145 3154 3153
f 3145 3153 3152
f 3145 3152 3151
f 3145 3151 3150
f 3145 3150 3149
f 3145 3149 3162
f 3145 3162 3174
f 3145 3174 3184
f 3145 3184 3190
f 3145 3190 3196
f 3145 3196 3201
f 3145 3201 3208
f 3145 3208 3216
f 3145 3216 3223
f 3145 3223 3220
f 3145 3220 3210
f 3145 3210 3203
f 3145 3203 3197
f 3145 3197 3191
f 3145 3191 3185
f 3145 3185 3176
f 3145 3176 3165
f 3145 3165 3147
f 3148 3166 3167
f 3155 3168 3156
f 3156 3168 3169
f 3156 3169 3170
f 3156 3170 3171
f 3156 3171 3157
f 3158 3172 3160
f 3158 3160 3159
f 3160 3173 3161
f 3160 3172 3173
f 3161 3174 3162
f 3161 3173 3174
f 3163 3171 3169
f 3163 3169 3175
f 3163 3175 3164
f 3165 3176 3166
f 3166 3176 3167
f 3167 3176 3177
f 3167 3177 3178
f 3167 3178 3179
f 3167 3179 3180
f 3169 3171 3170
f 3172 3181 3182
f 3172 3182 3173
f 3173 3182 3183
f 3173 3183 3184
f 3173 3184 3174
f 3176 3185 3177
f 3177 3185 3178
f 3178 3185 3179
f 3179 3185 3186
f 3179 3186 3180
f 3180 3186 3187
f 3180 3187 3188
f 3181 3189 3190
f 3181 3190 3183
f 3181 3183 3182
f 3183 3190 3184
f 3185 3191 3186
f 3186 3191 3187
f 3187 3191 3192
f 3187 3192 3188
f 3188 3192 3193
f 3189 3194 3195
f 3189 3195 3196
f 3189 3196 3190
f 3191 3197 3198
f 3191 3198 3192
f 3192 3198 3197
f 3192 3197 3193
f 3193 3197 3199
f 3194 3200 3201
f 3194 3201 3202
f 3194 3202 3195
f 3195 3202 3196
f 3196 3202 3201
f 3197 3203 3204
f 3197 3204 3205
f 3197 3205 3206
f 3197 3206 3199
f 3200 3207 3208
f 3200 3208 3201
f 3200 3209 3207
f 3203 3210 3211
f 3203 3211 3204
f 3204 3211 3212
f 3204 3212 3213
f 3204 3213 3205
f 3205 3213 3214
f 3205 3214 3206
f 3207 3209 3215
f 3207 3215 3216
f 3207 3216 3208
f 3209 3217 3218
f 3209 3218 3219
f 3209 3219 3216
f 3209 3216 3215
f 3210 3220 3221
f 3210 3221 3211
f 3211 3213 3212
f 3211 3221 3222
f 3216 3219 3223
f 3217 3222 3224
f 3217 3224 3218
f 3218 3224 3220
f 3218 3220 3223
f 3218 3223 3219
f 3220 3224 3221
f 3221 3224 3222

o geometry_31
v -0.00702232 0.01621975 -0.00340021 0.71372549 0.28627451 0.18039216
v -0.00800618 0.01565145 -0.00309136 0.71372549 0.28627451 0.18039216
v -0.00724738 0.01608947 -0.00309136 0.71372549 0.28627451 0.18039216
v -0.00702852 0.01621564 -0.00309136 0.71372549 0.28627451 0.18039216
v -0.00702232 0.01621872 -0.00309136 0.71372549 0.28627451 0.18039216
v -0.00702232 0.01621975 -0.00619955 0.71372549 0.28627451 0.18039216
v -0.01641490 0.01079729 -0.00309136 0.71372549 0.28627451 0.18039216
v -0.00702232 0.00900519 -0.00309136 0.71372549 0.28627451 0.18039216
v -0.00702232 0.01609767 -0.00659311 0.71372549 0.28627451 0.18039216
v -0.00728455 0.01603510 -0.00646301 0.71372549 0.28627451 0.18039216
v -0.00804851 0.01561452 -0.00643353 0.71372549 0.28627451 0.18039216
v -0.01083903 0.01400911 -0.00641107 0.71372549 0.28627451 0.18039216
v -0.01029806 0.01432814 -0.00619955 0.71372549 0.28627451 0.18039216
v -0.01641490 0.01079729 -0.00460006 0.71372549 0.28627451 0.18039216
v -0.01696103 0.01048134 -0.00309136 0.71372549 0.28627451 0.18039216
v -0.00796179 0.00590723 -0.00434549 0.71372549 0.28627451 0.18039216
v -0.00712040 0.00708179 -0.00433801 0.71372549 0.28627451 0.18039216
v -0.00702232 0.00733517 -0.00426641 0.71372549 0.28627451 0.18039216
v -0.00910979 0.00622216 -0.00309136 0.71372549 0.28627451 0.18039216
v -0.00702232 0.01608947 -0.00660761 0.71372549 0.28627451 0.18039216
v -0.00848417 0.01523086 -0.00683972 0.71372549 0.28627451 0.18039216
v -0.00875878 0.01516623 -0.00659966 0.71372549 0.28627451 0.18039216
v -0.01062842 0.01413734 -0.00619955 0.71372549 0.28627451 0.18039216
v -0.00922748 0.01480310 -0.00679948 0.71372549 0.28627451 0.18039216
v -0.01208614 0.01323770 -0.00644289 0.71372549 0.28627451 0.18039216
v -0.01282635 0.01280276 -0.00639797 0.71372549 0.28627451 0.18039216
v -0.01362851 0.01240372 -0.00600114 0.71372549 0.28627451 0.18039216
v -0.01104447 0.01389628 -0.00619955 0.71372549 0.28627451 0.18039216
v -0.01695999 0.01048134 -0.00460006 0.71372549 0.28627451 0.18039216
v -0.01716131 0.01036542 -0.00420043 0.71372549 0.28627451 0.18039216
v -0.01696103 0.01048134 -0.00420043 0.71372549 0.28627451 0.18039216
v -0.01716131 0.01036542 -0.00309136 0.71372549 0.28627451 0.18039216
v -0.00824673 0.00574003 -0.00421774 0.71372549 0.28627451 0.18039216
v -0.00810116 0.00574003 -0.00456965 0.71372549 0.28627451 0.18039216
v -0.00702232 0.00707564 -0.00460006 0.71372549 0.28627451 0.18039216
v -0.00760046 0.00636372 -0.00437591 0.71372549 0.28627451 0.18039216
v -0.00944119 0.00581388 -0.00309136 0.71372549 0.28627451 0.18039216
v -0.00702232 0.00714129 -0.00443815 0.71372549 0.28627451 0.18039216
v -0.00702232 0.01527907 -0.00768018 0.71372549 0.28627451 0.18039216
v -0.00702852 0.01527805 -0.00767971 0.71372549 0.28627451 0.18039216
v -0.00713589 0.01595816 -0.00672975 0.71372549 0.28627451 0.18039216
v -0.00840365 0.01479181 -0.00758331 0.71372549 0.28627451 0.18039216
v -0.00865348 0.01501852 -0.00701708 0.71372549 0.28627451 0.18039216
v -0.00896113 0.01489542 -0.00692770 0.71372549 0.28627451 0.18039216
v -0.01281397 0.01239038 -0.00679105 0.71372549 0.28627451 0.18039216
v -0.01302663 0.01251656 -0.00650373 0.71372549 0.28627451 0.18039216
v -0.01324550 0.01242115 -0.00641388 0.71372549 0.28627451 0.18039216
v -0.01407759 0.01204160 -0.00603717 0.71372549 0.28627451 0.18039216
v -0.01488491 0.01163948 -0.00564970 0.71372549 0.28627451 0.18039216
v -0.00882176 0.01479899 -0.00719397 0.71372549 0.28627451 0.18039216
v -0.00866484 0.01473437 -0.00742982 0.71372549 0.28627451 0.18039216
v -0.00887131 0.01443585 -0.00763572 0.71372549 0.28627451 0.18039216
v -0.01691457 0.01045569 -0.00488178 0.71372549 0.28627451 0.18039216
v -0.01715924 0.01035619 -0.00460006 0.71372549 0.28627451 0.18039216
v -0.01733888 0.01021155 -0.00309136 0.71372549 0.28627451 0.18039216
v -0.01739153 0.01016539 -0.00420043 0.71372549 0.28627451 0.18039216
v -0.00955372 0.00574003 -0.00309136 0.71372549 0.28627451 0.18039216
v -0.00810219 0.00574003 -0.00460006 0.71372549 0.28627451 0.18039216
v -0.00711421 0.00710026 -0.00487523 0.71372549 0.28627451 0.18039216
v -0.00702232 0.00733927 -0.00499409 0.71372549 0.28627451 0.18039216
v -0.00702232 0.01500313 -0.00781635 0.71372549 0.28627451 0.18039216
v -0.00702852 0.01500313 -0.00781589 0.71372549 0.28627451 0.18039216
v -0.00728145 0.01522573 -0.00762870 0.71372549 0.28627451 0.18039216
v -0.00782758 0.01491183 -0.00770545 0.71372549 0.28627451 0.18039216
v -0.00813729 0.01484823 -0.00765350 0.71372549 0.28627451 0.18039216
v -0.00862767 0.01451997 -0.00769468 0.71372549 0.28627451 0.18039216
v -0.01206756 0.01203853 -0.00763198 0.71372549 0.28627451 0.18039216
v -0.01650575 0.01049262 -0.00525614 0.71372549 0.28627451 0.18039216
v -0.01612170 0.01087012 -0.00527065 0.71372549 0.28627451 0.18039216
v -0.00931111 0.01406759 -0.00766193 0.71372549 0.28627451 0.18039216
v -0.01731410 0.01009974 -0.00488037 0.71372549 0.28627451 0.18039216
v -0.01737501 0.01015616 -0.00460006 0.71372549 0.28627451 0.18039216
v -0.01739153 0.01016539 -0.00309136 0.71372549 0.28627451 0.18039216
v -0.01754226 0.00980430 -0.00460006 0.71372549 0.28627451 0.18039216
v -0.01756187 0.00980430 -0.00420043 0.71372549 0.28627451 0.18039216
v -0.01743076 0.01008332 -0.00309136 0.71372549 0.28627451 0.18039216
v -0.01756807 0.00574003 -0.00309136 0.71372549 0.28627451 0.18039216
v -0.00801238 0.00598519 -0.00481158 0.71372549 0.28627451 0.18039216
v -0.00763453 0.00641193 -0.00477883 0.71372549 0.28627451 0.18039216
v -0.01000280 0.00574003 -0.00744526 0.71372549 0.28627451 0.18039216
v -0.00715550 0.00914881 -0.00766333 0.71372549 0.28627451 0.18039216
v -0.00702232 0.00938885 -0.00773399 0.71372549 0.28627451 0.18039216
v -0.00702232 0.01460306 -0.00787157 0.71372549 0.28627451 0.18039216
v -0.00702852 0.01460306 -0.00787157 0.71372549 0.28627451 0.18039216
v -0.00742805 0.01460306 -0.00786923 0.71372549 0.28627451 0.18039216
v -0.00782758 0.01460306 -0.00784116 0.71372549 0.28627451 0.18039216
v -0.00825395 0.01463691 -0.00774055 0.71372549 0.28627451 0.18039216
v -0.00862767 0.01420299 -0.00783086 0.71372549 0.28627451 0.18039216
v -0.00901378 0.01420197 -0.00771293 0.71372549 0.28627451 0.18039216
v -0.01182804 0.01212367 -0.00768907 0.71372549 0.28627451 0.18039216
v -0.01182804 0.01180259 -0.00782384 0.71372549 0.28627451 0.18039216
v -0.01221209 0.01177284 -0.00767831 0.71372549 0.28627451 0.18039216
v -0.01243921 0.01161897 -0.00760998 0.71372549 0.28627451 0.18039216
v -0.01688463 0.01007307 -0.00524164 0.71372549 0.28627451 0.18039216
v -0.01677210 0.01033978 -0.00514851 0.71372549 0.28627451 0.18039216
v -0.01716647 0.00980430 -0.00515647 0.71372549 0.28627451 0.18039216
v -0.01737501 0.00980430 -0.00495665 0.71372549 0.28627451 0.18039216
v -0.01749167 0.00900417 -0.00500017 0.71372549 0.28627451 0.18039216
v -0.01754122 0.00860410 -0.00500017 0.71372549 0.28627451 0.18039216
v -0.01756497 0.00940423 -0.00460006 0.71372549 0.28627451 0.18039216
v -0.01756394 0.00971300 -0.00309136 0.71372549 0.28627451 0.18039216
v -0.01756187 0.00980430 -0.00309136 0.71372549 0.28627451 0.18039216
v -0.01756807 0.00940423 -0.00420043 0.71372549 0.28627451 0.18039216
v -0.01756807 0.00940423 -0.00309136 0.71372549 0.28627451 0.18039216
v -0.01756807 0.00574003 -0.00540028 0.71372549 0.28627451 0.18039216
v -0.01013907 0.00574003 -0.00761654 0.71372549 0.28627451 0.18039216
v -0.00702439 0.00939192 -0.00774148 0.71372549 0.28627451 0.18039216
v -0.01023199 0.00574003 -0.00772417 0.71372549 0.28627451 0.18039216
v -0.00702232 0.00939295 -0.00773914 0.71372549 0.28627451 0.18039216
v -0.00702232 0.01020437 -0.00787157 0.71372549 0.28627451 0.18039216
v -0.00822814 0.01420299 -0.00787157 0.71372549 0.28627451 0.18039216
v -0.00943809 0.01382037 -0.00773914 0.71372549 0.28627451 0.18039216
v -0.00902824 0.01380293 -0.00785052 0.71372549 0.28627451 0.18039216
v -0.01102795 0.01220266 -0.00786034 0.71372549 0.28627451 0.18039216
v -0.01142851 0.01180259 -0.00786923 0.71372549 0.28627451 0.18039216
v -0.01182804 0.01140252 -0.00787017 0.71372549 0.28627451 0.18039216
v -0.01222757 0.01100348 -0.00786315 0.71372549 0.28627451 0.18039216
v -0.01262710 0.01060444 -0.00785145 0.71372549 0.28627451 0.18039216
v -0.01302663 0.01020437 -0.00783507 0.71372549 0.28627451 0.18039216
v -0.01222757 0.01140252 -0.00780091 0.71372549 0.28627451 0.18039216
v -0.01062842 0.01260272 -0.00784537 0.71372549 0.28627451 0.18039216
v -0.01252180 0.01140252 -0.00766661 0.71372549 0.28627451 0.18039216
v -0.01303696 0.01060444 -0.00771762 0.71372549 0.28627451 0.18039216
v -0.01290998 0.01091218 -0.00766286 0.71372549 0.28627451 0.18039216
v -0.01327957 0.01047211 -0.00764227 0.71372549 0.28627451 0.18039216
v -0.01449571 0.00888620 -0.00764882 0.71372549 0.28627451 0.18039216
v -0.01521631 0.00878157 -0.00719210 0.71372549 0.28627451 0.18039216
v -0.01600917 0.00916112 -0.00638627 0.71372549 0.28627451 0.18039216
v -0.01696619 0.00980430 -0.00531464 0.71372549 0.28627451 0.18039216
v -0.01722119 0.00958888 -0.00519531 0.71372549 0.28627451 0.18039216
v -0.01679894 0.00953554 -0.00557810 0.71372549 0.28627451 0.18039216
v -0.01726971 0.00932217 -0.00523743 0.71372549 0.28627451 0.18039216
v -0.01732133 0.00900417 -0.00528750 0.71372549 0.28627451 0.18039216
v -0.01737088 0.00860410 -0.00535020 0.71372549 0.28627451 0.18039216
v -0.01748135 0.00780396 -0.00540028 0.71372549 0.28627451 0.18039216
v -0.01752677 0.00620369 -0.00579991 0.71372549 0.28627451 0.18039216
v -0.01753503 0.00740390 -0.00540028 0.71372549 0.28627451 0.18039216
v -0.01755877 0.00580363 -0.00579991 0.71372549 0.28627451 0.18039216
v -0.01756187 0.00700383 -0.00540028 0.71372549 0.28627451 0.18039216
v -0.01756394 0.00820403 -0.00500017 0.71372549 0.28627451 0.18039216
v -0.01756807 0.00900417 -0.00460006 0.71372549 0.28627451 0.18039216
v -0.01756807 0.00660376 -0.00540028 0.71372549 0.28627451 0.18039216
v -0.01756703 0.00574003 -0.00546392 0.71372549 0.28627451 0.18039216
v -0.00702232 0.00980328 -0.00786315 0.71372549 0.28627451 0.18039216
v -0.01062842 0.00574003 -0.00786128 0.71372549 0.28627451 0.18039216
v -0.00702852 0.00980430 -0.00786502 0.71372549 0.28627451 0.18039216
v -0.01062842 0.00580363 -0.00786643 0.71372549 0.28627451 0.18039216
v -0.01022786 0.00660376 -0.00787157 0.71372549 0.28627451 0.18039216
v -0.01022786 0.01260272 -0.00787157 0.71372549 0.28627451 0.18039216
v -0.00982833 0.01300279 -0.00787064 0.71372549 0.28627451 0.18039216
v -0.00942777 0.01340286 -0.00786362 0.71372549 0.28627451 0.18039216
v -0.01222757 0.01060444 -0.00787157 0.71372549 0.28627451 0.18039216
v -0.01302663 0.00980430 -0.00787157 0.71372549 0.28627451 0.18039216
v -0.01342720 0.00940423 -0.00786549 0.71372549 0.28627451 0.18039216
v -0.01062842 0.01220266 -0.00787157 0.71372549 0.28627451 0.18039216
v -0.01382673 0.00900417 -0.00785520 0.71372549 0.28627451 0.18039216
v -0.01422729 0.00860410 -0.00784069 0.71372549 0.28627451 0.18039216
v -0.01342720 0.00980430 -0.00781074 0.71372549 0.28627451 0.18039216
v -0.01424278 0.00901340 -0.00772463 0.71372549 0.28627451 0.18039216
v -0.01412095 0.00932525 -0.00766848 0.71372549 0.28627451 0.18039216
v -0.01462785 0.00858871 -0.00769562 0.71372549 0.28627451 0.18039216
v -0.01484981 0.00844407 -0.00761981 0.71372549 0.28627451 0.18039216
v -0.01476206 0.00871078 -0.00755383 0.71372549 0.28627451 0.18039216
v -0.01570462 0.00620369 -0.00766848 0.71372549 0.28627451 0.18039216
v -0.01597304 0.00587338 -0.00754634 0.71372549 0.28627451 0.18039216
v -0.01729965 0.00660376 -0.00606478 0.71372549 0.28627451 0.18039216
v -0.01731100 0.00780396 -0.00567590 0.71372549 0.28627451 0.18039216
v -0.01619913 0.00574003 -0.00737834 0.71372549 0.28627451 0.18039216
v -0.01735643 0.00620369 -0.00612795 0.71372549 0.28627451 0.18039216
v -0.01736469 0.00740390 -0.00573908 0.71372549 0.28627451 0.18039216
v -0.01746999 0.00660376 -0.00579991 0.71372549 0.28627451 0.18039216
v -0.01754226 0.00574003 -0.00586309 0.71372549 0.28627451 0.18039216
v -0.01737914 0.00574003 -0.00622014 0.71372549 0.28627451 0.18039216
v -0.01755981 0.00574003 -0.00579991 0.71372549 0.28627451 0.18039216
v -0.01102795 0.00574003 -0.00787157 0.71372549 0.28627451 0.18039216
v -0.01422729 0.00820403 -0.00787157 0.71372549 0.28627451 0.18039216
v -0.01462682 0.00780396 -0.00784864 0.71372549 0.28627451 0.18039216
v -0.01462682 0.00820403 -0.00779717 0.71372549 0.28627451 0.18039216
v -0.01489834 0.00820403 -0.00766146 0.71372549 0.28627451 0.18039216
v -0.01533813 0.00700383 -0.00769328 0.71372549 0.28627451 0.18039216
v -0.01583470 0.00576567 -0.00769562 0.71372549 0.28627451 0.18039216
v -0.01586464 0.00574003 -0.00768065 0.71372549 0.28627451 0.18039216
v -0.01719641 0.00591852 -0.00637270 0.71372549 0.28627451 0.18039216
v -0.01707046 0.00574003 -0.00654444 0.71372549 0.28627451 0.18039216
v -0.01735643 0.00574003 -0.00625524 0.71372549 0.28627451 0.18039216
v -0.01732133 0.00574003 -0.00629502 0.71372549 0.28627451 0.18039216
v -0.01502738 0.00574003 -0.00787157 0.71372549 0.28627451 0.18039216
v -0.01502738 0.00620369 -0.00787157 0.71372549 0.28627451 0.18039216
v -0.01462682 0.00740390 -0.00787017 0.71372549 0.28627451 0.18039216
v -0.01502738 0.00660376 -0.00786409 0.71372549 0.28627451 0.18039216
v -0.01542691 0.00580363 -0.00785473 0.71372549 0.28627451 0.18039216
v -0.01502738 0.00700383 -0.00782899 0.71372549 0.28627451 0.18039216
v -0.01542691 0.00620369 -0.00780419 0.71372549 0.28627451 0.18039216
v -0.01497473 0.00780396 -0.00771247 0.71372549 0.28627451 0.18039216
v -0.01583367 0.00574003 -0.00770124 0.71372549 0.28627451 0.18039216
v -0.01542691 0.00574003 -0.00785753 0.71372549 0.28627451 0.18039216
f 3225 3226 3227
f 3225 3227 3228
f 3225 3228 3229
f 3225 3229 3232
f 3225 3232 3242
f 3225 3242 3262
f 3225 3262 3259
f 3225 3259 3284
f 3225 3284 3306
f 3225 3306 3333
f 3225 3333 3368
f 3225 3368 3334
f 3225 3334 3307
f 3225 3307 3285
f 3225 3285 3263
f 3225 3263 3244
f 3225 3244 3233
f 3225 3233 3230
f 3225 3230 3238
f 3225 3238 3231
f 3225 3231 3226
f 3226 3231 3239
f 3226 3239 3256
f 3226 3256 3279
f 3226 3279 3297
f 3226 3297 3300
f 3226 3300 3326
f 3226 3326 3325
f 3226 3325 3328
f 3226 3328 3301
f 3226 3301 3281
f 3226 3281 3261
f 3226 3261 3243
f 3226 3243 3232
f 3226 3232 3229
f 3226 3229 3228
f 3226 3228 3227
f 3230 3233 3234
f 3230 3234 3235
f 3230 3235 3236
f 3230 3236 3237
f 3230 3237 3238
f 3231 3238 3255
f 3231 3255 3239
f 3232 3240 3241
f 3232 3241 3242
f 3232 3243 3240
f 3233 3244 3245
f 3233 3245 3234
f 3234 3245 3246
f 3234 3246 3235
f 3235 3246 3236
f 3236 3247 3237
f 3236 3246 3245
f 3236 3245 3248
f 3236 3248 3249
f 3236 3249 3250
f 3236 3250 3251
f 3236 3251 3252
f 3236 3252 3247
f 3237 3247 3238
f 3238 3251 3253
f 3238 3253 3254
f 3238 3254 3255
f 3238 3247 3251
f 3239 3255 3254
f 3239 3254 3256
f 3240 3257 3258
f 3240 3258 3259
f 3240 3259 3260
f 3240 3260 3241
f 3240 3243 3261
f 3240 3261 3257
f 3241 3262 3242
f 3241 3260 3262
f 3244 3263 3264
f 3244 3264 3265
f 3244 3265 3245
f 3245 3266 3267
f 3245 3267 3268
f 3245 3268 3248
f 3245 3265 3266
f 3247 3252 3251
f 3248 3268 3249
f 3249 3268 3250
f 3250 3269 3270
f 3250 3270 3271
f 3250 3271 3272
f 3250 3272 3273
f 3250 3273 3251
f 3250 3268 3274
f 3250 3274 3275
f 3250 3275 3266
f 3250 3266 3276
f 3250 3276 3269
f 3251 3273 3277
f 3251 3277 3278
f 3251 3278 3253
f 3253 3278 3254
f 3254 3279 3256
f 3254 3278 3280
f 3254 3280 3279
f 3257 3261 3281
f 3257 3281 3301
f 3257 3301 3329
f 3257 3329 3367
f 3257 3367 3398
f 3257 3398 3396
f 3257 3396 3397
f 3257 3397 3409
f 3257 3409 3410
f 3257 3410 3408
f 3257 3408 3392
f 3257 3392 3406
f 3257 3406 3419
f 3257 3419 3420
f 3257 3420 3411
f 3257 3411 3399
f 3257 3399 3369
f 3257 3369 3332
f 3257 3332 3330
f 3257 3330 3304
f 3257 3304 3282
f 3257 3282 3258
f 3258 3282 3259
f 3259 3283 3284
f 3259 3262 3260
f 3259 3282 3283
f 3263 3285 3286
f 3263 3286 3264
f 3264 3287 3265
f 3264 3286 3288
f 3264 3288 3289
f 3264 3289 3287
f 3265 3287 3266
f 3266 3290 3276
f 3266 3275 3274
f 3266 3274 3268
f 3266 3268 3267
f 3266 3287 3289
f 3266 3289 3290
f 3269 3291 3292
f 3269 3292 3272
f 3269 3272 3271
f 3269 3271 3270
f 3269 3276 3291
f 3272 3292 3293
f 3272 3293 3273
f 3273 3293 3277
f 3276 3290 3294
f 3276 3294 3291
f 3277 3293 3295
f 3277 3295 3278
f 3278 3295 3296
f 3278 3296 3280
f 3279 3280 3297
f 3280 3298 3299
f 3280 3299 3300
f 3280 3300 3297
f 3280 3296 3298
f 3282 3302 3303
f 3282 3303 3283
f 3282 3304 3302
f 3283 3305 3306
f 3283 3306 3284
f 3283 3303 3302
f 3283 3302 3305
f 3285 3307 3308
f 3285 3308 3309
f 3285 3309 3310
f 3285 3310 3286
f 3286 3310 3288
f 3288 3310 3311
f 3288 3311 3289
f 3289 3311 3290
f 3290 3311 3312
f 3290 3312 3313
f 3290 3313 3294
f 3291 3314 3315
f 3291 3315 3316
f 3291 3316 3317
f 3291 3317 3318
f 3291 3318 3292
f 3291 3294 3314
f 3292 3318 3319
f 3292 3319 3295
f 3292 3295 3293
f 3294 3313 3314
f 3295 3320 3321
f 3295 3321 3298
f 3295 3298 3296
f 3295 3319 3318
f 3295 3318 3320
f 3298 3321 3322
f 3298 3322 3323
f 3298 3323 3364
f 3298 3364 3324
f 3298 3324 3299
f 3299 3325 3326
f 3299 3326 3300
f 3299 3324 3327
f 3299 3327 3325
f 3301 3328 3327
f 3301 3327 3365
f 3301 3365 3366
f 3301 3366 3329
f 3302 3304 3305
f 3304 3330 3305
f 3305 3331 3306
f 3305 3330 3332
f 3305 3332 3331
f 3306 3331 3333
f 3307 3334 3372
f 3307 3372 3399
f 3307 3399 3411
f 3307 3411 3412
f 3307 3412 3400
f 3307 3400 3377
f 3307 3377 3376
f 3307 3376 3379
f 3307 3379 3373
f 3307 3373 3335
f 3307 3335 3308
f 3308 3335 3309
f 3309 3335 3310
f 3310 3335 3312
f 3310 3312 3311
f 3312 3336 3313
f 3312 3335 3337
f 3312 3337 3315
f 3312 3315 3336
f 3313 3336 3314
f 3314 3336 3315
f 3315 3338 3339
f 3315 3339 3340
f 3315 3340 3341
f 3315 3341 3342
f 3315 3342 3343
f 3315 3343 3344
f 3315 3344 3316
f 3315 3337 3345
f 3315 3345 3338
f 3316 3346 3317
f 3316 3344 3347
f 3316 3347 3348
f 3316 3348 3346
f 3317 3346 3348
f 3317 3348 3349
f 3317 3349 3350
f 3317 3350 3351
f 3317 3351 3318
f 3318 3351 3352
f 3318 3352 3353
f 3318 3353 3320
f 3320 3354 3321
f 3320 3353 3352
f 3320 3352 3355
f 3320 3355 3354
f 3321 3354 3356
f 3321 3356 3357
f 3321 3357 3358
f 3321 3358 3322
f 3322 3359 3360
f 3322 3360 3361
f 3322 3361 3323
f 3322 3358 3359
f 3323 3361 3362
f 3323 3362 3363
f 3323 3363 3364
f 3324 3365 3327
f 3324 3364 3366
f 3324 3366 3365
f 3325 3327 3328
f 3329 3366 3367
f 3331 3368 3333
f 3331 3332 3369
f 3331 3369 3368
f 3334 3368 3370
f 3334 3370 3371
f 3334 3371 3372
f 3335 3373 3374
f 3335 3374 3375
f 3335 3375 3337
f 3337 3375 3338
f 3337 3338 3345
f 3338 3375 3339
f 3339 3375 3374
f 3339 3374 3373
f 3339 3373 3340
f 3340 3376 3377
f 3340 3377 3378
f 3340 3378 3341
f 3340 3373 3379
f 3340 3379 3376
f 3341 3378 3380
f 3341 3380 3342
f 3342 3380 3381
f 3342 3381 3343
f 3343 3381 3382
f 3343 3382 3344
f 3344 3382 3383
f 3344 3383 3347
f 3347 3383 3384
f 3347 3384 3348
f 3348 3384 3350
f 3348 3350 3349
f 3350 3384 3385
f 3350 3385 3386
f 3350 3386 3387
f 3350 3387 3351
f 3351 3387 3386
f 3351 3386 3388
f 3351 3388 3352
f 3352 3388 3355
f 3354 3355 3388
f 3354 3388 3389
f 3354 3389 3356
f 3356 3390 3391
f 3356 3391 3357
f 3356 3389 3392
f 3356 3392 3390
f 3357 3391 3393
f 3357 3393 3394
f 3357 3394 3358
f 3358 3394 3395
f 3358 3395 3359
f 3359 3395 3360
f 3360 3396 3362
f 3360 3362 3361
f 3360 3395 3397
f 3360 3397 3396
f 3362 3396 3398
f 3362 3398 3363
f 3363 3398 3366
f 3363 3366 3364
f 3366 3398 3367
f 3368 3369 3370
f 3369 3371 3370
f 3369 3399 3371
f 3371 3399 3372
f 3377 3400 3378
f 3378 3400 3380
f 3380 3400 3381
f 3381 3400 3401
f 3381 3401 3402
f 3381 3402 3385
f 3381 3385 3383
f 3381 3383 3382
f 3383 3385 3384
f 3385 3403 3386
f 3385 3402 3403
f 3386 3403 3388
f 3388 3403 3404
f 3388 3404 3405
f 3388 3405 3406
f 3388 3406 3389
f 3389 3406 3392
f 3390 3407 3393
f 3390 3393 3391
f 3390 3392 3407
f 3392 3408 3407
f 3393 3409 3397
f 3393 3397 3395
f 3393 3395 3394
f 3393 3407 3410
f 3393 3410 3409
f 3400 3412 3413
f 3400 3413 3401
f 3401 3413 3414
f 3401 3414 3415
f 3401 3415 3416
f 3401 3416 3402
f 3402 3416 3417
f 3402 3417 3418
f 3402 3418 3403
f 3403 3418 3404
f 3404 3418 3419
f 3404 3419 3405
f 3405 3419 3406
f 3407 3408 3410
f 3411 3420 3412
f 3412 3420 3414
f 3412 3414 3413
f 3414 3420 3415
f 3415 3417 3416
f 3415 3420 3419
f 3415 3419 3417
f 3417 3419 3418

o geometry_32
v 0.00737877 0.00661890 -0.00259469 0.58431373 0.01960784 0.82745098
v 0.00752459 0.00634061 -0.00248761 0.58431373 0.01960784 0.82745098
v 0.00752459 0.00634061 -0.00236133 0.58431373 0.01960784 0.82745098
v 0.00737877 0.00662626 -0.00230403 0.58431373 0.01960784 0.82745098
v 0.00737877 0.00662380 -0.00260026 0.58431373 0.01960784 0.82745098
v 0.00915542 0.00355156 -0.00281888 0.58431373 0.01960784 0.82745098
v 0.00915542 0.00355156 -0.00273293 0.58431373 0.01960784 0.82745098
v 0.00922685 0.00345716 -0.00264281 0.58431373 0.01960784 0.82745098
v 0.00924867 0.00345716 -0.00257467 0.58431373 0.01960784 0.82745098
v 0.00737877 0.00813909 -0.00121785 0.58431373 0.01960784 0.82745098
v 0.00944806 0.00345716 -0.00229624 0.58431373 0.01960784 0.82745098
v 0.01048965 0.00345716 -0.00112188 0.58431373 0.01960784 0.82745098
v 0.00737877 0.00663239 -0.00260860 0.58431373 0.01960784 0.82745098
v 0.00928934 0.00345716 -0.00290233 0.58431373 0.01960784 0.82745098
v 0.00922685 0.00345716 -0.00267063 0.58431373 0.01960784 0.82745098
v 0.00737877 0.00681628 -0.00276937 0.58431373 0.01960784 0.82745098
v 0.00737877 0.00818567 -0.00396347 0.58431373 0.01960784 0.82745098
v 0.00737877 0.01598031 -0.00121785 0.58431373 0.01960784 0.82745098
v 0.01016031 0.00417189 -0.00112188 0.58431373 0.01960784 0.82745098
v 0.00977641 0.00536720 -0.00112188 0.58431373 0.01960784 0.82745098
v 0.00965737 0.00574357 -0.00112188 0.58431373 0.01960784 0.82745098
v 0.01751295 0.00345716 -0.00112188 0.58431373 0.01960784 0.82745098
v 0.01047576 0.00345716 -0.00393316 0.58431373 0.01960784 0.82745098
v 0.00737877 0.01598154 -0.00396347 0.58431373 0.01960784 0.82745098
v 0.00966134 0.00574357 -0.00396347 0.58431373 0.01960784 0.82745098
v 0.00745713 0.01593618 -0.00121785 0.58431373 0.01960784 0.82745098
v 0.00737877 0.01598154 -0.00379964 0.58431373 0.01960784 0.82745098
v 0.01751295 0.00574357 -0.00112188 0.58431373 0.01960784 0.82745098
v 0.01751295 0.00345716 -0.00393316 0.58431373 0.01960784 0.82745098
v 0.01710623 0.01036543 -0.00396347 0.58431373 0.01960784 0.82745098
v 0.01751196 0.00574357 -0.00396347 0.58431373 0.01960784 0.82745098
v 0.01710623 0.01036543 -0.00121785 0.58431373 0.01960784 0.82745098
v 0.01751295 0.00574357 -0.00393316 0.58431373 0.01960784 0.82745098
v 0.01751196 0.00940428 -0.00121785 0.58431373 0.01960784 0.82745098
v 0.01750997 0.00962250 -0.00121785 0.58431373 0.01960784 0.82745098
v 0.01750700 0.00980394 -0.00121785 0.58431373 0.01960784 0.82745098
v 0.01733737 0.01016560 -0.00121785 0.58431373 0.01960784 0.82745098
v 0.01733737 0.01016560 -0.00396347 0.58431373 0.01960784 0.82745098
v 0.01751196 0.00940428 -0.00396347 0.58431373 0.01960784 0.82745098
v 0.01750997 0.00956855 -0.00396347 0.58431373 0.01960784 0.82745098
v 0.01750700 0.00980394 -0.00396347 0.58431373 0.01960784 0.82745098
v 0.01743756 0.00995228 -0.00396347 0.58431373 0.01960784 0.82745098
f 3421 3422 3423
f 3421 3423 3424
f 3421 3424 3430
f 3421 3430 3438
f 3421 3438 3447
f 3421 3447 3444
f 3421 3444 3437
f 3421 3437 3436
f 3421 3436 3433
f 3421 3433 3425
f 3421 3425 3426
f 3421 3426 3422
f 3422 3426 3427
f 3422 3427 3423
f 3423 3427 3428
f 3423 3428 3429
f 3423 3429 3424
f 3424 3429 3431
f 3424 3431 3432
f 3424 3432 3430
f 3425 3433 3426
f 3426 3434 3435
f 3426 3435 3428
f 3426 3428 3427
f 3426 3433 3436
f 3426 3436 3437
f 3426 3437 3434
f 3428 3435 3434
f 3428 3434 3443
f 3428 3443 3449
f 3428 3449 3442
f 3428 3442 3432
f 3428 3432 3431
f 3428 3431 3429
f 3430 3432 3439
f 3430 3439 3440
f 3430 3440 3441
f 3430 3441 3438
f 3432 3442 3448
f 3432 3448 3441
f 3432 3441 3440
f 3432 3440 3439
f 3434 3437 3443
f 3437 3444 3450
f 3437 3450 3458
f 3437 3458 3462
f 3437 3462 3461
f 3437 3461 3460
f 3437 3460 3459
f 3437 3459 3451
f 3437 3451 3445
f 3437 3445 3443
f 3438 3446 3447
f 3438 3441 3448
f 3438 3448 3446
f 3442 3449 3453
f 3442 3453 3448
f 3443 3445 3451
f 3443 3451 3449
f 3444 3447 3452
f 3444 3452 3450
f 3446 3448 3452
f 3446 3452 3447
f 3448 3453 3459
f 3448 3459 3454
f 3448 3454 3455
f 3448 3455 3456
f 3448 3456 3457
f 3448 3457 3452
f 3449 3451 3459
f 3449 3459 3453
f 3450 3452 3457
f 3450 3457 3458
f 3454 3459 3455
f 3455 3459 3460
f 3455 3460 3461
f 3455 3461 3456
f 3456 3461 3462
f 3456 3462 3457
f 3457 3462 3458

o geometry_33
v 0.01751156 -0.00669400 0.00110503 0.00392157 0.67450980 0.26666667
v 0.01751156 -0.00816079 0.00110503 0.00392157 0.67450980 0.26666667
v 0.01751295 -0.00816079 0.00076111 0.00392157 0.67450980 0.26666667
v 0.01751156 -0.00669400 -0.00192746 0.00392157 0.67450980 0.26666667
v 0.00881049 -0.00669400 0.00110503 0.00392157 0.67450980 0.26666667
v 0.01751295 -0.00939808 0.00076111 0.00392157 0.67450980 0.26666667
v 0.00753202 -0.00816079 0.00110503 0.00392157 0.67450980 0.26666667
v 0.00334718 -0.01830110 0.00076111 0.00392157 0.67450980 0.26666667
v 0.00336659 -0.01829087 0.00076111 0.00392157 0.67450980 0.26666667
v 0.00337907 -0.01828406 0.00076111 0.00392157 0.67450980 0.26666667
v 0.01561327 -0.01122163 0.00076111 0.00392157 0.67450980 0.26666667
v 0.01644525 -0.01074103 0.00076111 0.00392157 0.67450980 0.26666667
v 0.01710528 -0.01035928 0.00076111 0.00392157 0.67450980 0.26666667
v 0.01733685 -0.01015932 0.00076111 0.00392157 0.67450980 0.26666667
v 0.01750740 -0.00979688 0.00076111 0.00392157 0.67450980 0.26666667
v 0.01751295 -0.00816079 -0.00199266 0.00392157 0.67450980 0.26666667
v 0.00861774 -0.00669400 -0.00192746 0.00392157 0.67450980 0.26666667
v 0.00752370 -0.00669400 0.00003415 0.00392157 0.67450980 0.26666667
v 0.00334718 -0.00939808 -0.00027671 0.00392157 0.67450980 0.26666667
v 0.00334718 -0.01058652 0.00076111 0.00392157 0.67450980 0.26666667
v 0.00854703 -0.00696441 0.00110503 0.00392157 0.67450980 0.26666667
v 0.01751295 -0.00939808 -0.00199266 0.00392157 0.67450980 0.26666667
v 0.01751018 -0.00960487 -0.00199266 0.00392157 0.67450980 0.26666667
v 0.00782459 -0.00778586 0.00110503 0.00392157 0.67450980 0.26666667
v 0.00334718 -0.01830110 -0.00199266 0.00392157 0.67450980 0.26666667
v 0.00336243 -0.01829315 -0.00199266 0.00392157 0.67450980 0.26666667
v 0.00337907 -0.01828406 -0.00199266 0.00392157 0.67450980 0.26666667
v 0.01700267 -0.01041950 -0.00199266 0.00392157 0.67450980 0.26666667
v 0.01710528 -0.01035928 -0.00199266 0.00392157 0.67450980 0.26666667
v 0.01733685 -0.01015932 -0.00199266 0.00392157 0.67450980 0.26666667
v 0.01750740 -0.00979688 -0.00199266 0.00392157 0.67450980 0.26666667
v 0.00749874 -0.00816079 -0.00199266 0.00392157 0.67450980 0.26666667
v 0.00334718 -0.01058765 -0.00199266 0.00392157 0.67450980 0.26666667
v 0.00334718 -0.00947989 -0.00089570 0.00392157 0.67450980 0.26666667
v 0.00724498 -0.00669400 -0.00047293 0.00392157 0.67450980 0.26666667
v 0.00730461 -0.00669400 -0.00020271 0.00392157 0.67450980 0.26666667
v 0.00353021 -0.00918107 -0.00038195 0.00392157 0.67450980 0.26666667
v 0.00334718 -0.00930833 -0.00056998 0.00392157 0.67450980 0.26666667
v 0.00334718 -0.00930492 -0.00059606 0.00392157 0.67450980 0.26666667
v 0.00714099 -0.00675649 -0.00043320 0.00392157 0.67450980 0.26666667
v 0.00723944 -0.00669400 -0.00028945 0.00392157 0.67450980 0.26666667
v 0.00353021 -0.00918107 -0.00045929 0.00392157 0.67450980 0.26666667
v 0.00714099 -0.00675649 -0.00035132 0.00392157 0.67450980 0.26666667
f 3463 3464 3468
f 3463 3468 3465
f 3463 3465 3478
f 3463 3478 3466
f 3463 3466 3479
f 3463 3479 3497
f 3463 3497 3503
f 3463 3503 3498
f 3463 3498 3480
f 3463 3480 3467
f 3463 3467 3483
f 3463 3483 3486
f 3463 3486 3469
f 3463 3469 3464
f 3464 3469 3470
f 3464 3470 3471
f 3464 3471 3472
f 3464 3472 3473
f 3464 3473 3474
f 3464 3474 3475
f 3464 3475 3476
f 3464 3476 3477
f 3464 3477 3468
f 3465 3468 3484
f 3465 3484 3478
f 3466 3478 3494
f 3466 3494 3479
f 3467 3480 3481
f 3467 3481 3482
f 3467 3482 3483
f 3468 3477 3485
f 3468 3485 3484
f 3469 3486 3482
f 3469 3482 3470
f 3470 3482 3481
f 3470 3481 3500
f 3470 3500 3501
f 3470 3501 3496
f 3470 3496 3495
f 3470 3495 3487
f 3470 3487 3488
f 3470 3488 3471
f 3471 3488 3489
f 3471 3489 3472
f 3472 3489 3473
f 3473 3490 3474
f 3473 3489 3490
f 3474 3490 3475
f 3475 3490 3491
f 3475 3491 3492
f 3475 3492 3476
f 3476 3492 3493
f 3476 3493 3477
f 3477 3493 3485
f 3478 3484 3485
f 3478 3485 3493
f 3478 3493 3492
f 3478 3492 3491
f 3478 3491 3490
f 3478 3490 3489
f 3478 3489 3488
f 3478 3488 3487
f 3478 3487 3495
f 3478 3495 3494
f 3479 3494 3495
f 3479 3495 3496
f 3479 3496 3497
f 3480 3498 3499
f 3480 3499 3481
f 3481 3499 3500
f 3482 3486 3483
f 3496 3501 3497
f 3497 3501 3502
f 3497 3502 3503
f 3498 3503 3499
f 3499 3504 3501
f 3499 3501 3500
f 3499 3503 3505
f 3499 3505 3502
f 3499 3502 3504
f 3501 3504 3502
f 3502 3505 3503

o geometry_34
v 0.00737877 0.00659201 -0.00541440 0.73333333 0.96078431 0.24705882
v 0.00983890 0.00133898 -0.00582651 0.73333333 0.96078431 0.24705882
v 0.00981410 0.00133898 -0.00547994 0.73333333 0.96078431 0.24705882
v 0.00981410 0.00133898 -0.00542635 0.73333333 0.96078431 0.24705882
v 0.00737877 0.00663358 -0.00511833 0.73333333 0.96078431 0.24705882
v 0.00737877 0.00659345 -0.00541787 0.73333333 0.96078431 0.24705882
v 0.00986767 0.00133898 -0.00586314 0.73333333 0.96078431 0.24705882
v 0.00737877 0.00675254 -0.00560561 0.73333333 0.96078431 0.24705882
v 0.00737877 0.00880502 -0.00759177 0.73333333 0.96078431 0.24705882
v 0.00737877 0.00898992 -0.00772362 0.73333333 0.96078431 0.24705882
v 0.00997778 0.00133898 -0.00525865 0.73333333 0.96078431 0.24705882
v 0.00737877 0.00818584 -0.00396372 0.73333333 0.96078431 0.24705882
v 0.00992223 0.00133898 -0.00592829 0.73333333 0.96078431 0.24705882
v 0.00737877 0.00899278 -0.00772516 0.73333333 0.96078431 0.24705882
v 0.01148958 0.00133898 -0.00770087 0.73333333 0.96078431 0.24705882
v 0.00997878 0.00133898 -0.00599537 0.73333333 0.96078431 0.24705882
v 0.01001250 0.00133898 -0.00522627 0.73333333 0.96078431 0.24705882
v 0.00737877 0.01598154 -0.00396372 0.73333333 0.96078431 0.24705882
v 0.01118702 0.00133898 -0.00417613 0.73333333 0.96078431 0.24705882
v 0.01047675 0.00345739 -0.00393365 0.73333333 0.96078431 0.24705882
v 0.00978732 0.00503832 -0.00393365 0.73333333 0.96078431 0.24705882
v 0.00966729 0.00571197 -0.00393365 0.73333333 0.96078431 0.24705882
v 0.00966233 0.00574350 -0.00393365 0.73333333 0.96078431 0.24705882
v 0.00737877 0.00899708 -0.00772670 0.73333333 0.96078431 0.24705882
v 0.01153223 0.00133898 -0.00772323 0.73333333 0.96078431 0.24705882
v 0.00737877 0.00939697 -0.00785662 0.73333333 0.96078431 0.24705882
v 0.00737877 0.01598154 -0.00619969 0.73333333 0.96078431 0.24705882
v 0.01751295 0.00574350 -0.00393365 0.73333333 0.96078431 0.24705882
v 0.01710623 0.01036588 -0.00396372 0.73333333 0.96078431 0.24705882
v 0.01751295 0.00133898 -0.00417613 0.73333333 0.96078431 0.24705882
v 0.01751295 0.00345739 -0.00393365 0.73333333 0.96078431 0.24705882
v 0.01177428 0.00133898 -0.00783696 0.73333333 0.96078431 0.24705882
v 0.00737877 0.00940414 -0.00785701 0.73333333 0.96078431 0.24705882
v 0.01183876 0.00133898 -0.00784583 0.73333333 0.96078431 0.24705882
v 0.01057397 0.01413689 -0.00619969 0.73333333 0.96078431 0.24705882
v 0.01078328 0.01400789 -0.00641095 0.73333333 0.96078431 0.24705882
v 0.00799281 0.01561461 -0.00643331 0.73333333 0.96078431 0.24705882
v 0.00737877 0.01596864 -0.00628951 0.73333333 0.96078431 0.24705882
v 0.01710623 0.01036588 -0.00420042 0.73333333 0.96078431 0.24705882
v 0.01751295 0.00574350 -0.00540052 0.73333333 0.96078431 0.24705882
v 0.01751196 0.00940414 -0.00396372 0.73333333 0.96078431 0.24705882
v 0.01750997 0.00956610 -0.00396372 0.73333333 0.96078431 0.24705882
v 0.01750700 0.00980403 -0.00396372 0.73333333 0.96078431 0.24705882
v 0.01733737 0.01016522 -0.00396372 0.73333333 0.96078431 0.24705882
v 0.01751295 0.00133898 -0.00619969 0.73333333 0.96078431 0.24705882
v 0.00737877 0.00979686 -0.00787166 0.73333333 0.96078431 0.24705882
v 0.01217405 0.00133898 -0.00787127 0.73333333 0.96078431 0.24705882
v 0.01337139 0.01252013 -0.00580068 0.73333333 0.96078431 0.24705882
v 0.01357276 0.01240260 -0.00600115 0.73333333 0.96078431 0.24705882
v 0.01277123 0.01280249 -0.00639823 0.73333333 0.96078431 0.24705882
v 0.01203120 0.01323678 -0.00644295 0.73333333 0.96078431 0.24705882
v 0.00917328 0.01480194 -0.00679955 0.73333333 0.96078431 0.24705882
v 0.00842928 0.01523049 -0.00684080 0.73333333 0.96078431 0.24705882
v 0.00870407 0.01516456 -0.00659985 0.73333333 0.96078431 0.24705882
v 0.00850368 0.01527492 -0.00659985 0.73333333 0.96078431 0.24705882
v 0.00737877 0.01587547 -0.00659715 0.73333333 0.96078431 0.24705882
v 0.01710425 0.01035585 -0.00460020 0.73333333 0.96078431 0.24705882
v 0.01690486 0.01048055 -0.00460020 0.73333333 0.96078431 0.24705882
v 0.01733737 0.01016522 -0.00420042 0.73333333 0.96078431 0.24705882
v 0.01751295 0.00500392 -0.00580068 0.73333333 0.96078431 0.24705882
v 0.01751196 0.00900425 -0.00460020 0.73333333 0.96078431 0.24705882
v 0.01751196 0.00940414 -0.00420042 0.73333333 0.96078431 0.24705882
v 0.01750700 0.00980403 -0.00420042 0.73333333 0.96078431 0.24705882
v 0.01742466 0.00133898 -0.00659947 0.73333333 0.96078431 0.24705882
v 0.01751295 0.00180480 -0.00619969 0.73333333 0.96078431 0.24705882
v 0.00737877 0.01420138 -0.00787166 0.73333333 0.96078431 0.24705882
v 0.01097473 0.00500392 -0.00787204 0.73333333 0.96078431 0.24705882
v 0.01137351 0.00420414 -0.00787204 0.73333333 0.96078431 0.24705882
v 0.01177428 0.00345739 -0.00787204 0.73333333 0.96078431 0.24705882
v 0.01617178 0.00133898 -0.00787127 0.73333333 0.96078431 0.24705882
v 0.01482961 0.01163865 -0.00564995 0.73333333 0.96078431 0.24705882
v 0.01685923 0.01045475 -0.00488201 0.73333333 0.96078431 0.24705882
v 0.01402312 0.01204141 -0.00603700 0.73333333 0.96078431 0.24705882
v 0.01318985 0.01242123 -0.00641365 0.73333333 0.96078431 0.24705882
v 0.01297161 0.01251583 -0.00650386 0.73333333 0.96078431 0.24705882
v 0.01275833 0.01238826 -0.00679106 0.73333333 0.96078431 0.24705882
v 0.00882013 0.01443788 -0.00763919 0.73333333 0.96078431 0.24705882
v 0.00835786 0.01479477 -0.00758908 0.73333333 0.96078431 0.24705882
v 0.00876954 0.01480050 -0.00719662 0.73333333 0.96078431 0.24705882
v 0.00897290 0.01487217 -0.00689747 0.73333333 0.96078431 0.24705882
v 0.00761982 0.01562608 -0.00682615 0.73333333 0.96078431 0.24705882
v 0.00737877 0.01586974 -0.00660872 0.73333333 0.96078431 0.24705882
v 0.00859991 0.01501980 -0.00701852 0.73333333 0.96078431 0.24705882
v 0.01732050 0.01015662 -0.00460020 0.73333333 0.96078431 0.24705882
v 0.01725900 0.01009929 -0.00488046 0.73333333 0.96078431 0.24705882
v 0.01748716 0.00980403 -0.00460020 0.73333333 0.96078431 0.24705882
v 0.01751196 0.00540381 -0.00580068 0.73333333 0.96078431 0.24705882
v 0.01751196 0.00780458 -0.00500036 0.73333333 0.96078431 0.24705882
v 0.01750997 0.00940414 -0.00460020 0.73333333 0.96078431 0.24705882
v 0.01725305 0.00133898 -0.00690441 0.73333333 0.96078431 0.24705882
v 0.01738002 0.00260458 -0.00659947 0.73333333 0.96078431 0.24705882
v 0.01748121 0.00460403 -0.00619969 0.73333333 0.96078431 0.24705882
v 0.01749113 0.00420414 -0.00619969 0.73333333 0.96078431 0.24705882
v 0.01749807 0.00380425 -0.00619969 0.73333333 0.96078431 0.24705882
v 0.01750402 0.00340436 -0.00619969 0.73333333 0.96078431 0.24705882
v 0.01750799 0.00300447 -0.00619969 0.73333333 0.96078431 0.24705882
v 0.01751196 0.00220469 -0.00619969 0.73333333 0.96078431 0.24705882
v 0.00737877 0.01459554 -0.00787011 0.73333333 0.96078431 0.24705882
v 0.00817335 0.01420138 -0.00787166 0.73333333 0.96078431 0.24705882
v 0.01251827 0.00345739 -0.00787204 0.73333333 0.96078431 0.24705882
v 0.01017321 0.01260182 -0.00787166 0.73333333 0.96078431 0.24705882
v 0.01217405 0.01060238 -0.00787166 0.73333333 0.96078431 0.24705882
v 0.01297161 0.00980403 -0.00787166 0.73333333 0.96078431 0.24705882
v 0.01503198 0.00574350 -0.00787166 0.73333333 0.96078431 0.24705882
v 0.01617178 0.00180480 -0.00787127 0.73333333 0.96078431 0.24705882
v 0.01623526 0.00133898 -0.00785778 0.73333333 0.96078431 0.24705882
v 0.01606663 0.01086897 -0.00527099 0.73333333 0.96078431 0.24705882
v 0.01645053 0.01049201 -0.00525634 0.73333333 0.96078431 0.24705882
v 0.01201335 0.01203711 -0.00763187 0.73333333 0.96078431 0.24705882
v 0.00857312 0.01452531 -0.00769741 0.73333333 0.96078431 0.24705882
v 0.00925958 0.01406952 -0.00766425 0.73333333 0.96078431 0.24705882
v 0.00809101 0.01485067 -0.00765654 0.73333333 0.96078431 0.24705882
v 0.00737877 0.01519752 -0.00758676 0.73333333 0.96078431 0.24705882
v 0.00737877 0.01568198 -0.00689515 0.73333333 0.96078431 0.24705882
v 0.01731951 0.00980403 -0.00495680 0.73333333 0.96078431 0.24705882
v 0.01711119 0.00980403 -0.00515649 0.73333333 0.96078431 0.24705882
v 0.01683046 0.01007206 -0.00524169 0.73333333 0.96078431 0.24705882
v 0.01748517 0.00860579 -0.00500036 0.73333333 0.96078431 0.24705882
v 0.01743657 0.00900425 -0.00500036 0.73333333 0.96078431 0.24705882
v 0.01750501 0.00574350 -0.00580068 0.73333333 0.96078431 0.24705882
v 0.01750601 0.00700480 -0.00540014 0.73333333 0.96078431 0.24705882
v 0.01750799 0.00820447 -0.00500036 0.73333333 0.96078431 0.24705882
v 0.01678582 0.00133898 -0.00762069 0.73333333 0.96078431 0.24705882
v 0.01732050 0.00420414 -0.00658482 0.73333333 0.96078431 0.24705882
v 0.01734729 0.00340436 -0.00659947 0.73333333 0.96078431 0.24705882
v 0.01736415 0.00300447 -0.00659947 0.73333333 0.96078431 0.24705882
v 0.01731058 0.00460403 -0.00656901 0.73333333 0.96078431 0.24705882
v 0.01745839 0.00500392 -0.00619969 0.73333333 0.96078431 0.24705882
v 0.01750303 0.00580513 -0.00580068 0.73333333 0.96078431 0.24705882
v 0.00737877 0.01460271 -0.00786973 0.73333333 0.96078431 0.24705882
v 0.00777259 0.01460271 -0.00784429 0.73333333 0.96078431 0.24705882
v 0.00857312 0.01420138 -0.00783311 0.73333333 0.96078431 0.24705882
v 0.00897290 0.01380149 -0.00785200 0.73333333 0.96078431 0.24705882
v 0.00937267 0.01340160 -0.00786433 0.73333333 0.96078431 0.24705882
v 0.00977343 0.01300172 -0.00787127 0.73333333 0.96078431 0.24705882
v 0.01417192 0.00820447 -0.00787166 0.73333333 0.96078431 0.24705882
v 0.01497147 0.00620502 -0.00787166 0.73333333 0.96078431 0.24705882
v 0.01177329 0.01140216 -0.00787011 0.73333333 0.96078431 0.24705882
v 0.01337139 0.00940414 -0.00786549 0.73333333 0.96078431 0.24705882
v 0.01577002 0.00420414 -0.00787089 0.73333333 0.96078431 0.24705882
v 0.01617178 0.00220469 -0.00786973 0.73333333 0.96078431 0.24705882
v 0.01660032 0.00133898 -0.00773596 0.73333333 0.96078431 0.24705882
v 0.01238535 0.01161858 -0.00760989 0.73333333 0.96078431 0.24705882
v 0.01215719 0.01177195 -0.00767774 0.73333333 0.96078431 0.24705882
v 0.01177329 0.01180204 -0.00782347 0.73333333 0.96078431 0.24705882
v 0.01177329 0.01212310 -0.00768931 0.73333333 0.96078431 0.24705882
v 0.00896099 0.01420282 -0.00771668 0.73333333 0.96078431 0.24705882
v 0.00820410 0.01463854 -0.00774251 0.73333333 0.96078431 0.24705882
v 0.00777259 0.01491660 -0.00770859 0.73333333 0.96078431 0.24705882
v 0.00737877 0.01502123 -0.00772555 0.73333333 0.96078431 0.24705882
v 0.01731554 0.00860579 -0.00535040 0.73333333 0.96078431 0.24705882
v 0.01726694 0.00900425 -0.00528757 0.73333333 0.96078431 0.24705882
v 0.01721436 0.00932101 -0.00523783 0.73333333 0.96078431 0.24705882
v 0.01716674 0.00958760 -0.00519543 0.73333333 0.96078431 0.24705882
v 0.01691180 0.00980403 -0.00531494 0.73333333 0.96078431 0.24705882
v 0.01674416 0.00953457 -0.00557863 0.73333333 0.96078431 0.24705882
v 0.01595354 0.00916048 -0.00638628 0.73333333 0.96078431 0.24705882
v 0.01515995 0.00878066 -0.00719200 0.73333333 0.96078431 0.24705882
v 0.01747228 0.00620502 -0.00580068 0.73333333 0.96078431 0.24705882
v 0.01741474 0.00660491 -0.00580068 0.73333333 0.96078431 0.24705882
v 0.01665488 0.00133898 -0.00770589 0.73333333 0.96078431 0.24705882
v 0.01650310 0.00260458 -0.00772593 0.73333333 0.96078431 0.24705882
v 0.01647830 0.00300447 -0.00771283 0.73333333 0.96078431 0.24705882
v 0.01641680 0.00420414 -0.00765191 0.73333333 0.96078431 0.24705882
v 0.01714393 0.00460403 -0.00676948 0.73333333 0.96078431 0.24705882
v 0.01728678 0.00500392 -0.00652776 0.73333333 0.96078431 0.24705882
v 0.01740284 0.00540381 -0.00619969 0.73333333 0.96078431 0.24705882
v 0.00737877 0.01501406 -0.00772902 0.73333333 0.96078431 0.24705882
v 0.00938457 0.01382156 -0.00774097 0.73333333 0.96078431 0.24705882
v 0.01057397 0.01260182 -0.00784583 0.73333333 0.96078431 0.24705882
v 0.01097275 0.01220193 -0.00786048 0.73333333 0.96078431 0.24705882
v 0.01137351 0.01180204 -0.00786934 0.73333333 0.96078431 0.24705882
v 0.01377215 0.00900425 -0.00785508 0.73333333 0.96078431 0.24705882
v 0.01417192 0.00860579 -0.00784043 0.73333333 0.96078431 0.24705882
v 0.01457169 0.00780458 -0.00784853 0.73333333 0.96078431 0.24705882
v 0.01457169 0.00740469 -0.00787011 0.73333333 0.96078431 0.24705882
v 0.01537124 0.00540381 -0.00787089 0.73333333 0.96078431 0.24705882
v 0.01217405 0.01100227 -0.00786279 0.73333333 0.96078431 0.24705882
v 0.01577002 0.00460403 -0.00786665 0.73333333 0.96078431 0.24705882
v 0.01617178 0.00260458 -0.00786202 0.73333333 0.96078431 0.24705882
v 0.01617178 0.00300447 -0.00784891 0.73333333 0.96078431 0.24705882
v 0.01652691 0.00220469 -0.00773364 0.73333333 0.96078431 0.24705882
v 0.01285555 0.01091053 -0.00766309 0.73333333 0.96078431 0.24705882
v 0.01246669 0.01140216 -0.00766656 0.73333333 0.96078431 0.24705882
v 0.01444075 0.00888529 -0.00764883 0.73333333 0.96078431 0.24705882
v 0.01298153 0.01060381 -0.00771745 0.73333333 0.96078431 0.24705882
v 0.01217405 0.01140216 -0.00780072 0.73333333 0.96078431 0.24705882
v 0.01297161 0.01020249 -0.00783503 0.73333333 0.96078431 0.24705882
v 0.01257085 0.01060238 -0.00785122 0.73333333 0.96078431 0.24705882
v 0.01730959 0.00740469 -0.00573977 0.73333333 0.96078431 0.24705882
v 0.01710028 0.00500392 -0.00672784 0.73333333 0.96078431 0.24705882
v 0.01639696 0.00448077 -0.00762878 0.73333333 0.96078431 0.24705882
v 0.01634934 0.00474736 -0.00757790 0.73333333 0.96078431 0.24705882
v 0.01601504 0.00540381 -0.00763842 0.73333333 0.96078431 0.24705882
v 0.01479489 0.00844526 -0.00761953 0.73333333 0.96078431 0.24705882
v 0.01470760 0.00871042 -0.00755361 0.73333333 0.96078431 0.24705882
v 0.01617178 0.00340436 -0.00783002 0.73333333 0.96078431 0.24705882
v 0.01617079 0.00420414 -0.00778762 0.73333333 0.96078431 0.24705882
v 0.01730166 0.00620502 -0.00612760 0.73333333 0.96078431 0.24705882
v 0.01457269 0.00858859 -0.00769586 0.73333333 0.96078431 0.24705882
v 0.01457169 0.00820447 -0.00779725 0.73333333 0.96078431 0.24705882
v 0.01337139 0.00980403 -0.00781036 0.73333333 0.96078431 0.24705882
v 0.01418680 0.00901285 -0.00772439 0.73333333 0.96078431 0.24705882
v 0.01497147 0.00700480 -0.00782886 0.73333333 0.96078431 0.24705882
v 0.01577002 0.00500392 -0.00783735 0.73333333 0.96078431 0.24705882
v 0.01537223 0.00580513 -0.00785469 0.73333333 0.96078431 0.24705882
v 0.01497147 0.00660491 -0.00786433 0.73333333 0.96078431 0.24705882
v 0.01406578 0.00932388 -0.00766849 0.73333333 0.96078431 0.24705882
v 0.01619757 0.00460976 -0.00772208 0.73333333 0.96078431 0.24705882
v 0.01609639 0.00500392 -0.00770165 0.73333333 0.96078431 0.24705882
v 0.01484350 0.00820447 -0.00766117 0.73333333 0.96078431 0.24705882
v 0.01491988 0.00780458 -0.00771244 0.73333333 0.96078431 0.24705882
v 0.01577002 0.00540381 -0.00777489 0.73333333 0.96078431 0.24705882
v 0.01537223 0.00620502 -0.00780419 0.73333333 0.96078431 0.24705882
v 0.01528395 0.00700480 -0.00769316 0.73333333 0.96078431 0.24705882
f 3506 3507 3508
f 3506 3508 3509
f 3506 3509 3510
f 3506 3510 3517
f 3506 3517 3523
f 3506 3523 3532
f 3506 3532 3543
f 3506 3543 3561
f 3506 3561 3587
f 3506 3587 3619
f 3506 3619 3618
f 3506 3618 3655
f 3506 3655 3673
f 3506 3673 3635
f 3506 3635 3603
f 3506 3603 3571
f 3506 3571 3551
f 3506 3551 3538
f 3506 3538 3531
f 3506 3531 3529
f 3506 3529 3519
f 3506 3519 3515
f 3506 3515 3514
f 3506 3514 3513
f 3506 3513 3511
f 3506 3511 3507
f 3507 3512 3518
f 3507 3518 3521
f 3507 3521 3520
f 3507 3520 3530
f 3507 3530 3537
f 3507 3537 3539
f 3507 3539 3552
f 3507 3552 3575
f 3507 3575 3611
f 3507 3611 3647
f 3507 3647 3666
f 3507 3666 3628
f 3507 3628 3595
f 3507 3595 3569
f 3507 3569 3550
f 3507 3550 3535
f 3507 3535 3524
f 3507 3524 3522
f 3507 3522 3516
f 3507 3516 3509
f 3507 3509 3508
f 3507 3511 3513
f 3507 3513 3514
f 3507 3514 3515
f 3507 3515 3512
f 3509 3516 3517
f 3509 3517 3510
f 3512 3515 3518
f 3515 3519 3520
f 3515 3520 3521
f 3515 3521 3518
f 3516 3522 3517
f 3517 3522 3524
f 3517 3524 3525
f 3517 3525 3526
f 3517 3526 3527
f 3517 3527 3528
f 3517 3528 3523
f 3519 3529 3520
f 3520 3529 3531
f 3520 3531 3530
f 3523 3528 3533
f 3523 3533 3534
f 3523 3534 3544
f 3523 3544 3532
f 3524 3535 3536
f 3524 3536 3525
f 3525 3536 3533
f 3525 3533 3528
f 3525 3528 3527
f 3525 3527 3526
f 3530 3531 3537
f 3531 3538 3539
f 3531 3539 3537
f 3532 3540 3541
f 3532 3541 3542
f 3532 3542 3543
f 3532 3544 3540
f 3533 3536 3535
f 3533 3535 3550
f 3533 3550 3570
f 3533 3570 3565
f 3533 3565 3545
f 3533 3545 3567
f 3533 3567 3546
f 3533 3546 3547
f 3533 3547 3548
f 3533 3548 3549
f 3533 3549 3534
f 3534 3549 3564
f 3534 3564 3544
f 3538 3551 3552
f 3538 3552 3539
f 3540 3553 3554
f 3540 3554 3541
f 3540 3544 3553
f 3541 3554 3555
f 3541 3555 3556
f 3541 3556 3557
f 3541 3557 3558
f 3541 3558 3559
f 3541 3559 3542
f 3542 3559 3560
f 3542 3560 3558
f 3542 3558 3561
f 3542 3561 3543
f 3544 3562 3563
f 3544 3563 3553
f 3544 3564 3562
f 3545 3565 3566
f 3545 3566 3567
f 3546 3567 3547
f 3547 3567 3568
f 3547 3568 3548
f 3548 3568 3564
f 3548 3564 3549
f 3550 3569 3570
f 3551 3571 3572
f 3551 3572 3573
f 3551 3573 3574
f 3551 3574 3552
f 3552 3574 3605
f 3552 3605 3575
f 3553 3563 3554
f 3554 3576 3555
f 3554 3563 3562
f 3554 3562 3577
f 3554 3577 3576
f 3555 3576 3578
f 3555 3578 3579
f 3555 3579 3580
f 3555 3580 3581
f 3555 3581 3582
f 3555 3582 3583
f 3555 3583 3584
f 3555 3584 3585
f 3555 3585 3556
f 3556 3585 3557
f 3557 3585 3558
f 3558 3586 3587
f 3558 3587 3561
f 3558 3560 3559
f 3558 3585 3588
f 3558 3588 3583
f 3558 3583 3586
f 3562 3564 3589
f 3562 3589 3590
f 3562 3590 3577
f 3564 3568 3591
f 3564 3591 3589
f 3565 3570 3602
f 3565 3602 3592
f 3565 3592 3593
f 3565 3593 3566
f 3566 3593 3594
f 3566 3594 3567
f 3567 3594 3568
f 3568 3594 3591
f 3569 3595 3596
f 3569 3596 3597
f 3569 3597 3598
f 3569 3598 3599
f 3569 3599 3600
f 3569 3600 3601
f 3569 3601 3602
f 3569 3602 3570
f 3571 3603 3604
f 3571 3604 3572
f 3572 3605 3574
f 3572 3574 3573
f 3572 3604 3606
f 3572 3606 3607
f 3572 3607 3608
f 3572 3608 3605
f 3575 3605 3609
f 3575 3609 3610
f 3575 3610 3611
f 3576 3612 3578
f 3576 3577 3612
f 3577 3590 3612
f 3578 3612 3613
f 3578 3613 3581
f 3578 3581 3579
f 3579 3581 3580
f 3581 3613 3614
f 3581 3614 3582
f 3582 3615 3583
f 3582 3614 3616
f 3582 3616 3615
f 3583 3617 3618
f 3583 3618 3619
f 3583 3619 3586
f 3583 3588 3585
f 3583 3585 3584
f 3583 3615 3617
f 3586 3619 3587
f 3589 3591 3590
f 3590 3591 3620
f 3590 3620 3621
f 3590 3621 3622
f 3590 3622 3613
f 3590 3613 3612
f 3591 3594 3623
f 3591 3623 3624
f 3591 3624 3620
f 3592 3602 3601
f 3592 3601 3600
f 3592 3600 3599
f 3592 3599 3598
f 3592 3598 3625
f 3592 3625 3626
f 3592 3626 3627
f 3592 3627 3594
f 3592 3594 3593
f 3594 3627 3623
f 3595 3628 3629
f 3595 3629 3630
f 3595 3630 3631
f 3595 3631 3596
f 3596 3631 3597
f 3597 3631 3629
f 3597 3629 3632
f 3597 3632 3633
f 3597 3633 3634
f 3597 3634 3625
f 3597 3625 3598
f 3603 3635 3604
f 3604 3635 3636
f 3604 3636 3637
f 3604 3637 3638
f 3604 3638 3639
f 3604 3639 3640
f 3604 3640 3606
f 3605 3608 3641
f 3605 3641 3642
f 3605 3642 3609
f 3606 3640 3643
f 3606 3643 3607
f 3607 3643 3608
f 3608 3644 3641
f 3608 3643 3644
f 3609 3642 3610
f 3610 3645 3646
f 3610 3646 3611
f 3610 3642 3645
f 3611 3646 3647
f 3613 3622 3614
f 3614 3622 3648
f 3614 3648 3649
f 3614 3649 3650
f 3614 3650 3651
f 3614 3651 3616
f 3615 3616 3652
f 3615 3652 3637
f 3615 3637 3653
f 3615 3653 3617
f 3616 3651 3652
f 3617 3653 3654
f 3617 3654 3618
f 3618 3654 3655
f 3620 3624 3656
f 3620 3656 3657
f 3620 3657 3658
f 3620 3658 3659
f 3620 3659 3621
f 3621 3660 3622
f 3621 3659 3661
f 3621 3661 3660
f 3622 3660 3662
f 3622 3662 3663
f 3622 3663 3648
f 3623 3627 3626
f 3623 3626 3634
f 3623 3634 3664
f 3623 3664 3624
f 3624 3664 3665
f 3624 3665 3656
f 3625 3634 3626
f 3628 3666 3667
f 3628 3667 3668
f 3628 3668 3669
f 3628 3669 3670
f 3628 3670 3632
f 3628 3632 3629
f 3629 3631 3630
f 3632 3670 3671
f 3632 3671 3633
f 3633 3671 3672
f 3633 3672 3664
f 3633 3664 3634
f 3635 3673 3636
f 3636 3653 3637
f 3636 3673 3654
f 3636 3654 3653
f 3637 3652 3674
f 3637 3674 3650
f 3637 3650 3638
f 3638 3650 3675
f 3638 3675 3676
f 3638 3676 3639
f 3639 3676 3677
f 3639 3677 3640
f 3640 3677 3643
f 3641 3644 3678
f 3641 3678 3679
f 3641 3679 3680
f 3641 3680 3681
f 3641 3681 3682
f 3641 3682 3642
f 3642 3682 3645
f 3643 3683 3644
f 3643 3677 3650
f 3643 3650 3683
f 3644 3683 3678
f 3645 3682 3684
f 3645 3684 3646
f 3646 3685 3647
f 3646 3684 3685
f 3647 3685 3686
f 3647 3686 3687
f 3647 3687 3666
f 3648 3688 3689
f 3648 3689 3649
f 3648 3663 3690
f 3648 3690 3688
f 3649 3689 3688
f 3649 3688 3691
f 3649 3691 3692
f 3649 3692 3650
f 3650 3692 3693
f 3650 3693 3694
f 3650 3694 3683
f 3650 3677 3676
f 3650 3676 3675
f 3650 3674 3652
f 3650 3652 3651
f 3654 3673 3655
f 3656 3665 3695
f 3656 3695 3657
f 3657 3695 3671
f 3657 3671 3696
f 3657 3696 3697
f 3657 3697 3658
f 3658 3697 3659
f 3659 3697 3698
f 3659 3698 3661
f 3660 3661 3662
f 3661 3698 3699
f 3661 3699 3662
f 3662 3700 3663
f 3662 3699 3700
f 3663 3700 3701
f 3663 3701 3690
f 3664 3672 3665
f 3665 3672 3695
f 3666 3687 3667
f 3667 3687 3686
f 3667 3686 3702
f 3667 3702 3703
f 3667 3703 3668
f 3668 3703 3669
f 3669 3703 3697
f 3669 3697 3670
f 3670 3697 3671
f 3671 3697 3696
f 3671 3695 3704
f 3671 3704 3672
f 3672 3704 3695
f 3678 3683 3694
f 3678 3694 3679
f 3679 3705 3706
f 3679 3706 3680
f 3679 3694 3693
f 3679 3693 3707
f 3679 3707 3708
f 3679 3708 3705
f 3680 3709 3710
f 3680 3710 3711
f 3680 3711 3712
f 3680 3712 3681
f 3680 3706 3709
f 3681 3712 3684
f 3681 3684 3682
f 3684 3711 3710
f 3684 3710 3703
f 3684 3703 3702
f 3684 3702 3686
f 3684 3686 3685
f 3684 3712 3711
f 3688 3690 3713
f 3688 3713 3691
f 3690 3701 3700
f 3690 3700 3705
f 3690 3705 3713
f 3691 3713 3705
f 3691 3705 3708
f 3691 3708 3692
f 3692 3708 3707
f 3692 3707 3693
f 3697 3703 3714
f 3697 3714 3715
f 3697 3715 3699
f 3697 3699 3698
f 3699 3715 3716
f 3699 3716 3700
f 3700 3716 3705
f 3703 3710 3714
f 3705 3716 3706
f 3706 3716 3717
f 3706 3717 3715
f 3706 3715 3718
f 3706 3718 3719
f 3706 3719 3710
f 3706 3710 3709
f 3710 3719 3718
f 3710 3718 3714
f 3714 3718 3715
f 3715 3717 3720
f 3715 3720 3716
f 3716 3720 3717

o geometry_35
v 0.01751295 0.00133898 0.00419993 0.57254902 0.58823529 0.56862745
v 0.01751295 0.00133898 0.00141583 0.57254902 0.58823529 0.56862745
v 0.01745204 0.00133898 0.00420082 0.57254902 0.58823529 0.56862745
v 0.01751295 0.00133776 0.00420082 0.57254902 0.58823529 0.56862745
v 0.01751295 -0.00098858 0.00118362 0.57254902 0.58823529 0.56862745
v 0.01118943 0.00133898 0.00141583 0.57254902 0.58823529 0.56862745
v 0.01118856 0.00133898 0.00420082 0.57254902 0.58823529 0.56862745
v 0.01751295 -0.00098797 0.00420082 0.57254902 0.58823529 0.56862745
v 0.01751295 -0.00314579 0.00116759 0.57254902 0.58823529 0.56862745
v 0.01089096 -0.00098858 0.00118362 0.57254902 0.58823529 0.56862745
v 0.00869640 -0.00489878 0.00234644 0.57254902 0.58823529 0.56862745
v 0.00983023 0.00133898 0.00267307 0.57254902 0.58823529 0.56862745
v 0.01093795 -0.00098675 0.00420082 0.57254902 0.58823529 0.56862745
v 0.00995466 0.00133898 0.00321201 0.57254902 0.58823529 0.56862745
v 0.00870336 -0.00489878 0.00285093 0.57254902 0.58823529 0.56862745
v 0.01025487 -0.00489878 0.00404997 0.57254902 0.58823529 0.56862745
v 0.01095100 -0.00098797 0.00420082 0.57254902 0.58823529 0.56862745
v 0.01751295 -0.00489878 0.00404997 0.57254902 0.58823529 0.56862745
v 0.01751295 -0.00489878 0.00116759 0.57254902 0.58823529 0.56862745
v 0.01075870 -0.00314579 0.00116759 0.57254902 0.58823529 0.56862745
v 0.01062730 -0.00338208 0.00116759 0.57254902 0.58823529 0.56862745
v 0.01028532 -0.00489878 0.00116759 0.57254902 0.58823529 0.56862745
v 0.00862330 -0.00489878 0.00260062 0.57254902 0.58823529 0.56862745
v 0.00980847 0.00133898 0.00294803 0.57254902 0.58823529 0.56862745
v 0.00981369 0.00133898 0.00300415 0.57254902 0.58823529 0.56862745
v 0.00863200 -0.00489878 0.00267604 0.57254902 0.58823529 0.56862745
f 3721 3722 3726
f 3721 3726 3732
f 3721 3732 3744
f 3721 3744 3745
f 3721 3745 3734
f 3721 3734 3727
f 3721 3727 3723
f 3721 3723 3724
f 3721 3724 3728
f 3721 3728 3738
f 3721 3738 3739
f 3721 3739 3729
f 3721 3729 3725
f 3721 3725 3722
f 3722 3725 3730
f 3722 3730 3726
f 3723 3727 3733
f 3723 3733 3737
f 3723 3737 3728
f 3723 3728 3724
f 3725 3729 3740
f 3725 3740 3730
f 3726 3730 3731
f 3726 3731 3732
f 3727 3734 3735
f 3727 3735 3736
f 3727 3736 3733
f 3728 3737 3736
f 3728 3736 3738
f 3729 3739 3742
f 3729 3742 3741
f 3729 3741 3740
f 3730 3740 3741
f 3730 3741 3742
f 3730 3742 3731
f 3731 3742 3739
f 3731 3739 3738
f 3731 3738 3736
f 3731 3736 3735
f 3731 3735 3746
f 3731 3746 3743
f 3731 3743 3732
f 3732 3743 3744
f 3733 3736 3737
f 3734 3745 3735
f 3735 3745 3746
f 3743 3746 3745
f 3743 3745 3744

o geometry_36
v 0.01751295 0.00133898 0.00619962 0.21960784 0.94901961 0.44705882
v 0.01751295 0.00133898 0.00426513 0.21960784 0.94901961 0.44705882
v 0.01750076 0.00133898 0.00626390 0.21960784 0.94901961 0.44705882
v 0.01746679 0.00020329 0.00659968 0.21960784 0.94901961 0.44705882
v 0.01751295 -0.00179639 0.00619962 0.21960784 0.94901961 0.44705882
v 0.01751295 0.00133776 0.00420123 0.21960784 0.94901961 0.44705882
v 0.01745285 0.00133898 0.00420123 0.21960784 0.94901961 0.44705882
v 0.01742498 0.00133898 0.00659968 0.21960784 0.94901961 0.44705882
v 0.01745372 0.00060322 0.00659968 0.21960784 0.94901961 0.44705882
v 0.01727953 0.00021733 0.00703415 0.21960784 0.94901961 0.44705882
v 0.01746679 -0.00019665 0.00659968 0.21960784 0.94901961 0.44705882
v 0.01751208 -0.00219632 0.00619962 0.21960784 0.94901961 0.44705882
v 0.01751208 -0.00489878 0.00580070 0.21960784 0.94901961 0.44705882
v 0.01751295 -0.00314518 0.00580070 0.21960784 0.94901961 0.44705882
v 0.01751295 -0.00098858 0.00400914 0.21960784 0.94901961 0.44705882
v 0.01118886 0.00133898 0.00420123 0.21960784 0.94901961 0.44705882
v 0.01739711 0.00133898 0.00665299 0.21960784 0.94901961 0.44705882
v 0.01727953 -0.00021130 0.00703415 0.21960784 0.94901961 0.44705882
v 0.01725427 0.00133898 0.00690445 0.21960784 0.94901961 0.44705882
v 0.01718285 0.00009399 0.00721980 0.21960784 0.94901961 0.44705882
v 0.01745372 -0.00059658 0.00659968 0.21960784 0.94901961 0.44705882
v 0.01748160 -0.00459593 0.00619962 0.21960784 0.94901961 0.44705882
v 0.01749118 -0.00419539 0.00619962 0.21960784 0.94901961 0.44705882
v 0.01749901 -0.00379606 0.00619962 0.21960784 0.94901961 0.44705882
v 0.01750424 -0.00339613 0.00619962 0.21960784 0.94901961 0.44705882
v 0.01750860 -0.00299619 0.00619962 0.21960784 0.94901961 0.44705882
v 0.01746505 -0.00489878 0.00619962 0.21960784 0.94901961 0.44705882
v 0.01751208 -0.00489878 0.00405074 0.21960784 0.94901961 0.44705882
v 0.01751295 -0.00314518 0.00400914 0.21960784 0.94901961 0.44705882
v 0.01088663 -0.00098858 0.00400914 0.21960784 0.94901961 0.44705882
v 0.00871531 -0.00489878 0.00516016 0.21960784 0.94901961 0.44705882
v 0.00983799 0.00133898 0.00548572 0.21960784 0.94901961 0.44705882
v 0.01731263 -0.00459593 0.00656943 0.21960784 0.94901961 0.44705882
v 0.01736489 -0.00299619 0.00659930 0.21960784 0.94901961 0.44705882
v 0.01718285 -0.00008735 0.00721980 0.21960784 0.94901961 0.44705882
v 0.01679963 0.00133898 0.00759755 0.21960784 0.94901961 0.44705882
v 0.01678831 0.00132372 0.00762213 0.21960784 0.94901961 0.44705882
v 0.01680834 0.00100316 0.00764973 0.21960784 0.94901961 0.44705882
v 0.01707921 0.00021733 0.00737181 0.21960784 0.94901961 0.44705882
v 0.01686060 0.00020329 0.00770229 0.21960784 0.94901961 0.44705882
v 0.01729347 -0.00489878 0.00653804 0.21960784 0.94901961 0.44705882
v 0.01025257 -0.00489878 0.00405074 0.21960784 0.94901961 0.44705882
v 0.01063057 -0.00314518 0.00400914 0.21960784 0.94901961 0.44705882
v 0.01063928 -0.00297971 0.00400914 0.21960784 0.94901961 0.44705882
v 0.00861689 -0.00489878 0.00540027 0.21960784 0.94901961 0.44705882
v 0.00978312 0.00133898 0.00575079 0.21960784 0.94901961 0.44705882
v 0.01707921 -0.00021130 0.00737181 0.21960784 0.94901961 0.44705882
v 0.01686060 -0.00019665 0.00770229 0.21960784 0.94901961 0.44705882
v 0.01714453 -0.00459593 0.00676946 0.21960784 0.94901961 0.44705882
v 0.01676392 0.00133898 0.00763536 0.21960784 0.94901961 0.44705882
v 0.01660192 0.00133898 0.00773632 0.21960784 0.94901961 0.44705882
v 0.01683447 0.00060322 0.00767923 0.21960784 0.94901961 0.44705882
v 0.01657143 0.00100316 0.00778586 0.21960784 0.94901961 0.44705882
v 0.01657143 0.00060322 0.00781535 0.21960784 0.94901961 0.44705882
v 0.01657143 0.00020329 0.00783842 0.21960784 0.94901961 0.44705882
v 0.01639811 -0.00447259 0.00762894 0.21960784 0.94901961 0.44705882
v 0.01711056 -0.00489878 0.00673807 0.21960784 0.94901961 0.44705882
v 0.00861515 -0.00489878 0.00547438 0.21960784 0.94901961 0.44705882
v 0.00977789 0.00133898 0.00580070 0.21960784 0.94901961 0.44705882
v 0.01683447 -0.00059658 0.00767923 0.21960784 0.94901961 0.44705882
v 0.01657143 -0.00019665 0.00783842 0.21960784 0.94901961 0.44705882
v 0.01657143 -0.00059658 0.00781535 0.21960784 0.94901961 0.44705882
v 0.01617166 -0.00419539 0.00778813 0.21960784 0.94901961 0.44705882
v 0.01650350 -0.00259626 0.00772649 0.21960784 0.94901961 0.44705882
v 0.01647824 -0.00299619 0.00771288 0.21960784 0.94901961 0.44705882
v 0.01646953 -0.00314579 0.00770607 0.21960784 0.94901961 0.44705882
v 0.01641814 -0.00419539 0.00765200 0.21960784 0.94901961 0.44705882
v 0.01617166 0.00133898 0.00787169 0.21960784 0.94901961 0.44705882
v 0.01619866 -0.00460204 0.00772233 0.21960784 0.94901961 0.44705882
v 0.01612289 -0.00489878 0.00770683 0.21960784 0.94901961 0.44705882
v 0.01619431 -0.00489878 0.00765465 0.21960784 0.94901961 0.44705882
v 0.01634934 -0.00473942 0.00757827 0.21960784 0.94901961 0.44705882
v 0.01671863 -0.00489878 0.00714683 0.21960784 0.94901961 0.44705882
v 0.00868047 -0.00489878 0.00569634 0.21960784 0.94901961 0.44705882
v 0.00991376 0.00133898 0.00605480 0.21960784 0.94901961 0.44705882
v 0.01617166 -0.00098797 0.00787169 0.21960784 0.94901961 0.44705882
v 0.01617166 -0.00179639 0.00787131 0.21960784 0.94901961 0.44705882
v 0.01617166 -0.00219632 0.00786942 0.21960784 0.94901961 0.44705882
v 0.01617166 -0.00259626 0.00786224 0.21960784 0.94901961 0.44705882
v 0.01617166 -0.00299619 0.00784901 0.21960784 0.94901961 0.44705882
v 0.01617166 -0.00339613 0.00783010 0.21960784 0.94901961 0.44705882
v 0.01577189 -0.00459593 0.00786716 0.21960784 0.94901961 0.44705882
v 0.01577189 -0.00489878 0.00784485 0.21960784 0.94901961 0.44705882
v 0.01587727 -0.00489878 0.00780892 0.21960784 0.94901961 0.44705882
v 0.01577189 0.00133898 0.00787207 0.21960784 0.94901961 0.44705882
v 0.01631798 -0.00489878 0.00754651 0.21960784 0.94901961 0.44705882
v 0.01039192 -0.00489878 0.00755974 0.21960784 0.94901961 0.44705882
v 0.01148063 0.00133898 0.00770456 0.21960784 0.94901961 0.44705882
v 0.01577189 -0.00419539 0.00787169 0.21960784 0.94901961 0.44705882
v 0.01546966 -0.00489878 0.00787056 0.21960784 0.94901961 0.44705882
v 0.01217392 0.00133898 0.00787207 0.21960784 0.94901961 0.44705882
v 0.01217392 0.00020329 0.00787207 0.21960784 0.94901961 0.44705882
v 0.01537124 -0.00489878 0.00787169 0.21960784 0.94901961 0.44705882
v 0.01057570 -0.00489878 0.00772914 0.21960784 0.94901961 0.44705882
v 0.01177328 0.00133898 0.00784031 0.21960784 0.94901961 0.44705882
v 0.01097373 -0.00489878 0.00786716 0.21960784 0.94901961 0.44705882
v 0.01107041 -0.00489878 0.00787169 0.21960784 0.94901961 0.44705882
v 0.01065147 -0.00489878 0.00776166 0.21960784 0.94901961 0.44705882
f 3747 3748 3753
f 3747 3753 3762
f 3747 3762 3778
f 3747 3778 3792
f 3747 3792 3805
f 3747 3805 3821
f 3747 3821 3834
f 3747 3834 3841
f 3747 3841 3837
f 3747 3837 3831
f 3747 3831 3814
f 3747 3814 3797
f 3747 3797 3796
f 3747 3796 3782
f 3747 3782 3765
f 3747 3765 3763
f 3747 3763 3754
f 3747 3754 3749
f 3747 3749 3750
f 3747 3750 3757
f 3747 3757 3751
f 3747 3751 3760
f 3747 3760 3775
f 3747 3775 3761
f 3747 3761 3752
f 3747 3752 3748
f 3748 3752 3753
f 3749 3754 3755
f 3749 3755 3750
f 3750 3755 3756
f 3750 3756 3764
f 3750 3764 3757
f 3751 3758 3759
f 3751 3759 3760
f 3751 3757 3758
f 3752 3761 3753
f 3753 3761 3776
f 3753 3776 3762
f 3754 3763 3756
f 3754 3756 3755
f 3756 3763 3765
f 3756 3765 3766
f 3756 3766 3781
f 3756 3781 3764
f 3757 3764 3767
f 3757 3767 3768
f 3757 3768 3769
f 3757 3769 3770
f 3757 3770 3771
f 3757 3771 3772
f 3757 3772 3758
f 3758 3772 3759
f 3759 3772 3771
f 3759 3771 3770
f 3759 3770 3769
f 3759 3769 3768
f 3759 3768 3773
f 3759 3773 3787
f 3759 3787 3803
f 3759 3803 3819
f 3759 3819 3832
f 3759 3832 3817
f 3759 3817 3816
f 3759 3816 3830
f 3759 3830 3829
f 3759 3829 3836
f 3759 3836 3839
f 3759 3839 3843
f 3759 3843 3842
f 3759 3842 3844
f 3759 3844 3840
f 3759 3840 3833
f 3759 3833 3820
f 3759 3820 3804
f 3759 3804 3791
f 3759 3791 3777
f 3759 3777 3788
f 3759 3788 3774
f 3759 3774 3775
f 3759 3775 3760
f 3761 3775 3789
f 3761 3789 3790
f 3761 3790 3776
f 3762 3776 3777
f 3762 3777 3778
f 3764 3779 3780
f 3764 3780 3768
f 3764 3768 3767
f 3764 3781 3779
f 3765 3782 3783
f 3765 3783 3784
f 3765 3784 3785
f 3765 3785 3766
f 3766 3785 3786
f 3766 3786 3794
f 3766 3794 3781
f 3768 3780 3779
f 3768 3779 3773
f 3773 3779 3787
f 3774 3788 3789
f 3774 3789 3775
f 3776 3790 3788
f 3776 3788 3777
f 3777 3791 3778
f 3778 3791 3792
f 3779 3781 3793
f 3779 3793 3794
f 3779 3794 3795
f 3779 3795 3787
f 3781 3794 3793
f 3782 3796 3783
f 3783 3796 3797
f 3783 3797 3784
f 3784 3798 3785
f 3784 3797 3798
f 3785 3798 3786
f 3786 3798 3799
f 3786 3799 3800
f 3786 3800 3801
f 3786 3801 3807
f 3786 3807 3794
f 3787 3795 3802
f 3787 3802 3803
f 3788 3790 3789
f 3791 3804 3805
f 3791 3805 3792
f 3794 3806 3795
f 3794 3807 3808
f 3794 3808 3809
f 3794 3809 3810
f 3794 3810 3811
f 3794 3811 3812
f 3794 3812 3813
f 3794 3813 3806
f 3795 3806 3813
f 3795 3813 3802
f 3797 3799 3798
f 3797 3814 3799
f 3799 3814 3800
f 3800 3814 3801
f 3801 3814 3822
f 3801 3822 3807
f 3802 3813 3809
f 3802 3809 3815
f 3802 3815 3816
f 3802 3816 3817
f 3802 3817 3818
f 3802 3818 3819
f 3802 3819 3803
f 3804 3820 3805
f 3805 3820 3821
f 3807 3822 3823
f 3807 3823 3824
f 3807 3824 3825
f 3807 3825 3826
f 3807 3826 3827
f 3807 3827 3809
f 3807 3809 3808
f 3809 3827 3828
f 3809 3828 3829
f 3809 3829 3830
f 3809 3830 3815
f 3809 3813 3812
f 3809 3812 3811
f 3809 3811 3810
f 3814 3831 3822
f 3815 3830 3816
f 3817 3832 3818
f 3818 3832 3819
f 3820 3833 3821
f 3821 3833 3834
f 3822 3831 3835
f 3822 3835 3823
f 3823 3835 3824
f 3824 3835 3828
f 3824 3828 3825
f 3825 3828 3826
f 3826 3828 3827
f 3828 3835 3836
f 3828 3836 3829
f 3831 3837 3838
f 3831 3838 3839
f 3831 3839 3835
f 3833 3840 3834
f 3834 3840 3841
f 3835 3839 3836
f 3837 3841 3842
f 3837 3842 3843
f 3837 3843 3838
f 3838 3843 3839
f 3840 3844 3841
f 3841 3844 3842

o geometry_37
v -0.00239115 -0.01888513 0.00061215 0.84313725 0.69803922 0.29411765
v -0.00045328 -0.02000372 0.00061215 0.84313725 0.69803922 0.29411765
v -0.00238778 -0.01888725 0.00340720 0.84313725 0.69803922 0.29411765
v -0.00239115 -0.01888513 0.00340720 0.84313725 0.69803922 0.29411765
v -0.00239115 -0.01080208 0.00061215 0.84313725 0.69803922 0.29411765
v -0.00044767 -0.02000689 0.00340720 0.84313725 0.69803922 0.29411765
v -0.00044767 -0.02000689 0.00061215 0.84313725 0.69803922 0.29411765
v -0.00009773 -0.02011801 0.00346614 0.84313725 0.69803922 0.29411765
v -0.00239115 -0.01079996 0.00340720 0.84313725 0.69803922 0.29411765
v -0.00239115 -0.00956390 0.00195478 0.84313725 0.69803922 0.29411765
v 0.00334718 -0.01059148 0.00071775 0.84313725 0.69803922 0.29411765
v -0.00102734 -0.01097987 0.00061215 0.84313725 0.69803922 0.29411765
v -0.00022748 -0.02011801 0.00340720 0.84313725 0.69803922 0.29411765
v -0.00022748 -0.02011801 0.00061215 0.84313725 0.69803922 0.29411765
v 0.00017301 -0.02011801 0.00346614 0.84313725 0.69803922 0.29411765
v -0.00009773 -0.01116506 0.00346614 0.84313725 0.69803922 0.29411765
v 0.00334718 -0.01053645 0.00346614 0.84313725 0.69803922 0.29411765
v 0.00334718 -0.00965386 0.00275488 0.84313725 0.69803922 0.29411765
v 0.00334718 -0.00940728 0.00255430 0.84313725 0.69803922 0.29411765
v 0.00334718 -0.00938929 0.00253949 0.84313725 0.69803922 0.29411765
v -0.00239115 -0.00973640 0.00224588 0.84313725 0.69803922 0.29411765
v -0.00239115 -0.00956390 0.00204585 0.84313725 0.69803922 0.29411765
v 0.00334718 -0.00930674 0.00220258 0.84313725 0.69803922 0.29411765
v 0.00334718 -0.00949406 0.00191651 0.84313725 0.69803922 0.29411765
v 0.00334718 -0.01830097 0.00071775 0.84313725 0.69803922 0.29411765
v -0.00009773 -0.01111744 0.00061215 0.84313725 0.69803922 0.29411765
v -0.00062741 -0.01103278 0.00061215 0.84313725 0.69803922 0.29411765
v -0.00064202 -0.01103066 0.00061215 0.84313725 0.69803922 0.29411765
v -0.00009773 -0.02011801 0.00061215 0.84313725 0.69803922 0.29411765
v 0.00017301 -0.02011801 0.00140024 0.84313725 0.69803922 0.29411765
v 0.00039320 -0.02000795 0.00346614 0.84313725 0.69803922 0.29411765
v 0.00334718 -0.01830097 0.00346614 0.84313725 0.69803922 0.29411765
v 0.00334718 -0.00930992 0.00222381 0.84313725 0.69803922 0.29411765
v 0.00039320 -0.02000795 0.00071775 0.84313725 0.69803922 0.29411765
v 0.00023761 -0.02008520 0.00071775 0.84313725 0.69803922 0.29411765
v 0.00017301 -0.02011589 0.00071775 0.84313725 0.69803922 0.29411765
v -0.00001797 -0.02011801 0.00071775 0.84313725 0.69803922 0.29411765
f 3845 3846 3847
f 3845 3847 3848
f 3845 3848 3853
f 3845 3853 3865
f 3845 3865 3866
f 3845 3866 3854
f 3845 3854 3849
f 3845 3849 3856
f 3845 3856 3872
f 3845 3872 3871
f 3845 3871 3870
f 3845 3870 3873
f 3845 3873 3858
f 3845 3858 3851
f 3845 3851 3846
f 3846 3850 3847
f 3846 3851 3850
f 3847 3850 3852
f 3847 3852 3848
f 3848 3852 3860
f 3848 3860 3853
f 3849 3854 3855
f 3849 3855 3856
f 3850 3851 3858
f 3850 3858 3857
f 3850 3857 3852
f 3852 3857 3858
f 3852 3858 3873
f 3852 3873 3881
f 3852 3881 3874
f 3852 3874 3859
f 3852 3859 3875
f 3852 3875 3876
f 3852 3876 3861
f 3852 3861 3860
f 3853 3861 3862
f 3853 3862 3863
f 3853 3863 3864
f 3853 3864 3865
f 3853 3860 3861
f 3854 3866 3867
f 3854 3867 3868
f 3854 3868 3855
f 3855 3869 3873
f 3855 3873 3870
f 3855 3870 3871
f 3855 3871 3872
f 3855 3872 3856
f 3855 3868 3867
f 3855 3867 3877
f 3855 3877 3864
f 3855 3864 3863
f 3855 3863 3862
f 3855 3862 3861
f 3855 3861 3876
f 3855 3876 3869
f 3859 3874 3878
f 3859 3878 3875
f 3864 3877 3866
f 3864 3866 3865
f 3866 3877 3867
f 3869 3876 3875
f 3869 3875 3878
f 3869 3878 3873
f 3873 3878 3879
f 3873 3879 3880
f 3873 3880 3881
f 3874 3881 3880
f 3874 3880 3879
f 3874 3879 3878

o geometry_38
v 0.01751295 0.00345716 -0.00140065 0.81176471 0.39607843 0.87843137
v 0.01751295 0.00345457 -0.00138740 0.81176471 0.39607843 0.87843137
v 0.01751295 0.00345716 -0.00417533 0.81176471 0.39607843 0.87843137
v 0.01722827 0.00345716 -0.00138740 0.81176471 0.39607843 0.87843137
v 0.01751295 0.00133846 -0.00138740 0.81176471 0.39607843 0.87843137
v 0.01751295 0.00133846 -0.00421970 0.81176471 0.39607843 0.87843137
v 0.01751214 -0.00098899 -0.00453495 0.81176471 0.39607843 0.87843137
v 0.01645290 -0.00098770 -0.00453495 0.81176471 0.39607843 0.87843137
v 0.01047140 0.00345716 -0.00417533 0.81176471 0.39607843 0.87843137
v 0.01047870 0.00345716 -0.00138740 0.81176471 0.39607843 0.87843137
v 0.01751295 -0.00098770 -0.00139849 0.81176471 0.39607843 0.87843137
v 0.01118675 0.00133846 -0.00138740 0.81176471 0.39607843 0.87843137
v 0.01751295 -0.00098770 -0.00421970 0.81176471 0.39607843 0.87843137
v 0.01751214 -0.00314582 -0.00453495 0.81176471 0.39607843 0.87843137
v 0.01089477 -0.00098770 -0.00453495 0.81176471 0.39607843 0.87843137
v 0.01072039 -0.00314582 -0.00453495 0.81176471 0.39607843 0.87843137
v 0.00949895 -0.00314582 -0.00324746 0.81176471 0.39607843 0.87843137
v 0.00929051 0.00345716 -0.00290263 0.81176471 0.39607843 0.87843137
v 0.01089315 -0.00100127 -0.00453495 0.81176471 0.39607843 0.87843137
v 0.00944948 0.00345716 -0.00229617 0.81176471 0.39607843 0.87843137
v 0.00944704 -0.00314582 -0.00272821 0.81176471 0.39607843 0.87843137
v 0.01077555 -0.00314582 -0.00165242 0.81176471 0.39607843 0.87843137
v 0.01093938 -0.00098770 -0.00139849 0.81176471 0.39607843 0.87843137
v 0.01048276 0.00342225 -0.00138740 0.81176471 0.39607843 0.87843137
v 0.01166040 -0.00314582 -0.00165242 0.81176471 0.39607843 0.87843137
v 0.01751214 -0.00314388 -0.00165242 0.81176471 0.39607843 0.87843137
v 0.01751214 -0.00314582 -0.00180033 0.81176471 0.39607843 0.87843137
v 0.01048843 0.00338800 -0.00138740 0.81176471 0.39607843 0.87843137
v 0.00938865 -0.00314582 -0.00300401 0.81176471 0.39607843 0.87843137
v 0.00922806 0.00345716 -0.00267120 0.81176471 0.39607843 0.87843137
v 0.00924996 0.00345716 -0.00257567 0.81176471 0.39607843 0.87843137
v 0.00941055 -0.00314582 -0.00281203 0.81176471 0.39607843 0.87843137
v 0.01048762 0.00339188 -0.00138740 0.81176471 0.39607843 0.87843137
v 0.00922806 0.00345716 -0.00264315 0.81176471 0.39607843 0.87843137
f 3882 3883 3886
f 3882 3886 3892
f 3882 3892 3894
f 3882 3894 3887
f 3882 3887 3884
f 3882 3884 3890
f 3882 3890 3899
f 3882 3899 3911
f 3882 3911 3915
f 3882 3915 3912
f 3882 3912 3901
f 3882 3901 3891
f 3882 3891 3885
f 3882 3885 3883
f 3883 3885 3891
f 3883 3891 3905
f 3883 3905 3914
f 3883 3914 3909
f 3883 3909 3893
f 3883 3893 3886
f 3884 3887 3888
f 3884 3888 3889
f 3884 3889 3896
f 3884 3896 3890
f 3886 3893 3904
f 3886 3904 3892
f 3887 3894 3895
f 3887 3895 3888
f 3888 3895 3897
f 3888 3897 3900
f 3888 3900 3896
f 3888 3896 3889
f 3890 3897 3898
f 3890 3898 3899
f 3890 3896 3900
f 3890 3900 3897
f 3891 3901 3902
f 3891 3902 3903
f 3891 3903 3904
f 3891 3904 3905
f 3892 3904 3903
f 3892 3903 3906
f 3892 3906 3907
f 3892 3907 3908
f 3892 3908 3895
f 3892 3895 3894
f 3893 3909 3904
f 3895 3908 3906
f 3895 3906 3903
f 3895 3903 3902
f 3895 3902 3913
f 3895 3913 3910
f 3895 3910 3898
f 3895 3898 3897
f 3898 3910 3899
f 3899 3910 3911
f 3901 3912 3902
f 3902 3912 3913
f 3904 3909 3914
f 3904 3914 3905
f 3906 3908 3907
f 3910 3913 3915
f 3910 3915 3911
f 3912 3915 3913

o geometry_39
v -0.01070964 -0.00299734 -0.00270920 0.58039216 0.87843137 0.69019608
v -0.01070964 -0.00299734 -0.00393769 0.58039216 0.87843137 0.69019608
v -0.00952041 -0.00299734 -0.00389731 0.58039216 0.87843137 0.69019608
v -0.01019239 0.00000708 -0.00387013 0.58039216 0.87843137 0.69019608
v -0.01070964 0.00000708 -0.00344735 0.58039216 0.87843137 0.69019608
v -0.01066552 -0.00299734 -0.00535963 0.58039216 0.87843137 0.69019608
v -0.01070964 -0.00299705 -0.00540476 0.58039216 0.87843137 0.69019608
v -0.00952099 -0.00299734 -0.00421823 0.58039216 0.87843137 0.69019608
v -0.00952053 -0.00299617 -0.00389758 0.58039216 0.87843137 0.69019608
v -0.01003580 0.00000708 -0.00403349 0.58039216 0.87843137 0.69019608
v -0.01070964 0.00000708 -0.00514191 0.58039216 0.87843137 0.69019608
v -0.00961995 -0.00299734 -0.00439716 0.58039216 0.87843137 0.69019608
v -0.00998889 0.00000708 -0.00444255 0.58039216 0.87843137 0.69019608
v -0.00998935 0.00000708 -0.00431455 0.58039216 0.87843137 0.69019608
v -0.00999296 0.00000708 -0.00417996 0.58039216 0.87843137 0.69019608
v -0.01002602 0.00000708 -0.00406569 0.58039216 0.87843137 0.69019608
v -0.01009099 0.00000708 -0.00454442 0.58039216 0.87843137 0.69019608
f 3916 3917 3921
f 3916 3921 3927
f 3916 3927 3923
f 3916 3923 3918
f 3916 3918 3919
f 3916 3919 3920
f 3916 3920 3926
f 3916 3926 3922
f 3916 3922 3917
f 3917 3922 3921
f 3918 3923 3924
f 3918 3924 3925
f 3918 3925 3919
f 3919 3925 3931
f 3919 3931 3930
f 3919 3930 3929
f 3919 3929 3928
f 3919 3928 3932
f 3919 3932 3926
f 3919 3926 3920
f 3921 3922 3927
f 3922 3926 3927
f 3923 3927 3928
f 3923 3928 3924
f 3924 3928 3929
f 3924 3929 3930
f 3924 3930 3931
f 3924 3931 3925
f 3926 3932 3927
f 3927 3932 3928

o geometry_40
v -0.00375795 0.00914078 0.00353562 0.72156863 0.49803922 0.95294118
v -0.00009828 0.00992783 0.00346691 0.72156863 0.49803922 0.95294118
v -0.00355484 0.00917734 0.00356895 0.72156863 0.49803922 0.95294118
v -0.00375795 0.00914078 0.00355922 0.72156863 0.49803922 0.95294118
v -0.00375795 0.01025685 0.00198877 0.72156863 0.49803922 0.95294118
v -0.00009828 0.01006116 0.00326695 0.72156863 0.49803922 0.95294118
v -0.00009828 0.00992783 0.00368839 0.72156863 0.49803922 0.95294118
v -0.00355484 0.00917734 0.00366156 0.72156863 0.49803922 0.95294118
v -0.00375795 0.00914723 0.00375593 0.72156863 0.49803922 0.95294118
v -0.00009828 0.01121270 0.00198877 0.72156863 0.49803922 0.95294118
v -0.00375795 0.01810370 0.00198877 0.72156863 0.49803922 0.95294118
v -0.00375795 0.00924185 0.00393908 0.72156863 0.49803922 0.95294118
v -0.00375795 0.00921712 0.00389130 0.72156863 0.49803922 0.95294118
v -0.00009828 0.01118475 0.00500138 0.72156863 0.49803922 0.95294118
v -0.00009828 0.02012509 0.00198877 0.72156863 0.49803922 0.95294118
v -0.00375795 0.01810370 0.00500138 0.72156863 0.49803922 0.95294118
v -0.00194030 0.01915310 0.00198877 0.72156863 0.49803922 0.95294118
v -0.00375795 0.00941819 0.00410777 0.72156863 0.49803922 0.95294118
v -0.00375795 0.01050414 0.00500138 0.72156863 0.49803922 0.95294118
v -0.00009828 0.01989177 0.00500138 0.72156863 0.49803922 0.95294118
v -0.00022760 0.02012509 0.00198877 0.72156863 0.49803922 0.95294118
v -0.00009828 0.02012509 0.00419979 0.72156863 0.49803922 0.95294118
v -0.00174040 0.01926815 0.00500138 0.72156863 0.49803922 0.95294118
v -0.00194030 0.01915310 0.00499990 0.72156863 0.49803922 0.95294118
v -0.00099421 0.01969931 0.00198877 0.72156863 0.49803922 0.95294118
v -0.00009828 0.02004337 0.00484478 0.72156863 0.49803922 0.95294118
v -0.00022760 0.01989177 0.00500138 0.72156863 0.49803922 0.95294118
v -0.00022760 0.02012509 0.00419979 0.72156863 0.49803922 0.95294118
v -0.00044791 0.02001434 0.00198877 0.72156863 0.49803922 0.95294118
v -0.00009828 0.02010359 0.00459999 0.72156863 0.49803922 0.95294118
v -0.00142946 0.01943158 0.00500138 0.72156863 0.49803922 0.95294118
v -0.00043931 0.02000897 0.00480909 0.72156863 0.49803922 0.95294118
v -0.00044648 0.02001327 0.00459999 0.72156863 0.49803922 0.95294118
v -0.00064637 0.01989930 0.00459999 0.72156863 0.49803922 0.95294118
v -0.00099421 0.01969931 0.00459999 0.72156863 0.49803922 0.95294118
v -0.00064780 0.01989930 0.00198877 0.72156863 0.49803922 0.95294118
v -0.00022760 0.02004337 0.00484478 0.72156863 0.49803922 0.95294118
v -0.00061986 0.01977887 0.00500138 0.72156863 0.49803922 0.95294118
v -0.00044791 0.02001434 0.00419979 0.72156863 0.49803922 0.95294118
v -0.00022760 0.02010359 0.00459999 0.72156863 0.49803922 0.95294118
v -0.00062487 0.01977672 0.00500138 0.72156863 0.49803922 0.95294118
v -0.00064780 0.01989930 0.00419979 0.72156863 0.49803922 0.95294118
f 3933 3934 3935
f 3933 3935 3940
f 3933 3940 3936
f 3933 3936 3941
f 3933 3941 3945
f 3933 3945 3944
f 3933 3944 3950
f 3933 3950 3951
f 3933 3951 3948
f 3933 3948 3943
f 3933 3943 3937
f 3933 3937 3938
f 3933 3938 3934
f 3934 3939 3940
f 3934 3940 3935
f 3934 3938 3942
f 3934 3942 3947
f 3934 3947 3954
f 3934 3954 3962
f 3934 3962 3958
f 3934 3958 3952
f 3934 3952 3946
f 3934 3946 3939
f 3936 3940 3941
f 3937 3942 3938
f 3937 3943 3949
f 3937 3949 3957
f 3937 3957 3968
f 3937 3968 3961
f 3937 3961 3953
f 3937 3953 3947
f 3937 3947 3942
f 3939 3944 3945
f 3939 3945 3941
f 3939 3941 3940
f 3939 3946 3944
f 3943 3948 3956
f 3943 3956 3949
f 3944 3946 3950
f 3946 3951 3950
f 3946 3952 3959
f 3946 3959 3970
f 3946 3970 3973
f 3946 3973 3963
f 3946 3963 3955
f 3946 3955 3948
f 3946 3948 3951
f 3947 3953 3960
f 3947 3960 3954
f 3948 3955 3956
f 3949 3956 3967
f 3949 3967 3957
f 3952 3958 3969
f 3952 3969 3959
f 3953 3961 3971
f 3953 3971 3960
f 3954 3960 3972
f 3954 3972 3962
f 3955 3963 3964
f 3955 3964 3965
f 3955 3965 3966
f 3955 3966 3967
f 3955 3967 3956
f 3957 3967 3974
f 3957 3974 3968
f 3958 3962 3972
f 3958 3972 3969
f 3959 3969 3970
f 3960 3971 3965
f 3960 3965 3964
f 3960 3964 3972
f 3961 3968 3974
f 3961 3974 3971
f 3963 3973 3964
f 3964 3973 3970
f 3964 3970 3969
f 3964 3969 3972
f 3965 3971 3966
f 3966 3971 3967
f 3967 3971 3974

o geometry_41
v 0.01751216 0.00133898 0.00141534 0.64313725 0.42352941 0.60392157
v 0.01751216 -0.00098771 0.00141534 0.64313725 0.42352941 0.60392157
v 0.01751216 0.00133898 -0.00133519 0.64313725 0.42352941 0.60392157
v 0.01118911 0.00133898 0.00141534 0.64313725 0.42352941 0.60392157
v 0.01751216 -0.00314582 0.00118322 0.64313725 0.42352941 0.60392157
v 0.01093316 -0.00098771 0.00141534 0.64313725 0.42352941 0.60392157
v 0.01751216 0.00133722 -0.00139795 0.64313725 0.42352941 0.60392157
v 0.01737703 0.00133898 -0.00139795 0.64313725 0.42352941 0.60392157
v 0.01093475 -0.00096795 0.00141534 0.64313725 0.42352941 0.60392157
v 0.01008029 0.00133898 0.00047067 0.64313725 0.42352941 0.60392157
v 0.01751216 -0.00314582 -0.00165048 0.64313725 0.42352941 0.60392157
v 0.01077578 -0.00314582 0.00118322 0.64313725 0.42352941 0.60392157
v 0.01093396 -0.00097629 0.00141534 0.64313725 0.42352941 0.60392157
v 0.00998252 0.00124986 0.00039109 0.64313725 0.42352941 0.60392157
v 0.00943646 -0.00314582 0.00008571 0.64313725 0.42352941 0.60392157
v 0.01751216 -0.00098771 -0.00165228 0.64313725 0.42352941 0.60392157
v 0.01118195 0.00133898 -0.00139795 0.64313725 0.42352941 0.60392157
v 0.00989270 0.00133898 0.00029290 0.64313725 0.42352941 0.60392157
v 0.01166125 -0.00314582 -0.00165228 0.64313725 0.42352941 0.60392157
v 0.01751216 -0.00314406 -0.00165228 0.64313725 0.42352941 0.60392157
v 0.00983945 0.00133898 0.00022594 0.64313725 0.42352941 0.60392157
v 0.00940307 -0.00314582 -0.00001788 0.64313725 0.42352941 0.60392157
v 0.01089580 -0.00098771 -0.00165228 0.64313725 0.42352941 0.60392157
v 0.00982275 0.00133898 -0.00013979 0.64313725 0.42352941 0.60392157
v 0.01077499 -0.00314582 -0.00165228 0.64313725 0.42352941 0.60392157
v 0.00939274 -0.00314582 -0.00020946 0.64313725 0.42352941 0.60392157
v 0.01089501 -0.00099649 -0.00165228 0.64313725 0.42352941 0.60392157
v 0.00951833 -0.00314582 -0.00043497 0.64313725 0.42352941 0.60392157
v 0.01087116 -0.00139641 -0.00165228 0.64313725 0.42352941 0.60392157
f 3975 3976 3979
f 3975 3979 3985
f 3975 3985 3994
f 3975 3994 3990
f 3975 3990 3981
f 3975 3981 3977
f 3975 3977 3982
f 3975 3982 3991
f 3975 3991 3998
f 3975 3998 3995
f 3975 3995 3992
f 3975 3992 3984
f 3975 3984 3978
f 3975 3978 3983
f 3975 3983 3987
f 3975 3987 3980
f 3975 3980 3976
f 3976 3980 3986
f 3976 3986 3979
f 3977 3981 3982
f 3978 3984 3983
f 3979 3986 3989
f 3979 3989 3996
f 3979 3996 4000
f 3979 4000 4002
f 3979 4002 3999
f 3979 3999 3993
f 3979 3993 3985
f 3980 3987 3988
f 3980 3988 3989
f 3980 3989 3986
f 3981 3990 3982
f 3982 3990 3997
f 3982 3997 3991
f 3983 3984 3987
f 3984 3992 3988
f 3984 3988 3987
f 3985 3993 3994
f 3988 3992 3989
f 3989 3992 3995
f 3989 3995 3996
f 3990 3994 3993
f 3990 3993 3999
f 3990 3999 4003
f 3990 4003 4001
f 3990 4001 3997
f 3991 3997 3998
f 3995 3998 4000
f 3995 4000 3996
f 3997 4001 4002
f 3997 4002 3998
f 3998 4002 4000
f 3999 4002 4003
f 4001 4003 4002

o geometry_42
v 0.01751295 -0.00669400 -0.00192763 0.01568627 0.29803922 0.65882353
v 0.01751295 -0.00816092 -0.00192763 0.01568627 0.29803922 0.65882353
v 0.01751295 -0.00669400 -0.00487218 0.01568627 0.29803922 0.65882353
v 0.00861723 -0.00669400 -0.00192763 0.01568627 0.29803922 0.65882353
v 0.00864912 -0.01524213 -0.00199306 0.01568627 0.29803922 0.65882353
v 0.01657014 -0.01066866 -0.00199306 0.01568627 0.29803922 0.65882353
v 0.01710393 -0.01035959 -0.00199306 0.01568627 0.29803922 0.65882353
v 0.01733409 -0.01016075 -0.00199306 0.01568627 0.29803922 0.65882353
v 0.01750602 -0.00979828 -0.00199306 0.01568627 0.29803922 0.65882353
v 0.01751295 -0.00939831 -0.00199306 0.01568627 0.29803922 0.65882353
v 0.00754270 -0.00816092 -0.00192763 0.01568627 0.29803922 0.65882353
v 0.00334995 -0.01830209 -0.00199335 0.01568627 0.29803922 0.65882353
v 0.00541166 -0.01711015 -0.00199306 0.01568627 0.29803922 0.65882353
v 0.01751295 -0.00792458 -0.00487218 0.01568627 0.29803922 0.65882353
v 0.00860752 -0.00669400 -0.00487218 0.01568627 0.29803922 0.65882353
v 0.00780197 -0.00779050 -0.00192763 0.01568627 0.29803922 0.65882353
v 0.00754131 -0.00669400 -0.00277906 0.01568627 0.29803922 0.65882353
v 0.00334995 -0.00940740 -0.00309294 0.01568627 0.29803922 0.65882353
v 0.00334995 -0.01058798 -0.00199335 0.01568627 0.29803922 0.65882353
v 0.01657014 -0.01066866 -0.00459980 0.01568627 0.29803922 0.65882353
v 0.01710393 -0.01035959 -0.00419945 0.01568627 0.29803922 0.65882353
v 0.01733409 -0.01016075 -0.00419945 0.01568627 0.29803922 0.65882353
v 0.01750602 -0.00979828 -0.00419945 0.01568627 0.29803922 0.65882353
v 0.01751295 -0.00939831 -0.00419945 0.01568627 0.29803922 0.65882353
v 0.00334995 -0.01830209 -0.00293874 0.01568627 0.29803922 0.65882353
v 0.01751295 -0.00899835 -0.00459980 0.01568627 0.29803922 0.65882353
v 0.01750879 -0.00939831 -0.00459980 0.01568627 0.29803922 0.65882353
v 0.01750879 -0.00816092 -0.00487218 0.01568627 0.29803922 0.65882353
v 0.00779504 -0.00780868 -0.00487218 0.01568627 0.29803922 0.65882353
v 0.00334995 -0.01062775 -0.00480819 0.01568627 0.29803922 0.65882353
v 0.00336520 -0.01060844 -0.00480819 0.01568627 0.29803922 0.65882353
v 0.00334995 -0.00946535 -0.00370831 0.01568627 0.29803922 0.65882353
v 0.00727927 -0.00669400 -0.00331401 0.01568627 0.29803922 0.65882353
v 0.00731531 -0.00669400 -0.00300474 0.01568627 0.29803922 0.65882353
v 0.00355099 -0.00918697 -0.00319065 0.01568627 0.29803922 0.65882353
v 0.00334995 -0.00931082 -0.00336272 0.01568627 0.29803922 0.65882353
v 0.01004809 -0.01443424 -0.00460556 0.01568627 0.29803922 0.65882353
v 0.00354683 -0.01818733 -0.00480819 0.01568627 0.29803922 0.65882353
v 0.00532293 -0.01716128 -0.00480819 0.01568627 0.29803922 0.65882353
v 0.01690151 -0.01047549 -0.00460556 0.01568627 0.29803922 0.65882353
v 0.01710255 -0.01035050 -0.00459980 0.01568627 0.29803922 0.65882353
v 0.01731745 -0.01015052 -0.00459980 0.01568627 0.29803922 0.65882353
v 0.01748661 -0.00979828 -0.00459980 0.01568627 0.29803922 0.65882353
v 0.00334995 -0.01830095 -0.00480819 0.01568627 0.29803922 0.65882353
v 0.01748383 -0.00979260 -0.00460556 0.01568627 0.29803922 0.65882353
v 0.01748245 -0.00979828 -0.00460556 0.01568627 0.29803922 0.65882353
v 0.01731607 -0.01014825 -0.00460556 0.01568627 0.29803922 0.65882353
v 0.01710116 -0.01034937 -0.00460556 0.01568627 0.29803922 0.65882353
v 0.00541028 -0.01710901 -0.00480819 0.01568627 0.29803922 0.65882353
v 0.00758013 -0.00816092 -0.00487218 0.01568627 0.29803922 0.65882353
v 0.00334995 -0.00930287 -0.00339385 0.01568627 0.29803922 0.65882353
v 0.00713923 -0.00675309 -0.00323878 0.01568627 0.29803922 0.65882353
v 0.00723906 -0.00669400 -0.00309063 0.01568627 0.29803922 0.65882353
v 0.00713923 -0.00675309 -0.00315260 0.01568627 0.29803922 0.65882353
f 4004 4005 4013
f 4004 4013 4027
f 4004 4027 4029
f 4004 4029 4017
f 4004 4017 4006
f 4004 4006 4018
f 4004 4018 4036
f 4004 4036 4056
f 4004 4056 4037
f 4004 4037 4020
f 4004 4020 4007
f 4004 4007 4019
f 4004 4019 4014
f 4004 4014 4005
f 4005 4008 4009
f 4005 4009 4010
f 4005 4010 4011
f 4005 4011 4012
f 4005 4012 4013
f 4005 4014 4015
f 4005 4015 4016
f 4005 4016 4008
f 4006 4017 4031
f 4006 4031 4053
f 4006 4053 4032
f 4006 4032 4018
f 4007 4020 4021
f 4007 4021 4022
f 4007 4022 4019
f 4008 4016 4015
f 4008 4015 4009
f 4009 4015 4028
f 4009 4028 4023
f 4009 4023 4024
f 4009 4024 4010
f 4010 4024 4025
f 4010 4025 4011
f 4011 4025 4026
f 4011 4026 4012
f 4012 4026 4027
f 4012 4027 4013
f 4014 4022 4015
f 4014 4019 4022
f 4015 4022 4021
f 4015 4021 4039
f 4015 4039 4054
f 4015 4054 4035
f 4015 4035 4033
f 4015 4033 4047
f 4015 4047 4028
f 4017 4029 4030
f 4017 4030 4031
f 4018 4032 4033
f 4018 4033 4034
f 4018 4034 4035
f 4018 4035 4036
f 4020 4037 4038
f 4020 4038 4021
f 4021 4038 4039
f 4023 4040 4041
f 4023 4041 4042
f 4023 4042 4043
f 4023 4043 4024
f 4023 4028 4040
f 4024 4044 4025
f 4024 4043 4044
f 4025 4044 4045
f 4025 4045 4046
f 4025 4046 4026
f 4026 4046 4030
f 4026 4030 4027
f 4027 4030 4029
f 4028 4047 4041
f 4028 4041 4040
f 4030 4046 4031
f 4031 4046 4048
f 4031 4048 4049
f 4031 4049 4050
f 4031 4050 4051
f 4031 4051 4052
f 4031 4052 4042
f 4031 4042 4041
f 4031 4041 4047
f 4031 4047 4053
f 4032 4053 4033
f 4033 4035 4034
f 4033 4053 4047
f 4035 4054 4036
f 4036 4054 4055
f 4036 4055 4056
f 4037 4056 4038
f 4038 4054 4039
f 4038 4056 4057
f 4038 4057 4054
f 4042 4052 4043
f 4043 4051 4044
f 4043 4052 4051
f 4044 4051 4045
f 4045 4050 4046
f 4045 4051 4050
f 4046 4049 4048
f 4046 4050 4049
f 4054 4057 4055
f 4055 4057 4056

o geometry_43
v 0.01751295 -0.00816047 0.00345427 0.28627451 0.61568627 0.42745098
v 0.01751295 -0.00939739 0.00345427 0.28627451 0.61568627 0.42745098
v 0.01751295 -0.00816047 0.00076135 0.28627451 0.61568627 0.42745098
v 0.00730322 -0.00816047 0.00345427 0.28627451 0.61568627 0.42745098
v 0.01751295 -0.00939739 0.00076135 0.28627451 0.61568627 0.42745098
v 0.01750740 -0.00979647 0.00345427 0.28627451 0.61568627 0.42745098
v 0.00744327 -0.00816047 0.00076135 0.28627451 0.61568627 0.42745098
v 0.00600811 -0.00816047 0.00278263 0.28627451 0.61568627 0.42745098
v 0.00351358 -0.00917304 0.00242650 0.28627451 0.61568627 0.42745098
v 0.00334718 -0.00938945 0.00253959 0.28627451 0.61568627 0.42745098
v 0.00334718 -0.00940732 0.00255435 0.28627451 0.61568627 0.42745098
v 0.00334718 -0.00965352 0.00275521 0.28627451 0.61568627 0.42745098
v 0.00381309 -0.01023525 0.00345427 0.28627451 0.61568627 0.42745098
v 0.01750740 -0.00979647 0.00076135 0.28627451 0.61568627 0.42745098
v 0.01733685 -0.01015881 0.00345427 0.28627451 0.61568627 0.42745098
v 0.00334718 -0.01058568 0.00076135 0.28627451 0.61568627 0.42745098
v 0.00334718 -0.00949468 0.00191670 0.28627451 0.61568627 0.42745098
v 0.00334718 -0.00930706 0.00220297 0.28627451 0.61568627 0.42745098
v 0.00574050 -0.00816047 0.00217266 0.28627451 0.61568627 0.42745098
v 0.00577655 -0.00816047 0.00264424 0.28627451 0.61568627 0.42745098
v 0.00514009 -0.00837192 0.00242729 0.28627451 0.61568627 0.42745098
v 0.00351358 -0.00917304 0.00233872 0.28627451 0.61568627 0.42745098
v 0.00334718 -0.00931004 0.00222380 0.28627451 0.61568627 0.42745098
v 0.00574743 -0.00816047 0.00262578 0.28627451 0.61568627 0.42745098
v 0.00537304 -0.00828356 0.00249767 0.28627451 0.61568627 0.42745098
v 0.00334718 -0.01052314 0.00345427 0.28627451 0.61568627 0.42745098
v 0.01733685 -0.01015881 0.00076135 0.28627451 0.61568627 0.42745098
v 0.01713717 -0.01033154 0.00345427 0.28627451 0.61568627 0.42745098
v 0.00334718 -0.01830110 0.00076135 0.28627451 0.61568627 0.42745098
v 0.00537304 -0.00828356 0.00229075 0.28627451 0.61568627 0.42745098
v 0.00574050 -0.00816047 0.00218030 0.28627451 0.61568627 0.42745098
v 0.00514009 -0.00837192 0.00236640 0.28627451 0.61568627 0.42745098
v 0.00334718 -0.01830209 0.00345427 0.28627451 0.61568627 0.42745098
v 0.01710528 -0.01035835 0.00076135 0.28627451 0.61568627 0.42745098
v 0.01710528 -0.01035835 0.00345427 0.28627451 0.61568627 0.42745098
v 0.00334718 -0.01830209 0.00146200 0.28627451 0.61568627 0.42745098
v 0.00336659 -0.01829117 0.00076135 0.28627451 0.61568627 0.42745098
v 0.00337907 -0.01828422 0.00345427 0.28627451 0.61568627 0.42745098
v 0.01707894 -0.01037423 0.00345427 0.28627451 0.61568627 0.42745098
v 0.01690561 -0.01047450 0.00076135 0.28627451 0.61568627 0.42745098
v 0.00337907 -0.01828422 0.00076135 0.28627451 0.61568627 0.42745098
v 0.00417361 -0.01782559 0.00345427 0.28627451 0.61568627 0.42745098
v 0.01690561 -0.01047450 0.00345427 0.28627451 0.61568627 0.42745098
v 0.01661719 -0.01064127 0.00345427 0.28627451 0.61568627 0.42745098
v 0.01644525 -0.01074054 0.00076135 0.28627451 0.61568627 0.42745098
v 0.00417361 -0.01782559 0.00076135 0.28627451 0.61568627 0.42745098
v 0.01561327 -0.01122102 0.00345427 0.28627451 0.61568627 0.42745098
v 0.01561327 -0.01122102 0.00076135 0.28627451 0.61568627 0.42745098
f 4058 4059 4062
f 4058 4062 4060
f 4058 4060 4064
f 4058 4064 4076
f 4058 4076 4088
f 4058 4088 4081
f 4058 4081 4077
f 4058 4077 4065
f 4058 4065 4061
f 4058 4061 4070
f 4058 4070 4083
f 4058 4083 4090
f 4058 4090 4095
f 4058 4095 4099
f 4058 4099 4104
f 4058 4104 4101
f 4058 4101 4100
f 4058 4100 4096
f 4058 4096 4092
f 4058 4092 4085
f 4058 4085 4072
f 4058 4072 4063
f 4058 4063 4059
f 4059 4063 4071
f 4059 4071 4062
f 4060 4062 4071
f 4060 4071 4084
f 4060 4084 4091
f 4060 4091 4097
f 4060 4097 4102
f 4060 4102 4105
f 4060 4105 4103
f 4060 4103 4098
f 4060 4098 4094
f 4060 4094 4086
f 4060 4086 4073
f 4060 4073 4064
f 4061 4065 4066
f 4061 4066 4067
f 4061 4067 4068
f 4061 4068 4069
f 4061 4069 4070
f 4063 4072 4084
f 4063 4084 4071
f 4064 4073 4074
f 4064 4074 4075
f 4064 4075 4076
f 4065 4077 4066
f 4066 4078 4089
f 4066 4089 4079
f 4066 4079 4075
f 4066 4075 4080
f 4066 4080 4067
f 4066 4077 4081
f 4066 4081 4082
f 4066 4082 4078
f 4067 4080 4075
f 4067 4075 4074
f 4067 4074 4073
f 4067 4073 4086
f 4067 4086 4093
f 4067 4093 4090
f 4067 4090 4083
f 4067 4083 4069
f 4067 4069 4068
f 4069 4083 4070
f 4072 4085 4084
f 4075 4079 4087
f 4075 4087 4076
f 4076 4087 4082
f 4076 4082 4088
f 4078 4082 4087
f 4078 4087 4089
f 4079 4089 4087
f 4081 4088 4082
f 4084 4085 4091
f 4085 4092 4091
f 4086 4094 4093
f 4090 4093 4098
f 4090 4098 4095
f 4091 4096 4097
f 4091 4092 4096
f 4093 4094 4098
f 4095 4098 4103
f 4095 4103 4099
f 4096 4100 4097
f 4097 4101 4102
f 4097 4100 4101
f 4099 4103 4105
f 4099 4105 4104
f 4101 4104 4105
f 4101 4105 4102

o geometry_44
v -0.01070964 -0.00299734 0.00014093 0.13333333 0.29803922 0.56862745
v -0.01070964 -0.00299734 -0.00256781 0.13333333 0.29803922 0.56862745
v -0.00951250 -0.00299734 -0.00108458 0.13333333 0.29803922 0.56862745
v -0.01001487 0.00000708 -0.00118852 0.13333333 0.29803922 0.56862745
v -0.01070964 0.00000708 -0.00062217 0.13333333 0.29803922 0.56862745
v -0.01070964 0.00000708 -0.00221066 0.13333333 0.29803922 0.56862745
v -0.01013721 0.00000708 -0.00174215 0.13333333 0.29803922 0.56862745
v -0.01000245 0.00000708 -0.00162495 0.13333333 0.29803922 0.56862745
v -0.00963836 -0.00299734 -0.00158094 0.13333333 0.29803922 0.56862745
v -0.00952739 -0.00299734 -0.00141045 0.13333333 0.29803922 0.56862745
v -0.00961914 -0.00233711 -0.00122219 0.13333333 0.29803922 0.56862745
v -0.00998967 0.00000708 -0.00139984 0.13333333 0.29803922 0.56862745
v -0.00999916 0.00000708 -0.00129484 0.13333333 0.29803922 0.56862745
v -0.00999471 0.00000708 -0.00151783 0.13333333 0.29803922 0.56862745
v -0.00953043 -0.00299734 -0.00141575 0.13333333 0.29803922 0.56862745
v -0.00953746 -0.00299734 -0.00142662 0.13333333 0.29803922 0.56862745
f 4106 4107 4114
f 4106 4114 4121
f 4106 4121 4120
f 4106 4120 4115
f 4106 4115 4108
f 4106 4108 4109
f 4106 4109 4110
f 4106 4110 4111
f 4106 4111 4107
f 4107 4111 4112
f 4107 4112 4113
f 4107 4113 4114
f 4108 4115 4116
f 4108 4116 4117
f 4108 4117 4118
f 4108 4118 4109
f 4109 4118 4117
f 4109 4117 4119
f 4109 4119 4113
f 4109 4113 4112
f 4109 4112 4111
f 4109 4111 4110
f 4113 4119 4115
f 4113 4115 4120
f 4113 4120 4121
f 4113 4121 4114
f 4115 4119 4116
f 4116 4119 4117

o geometry_45
v -0.01756717 -0.00525310 -0.00294220 0.58823529 0.57254902 0.65098039
v -0.01756717 -0.00525310 0.00019881 0.58823529 0.57254902 0.65098039
v -0.01756717 -0.00299734 -0.00294220 0.58823529 0.57254902 0.65098039
v -0.00964047 -0.00525310 -0.00294220 0.58823529 0.57254902 0.65098039
v -0.01756717 -0.00299867 0.00019881 0.58823529 0.57254902 0.65098039
v -0.00978353 -0.00525310 0.00019881 0.58823529 0.57254902 0.65098039
v -0.01756717 -0.00299734 -0.00020028 0.58823529 0.57254902 0.65098039
v -0.01095499 -0.00299734 -0.00294220 0.58823529 0.57254902 0.65098039
v -0.00985101 -0.00469529 -0.00294220 0.58823529 0.57254902 0.65098039
v -0.00837634 -0.00525310 -0.00124533 0.58823529 0.57254902 0.65098039
v -0.01408788 -0.00299734 0.00019881 0.58823529 0.57254902 0.65098039
v -0.00857968 -0.00525310 -0.00093633 0.58823529 0.57254902 0.65098039
v -0.01036206 -0.00380425 0.00019881 0.58823529 0.57254902 0.65098039
v -0.01065088 -0.00299734 -0.00290253 0.58823529 0.57254902 0.65098039
v -0.01063918 -0.00299911 -0.00294220 0.58823529 0.57254902 0.65098039
v -0.00987080 -0.00464737 -0.00294220 0.58823529 0.57254902 0.65098039
v -0.00953070 -0.00299734 -0.00141566 0.58823529 0.57254902 0.65098039
v -0.00919420 -0.00351629 -0.00125578 0.58823529 0.57254902 0.65098039
v -0.00840783 -0.00516764 -0.00122258 0.58823529 0.57254902 0.65098039
v -0.00837634 -0.00525310 -0.00114049 0.58823529 0.57254902 0.65098039
v -0.00963867 -0.00299734 -0.00158077 0.58823529 0.57254902 0.65098039
v -0.01073545 -0.00299734 0.00019881 0.58823529 0.57254902 0.65098039
v -0.01054471 -0.00339351 0.00019881 0.58823529 0.57254902 0.65098039
v -0.01025499 -0.00381131 -0.00294220 0.58823529 0.57254902 0.65098039
v -0.00952800 -0.00299734 -0.00141044 0.58823529 0.57254902 0.65098039
v -0.00951271 -0.00299734 -0.00108453 0.58823529 0.57254902 0.65098039
v -0.00919420 -0.00351629 -0.00115770 0.58823529 0.57254902 0.65098039
v -0.00840783 -0.00516764 -0.00117154 0.58823529 0.57254902 0.65098039
v -0.01072735 -0.00299889 0.00019881 0.58823529 0.57254902 0.65098039
v -0.01072825 -0.00299734 0.00019758 0.58823529 0.57254902 0.65098039
f 4122 4123 4126
f 4122 4126 4128
f 4122 4128 4124
f 4122 4124 4129
f 4122 4129 4136
f 4122 4136 4145
f 4122 4145 4137
f 4122 4137 4130
f 4122 4130 4125
f 4122 4125 4131
f 4122 4131 4141
f 4122 4141 4133
f 4122 4133 4127
f 4122 4127 4123
f 4123 4127 4134
f 4123 4134 4144
f 4123 4144 4150
f 4123 4150 4143
f 4123 4143 4132
f 4123 4132 4126
f 4124 4128 4132
f 4124 4132 4143
f 4124 4143 4151
f 4124 4151 4147
f 4124 4147 4146
f 4124 4146 4138
f 4124 4138 4142
f 4124 4142 4135
f 4124 4135 4129
f 4125 4130 4131
f 4126 4132 4128
f 4127 4133 4134
f 4129 4135 4136
f 4130 4137 4131
f 4131 4138 4139
f 4131 4139 4140
f 4131 4140 4149
f 4131 4149 4141
f 4131 4137 4142
f 4131 4142 4138
f 4133 4141 4144
f 4133 4144 4134
f 4135 4142 4136
f 4136 4142 4145
f 4137 4145 4142
f 4138 4146 4139
f 4139 4146 4147
f 4139 4147 4148
f 4139 4148 4149
f 4139 4149 4140
f 4141 4149 4148
f 4141 4148 4147
f 4141 4147 4150
f 4141 4150 4144
f 4143 4150 4151
f 4147 4151 4150

o geometry_46
v -0.00508369 -0.00855794 0.00464589 0.65098039 0.43137255 0.89411765
v -0.00510972 -0.00855794 0.00461213 0.65098039 0.43137255 0.89411765
v -0.00511753 -0.00855794 0.00492552 0.65098039 0.43137255 0.89411765
v -0.00440284 -0.00878689 0.00481376 0.65098039 0.43137255 0.89411765
v -0.00440284 -0.00878689 0.00478095 0.65098039 0.43137255 0.89411765
v -0.00514227 -0.00855794 0.00457456 0.65098039 0.43137255 0.89411765
v -0.00790471 -0.00855794 0.00766520 0.65098039 0.43137255 0.89411765
v -0.00432083 -0.01075241 0.00766044 0.65098039 0.43137255 0.89411765
v -0.00426875 -0.00901674 0.00498829 0.65098039 0.43137255 0.89411765
v -0.00426875 -0.00898416 0.00462259 0.65098039 0.43137255 0.89411765
v -0.00526204 -0.00855794 0.00446233 0.65098039 0.43137255 0.89411765
v -0.00699475 -0.00857061 0.00301378 0.65098039 0.43137255 0.89411765
v -0.00702078 -0.00855794 0.00301378 0.65098039 0.43137255 0.89411765
v -0.00823277 -0.00855794 0.00779075 0.65098039 0.43137255 0.89411765
v -0.00426875 -0.01084561 0.00769754 0.65098039 0.43137255 0.89411765
v -0.00426875 -0.01073702 0.00754916 0.65098039 0.43137255 0.89411765
v -0.00426875 -0.01030808 0.00301378 0.65098039 0.43137255 0.89411765
v -0.01756807 -0.00855794 0.00301378 0.65098039 0.43137255 0.89411765
v -0.00862852 -0.00855794 0.00786303 0.65098039 0.43137255 0.89411765
v -0.00822756 -0.00859685 0.00780692 0.65098039 0.43137255 0.89411765
v -0.00426875 -0.01096959 0.00776126 0.65098039 0.43137255 0.89411765
v -0.00426875 -0.01780185 0.00301378 0.65098039 0.43137255 0.89411765
v -0.01756807 -0.00939681 0.00301378 0.65098039 0.43137255 0.89411765
v -0.01756807 -0.00855794 0.00460024 0.65098039 0.43137255 0.89411765
v -0.00862852 -0.00859685 0.00786921 0.65098039 0.43137255 0.89411765
v -0.00462805 -0.01099674 0.00784924 0.65098039 0.43137255 0.89411765
v -0.00902818 -0.00855794 0.00787207 0.65098039 0.43137255 0.89411765
v -0.00426875 -0.01139672 0.00787159 0.65098039 0.43137255 0.89411765
v -0.00426875 -0.01780185 0.00579959 0.65098039 0.43137255 0.89411765
v -0.00472699 -0.01753760 0.00301378 0.65098039 0.43137255 0.89411765
v -0.01756807 -0.00939681 0.00420030 0.65098039 0.43137255 0.89411765
v -0.01756286 -0.00978322 0.00301378 0.65098039 0.43137255 0.89411765
v -0.01756676 -0.00855794 0.00463971 0.65098039 0.43137255 0.89411765
v -0.01756807 -0.00899683 0.00460024 0.65098039 0.43137255 0.89411765
v -0.00822756 -0.00899683 0.00787207 0.65098039 0.43137255 0.89411765
v -0.01222673 -0.00855794 0.00787207 0.65098039 0.43137255 0.89411765
v -0.00426875 -0.01539562 0.00787159 0.65098039 0.43137255 0.89411765
v -0.00472699 -0.01753760 0.00579959 0.65098039 0.43137255 0.89411765
v -0.00426875 -0.01772402 0.00620001 0.65098039 0.43137255 0.89411765
v -0.00448876 -0.01762991 0.00620001 0.65098039 0.43137255 0.89411765
v -0.00524121 -0.01720278 0.00640878 0.65098039 0.43137255 0.89411765
v -0.00526073 -0.01721454 0.00620001 0.65098039 0.43137255 0.89411765
v -0.00601709 -0.01679013 0.00620001 0.65098039 0.43137255 0.89411765
v -0.00622798 -0.01666977 0.00620001 0.65098039 0.43137255 0.89411765
v -0.00656645 -0.01647521 0.00620001 0.65098039 0.43137255 0.89411765
v -0.00751287 -0.01592954 0.00620001 0.65098039 0.43137255 0.89411765
v -0.00751287 -0.01592954 0.00301378 0.65098039 0.43137255 0.89411765
v -0.01756156 -0.00979679 0.00420030 0.65098039 0.43137255 0.89411765
v -0.01756416 -0.00939681 0.00460024 0.65098039 0.43137255 0.89411765
v -0.01756156 -0.00979679 0.00301378 0.65098039 0.43137255 0.89411765
v -0.01754333 -0.00855794 0.00500018 0.65098039 0.43137255 0.89411765
v -0.00862852 -0.00939681 0.00787207 0.65098039 0.43137255 0.89411765
v -0.01222673 -0.00859685 0.00787207 0.65098039 0.43137255 0.89411765
v -0.01382666 -0.00855794 0.00787159 0.65098039 0.43137255 0.89411765
v -0.00426875 -0.01579560 0.00787112 0.65098039 0.43137255 0.89411765
v -0.00502771 -0.01539562 0.00787159 0.65098039 0.43137255 0.89411765
v -0.00426875 -0.01762267 0.00642685 0.65098039 0.43137255 0.89411765
v -0.00444320 -0.01760276 0.00640830 0.65098039 0.43137255 0.89411765
v -0.00840461 -0.01478479 0.00758340 0.65098039 0.43137255 0.89411765
v -0.00848402 -0.01522459 0.00683963 0.65098039 0.43137255 0.89411765
v -0.00875870 -0.01515853 0.00659995 0.65098039 0.43137255 0.89411765
v -0.00804791 -0.01560738 0.00643351 0.65098039 0.43137255 0.89411765
v -0.01083900 -0.01400202 0.00641116 0.65098039 0.43137255 0.89411765
v -0.01062810 -0.01413053 0.00620001 0.65098039 0.43137255 0.89411765
v -0.01288284 -0.01282923 0.00579959 0.65098039 0.43137255 0.89411765
v -0.01288284 -0.01282923 0.00301378 0.65098039 0.43137255 0.89411765
v -0.01754203 -0.00979679 0.00460024 0.65098039 0.43137255 0.89411765
v -0.01739232 -0.01015877 0.00420030 0.65098039 0.43137255 0.89411765
v -0.01739232 -0.01015877 0.00301378 0.65098039 0.43137255 0.89411765
v -0.01754073 -0.00859685 0.00500018 0.65098039 0.43137255 0.89411765
v -0.01752511 -0.00855794 0.00504488 0.65098039 0.43137255 0.89411765
v -0.00942783 -0.00939681 0.00787207 0.65098039 0.43137255 0.89411765
v -0.01382666 -0.00859685 0.00787159 0.65098039 0.43137255 0.89411765
v -0.01302735 -0.00979679 0.00787159 0.65098039 0.43137255 0.89411765
v -0.01022845 -0.01259666 0.00787159 0.65098039 0.43137255 0.89411765
v -0.00822756 -0.01419568 0.00787159 0.65098039 0.43137255 0.89411765
v -0.00622798 -0.01499564 0.00787159 0.65098039 0.43137255 0.89411765
v -0.01422631 -0.00855794 0.00784401 0.65098039 0.43137255 0.89411765
v -0.00462805 -0.01579560 0.00786541 0.65098039 0.43137255 0.89411765
v -0.00426875 -0.01619830 0.00778647 0.65098039 0.43137255 0.89411765
v -0.00542867 -0.01539562 0.00787112 0.65098039 0.43137255 0.89411765
v -0.00426875 -0.01668154 0.00741173 0.65098039 0.43137255 0.89411765
v -0.00445882 -0.01721092 0.00681538 0.65098039 0.43137255 0.89411765
v -0.00813774 -0.01484090 0.00765331 0.65098039 0.43137255 0.89411765
v -0.00862852 -0.01451241 0.00769468 0.65098039 0.43137255 0.89411765
v -0.00887196 -0.01442915 0.00763619 0.65098039 0.43137255 0.89411765
v -0.01282687 -0.01279665 0.00639832 0.65098039 0.43137255 0.89411765
v -0.00866497 -0.01472688 0.00743028 0.65098039 0.43137255 0.89411765
v -0.00882249 -0.01479203 0.00719440 0.65098039 0.43137255 0.89411765
v -0.00896179 -0.01488886 0.00692761 0.65098039 0.43137255 0.89411765
v -0.00865326 -0.01501193 0.00701702 0.65098039 0.43137255 0.89411765
v -0.00922866 -0.01479565 0.00679969 0.65098039 0.43137255 0.89411765
v -0.01208483 -0.01323012 0.00644302 0.65098039 0.43137255 0.89411765
v -0.01362748 -0.01239758 0.00600123 0.65098039 0.43137255 0.89411765
v -0.01084421 -0.01400564 0.00620001 0.65098039 0.43137255 0.89411765
v -0.01462727 -0.01182204 0.00540013 0.65098039 0.43137255 0.89411765
v -0.01462727 -0.01182204 0.00301378 0.65098039 0.43137255 0.89411765
v -0.01737540 -0.01014972 0.00460024 0.65098039 0.43137255 0.89411765
v -0.01731421 -0.01009180 0.00488034 0.65098039 0.43137255 0.89411765
v -0.01737540 -0.00979679 0.00495643 0.65098039 0.43137255 0.89411765
v -0.01749126 -0.00899683 0.00500018 0.65098039 0.43137255 0.89411765
v -0.01738451 -0.01016601 0.00301378 0.65098039 0.43137255 0.89411765
v -0.01716060 -0.01035876 0.00420030 0.65098039 0.43137255 0.89411765
v -0.01715930 -0.01034971 0.00460024 0.65098039 0.43137255 0.89411765
v -0.01737149 -0.00859685 0.00535067 0.65098039 0.43137255 0.89411765
v -0.01737149 -0.00855794 0.00535875 0.65098039 0.43137255 0.89411765
v -0.01382666 -0.00899683 0.00785542 0.65098039 0.43137255 0.89411765
v -0.01342700 -0.00939681 0.00786541 0.65098039 0.43137255 0.89411765
v -0.01182707 -0.01139672 0.00787016 0.65098039 0.43137255 0.89411765
v -0.00982879 -0.01299664 0.00787112 0.65098039 0.43137255 0.89411765
v -0.00862852 -0.01419568 0.00783117 0.65098039 0.43137255 0.89411765
v -0.00782791 -0.01459566 0.00784116 0.65098039 0.43137255 0.89411765
v -0.00742825 -0.01459566 0.00786921 0.65098039 0.43137255 0.89411765
v -0.00942783 -0.01339572 0.00786351 0.65098039 0.43137255 0.89411765
v -0.00902818 -0.01379570 0.00785067 0.65098039 0.43137255 0.89411765
v -0.01462857 -0.00855794 0.00770229 0.65098039 0.43137255 0.89411765
v -0.01422631 -0.00859685 0.00784068 0.65098039 0.43137255 0.89411765
v -0.00662764 -0.01499564 0.00786208 0.65098039 0.43137255 0.89411765
v -0.00582832 -0.01539562 0.00784972 0.65098039 0.43137255 0.89411765
v -0.00502771 -0.01579560 0.00782736 0.65098039 0.43137255 0.89411765
v -0.00462285 -0.01621459 0.00772084 0.65098039 0.43137255 0.89411765
v -0.00426875 -0.01644897 0.00765331 0.65098039 0.43137255 0.89411765
v -0.00448616 -0.01642363 0.00762858 0.65098039 0.43137255 0.89411765
v -0.00447314 -0.01681728 0.00722198 0.65098039 0.43137255 0.89411765
v -0.00782791 -0.01490515 0.00770515 0.65098039 0.43137255 0.89411765
v -0.00825360 -0.01462914 0.00774081 0.65098039 0.43137255 0.89411765
v -0.00901386 -0.01419478 0.00771323 0.65098039 0.43137255 0.89411765
v -0.00931197 -0.01405994 0.00766187 0.65098039 0.43137255 0.89411765
v -0.01206661 -0.01203198 0.00763191 0.65098039 0.43137255 0.89411765
v -0.01281385 -0.01238400 0.00679113 0.65098039 0.43137255 0.89411765
v -0.01302735 -0.01251069 0.00650389 0.65098039 0.43137255 0.89411765
v -0.01324605 -0.01241477 0.00641401 0.65098039 0.43137255 0.89411765
v -0.01407791 -0.01203560 0.00603690 0.65098039 0.43137255 0.89411765
v -0.01488503 -0.01163291 0.00564979 0.65098039 0.43137255 0.89411765
v -0.01691456 -0.01044835 0.00488177 0.65098039 0.43137255 0.89411765
v -0.01565440 -0.01121302 0.00523748 0.65098039 0.43137255 0.89411765
v -0.01695882 -0.01047459 0.00460024 0.65098039 0.43137255 0.89411765
v -0.01662686 -0.01066734 0.00460024 0.65098039 0.43137255 0.89411765
v -0.01694970 -0.01048092 0.00301378 0.65098039 0.43137255 0.89411765
v -0.01612175 -0.01086281 0.00527077 0.65098039 0.43137255 0.89411765
v -0.01650579 -0.01048545 0.00525603 0.65098039 0.43137255 0.89411765
v -0.01677266 -0.01033252 0.00514856 0.65098039 0.43137255 0.89411765
v -0.01688461 -0.01006556 0.00524129 0.65098039 0.43137255 0.89411765
v -0.01716581 -0.00979679 0.00515664 0.65098039 0.43137255 0.89411765
v -0.01722178 -0.00958142 0.00519564 0.65098039 0.43137255 0.89411765
v -0.01726865 -0.00931446 0.00523748 0.65098039 0.43137255 0.89411765
v -0.01732202 -0.00899683 0.00528742 0.65098039 0.43137255 0.89411765
v -0.01716060 -0.01035876 0.00301378 0.65098039 0.43137255 0.89411765
v -0.01734546 -0.00855794 0.00538966 0.65098039 0.43137255 0.89411765
v -0.01262639 -0.01059676 0.00785114 0.65098039 0.43137255 0.89411765
v -0.01222673 -0.01099674 0.00786303 0.65098039 0.43137255 0.89411765
v -0.01182707 -0.01179670 0.00782356 0.65098039 0.43137255 0.89411765
v -0.01142742 -0.01179670 0.00786921 0.65098039 0.43137255 0.89411765
v -0.00943825 -0.01381289 0.00773939 0.65098039 0.43137255 0.89411765
v -0.00702859 -0.01499564 0.00781548 0.65098039 0.43137255 0.89411765
v -0.01102646 -0.01219668 0.00786018 0.65098039 0.43137255 0.89411765
v -0.01062810 -0.01259666 0.00784544 0.65098039 0.43137255 0.89411765
v -0.01462857 -0.00858147 0.00769564 0.65098039 0.43137255 0.89411765
v -0.01424324 -0.00900588 0.00772464 0.65098039 0.43137255 0.89411765
v -0.01466502 -0.00855794 0.00768327 0.65098039 0.43137255 0.89411765
v -0.01342700 -0.00979679 0.00781072 0.65098039 0.43137255 0.89411765
v -0.01302735 -0.01019678 0.00783545 0.65098039 0.43137255 0.89411765
v -0.00502771 -0.01609604 0.00769136 0.65098039 0.43137255 0.89411765
v -0.01182707 -0.01211705 0.00768945 0.65098039 0.43137255 0.89411765
v -0.01221111 -0.01176593 0.00767804 0.65098039 0.43137255 0.89411765
v -0.01243893 -0.01161300 0.00761004 0.65098039 0.43137255 0.89411765
v -0.01521699 -0.00877422 0.00719250 0.65098039 0.43137255 0.89411765
v -0.01600849 -0.00915429 0.00638643 0.65098039 0.43137255 0.89411765
v -0.01696663 -0.00979679 0.00531500 0.65098039 0.43137255 0.89411765
v -0.01679870 -0.00952803 0.00557798 0.65098039 0.43137255 0.89411765
v -0.01673230 -0.00855794 0.00594511 0.65098039 0.43137255 0.89411765
v -0.01717752 -0.00855794 0.00555611 0.65098039 0.43137255 0.89411765
v -0.01569085 -0.00855794 0.00685485 0.65098039 0.43137255 0.89411765
v -0.01609702 -0.00855794 0.00650009 0.65098039 0.43137255 0.89411765
v -0.01222673 -0.01139672 0.00780073 0.65098039 0.43137255 0.89411765
v -0.01449579 -0.00887829 0.00764903 0.65098039 0.43137255 0.89411765
v -0.01412087 -0.00931808 0.00766853 0.65098039 0.43137255 0.89411765
v -0.01303646 -0.01059766 0.00771751 0.65098039 0.43137255 0.89411765
v -0.01498006 -0.00855794 0.00745976 0.65098039 0.43137255 0.89411765
v -0.01476266 -0.00870363 0.00755344 0.65098039 0.43137255 0.89411765
v -0.01252224 -0.01139672 0.00766663 0.65098039 0.43137255 0.89411765
v -0.01291018 -0.01090534 0.00766282 0.65098039 0.43137255 0.89411765
v -0.01533025 -0.00855794 0.00716682 0.65098039 0.43137255 0.89411765
v -0.01539925 -0.00855794 0.00710737 0.65098039 0.43137255 0.89411765
f 4152 4153 4157
f 4152 4157 4162
f 4152 4162 4164
f 4152 4164 4169
f 4152 4169 4175
f 4152 4175 4184
f 4152 4184 4202
f 4152 4202 4222
f 4152 4222 4257
f 4152 4257 4300
f 4152 4300 4323
f 4152 4323 4322
f 4152 4322 4325
f 4152 4325 4324
f 4152 4324 4335
f 4152 4335 4334
f 4152 4334 4330
f 4152 4330 4311
f 4152 4311 4267
f 4152 4267 4229
f 4152 4229 4205
f 4152 4205 4187
f 4152 4187 4178
f 4152 4178 4170
f 4152 4170 4165
f 4152 4165 4158
f 4152 4158 4154
f 4152 4154 4155
f 4152 4155 4156
f 4152 4156 4153
f 4153 4156 4157
f 4154 4158 4155
f 4155 4159 4160
f 4155 4160 4161
f 4155 4161 4156
f 4155 4158 4159
f 4156 4162 4157
f 4156 4161 4163
f 4156 4163 4164
f 4156 4164 4162
f 4158 4165 4159
f 4159 4166 4167
f 4159 4167 4160
f 4159 4165 4166
f 4160 4167 4166
f 4160 4166 4172
f 4160 4172 4179
f 4160 4179 4188
f 4160 4188 4206
f 4160 4206 4231
f 4160 4231 4273
f 4160 4273 4233
f 4160 4233 4208
f 4160 4208 4190
f 4160 4190 4180
f 4160 4180 4173
f 4160 4173 4168
f 4160 4168 4161
f 4161 4168 4163
f 4163 4168 4173
f 4163 4173 4181
f 4163 4181 4198
f 4163 4198 4217
f 4163 4217 4248
f 4163 4248 4290
f 4163 4290 4299
f 4163 4299 4253
f 4163 4253 4220
f 4163 4220 4201
f 4163 4201 4183
f 4163 4183 4174
f 4163 4174 4169
f 4163 4169 4164
f 4165 4170 4171
f 4165 4171 4172
f 4165 4172 4166
f 4169 4174 4182
f 4169 4182 4185
f 4169 4185 4175
f 4170 4176 4177
f 4170 4177 4171
f 4170 4178 4176
f 4171 4177 4172
f 4172 4177 4179
f 4173 4180 4189
f 4173 4189 4181
f 4174 4183 4182
f 4175 4185 4184
f 4176 4186 4179
f 4176 4179 4177
f 4176 4178 4186
f 4178 4187 4204
f 4178 4204 4223
f 4178 4223 4203
f 4178 4203 4186
f 4179 4186 4188
f 4180 4190 4191
f 4180 4191 4192
f 4180 4192 4193
f 4180 4193 4194
f 4180 4194 4195
f 4180 4195 4196
f 4180 4196 4197
f 4180 4197 4189
f 4181 4189 4197
f 4181 4197 4198
f 4182 4183 4199
f 4182 4199 4200
f 4182 4200 4185
f 4183 4201 4199
f 4184 4185 4202
f 4185 4200 4202
f 4186 4203 4188
f 4187 4205 4224
f 4187 4224 4204
f 4188 4203 4223
f 4188 4223 4207
f 4188 4207 4206
f 4190 4208 4209
f 4190 4209 4191
f 4191 4209 4192
f 4192 4209 4210
f 4192 4210 4211
f 4192 4211 4212
f 4192 4212 4213
f 4192 4213 4194
f 4192 4194 4193
f 4194 4213 4195
f 4195 4213 4196
f 4196 4213 4214
f 4196 4214 4197
f 4197 4214 4215
f 4197 4215 4216
f 4197 4216 4217
f 4197 4217 4198
f 4199 4218 4200
f 4199 4201 4220
f 4199 4220 4219
f 4199 4219 4218
f 4200 4218 4202
f 4202 4218 4221
f 4202 4221 4222
f 4204 4224 4225
f 4204 4225 4226
f 4204 4226 4227
f 4204 4227 4228
f 4204 4228 4207
f 4204 4207 4223
f 4205 4229 4224
f 4206 4230 4231
f 4206 4207 4228
f 4206 4228 4232
f 4206 4232 4230
f 4208 4233 4234
f 4208 4234 4209
f 4209 4234 4235
f 4209 4235 4210
f 4210 4235 4236
f 4210 4236 4237
f 4210 4237 4238
f 4210 4238 4239
f 4210 4239 4240
f 4210 4240 4241
f 4210 4241 4242
f 4210 4242 4211
f 4211 4242 4241
f 4211 4241 4243
f 4211 4243 4214
f 4211 4214 4212
f 4212 4214 4213
f 4214 4243 4244
f 4214 4244 4238
f 4214 4238 4245
f 4214 4245 4246
f 4214 4246 4215
f 4215 4246 4216
f 4216 4246 4245
f 4216 4245 4247
f 4216 4247 4248
f 4216 4248 4217
f 4218 4219 4249
f 4218 4249 4250
f 4218 4250 4251
f 4218 4251 4252
f 4218 4252 4221
f 4219 4220 4253
f 4219 4253 4254
f 4219 4254 4255
f 4219 4255 4249
f 4221 4252 4222
f 4222 4252 4256
f 4222 4256 4257
f 4224 4258 4259
f 4224 4259 4225
f 4224 4229 4258
f 4225 4259 4260
f 4225 4260 4226
f 4226 4260 4261
f 4226 4261 4227
f 4227 4262 4263
f 4227 4263 4264
f 4227 4264 4232
f 4227 4232 4228
f 4227 4261 4265
f 4227 4265 4266
f 4227 4266 4262
f 4229 4267 4268
f 4229 4268 4258
f 4230 4232 4264
f 4230 4264 4269
f 4230 4269 4270
f 4230 4270 4271
f 4230 4271 4231
f 4231 4271 4272
f 4231 4272 4273
f 4233 4273 4274
f 4233 4274 4275
f 4233 4275 4234
f 4234 4275 4235
f 4235 4276 4277
f 4235 4277 4236
f 4235 4275 4274
f 4235 4274 4276
f 4236 4277 4262
f 4236 4262 4278
f 4236 4278 4279
f 4236 4279 4237
f 4237 4279 4280
f 4237 4280 4281
f 4237 4281 4238
f 4238 4244 4243
f 4238 4243 4241
f 4238 4241 4240
f 4238 4240 4239
f 4238 4281 4282
f 4238 4282 4283
f 4238 4283 4284
f 4238 4284 4285
f 4238 4285 4245
f 4245 4285 4286
f 4245 4286 4287
f 4245 4287 4255
f 4245 4255 4288
f 4245 4288 4247
f 4247 4288 4289
f 4247 4289 4290
f 4247 4290 4248
f 4249 4255 4250
f 4250 4255 4286
f 4250 4286 4291
f 4250 4291 4292
f 4250 4292 4293
f 4250 4293 4294
f 4250 4294 4295
f 4250 4295 4251
f 4251 4256 4252
f 4251 4295 4296
f 4251 4296 4297
f 4251 4297 4298
f 4251 4298 4256
f 4253 4299 4254
f 4254 4299 4290
f 4254 4290 4289
f 4254 4289 4288
f 4254 4288 4255
f 4255 4287 4286
f 4256 4298 4300
f 4256 4300 4257
f 4258 4268 4301
f 4258 4301 4302
f 4258 4302 4259
f 4259 4302 4260
f 4260 4302 4303
f 4260 4303 4304
f 4260 4304 4261
f 4261 4304 4265
f 4262 4277 4263
f 4262 4266 4303
f 4262 4303 4305
f 4262 4305 4278
f 4263 4277 4276
f 4263 4276 4306
f 4263 4306 4271
f 4263 4271 4270
f 4263 4270 4269
f 4263 4269 4264
f 4265 4304 4307
f 4265 4307 4266
f 4266 4307 4308
f 4266 4308 4303
f 4267 4309 4310
f 4267 4310 4268
f 4267 4311 4309
f 4268 4310 4312
f 4268 4312 4313
f 4268 4313 4301
f 4271 4306 4272
f 4272 4314 4274
f 4272 4274 4273
f 4272 4306 4276
f 4272 4276 4314
f 4274 4314 4276
f 4278 4305 4315
f 4278 4315 4279
f 4279 4315 4280
f 4280 4315 4303
f 4280 4303 4316
f 4280 4316 4317
f 4280 4317 4294
f 4280 4294 4292
f 4280 4292 4281
f 4281 4292 4284
f 4281 4284 4283
f 4281 4283 4282
f 4284 4292 4291
f 4284 4291 4285
f 4285 4291 4286
f 4292 4294 4293
f 4294 4318 4319
f 4294 4319 4320
f 4294 4320 4295
f 4294 4317 4318
f 4295 4320 4319
f 4295 4319 4321
f 4295 4321 4296
f 4296 4322 4323
f 4296 4323 4297
f 4296 4321 4319
f 4296 4319 4324
f 4296 4324 4325
f 4296 4325 4322
f 4297 4323 4298
f 4298 4323 4300
f 4301 4303 4302
f 4301 4313 4303
f 4303 4308 4307
f 4303 4307 4304
f 4303 4313 4326
f 4303 4326 4316
f 4303 4315 4305
f 4309 4327 4328
f 4309 4328 4310
f 4309 4311 4327
f 4310 4328 4329
f 4310 4329 4326
f 4310 4326 4312
f 4311 4330 4331
f 4311 4331 4327
f 4312 4326 4313
f 4316 4332 4317
f 4316 4326 4329
f 4316 4329 4332
f 4317 4332 4333
f 4317 4333 4327
f 4317 4327 4318
f 4318 4327 4331
f 4318 4331 4330
f 4318 4330 4334
f 4318 4334 4319
f 4319 4334 4335
f 4319 4335 4324
f 4327 4333 4328
f 4328 4333 4329
f 4329 4333 4332

o geometry_47
v -0.00239115 -0.01888472 -0.00219738 0.36470588 0.43529412 0.89019608
v -0.00044598 -0.02000791 -0.00219738 0.36470588 0.43529412 0.89019608
v -0.00239115 -0.01888472 0.00061209 0.36470588 0.43529412 0.89019608
v -0.00239115 -0.01080429 -0.00219738 0.36470588 0.43529412 0.89019608
v -0.00022748 -0.02011695 -0.00219738 0.36470588 0.43529412 0.89019608
v -0.00022748 -0.02011695 0.00061209 0.36470588 0.43529412 0.89019608
v -0.00044767 -0.02000686 0.00061209 0.36470588 0.43529412 0.89019608
v -0.00045328 -0.02000368 0.00061209 0.36470588 0.43529412 0.89019608
v -0.00009773 -0.02011801 0.00071738 0.36470588 0.43529412 0.89019608
v -0.00239115 -0.01080323 0.00061209 0.36470588 0.43529412 0.89019608
v -0.00239115 -0.00973932 -0.00104831 0.36470588 0.43529412 0.89019608
v 0.00334718 -0.00947890 -0.00089594 0.36470588 0.43529412 0.89019608
v 0.00334718 -0.01059574 -0.00205328 0.36470588 0.43529412 0.89019608
v -0.00062741 -0.01102871 -0.00219738 0.36470588 0.43529412 0.89019608
v -0.00009773 -0.02011695 -0.00219738 0.36470588 0.43529412 0.89019608
v -0.00009773 -0.02011801 -0.00099980 0.36470588 0.43529412 0.89019608
v -0.00001797 -0.02011801 0.00071738 0.36470588 0.43529412 0.89019608
v -0.00009773 -0.01118010 0.00071738 0.36470588 0.43529412 0.89019608
v 0.00334718 -0.01059044 0.00071738 0.36470588 0.43529412 0.89019608
v 0.00334718 -0.00939738 -0.00027675 0.36470588 0.43529412 0.89019608
v -0.00239115 -0.00956570 -0.00075726 0.36470588 0.43529412 0.89019608
v -0.00239115 -0.00966733 -0.00096670 0.36470588 0.43529412 0.89019608
v -0.00239115 -0.00956570 -0.00084857 0.36470588 0.43529412 0.89019608
v 0.00334718 -0.00930316 -0.00059633 0.36470588 0.43529412 0.89019608
v 0.00334718 -0.01830142 -0.00205328 0.36470588 0.43529412 0.89019608
v -0.00009773 -0.01110176 -0.00219738 0.36470588 0.43529412 0.89019608
v -0.00016457 -0.01108800 -0.00219738 0.36470588 0.43529412 0.89019608
v 0.00297196 -0.01851844 -0.00205328 0.36470588 0.43529412 0.89019608
v 0.00059260 -0.01989253 -0.00205328 0.36470588 0.43529412 0.89019608
v 0.00039320 -0.02000686 -0.00205328 0.36470588 0.43529412 0.89019608
v 0.00017301 -0.02011695 -0.00205328 0.36470588 0.43529412 0.89019608
v 0.00017301 -0.02011695 0.00071738 0.36470588 0.43529412 0.89019608
v 0.00334718 -0.01830142 0.00071738 0.36470588 0.43529412 0.89019608
v 0.00334718 -0.00930952 -0.00057036 0.36470588 0.43529412 0.89019608
v 0.00059260 -0.01989253 0.00071738 0.36470588 0.43529412 0.89019608
v 0.00039320 -0.02000686 0.00071738 0.36470588 0.43529412 0.89019608
v 0.00023761 -0.02008519 0.00071738 0.36470588 0.43529412 0.89019608
f 4336 4337 4338
f 4336 4338 4345
f 4336 4345 4356
f 4336 4356 4358
f 4336 4358 4357
f 4336 4357 4346
f 4336 4346 4339
f 4336 4339 4349
f 4336 4349 4362
f 4336 4362 4361
f 4336 4361 4350
f 4336 4350 4340
f 4336 4340 4337
f 4337 4340 4341
f 4337 4341 4342
f 4337 4342 4343
f 4337 4343 4338
f 4338 4343 4344
f 4338 4344 4353
f 4338 4353 4345
f 4339 4346 4347
f 4339 4347 4348
f 4339 4348 4349
f 4340 4350 4351
f 4340 4351 4344
f 4340 4344 4341
f 4341 4344 4342
f 4342 4344 4343
f 4344 4351 4352
f 4344 4352 4367
f 4344 4367 4372
f 4344 4372 4371
f 4344 4371 4370
f 4344 4370 4368
f 4344 4368 4354
f 4344 4354 4353
f 4345 4353 4354
f 4345 4354 4355
f 4345 4355 4356
f 4346 4357 4347
f 4347 4357 4358
f 4347 4358 4359
f 4347 4359 4369
f 4347 4369 4355
f 4347 4355 4354
f 4347 4354 4368
f 4347 4368 4360
f 4347 4360 4348
f 4348 4360 4350
f 4348 4350 4361
f 4348 4361 4362
f 4348 4362 4349
f 4350 4360 4363
f 4350 4363 4364
f 4350 4364 4365
f 4350 4365 4366
f 4350 4366 4351
f 4351 4366 4352
f 4352 4366 4367
f 4355 4369 4356
f 4356 4369 4359
f 4356 4359 4358
f 4360 4368 4363
f 4363 4370 4364
f 4363 4368 4370
f 4364 4370 4371
f 4364 4371 4365
f 4365 4371 4372
f 4365 4372 4366
f 4366 4372 4367

o geometry_48
v -0.01070952 -0.00299705 0.00570342 0.80392157 0.70196078 0.09803922
v -0.01070952 -0.00299734 0.00548881 0.80392157 0.70196078 0.09803922
v -0.01052740 -0.00299734 0.00550035 0.80392157 0.70196078 0.09803922
v -0.00969175 -0.00299734 0.00474371 0.80392157 0.70196078 0.09803922
v -0.01070952 0.00000708 0.00512466 0.80392157 0.70196078 0.09803922
v -0.01070952 -0.00299734 0.00302343 0.80392157 0.70196078 0.09803922
v -0.00950146 -0.00299734 0.00454353 0.80392157 0.70196078 0.09803922
v -0.00998942 0.00000708 0.00444121 0.80392157 0.70196078 0.09803922
v -0.01019910 0.00000708 0.00464139 0.80392157 0.70196078 0.09803922
v -0.01070952 0.00000708 0.00343980 0.80392157 0.70196078 0.09803922
v -0.01034835 0.00000708 0.00373652 0.80392157 0.70196078 0.09803922
v -0.01021294 0.00000708 0.00385170 0.80392157 0.70196078 0.09803922
v -0.01011915 0.00000708 0.00393591 0.80392157 0.70196078 0.09803922
v -0.00966999 -0.00299734 0.00404112 0.80392157 0.70196078 0.09803922
v -0.00950158 -0.00299734 0.00424104 0.80392157 0.70196078 0.09803922
v -0.00950170 -0.00299617 0.00424130 0.80392157 0.70196078 0.09803922
v -0.00961192 -0.00228682 0.00437064 0.80392157 0.70196078 0.09803922
v -0.00961192 -0.00228682 0.00442154 0.80392157 0.70196078 0.09803922
v -0.00998835 0.00000708 0.00430348 0.80392157 0.70196078 0.09803922
v -0.01003507 0.00000708 0.00403115 0.80392157 0.70196078 0.09803922
v -0.00998835 0.00000708 0.00420378 0.80392157 0.70196078 0.09803922
f 4373 4374 4375
f 4373 4375 4376
f 4373 4376 4377
f 4373 4377 4382
f 4373 4382 4378
f 4373 4378 4374
f 4374 4378 4386
f 4374 4386 4387
f 4374 4387 4379
f 4374 4379 4376
f 4374 4376 4375
f 4376 4379 4380
f 4376 4380 4381
f 4376 4381 4377
f 4377 4381 4380
f 4377 4380 4391
f 4377 4391 4393
f 4377 4393 4392
f 4377 4392 4385
f 4377 4385 4384
f 4377 4384 4383
f 4377 4383 4382
f 4378 4382 4383
f 4378 4383 4384
f 4378 4384 4385
f 4378 4385 4386
f 4379 4387 4388
f 4379 4388 4389
f 4379 4389 4390
f 4379 4390 4380
f 4380 4390 4391
f 4385 4392 4386
f 4386 4392 4387
f 4387 4392 4393
f 4387 4393 4388
f 4388 4393 4389
f 4389 4393 4391
f 4389 4391 4390

o geometry_49
v -0.01756717 -0.00525310 0.00273135 0.91764706 0.71372549 0.99607843
v -0.01756717 -0.00525310 0.00579988 0.91764706 0.71372549 0.99607843
v -0.01756717 -0.00299734 0.00273135 0.91764706 0.71372549 0.99607843
v -0.00966959 -0.00525310 0.00273135 0.91764706 0.71372549 0.99607843
v -0.01754830 -0.00525310 0.00594279 0.91764706 0.71372549 0.99607843
v -0.01753751 -0.00459636 0.00619993 0.91764706 0.71372549 0.99607843
v -0.01754740 -0.00419644 0.00619993 0.91764706 0.71372549 0.99607843
v -0.01755459 -0.00379652 0.00619993 0.91764706 0.71372549 0.99607843
v -0.01755998 -0.00339660 0.00619993 0.91764706 0.71372549 0.99607843
v -0.01756357 -0.00299734 0.00619993 0.91764706 0.71372549 0.99607843
v -0.01756717 -0.00299734 0.00579988 0.91764706 0.71372549 0.99607843
v -0.01065173 -0.00299734 0.00273135 0.91764706 0.71372549 0.99607843
v -0.00984301 -0.00472046 0.00273135 0.91764706 0.71372549 0.99607843
v -0.00838822 -0.00525310 0.00436978 0.91764706 0.71372549 0.99607843
v -0.01747821 -0.00525310 0.00619993 0.91764706 0.71372549 0.99607843
v -0.01751415 -0.00499627 0.00619993 0.91764706 0.71372549 0.99607843
v -0.01736768 -0.00459636 0.00656978 0.91764706 0.71372549 0.99607843
v -0.01740363 -0.00339660 0.00659997 0.91764706 0.71372549 0.99607843
v -0.01741980 -0.00299734 0.00659997 0.91764706 0.71372549 0.99607843
v -0.00950155 -0.00299734 0.00424146 0.91764706 0.71372549 0.99607843
v -0.01028871 -0.00372983 0.00273135 0.91764706 0.71372549 0.99607843
v -0.00987895 -0.00463655 0.00273135 0.91764706 0.71372549 0.99607843
v -0.00919244 -0.00351011 0.00435066 0.91764706 0.71372549 0.99607843
v -0.00841517 -0.00517779 0.00438739 0.91764706 0.71372549 0.99607843
v -0.00841517 -0.00517779 0.00442614 0.91764706 0.71372549 0.99607843
v -0.00839001 -0.00525310 0.00447394 0.91764706 0.71372549 0.99607843
v -0.01025815 -0.00379365 0.00273135 0.91764706 0.71372549 0.99607843
v -0.01741711 -0.00525310 0.00631717 0.91764706 0.71372549 0.99607843
v -0.01734342 -0.00499627 0.00652801 0.91764706 0.71372549 0.99607843
v -0.01737667 -0.00419644 0.00658488 0.91764706 0.71372549 0.99607843
v -0.01720055 -0.00459636 0.00676955 0.91764706 0.71372549 0.99607843
v -0.01653381 -0.00299734 0.00771306 0.91764706 0.71372549 0.99607843
v -0.01673419 -0.00299734 0.00747152 0.91764706 0.71372549 0.99607843
v -0.01725356 -0.00299734 0.00683094 0.91764706 0.71372549 0.99607843
v -0.00950155 -0.00299734 0.00454389 0.91764706 0.71372549 0.99607843
v -0.00919244 -0.00351011 0.00445281 0.91764706 0.71372549 0.99607843
v -0.01018177 -0.00525310 0.00740711 0.91764706 0.71372549 0.99607843
v -0.01104171 -0.00299734 0.00739956 0.91764706 0.71372549 0.99607843
v -0.01043877 -0.00482160 0.00758222 0.91764706 0.71372549 0.99607843
v -0.01038305 -0.00508836 0.00765066 0.91764706 0.71372549 0.99607843
v -0.01730838 -0.00525310 0.00648373 0.91764706 0.71372549 0.99607843
v -0.01715562 -0.00499627 0.00672829 0.91764706 0.71372549 0.99607843
v -0.01645383 -0.00447335 0.00762902 0.91764706 0.71372549 0.99607843
v -0.01647360 -0.00419644 0.00765217 0.91764706 0.71372549 0.99607843
v -0.01622739 -0.00419644 0.00778803 0.91764706 0.71372549 0.99607843
v -0.01622739 -0.00339660 0.00782980 0.91764706 0.71372549 0.99607843
v -0.01622739 -0.00299734 0.00784943 0.91764706 0.71372549 0.99607843
v -0.01034981 -0.00525310 0.00767683 0.91764706 0.71372549 0.99607843
v -0.01119716 -0.00299734 0.00763506 0.91764706 0.71372549 0.99607843
v -0.01724098 -0.00525310 0.00655519 0.91764706 0.71372549 0.99607843
v -0.01640531 -0.00473989 0.00757820 0.91764706 0.71372549 0.99607843
v -0.01609979 -0.00525310 0.00766173 0.91764706 0.71372549 0.99607843
v -0.01615281 -0.00499627 0.00770199 0.91764706 0.71372549 0.99607843
v -0.01625435 -0.00460254 0.00772262 0.91764706 0.71372549 0.99607843
v -0.01582752 -0.00499627 0.00783785 0.91764706 0.71372549 0.99607843
v -0.01582752 -0.00459636 0.00786704 0.91764706 0.71372549 0.99607843
v -0.01582752 -0.00419644 0.00787157 0.91764706 0.71372549 0.99607843
v -0.01582752 -0.00299734 0.00787157 0.91764706 0.71372549 0.99607843
v -0.01061668 -0.00525310 0.00780313 0.91764706 0.71372549 0.99607843
v -0.01112887 -0.00339660 0.00769394 0.91764706 0.71372549 0.99607843
v -0.01068498 -0.00459636 0.00771960 0.91764706 0.71372549 0.99607843
v -0.01142810 -0.00299734 0.00777093 0.91764706 0.71372549 0.99607843
v -0.01629928 -0.00525310 0.00747454 0.91764706 0.71372549 0.99607843
v -0.01635319 -0.00499627 0.00752687 0.91764706 0.71372549 0.99607843
v -0.01582752 -0.00525310 0.00779760 0.91764706 0.71372549 0.99607843
v -0.01542676 -0.00525310 0.00787157 0.91764706 0.71372549 0.99607843
v -0.01182796 -0.00299734 0.00787157 0.91764706 0.71372549 0.99607843
v -0.01102823 -0.00419644 0.00780011 0.91764706 0.71372549 0.99607843
v -0.01142810 -0.00339660 0.00782980 0.91764706 0.71372549 0.99607843
v -0.01102823 -0.00459636 0.00785597 0.91764706 0.71372549 0.99607843
v -0.01102823 -0.00499627 0.00787157 0.91764706 0.71372549 0.99607843
v -0.01102823 -0.00525310 0.00787157 0.91764706 0.71372549 0.99607843
v -0.01142810 -0.00379652 0.00786553 0.91764706 0.71372549 0.99607843
f 4394 4395 4404
f 4394 4404 4396
f 4394 4396 4405
f 4394 4405 4414
f 4394 4414 4420
f 4394 4420 4415
f 4394 4415 4406
f 4394 4406 4397
f 4394 4397 4407
f 4394 4407 4419
f 4394 4419 4430
f 4394 4430 4441
f 4394 4441 4452
f 4394 4452 4465
f 4394 4465 4459
f 4394 4459 4458
f 4394 4458 4445
f 4394 4445 4456
f 4394 4456 4443
f 4394 4443 4434
f 4394 4434 4421
f 4394 4421 4408
f 4394 4408 4398
f 4394 4398 4395
f 4395 4398 4399
f 4395 4399 4400
f 4395 4400 4401
f 4395 4401 4402
f 4395 4402 4403
f 4395 4403 4404
f 4396 4404 4403
f 4396 4403 4412
f 4396 4412 4427
f 4396 4427 4426
f 4396 4426 4425
f 4396 4425 4440
f 4396 4440 4451
f 4396 4451 4460
f 4396 4460 4455
f 4396 4455 4442
f 4396 4442 4431
f 4396 4431 4428
f 4396 4428 4413
f 4396 4413 4405
f 4397 4406 4407
f 4398 4408 4409
f 4398 4409 4399
f 4399 4409 4410
f 4399 4410 4411
f 4399 4411 4412
f 4399 4412 4400
f 4400 4412 4401
f 4401 4412 4402
f 4402 4412 4403
f 4405 4413 4414
f 4406 4415 4407
f 4407 4416 4417
f 4407 4417 4418
f 4407 4418 4419
f 4407 4415 4420
f 4407 4420 4413
f 4407 4413 4416
f 4408 4421 4422
f 4408 4422 4409
f 4409 4422 4410
f 4410 4423 4411
f 4410 4422 4424
f 4410 4424 4425
f 4410 4425 4426
f 4410 4426 4427
f 4410 4427 4423
f 4411 4423 4427
f 4411 4427 4412
f 4413 4428 4429
f 4413 4429 4416
f 4413 4420 4414
f 4416 4429 4418
f 4416 4418 4417
f 4418 4429 4419
f 4419 4429 4431
f 4419 4431 4432
f 4419 4432 4433
f 4419 4433 4430
f 4421 4434 4422
f 4422 4434 4435
f 4422 4435 4436
f 4422 4436 4424
f 4424 4436 4437
f 4424 4437 4425
f 4425 4437 4438
f 4425 4438 4439
f 4425 4439 4440
f 4428 4431 4429
f 4430 4433 4441
f 4431 4442 4432
f 4432 4442 4433
f 4433 4442 4441
f 4434 4443 4435
f 4435 4443 4436
f 4436 4444 4445
f 4436 4445 4446
f 4436 4446 4447
f 4436 4447 4438
f 4436 4438 4437
f 4436 4443 4444
f 4438 4448 4449
f 4438 4449 4439
f 4438 4447 4448
f 4439 4449 4440
f 4440 4449 4450
f 4440 4450 4451
f 4441 4442 4453
f 4441 4453 4454
f 4441 4454 4452
f 4442 4455 4453
f 4443 4456 4457
f 4443 4457 4444
f 4444 4457 4445
f 4445 4458 4446
f 4445 4457 4456
f 4446 4458 4447
f 4447 4458 4448
f 4448 4458 4459
f 4448 4459 4449
f 4449 4459 4450
f 4450 4459 4465
f 4450 4465 4464
f 4450 4464 4460
f 4450 4460 4451
f 4452 4454 4455
f 4452 4455 4461
f 4452 4461 4462
f 4452 4462 4463
f 4452 4463 4464
f 4452 4464 4465
f 4453 4455 4454
f 4455 4460 4462
f 4455 4462 4461
f 4460 4466 4462
f 4460 4464 4466
f 4462 4466 4463
f 4463 4466 4464

o geometry_50
v -0.01622748 0.00000708 -0.00787157 0.14901961 0.86666667 0.16078431
v -0.01643036 0.00000708 -0.00785484 0.14901961 0.86666667 0.16078431
v -0.01622748 0.00180324 -0.00787157 0.14901961 0.86666667 0.16078431
v -0.01222802 0.00000708 -0.00787157 0.14901961 0.86666667 0.16078431
v -0.01662687 0.00000708 -0.00783860 0.14901961 0.86666667 0.16078431
v -0.01662687 0.00020374 -0.00783860 0.14901961 0.86666667 0.16078431
v -0.01622748 0.00220327 -0.00786965 0.14901961 0.86666667 0.16078431
v -0.01582730 0.00326343 -0.00787157 0.14901961 0.86666667 0.16078431
v -0.01182783 0.00260330 -0.00787157 0.14901961 0.86666667 0.16078431
v -0.01182783 0.00220327 -0.00786918 0.14901961 0.86666667 0.16078431
v -0.01182783 0.00180324 -0.00786105 0.14901961 0.86666667 0.16078431
v -0.01182783 0.00140384 -0.00784720 0.14901961 0.86666667 0.16078431
v -0.01182783 0.00100381 -0.00782809 0.14901961 0.86666667 0.16078431
v -0.01203151 0.00000708 -0.00782522 0.14901961 0.86666667 0.16078431
v -0.01691647 0.00000708 -0.00770242 0.14901961 0.86666667 0.16078431
v -0.01691647 0.00020374 -0.00770242 0.14901961 0.86666667 0.16078431
v -0.01662687 0.00060378 -0.00781519 0.14901961 0.86666667 0.16078431
v -0.01622748 0.00326343 -0.00783669 0.14901961 0.86666667 0.16078431
v -0.01622748 0.00300333 -0.00784959 0.14901961 0.86666667 0.16078431
v -0.01622748 0.00260330 -0.00786249 0.14901961 0.86666667 0.16078431
v -0.01182783 0.00326343 -0.00787157 0.14901961 0.86666667 0.16078431
v -0.01142765 0.00326343 -0.00780658 0.14901961 0.86666667 0.16078431
v -0.01182783 0.00000708 -0.00777648 0.14901961 0.86666667 0.16078431
v -0.01723869 0.00000708 -0.00721984 0.14901961 0.86666667 0.16078431
v -0.01689022 0.00060378 -0.00767949 0.14901961 0.86666667 0.16078431
v -0.01651867 0.00326343 -0.00770051 0.14901961 0.86666667 0.16078431
v -0.01653379 0.00300333 -0.00771341 0.14901961 0.86666667 0.16078431
v -0.01655925 0.00260330 -0.00772679 0.14901961 0.86666667 0.16078431
v -0.01723869 0.00009441 -0.00721984 0.14901961 0.86666667 0.16078431
v -0.01713526 0.00021809 -0.00737178 0.14901961 0.86666667 0.16078431
v -0.01740895 0.00326343 -0.00659964 0.14901961 0.86666667 0.16078431
v -0.01735087 0.00326343 -0.00668087 0.14901961 0.86666667 0.16078431
v -0.01115635 0.00326343 -0.00767089 0.14901961 0.86666667 0.16078431
v -0.01171327 0.00000708 -0.00770959 0.14901961 0.86666667 0.16078431
v -0.01733416 0.00000708 -0.00703445 0.14901961 0.86666667 0.16078431
v -0.01686396 0.00100381 -0.00764986 0.14901961 0.86666667 0.16078431
v -0.01724505 0.00326343 -0.00682087 0.14901961 0.86666667 0.16078431
v -0.01733416 0.00021809 -0.00703445 0.14901961 0.86666667 0.16078431
v -0.01742008 0.00300333 -0.00659964 0.14901961 0.86666667 0.16078431
v -0.01751078 0.00326343 -0.00633971 0.14901961 0.86666667 0.16078431
v -0.01095825 0.00326343 -0.00740093 0.14901961 0.86666667 0.16078431
v -0.01141492 0.00000708 -0.00739997 0.14901961 0.86666667 0.16078431
v -0.01150562 0.00000708 -0.00752181 0.14901961 0.86666667 0.16078431
v -0.01159472 0.00000708 -0.00764031 0.14901961 0.86666667 0.16078431
v -0.01743361 0.00000708 -0.00680558 0.14901961 0.86666667 0.16078431
v -0.01752272 0.00020374 -0.00659964 0.14901961 0.86666667 0.16078431
v -0.01750840 0.00060378 -0.00659964 0.14901961 0.86666667 0.16078431
v -0.01743520 0.00260330 -0.00659964 0.14901961 0.86666667 0.16078431
v -0.01756170 0.00326343 -0.00619972 0.14901961 0.86666667 0.16078431
v -0.00944025 0.00326343 -0.00459715 0.14901961 0.86666667 0.16078431
v -0.00998921 0.00000708 -0.00444282 0.14901961 0.86666667 0.16078431
v -0.01752272 0.00000708 -0.00659964 0.14901961 0.86666667 0.16078431
v -0.01756409 0.00300333 -0.00619972 0.14901961 0.86666667 0.16078431
v -0.01754579 0.00000708 -0.00639610 0.14901961 0.86666667 0.16078431
v -0.01756727 0.00220327 -0.00619972 0.14901961 0.86666667 0.16078431
v -0.01756647 0.00326343 -0.00593979 0.14901961 0.86666667 0.16078431
v -0.00944025 0.00326343 -0.00451067 0.14901961 0.86666667 0.16078431
v -0.00999001 0.00000708 -0.00431476 0.14901961 0.86666667 0.16078431
v -0.01756727 0.00000708 -0.00619972 0.14901961 0.86666667 0.16078431
v -0.01756727 0.00326343 -0.00579979 0.14901961 0.86666667 0.16078431
v -0.00945298 0.00326343 -0.00420917 0.14901961 0.86666667 0.16078431
v -0.00999319 0.00000708 -0.00418002 0.14901961 0.86666667 0.16078431
v -0.01756727 0.00000708 -0.00299076 0.14901961 0.86666667 0.16078431
v -0.01756727 0.00326343 -0.00299076 0.14901961 0.86666667 0.16078431
v -0.00951822 0.00326343 -0.00414132 0.14901961 0.86666667 0.16078431
v -0.01003615 0.00000708 -0.00403333 0.14901961 0.86666667 0.16078431
v -0.01002660 0.00000708 -0.00406583 0.14901961 0.86666667 0.16078431
v -0.01119772 0.00000708 -0.00299076 0.14901961 0.86666667 0.16078431
v -0.01073469 0.00326343 -0.00299076 0.14901961 0.86666667 0.16078431
v -0.01071957 0.00326152 -0.00299076 0.14901961 0.86666667 0.16078431
v -0.01019288 0.00000708 -0.00387040 0.14901961 0.86666667 0.16078431
v -0.01072036 0.00326343 -0.00299362 0.14901961 0.86666667 0.16078431
v -0.01103383 0.00099520 -0.00299076 0.14901961 0.86666667 0.16078431
v -0.01091529 0.00173598 -0.00299076 0.14901961 0.86666667 0.16078431
f 4467 4468 4469
f 4467 4469 4474
f 4467 4474 4487
f 4467 4487 4475
f 4467 4475 4470
f 4467 4470 4480
f 4467 4480 4489
f 4467 4489 4500
f 4467 4500 4510
f 4467 4510 4509
f 4467 4509 4508
f 4467 4508 4517
f 4467 4517 4524
f 4467 4524 4528
f 4467 4528 4533
f 4467 4533 4532
f 4467 4532 4537
f 4467 4537 4534
f 4467 4534 4529
f 4467 4529 4525
f 4467 4525 4520
f 4467 4520 4518
f 4467 4518 4511
f 4467 4511 4501
f 4467 4501 4490
f 4467 4490 4481
f 4467 4481 4471
f 4467 4471 4468
f 4468 4471 4472
f 4468 4472 4469
f 4469 4472 4473
f 4469 4473 4474
f 4470 4475 4476
f 4470 4476 4477
f 4470 4477 4478
f 4470 4478 4479
f 4470 4479 4480
f 4471 4481 4482
f 4471 4482 4472
f 4472 4482 4483
f 4472 4483 4484
f 4472 4484 4485
f 4472 4485 4486
f 4472 4486 4473
f 4473 4486 4474
f 4474 4486 4485
f 4474 4485 4484
f 4474 4484 4492
f 4474 4492 4503
f 4474 4503 4498
f 4474 4498 4497
f 4474 4497 4506
f 4474 4506 4515
f 4474 4515 4522
f 4474 4522 4526
f 4474 4526 4530
f 4474 4530 4535
f 4474 4535 4538
f 4474 4538 4531
f 4474 4531 4527
f 4474 4527 4523
f 4474 4523 4516
f 4474 4516 4507
f 4474 4507 4499
f 4474 4499 4488
f 4474 4488 4487
f 4475 4487 4488
f 4475 4488 4476
f 4476 4488 4477
f 4477 4488 4478
f 4478 4488 4479
f 4479 4489 4480
f 4479 4488 4489
f 4481 4490 4495
f 4481 4495 4482
f 4482 4491 4492
f 4482 4492 4493
f 4482 4493 4494
f 4482 4494 4483
f 4482 4495 4496
f 4482 4496 4497
f 4482 4497 4498
f 4482 4498 4491
f 4483 4494 4484
f 4484 4494 4493
f 4484 4493 4492
f 4488 4499 4489
f 4489 4499 4500
f 4490 4501 4504
f 4490 4504 4495
f 4491 4502 4492
f 4491 4498 4503
f 4491 4503 4502
f 4492 4502 4503
f 4495 4504 4497
f 4495 4497 4496
f 4497 4505 4506
f 4497 4504 4505
f 4499 4507 4508
f 4499 4508 4509
f 4499 4509 4510
f 4499 4510 4500
f 4501 4511 4504
f 4504 4511 4512
f 4504 4512 4513
f 4504 4513 4514
f 4504 4514 4505
f 4505 4514 4506
f 4506 4512 4515
f 4506 4514 4513
f 4506 4513 4512
f 4507 4516 4508
f 4508 4516 4517
f 4511 4518 4512
f 4512 4519 4515
f 4512 4518 4520
f 4512 4520 4521
f 4512 4521 4519
f 4515 4519 4522
f 4516 4523 4517
f 4517 4523 4524
f 4519 4521 4522
f 4520 4525 4521
f 4521 4525 4529
f 4521 4529 4530
f 4521 4530 4526
f 4521 4526 4522
f 4523 4527 4528
f 4523 4528 4524
f 4527 4531 4532
f 4527 4532 4533
f 4527 4533 4528
f 4529 4534 4539
f 4529 4539 4540
f 4529 4540 4536
f 4529 4536 4535
f 4529 4535 4530
f 4531 4536 4537
f 4531 4537 4532
f 4531 4538 4536
f 4534 4537 4539
f 4535 4536 4538
f 4536 4540 4537
f 4537 4540 4539

o geometry_51
v 0.00737976 0.00662013 0.00051220 0.61176471 0.12156863 0.84705882
v 0.00737976 0.00662871 0.00020886 0.61176471 0.12156863 0.84705882
v 0.00751763 0.00633203 0.00031696 0.61176471 0.12156863 0.84705882
v 0.00751763 0.00633203 0.00044712 0.61176471 0.12156863 0.84705882
v 0.00943200 0.00345838 0.00051656 0.61176471 0.12156863 0.84705882
v 0.00737976 0.00809250 0.00150011 0.61176471 0.12156863 0.84705882
v 0.00737976 0.00663606 0.00020151 0.61176471 0.12156863 0.84705882
v 0.00916220 0.00357362 -0.00001061 0.61176471 0.12156863 0.84705882
v 0.00916220 0.00357362 0.00006727 0.61176471 0.12156863 0.84705882
v 0.00923263 0.00345838 0.00017128 0.61176471 0.12156863 0.84705882
v 0.00924155 0.00345838 0.00022111 0.61176471 0.12156863 0.84705882
v 0.00918700 0.00363247 0.00033330 0.61176471 0.12156863 0.84705882
v 0.01049532 0.00345838 0.00156437 0.61176471 0.12156863 0.84705882
v 0.00737976 0.01598031 0.00150011 0.61176471 0.12156863 0.84705882
v 0.00978809 0.00504232 0.00156437 0.61176471 0.12156863 0.84705882
v 0.00963435 0.00574357 0.00156437 0.61176471 0.12156863 0.84705882
v 0.00737976 0.00813909 -0.00121745 0.61176471 0.12156863 0.84705882
v 0.00931495 0.00345838 -0.00010129 0.61176471 0.12156863 0.84705882
v 0.00923263 0.00345838 0.00015413 0.61176471 0.12156863 0.84705882
v 0.01751203 0.00345838 0.00156437 0.61176471 0.12156863 0.84705882
v 0.00739959 0.01596928 0.00150011 0.61176471 0.12156863 0.84705882
v 0.00737976 0.01598031 -0.00121745 0.61176471 0.12156863 0.84705882
v 0.01751203 0.00574357 0.00156437 0.61176471 0.12156863 0.84705882
v 0.00965815 0.00574479 -0.00121745 0.61176471 0.12156863 0.84705882
v 0.01049036 0.00345838 -0.00112187 0.61176471 0.12156863 0.84705882
v 0.01751203 0.00345838 -0.00112187 0.61176471 0.12156863 0.84705882
v 0.00745812 0.01593618 0.00150011 0.61176471 0.12156863 0.84705882
v 0.00745812 0.01593618 -0.00121745 0.61176471 0.12156863 0.84705882
v 0.01751203 0.00574357 -0.00112187 0.61176471 0.12156863 0.84705882
v 0.01751103 0.00940428 0.00150011 0.61176471 0.12156863 0.84705882
v 0.01750806 0.00970463 0.00150011 0.61176471 0.12156863 0.84705882
v 0.01750607 0.00980394 0.00150011 0.61176471 0.12156863 0.84705882
v 0.01737911 0.01007487 0.00150011 0.61176471 0.12156863 0.84705882
v 0.01733646 0.01016559 0.00150011 0.61176471 0.12156863 0.84705882
v 0.01710535 0.01036543 0.00150011 0.61176471 0.12156863 0.84705882
v 0.01751103 0.00574479 -0.00121745 0.61176471 0.12156863 0.84705882
v 0.01710535 0.01036543 -0.00121745 0.61176471 0.12156863 0.84705882
v 0.01751103 0.00940428 -0.00121745 0.61176471 0.12156863 0.84705882
v 0.01750905 0.00962250 -0.00121745 0.61176471 0.12156863 0.84705882
v 0.01750607 0.00980394 -0.00121745 0.61176471 0.12156863 0.84705882
v 0.01733646 0.01016559 -0.00121745 0.61176471 0.12156863 0.84705882
f 4541 4542 4543
f 4541 4543 4544
f 4541 4544 4545
f 4541 4545 4546
f 4541 4546 4554
f 4541 4554 4562
f 4541 4562 4557
f 4541 4557 4547
f 4541 4547 4542
f 4542 4547 4548
f 4542 4548 4543
f 4543 4548 4549
f 4543 4549 4544
f 4544 4549 4550
f 4544 4550 4551
f 4544 4551 4552
f 4544 4552 4545
f 4545 4552 4551
f 4545 4551 4550
f 4545 4550 4559
f 4545 4559 4558
f 4545 4558 4565
f 4545 4565 4566
f 4545 4566 4560
f 4545 4560 4553
f 4545 4553 4546
f 4546 4553 4555
f 4546 4555 4556
f 4546 4556 4554
f 4547 4557 4548
f 4548 4558 4559
f 4548 4559 4550
f 4548 4550 4549
f 4548 4557 4558
f 4553 4560 4563
f 4553 4563 4556
f 4553 4556 4555
f 4554 4561 4562
f 4554 4556 4563
f 4554 4563 4561
f 4557 4562 4568
f 4557 4568 4577
f 4557 4577 4581
f 4557 4581 4580
f 4557 4580 4579
f 4557 4579 4578
f 4557 4578 4576
f 4557 4576 4564
f 4557 4564 4565
f 4557 4565 4558
f 4560 4566 4569
f 4560 4569 4563
f 4561 4567 4568
f 4561 4568 4562
f 4561 4563 4567
f 4563 4569 4578
f 4563 4578 4570
f 4563 4570 4571
f 4563 4571 4572
f 4563 4572 4573
f 4563 4573 4574
f 4563 4574 4575
f 4563 4575 4567
f 4564 4576 4566
f 4564 4566 4565
f 4566 4576 4578
f 4566 4578 4569
f 4567 4575 4577
f 4567 4577 4568
f 4570 4578 4579
f 4570 4579 4571
f 4571 4579 4580
f 4571 4580 4572
f 4572 4580 4573
f 4573 4580 4581
f 4573 4581 4574
f 4574 4581 4577
f 4574 4577 4575

o geometry_52
v 0.00737976 0.00702917 0.00618624 0.80392157 0.56862745 0.40392157
v 0.00737976 0.00703633 0.00619586 0.80392157 0.56862745 0.40392157
v 0.00737976 0.00705497 0.00582543 0.80392157 0.56862745 0.40392157
v 0.00750971 0.00671241 0.00592409 0.80392157 0.56862745 0.40392157
v 0.00750971 0.00671241 0.00607761 0.80392157 0.56862745 0.40392157
v 0.00977839 0.00133898 0.00580014 0.80392157 0.56862745 0.40392157
v 0.00737976 0.00828903 0.00739799 0.80392157 0.56862745 0.40392157
v 0.00737976 0.00706643 0.00581260 0.80392157 0.56862745 0.40392157
v 0.00983890 0.00133898 0.00548562 0.80392157 0.56862745 0.40392157
v 0.00978335 0.00133898 0.00575063 0.80392157 0.56862745 0.40392157
v 0.00991330 0.00133898 0.00605445 0.80392157 0.56862745 0.40392157
v 0.00737976 0.00860579 0.00765160 0.80392157 0.56862745 0.40392157
v 0.00737976 0.00822453 0.00455312 0.80392157 0.56862745 0.40392157
v 0.01121083 0.00133898 0.00423327 0.80392157 0.56862745 0.40392157
v 0.01148263 0.00133898 0.00770396 0.80392157 0.56862745 0.40392157
v 0.00737976 0.00862872 0.00766905 0.80392157 0.56862745 0.40392157
v 0.00737976 0.01598153 0.00455312 0.80392157 0.56862745 0.40392157
v 0.00948575 0.00574350 0.00423647 0.80392157 0.56862745 0.40392157
v 0.01055314 0.00335993 0.00423327 0.80392157 0.56862745 0.40392157
v 0.01751295 0.00133898 0.00423327 0.80392157 0.56862745 0.40392157
v 0.01177428 0.00133898 0.00783966 0.80392157 0.56862745 0.40392157
v 0.00737976 0.00900425 0.00780618 0.80392157 0.56862745 0.40392157
v 0.00737976 0.00888815 0.00776522 0.80392157 0.56862745 0.40392157
v 0.00737976 0.01598153 0.00580049 0.80392157 0.56862745 0.40392157
v 0.01057397 0.01413688 0.00619978 0.80392157 0.56862745 0.40392157
v 0.01635926 0.01079587 0.00455312 0.80392157 0.56862745 0.40392157
v 0.01751295 0.00574350 0.00423647 0.80392157 0.56862745 0.40392157
v 0.01053528 0.00345739 0.00423327 0.80392157 0.56862745 0.40392157
v 0.01751295 0.00133898 0.00619907 0.80392157 0.56862745 0.40392157
v 0.01751295 0.00345739 0.00423327 0.80392157 0.56862745 0.40392157
v 0.01217405 0.00133898 0.00787137 0.80392157 0.56862745 0.40392157
v 0.01177428 0.00140491 0.00784358 0.80392157 0.56862745 0.40392157
v 0.00737976 0.00940414 0.00786602 0.80392157 0.56862745 0.40392157
v 0.00737976 0.01598010 0.00619978 0.80392157 0.56862745 0.40392157
v 0.00745812 0.01593567 0.00619978 0.80392157 0.56862745 0.40392157
v 0.01078427 0.01400788 0.00641100 0.80392157 0.56862745 0.40392157
v 0.01098961 0.01389609 0.00619978 0.80392157 0.56862745 0.40392157
v 0.01357276 0.01240259 0.00600174 0.80392157 0.56862745 0.40392157
v 0.01337238 0.01252012 0.00580049 0.80392157 0.56862745 0.40392157
v 0.01690486 0.01048054 0.00460050 0.80392157 0.56862745 0.40392157
v 0.01635926 0.01079587 0.00460050 0.80392157 0.56862745 0.40392157
v 0.01690486 0.01048054 0.00455312 0.80392157 0.56862745 0.40392157
v 0.01751295 0.00574350 0.00540049 0.80392157 0.56862745 0.40392157
v 0.01710425 0.01035585 0.00455312 0.80392157 0.56862745 0.40392157
v 0.01713202 0.01033291 0.00455312 0.80392157 0.56862745 0.40392157
v 0.01732249 0.01015662 0.00455312 0.80392157 0.56862745 0.40392157
v 0.01747029 0.00984703 0.00455312 0.80392157 0.56862745 0.40392157
v 0.01749013 0.00980403 0.00455312 0.80392157 0.56862745 0.40392157
v 0.01750898 0.00945000 0.00455312 0.80392157 0.56862745 0.40392157
v 0.01750997 0.00940414 0.00455312 0.80392157 0.56862745 0.40392157
v 0.01751196 0.00905011 0.00455312 0.80392157 0.56862745 0.40392157
v 0.01751295 0.00180480 0.00619907 0.80392157 0.56862745 0.40392157
v 0.01750005 0.00133898 0.00626389 0.80392157 0.56862745 0.40392157
v 0.01617078 0.00133898 0.00787137 0.80392157 0.56862745 0.40392157
v 0.01177428 0.00340436 0.00787172 0.80392157 0.56862745 0.40392157
v 0.00737976 0.00980403 0.00787172 0.80392157 0.56862745 0.40392157
v 0.00737976 0.01587547 0.00659693 0.80392157 0.56862745 0.40392157
v 0.00799380 0.01561461 0.00643344 0.80392157 0.56862745 0.40392157
v 0.00870406 0.01516455 0.00659942 0.80392157 0.56862745 0.40392157
v 0.00843027 0.01523049 0.00683985 0.80392157 0.56862745 0.40392157
v 0.00917328 0.01480193 0.00679924 0.80392157 0.56862745 0.40392157
v 0.01203220 0.01323677 0.00644305 0.80392157 0.56862745 0.40392157
v 0.01277123 0.01280248 0.00639817 0.80392157 0.56862745 0.40392157
v 0.01482961 0.01163865 0.00565018 0.80392157 0.56862745 0.40392157
v 0.01685923 0.01045474 0.00488189 0.80392157 0.56862745 0.40392157
v 0.01710425 0.01035585 0.00460050 0.80392157 0.56862745 0.40392157
v 0.01751295 0.00500392 0.00580049 0.80392157 0.56862745 0.40392157
v 0.01751196 0.00900425 0.00460050 0.80392157 0.56862745 0.40392157
v 0.01732050 0.01015662 0.00460050 0.80392157 0.56862745 0.40392157
v 0.01748716 0.00980403 0.00460050 0.80392157 0.56862745 0.40392157
v 0.01750997 0.00940414 0.00460050 0.80392157 0.56862745 0.40392157
v 0.01751196 0.00220469 0.00619907 0.80392157 0.56862745 0.40392157
v 0.01742466 0.00133898 0.00659942 0.80392157 0.56862745 0.40392157
v 0.01217405 0.00340436 0.00787172 0.80392157 0.56862745 0.40392157
v 0.01660131 0.00133898 0.00773637 0.80392157 0.56862745 0.40392157
v 0.01617078 0.00180480 0.00787137 0.80392157 0.56862745 0.40392157
v 0.01497147 0.00574350 0.00787172 0.80392157 0.56862745 0.40392157
v 0.00737976 0.01260182 0.00787208 0.80392157 0.56862745 0.40392157
v 0.00737976 0.01568484 0.00689149 0.80392157 0.56862745 0.40392157
v 0.00762081 0.01562464 0.00682596 0.80392157 0.56862745 0.40392157
v 0.00859891 0.01501836 0.00701687 0.80392157 0.56862745 0.40392157
v 0.00890742 0.01489510 0.00692747 0.80392157 0.56862745 0.40392157
v 0.00834992 0.01479190 0.00758321 0.80392157 0.56862745 0.40392157
v 0.01275933 0.01238826 0.00679141 0.80392157 0.56862745 0.40392157
v 0.01297161 0.01251582 0.00650361 0.80392157 0.56862745 0.40392157
v 0.01319084 0.01242123 0.00641385 0.80392157 0.56862745 0.40392157
v 0.01402312 0.01204140 0.00603736 0.80392157 0.56862745 0.40392157
v 0.00881715 0.01443501 0.00763557 0.80392157 0.56862745 0.40392157
v 0.01606662 0.01086897 0.00527120 0.80392157 0.56862745 0.40392157
v 0.01725900 0.01009929 0.00488011 0.80392157 0.56862745 0.40392157
v 0.01751196 0.00660491 0.00540049 0.80392157 0.56862745 0.40392157
v 0.01751196 0.00540381 0.00580049 0.80392157 0.56862745 0.40392157
v 0.01731951 0.00980403 0.00495669 0.80392157 0.56862745 0.40392157
v 0.01743657 0.00900425 0.00500050 0.80392157 0.56862745 0.40392157
v 0.01748616 0.00860579 0.00500050 0.80392157 0.56862745 0.40392157
v 0.01750600 0.00700480 0.00540049 0.80392157 0.56862745 0.40392157
v 0.01750799 0.00300447 0.00619907 0.80392157 0.56862745 0.40392157
v 0.01739689 0.00133898 0.00665249 0.80392157 0.56862745 0.40392157
v 0.01750402 0.00340436 0.00619907 0.80392157 0.56862745 0.40392157
v 0.01749807 0.00380425 0.00619942 0.80392157 0.56862745 0.40392157
v 0.01749113 0.00420414 0.00619942 0.80392157 0.56862745 0.40392157
v 0.01748120 0.00460403 0.00619942 0.80392157 0.56862745 0.40392157
v 0.01739391 0.00220469 0.00659942 0.80392157 0.56862745 0.40392157
v 0.00897389 0.01300171 0.00787208 0.80392157 0.56862745 0.40392157
v 0.01676300 0.00133898 0.00763486 0.80392157 0.56862745 0.40392157
v 0.01650409 0.00260458 0.00772640 0.80392157 0.56862745 0.40392157
v 0.01652790 0.00220469 0.00773316 0.80392157 0.56862745 0.40392157
v 0.01617078 0.00300447 0.00784893 0.80392157 0.56862745 0.40392157
v 0.01617078 0.00260458 0.00786246 0.80392157 0.56862745 0.40392157
v 0.01617078 0.00220469 0.00786958 0.80392157 0.56862745 0.40392157
v 0.01577101 0.00420414 0.00787137 0.80392157 0.56862745 0.40392157
v 0.01497147 0.00620502 0.00787172 0.80392157 0.56862745 0.40392157
v 0.00737976 0.01420138 0.00787208 0.80392157 0.56862745 0.40392157
v 0.00737976 0.01529499 0.00742293 0.80392157 0.56862745 0.40392157
v 0.00749483 0.01516885 0.00754652 0.80392157 0.56862745 0.40392157
v 0.00808308 0.01484780 0.00765338 0.80392157 0.56862745 0.40392157
v 0.00857411 0.01451814 0.00769470 0.80392157 0.56862745 0.40392157
v 0.01201335 0.01203710 0.00763165 0.80392157 0.56862745 0.40392157
v 0.01645053 0.01049201 0.00525624 0.80392157 0.56862745 0.40392157
v 0.00925760 0.01406665 0.00766157 0.80392157 0.56862745 0.40392157
v 0.01671737 0.01033865 0.00514867 0.80392157 0.56862745 0.40392157
v 0.01683046 0.01007205 0.00524164 0.80392157 0.56862745 0.40392157
v 0.01711119 0.00980403 0.00515686 0.80392157 0.56862745 0.40392157
v 0.01750501 0.00574350 0.00580049 0.80392157 0.56862745 0.40392157
v 0.01716674 0.00958760 0.00519533 0.80392157 0.56862745 0.40392157
v 0.01721436 0.00932101 0.00523772 0.80392157 0.56862745 0.40392157
v 0.01726694 0.00900425 0.00528758 0.80392157 0.56862745 0.40392157
v 0.01731554 0.00860579 0.00535063 0.80392157 0.56862745 0.40392157
v 0.01741474 0.00660491 0.00580049 0.80392157 0.56862745 0.40392157
v 0.01747228 0.00620502 0.00580049 0.80392157 0.56862745 0.40392157
v 0.01750303 0.00580513 0.00580049 0.80392157 0.56862745 0.40392157
v 0.01736415 0.00300447 0.00659942 0.80392157 0.56862745 0.40392157
v 0.01725404 0.00133898 0.00690396 0.80392157 0.56862745 0.40392157
v 0.01745740 0.00500392 0.00619942 0.80392157 0.56862745 0.40392157
v 0.01731058 0.00460403 0.00656914 0.80392157 0.56862745 0.40392157
v 0.01732050 0.00420414 0.00658446 0.80392157 0.56862745 0.40392157
v 0.00897389 0.01340160 0.00787208 0.80392157 0.56862745 0.40392157
v 0.01679971 0.00133898 0.00759746 0.80392157 0.56862745 0.40392157
v 0.01641680 0.00420414 0.00765160 0.80392157 0.56862745 0.40392157
v 0.01647731 0.00300447 0.00771322 0.80392157 0.56862745 0.40392157
v 0.01617078 0.00420414 0.00778766 0.80392157 0.56862745 0.40392157
v 0.01617078 0.00345739 0.00782684 0.80392157 0.56862745 0.40392157
v 0.01577101 0.00460403 0.00786673 0.80392157 0.56862745 0.40392157
v 0.01537124 0.00540381 0.00787137 0.80392157 0.56862745 0.40392157
v 0.01417192 0.00820447 0.00787172 0.80392157 0.56862745 0.40392157
v 0.00817434 0.01420138 0.00787208 0.80392157 0.56862745 0.40392157
v 0.00737976 0.01460270 0.00786852 0.80392157 0.56862745 0.40392157
v 0.00737976 0.01503843 0.00770467 0.80392157 0.56862745 0.40392157
v 0.00777358 0.01491086 0.00770538 0.80392157 0.56862745 0.40392157
v 0.00819914 0.01463567 0.00774064 0.80392157 0.56862745 0.40392157
v 0.00857411 0.01420138 0.00783112 0.80392157 0.56862745 0.40392157
v 0.00896000 0.01420138 0.00771286 0.80392157 0.56862745 0.40392157
v 0.01177428 0.01212310 0.00768935 0.80392157 0.56862745 0.40392157
v 0.01177428 0.01180204 0.00782364 0.80392157 0.56862745 0.40392157
v 0.01215818 0.01177194 0.00767831 0.80392157 0.56862745 0.40392157
v 0.01238634 0.01161858 0.00760957 0.80392157 0.56862745 0.40392157
v 0.01516094 0.00878065 0.00719212 0.80392157 0.56862745 0.40392157
v 0.01595354 0.00916048 0.00638606 0.80392157 0.56862745 0.40392157
v 0.01691180 0.00980403 0.00531501 0.80392157 0.56862745 0.40392157
v 0.01674415 0.00953457 0.00557894 0.80392157 0.56862745 0.40392157
v 0.01639696 0.00448077 0.00762845 0.80392157 0.56862745 0.40392157
v 0.01730959 0.00740469 0.00573958 0.80392157 0.56862745 0.40392157
v 0.01709929 0.00500392 0.00672765 0.80392157 0.56862745 0.40392157
v 0.01728777 0.00500392 0.00652747 0.80392157 0.56862745 0.40392157
v 0.01740185 0.00540381 0.00619942 0.80392157 0.56862745 0.40392157
v 0.01734729 0.00340436 0.00659942 0.80392157 0.56862745 0.40392157
v 0.01714393 0.00460403 0.00676932 0.80392157 0.56862745 0.40392157
v 0.01297161 0.00980403 0.00787172 0.80392157 0.56862745 0.40392157
v 0.01217405 0.01060237 0.00787172 0.80392157 0.56862745 0.40392157
v 0.01677788 0.00444207 0.00720743 0.80392157 0.56862745 0.40392157
v 0.01619757 0.00460976 0.00772212 0.80392157 0.56862745 0.40392157
v 0.01577101 0.00500392 0.00783753 0.80392157 0.56862745 0.40392157
v 0.01537223 0.00580513 0.00785498 0.80392157 0.56862745 0.40392157
v 0.01497147 0.00660491 0.00786424 0.80392157 0.56862745 0.40392157
v 0.01457169 0.00740469 0.00786994 0.80392157 0.56862745 0.40392157
v 0.01457169 0.00780458 0.00784857 0.80392157 0.56862745 0.40392157
v 0.01417192 0.00860579 0.00784073 0.80392157 0.56862745 0.40392157
v 0.01377215 0.00900425 0.00785498 0.80392157 0.56862745 0.40392157
v 0.01337238 0.00940414 0.00786531 0.80392157 0.56862745 0.40392157
v 0.00777358 0.01460270 0.00784145 0.80392157 0.56862745 0.40392157
v 0.01017420 0.01260182 0.00787172 0.80392157 0.56862745 0.40392157
v 0.00977442 0.01300171 0.00787101 0.80392157 0.56862745 0.40392157
v 0.00937366 0.01340160 0.00786353 0.80392157 0.56862745 0.40392157
v 0.00897389 0.01380149 0.00785035 0.80392157 0.56862745 0.40392157
v 0.00737976 0.01501836 0.00772319 0.80392157 0.56862745 0.40392157
v 0.00938358 0.01381869 0.00773886 0.80392157 0.56862745 0.40392157
v 0.01057397 0.01260182 0.00784536 0.80392157 0.56862745 0.40392157
v 0.01097374 0.01220193 0.00786032 0.80392157 0.56862745 0.40392157
v 0.01137351 0.01180204 0.00786887 0.80392157 0.56862745 0.40392157
v 0.01177428 0.01140215 0.00786994 0.80392157 0.56862745 0.40392157
v 0.01217405 0.01100226 0.00786282 0.80392157 0.56862745 0.40392157
v 0.01257184 0.01060237 0.00785106 0.80392157 0.56862745 0.40392157
v 0.01297161 0.01020392 0.00783503 0.80392157 0.56862745 0.40392157
v 0.01217405 0.01140215 0.00780084 0.80392157 0.56862745 0.40392157
v 0.01298153 0.01060381 0.00771749 0.80392157 0.56862745 0.40392157
v 0.01285555 0.01091053 0.00766300 0.80392157 0.56862745 0.40392157
v 0.01246669 0.01140215 0.00766656 0.80392157 0.56862745 0.40392157
v 0.01444075 0.00888528 0.00764910 0.80392157 0.56862745 0.40392157
v 0.01470760 0.00871042 0.00755365 0.80392157 0.56862745 0.40392157
v 0.01479489 0.00844526 0.00761990 0.80392157 0.56862745 0.40392157
v 0.01601405 0.00540381 0.00763877 0.80392157 0.56862745 0.40392157
v 0.01609639 0.00500392 0.00770146 0.80392157 0.56862745 0.40392157
v 0.01730165 0.00620502 0.00612819 0.80392157 0.56862745 0.40392157
v 0.01577101 0.00540381 0.00777484 0.80392157 0.56862745 0.40392157
v 0.01537223 0.00620502 0.00780440 0.80392157 0.56862745 0.40392157
v 0.01457169 0.00820447 0.00779728 0.80392157 0.56862745 0.40392157
v 0.01497147 0.00700480 0.00782898 0.80392157 0.56862745 0.40392157
v 0.01457269 0.00858859 0.00769577 0.80392157 0.56862745 0.40392157
v 0.01418779 0.00901285 0.00772462 0.80392157 0.56862745 0.40392157
v 0.01337238 0.00980403 0.00781046 0.80392157 0.56862745 0.40392157
v 0.01406578 0.00932387 0.00766834 0.80392157 0.56862745 0.40392157
v 0.01336345 0.01017955 0.00769007 0.80392157 0.56862745 0.40392157
v 0.01484350 0.00820447 0.00766121 0.80392157 0.56862745 0.40392157
v 0.01528394 0.00700480 0.00769327 0.80392157 0.56862745 0.40392157
v 0.01491988 0.00780458 0.00771251 0.80392157 0.56862745 0.40392157
f 4582 4583 4588
f 4582 4588 4593
f 4582 4593 4597
f 4582 4597 4604
f 4582 4604 4603
f 4582 4603 4614
f 4582 4614 4637
f 4582 4637 4659
f 4582 4659 4694
f 4582 4694 4728
f 4582 4728 4766
f 4582 4766 4729
f 4582 4729 4695
f 4582 4695 4660
f 4582 4660 4638
f 4582 4638 4615
f 4582 4615 4605
f 4582 4605 4598
f 4582 4598 4594
f 4582 4594 4589
f 4582 4589 4584
f 4582 4584 4585
f 4582 4585 4586
f 4582 4586 4587
f 4582 4587 4583
f 4583 4587 4588
f 4584 4589 4590
f 4584 4590 4591
f 4584 4591 4585
f 4585 4591 4587
f 4585 4587 4586
f 4587 4591 4590
f 4587 4590 4595
f 4587 4595 4601
f 4587 4601 4610
f 4587 4610 4634
f 4587 4634 4654
f 4587 4654 4679
f 4587 4679 4714
f 4587 4714 4719
f 4587 4719 4686
f 4587 4686 4656
f 4587 4656 4635
f 4587 4635 4612
f 4587 4612 4602
f 4587 4602 4596
f 4587 4596 4592
f 4587 4592 4588
f 4588 4592 4593
f 4589 4594 4590
f 4590 4594 4595
f 4592 4596 4597
f 4592 4597 4593
f 4594 4598 4599
f 4594 4599 4595
f 4595 4599 4600
f 4595 4600 4609
f 4595 4609 4611
f 4595 4611 4601
f 4596 4602 4603
f 4596 4603 4604
f 4596 4604 4597
f 4598 4605 4606
f 4598 4606 4607
f 4598 4607 4608
f 4598 4608 4599
f 4599 4608 4611
f 4599 4611 4609
f 4599 4609 4600
f 4601 4611 4608
f 4601 4608 4624
f 4601 4624 4648
f 4601 4648 4633
f 4601 4633 4610
f 4602 4612 4613
f 4602 4613 4614
f 4602 4614 4603
f 4605 4615 4616
f 4605 4616 4606
f 4606 4616 4617
f 4606 4617 4618
f 4606 4618 4619
f 4606 4619 4620
f 4606 4620 4621
f 4606 4621 4622
f 4606 4622 4607
f 4607 4623 4608
f 4607 4622 4621
f 4607 4621 4623
f 4608 4623 4625
f 4608 4625 4626
f 4608 4626 4627
f 4608 4627 4628
f 4608 4628 4629
f 4608 4629 4630
f 4608 4630 4631
f 4608 4631 4632
f 4608 4632 4624
f 4610 4633 4634
f 4612 4635 4655
f 4612 4655 4636
f 4612 4636 4637
f 4612 4637 4614
f 4612 4614 4613
f 4615 4638 4639
f 4615 4639 4616
f 4616 4639 4617
f 4617 4639 4640
f 4617 4640 4641
f 4617 4641 4642
f 4617 4642 4643
f 4617 4643 4644
f 4617 4644 4619
f 4617 4619 4618
f 4619 4644 4645
f 4619 4645 4646
f 4619 4646 4647
f 4619 4647 4621
f 4619 4621 4620
f 4621 4647 4625
f 4621 4625 4623
f 4624 4632 4649
f 4624 4649 4648
f 4625 4647 4626
f 4626 4647 4650
f 4626 4650 4627
f 4627 4650 4628
f 4628 4650 4651
f 4628 4651 4629
f 4629 4651 4652
f 4629 4652 4630
f 4630 4652 4631
f 4631 4652 4632
f 4632 4652 4649
f 4633 4653 4634
f 4633 4648 4673
f 4633 4673 4653
f 4634 4653 4654
f 4635 4656 4657
f 4635 4657 4693
f 4635 4693 4658
f 4635 4658 4655
f 4636 4655 4659
f 4636 4659 4637
f 4638 4660 4661
f 4638 4661 4641
f 4638 4641 4639
f 4639 4641 4640
f 4641 4662 4663
f 4641 4663 4642
f 4641 4661 4664
f 4641 4664 4662
f 4642 4663 4643
f 4643 4663 4644
f 4644 4665 4666
f 4644 4666 4667
f 4644 4667 4668
f 4644 4668 4645
f 4644 4663 4664
f 4644 4664 4669
f 4644 4669 4665
f 4645 4668 4670
f 4645 4670 4646
f 4646 4671 4647
f 4646 4670 4671
f 4647 4671 4650
f 4648 4649 4672
f 4648 4672 4673
f 4649 4652 4672
f 4650 4671 4651
f 4651 4674 4675
f 4651 4675 4676
f 4651 4676 4652
f 4651 4671 4674
f 4652 4676 4677
f 4652 4677 4673
f 4652 4673 4672
f 4653 4678 4654
f 4653 4673 4678
f 4654 4678 4680
f 4654 4680 4681
f 4654 4681 4682
f 4654 4682 4683
f 4654 4683 4684
f 4654 4684 4679
f 4655 4658 4685
f 4655 4685 4659
f 4656 4686 4687
f 4656 4687 4688
f 4656 4688 4689
f 4656 4689 4690
f 4656 4690 4691
f 4656 4691 4657
f 4657 4691 4692
f 4657 4692 4693
f 4658 4693 4718
f 4658 4718 4685
f 4659 4685 4718
f 4659 4718 4727
f 4659 4727 4694
f 4660 4695 4696
f 4660 4696 4664
f 4660 4664 4661
f 4662 4664 4663
f 4664 4696 4697
f 4664 4697 4698
f 4664 4698 4669
f 4665 4668 4667
f 4665 4667 4666
f 4665 4669 4699
f 4665 4699 4700
f 4665 4700 4668
f 4668 4700 4670
f 4669 4698 4701
f 4669 4701 4699
f 4670 4700 4671
f 4671 4700 4702
f 4671 4702 4703
f 4671 4703 4704
f 4671 4704 4674
f 4673 4705 4682
f 4673 4682 4681
f 4673 4681 4680
f 4673 4680 4678
f 4673 4677 4705
f 4674 4704 4706
f 4674 4706 4707
f 4674 4707 4708
f 4674 4708 4709
f 4674 4709 4675
f 4675 4709 4710
f 4675 4710 4711
f 4675 4711 4676
f 4676 4711 4712
f 4676 4712 4677
f 4677 4712 4705
f 4679 4684 4713
f 4679 4713 4714
f 4682 4705 4683
f 4683 4715 4716
f 4683 4716 4717
f 4683 4717 4713
f 4683 4713 4684
f 4683 4705 4712
f 4683 4712 4715
f 4686 4719 4720
f 4686 4720 4721
f 4686 4721 4687
f 4687 4721 4722
f 4687 4722 4723
f 4687 4723 4689
f 4687 4689 4688
f 4689 4723 4724
f 4689 4724 4690
f 4690 4724 4691
f 4691 4724 4692
f 4692 4724 4725
f 4692 4725 4693
f 4693 4725 4726
f 4693 4726 4718
f 4694 4727 4728
f 4695 4729 4696
f 4696 4729 4730
f 4696 4730 4697
f 4697 4730 4731
f 4697 4731 4698
f 4698 4731 4732
f 4698 4732 4733
f 4698 4733 4701
f 4699 4734 4735
f 4699 4735 4736
f 4699 4736 4737
f 4699 4737 4703
f 4699 4703 4700
f 4699 4701 4734
f 4700 4703 4702
f 4701 4733 4734
f 4703 4738 4739
f 4703 4739 4740
f 4703 4740 4704
f 4703 4737 4738
f 4704 4740 4741
f 4704 4741 4706
f 4706 4741 4742
f 4706 4742 4707
f 4707 4742 4708
f 4708 4743 4709
f 4708 4742 4744
f 4708 4744 4745
f 4708 4745 4743
f 4709 4743 4710
f 4710 4743 4746
f 4710 4746 4711
f 4711 4746 4715
f 4711 4715 4712
f 4713 4717 4747
f 4713 4747 4714
f 4714 4747 4717
f 4714 4717 4719
f 4715 4746 4745
f 4715 4745 4716
f 4716 4748 4719
f 4716 4719 4717
f 4716 4745 4748
f 4718 4726 4749
f 4718 4749 4750
f 4718 4750 4727
f 4719 4748 4720
f 4720 4748 4751
f 4720 4751 4742
f 4720 4742 4722
f 4720 4722 4721
f 4722 4742 4752
f 4722 4752 4753
f 4722 4753 4724
f 4722 4724 4723
f 4724 4753 4754
f 4724 4754 4755
f 4724 4755 4756
f 4724 4756 4725
f 4725 4756 4726
f 4726 4756 4757
f 4726 4757 4758
f 4726 4758 4759
f 4726 4759 4760
f 4726 4760 4749
f 4727 4732 4761
f 4727 4761 4728
f 4727 4750 4762
f 4727 4762 4763
f 4727 4763 4764
f 4727 4764 4765
f 4727 4765 4732
f 4728 4761 4766
f 4729 4766 4730
f 4730 4766 4761
f 4730 4761 4731
f 4731 4761 4732
f 4732 4765 4735
f 4732 4735 4767
f 4732 4767 4733
f 4733 4767 4734
f 4734 4767 4735
f 4735 4765 4768
f 4735 4768 4769
f 4735 4769 4770
f 4735 4770 4771
f 4735 4771 4772
f 4735 4772 4773
f 4735 4773 4774
f 4735 4774 4775
f 4735 4775 4736
f 4736 4775 4776
f 4736 4776 4777
f 4736 4777 4778
f 4736 4778 4737
f 4737 4778 4777
f 4737 4777 4779
f 4737 4779 4738
f 4738 4779 4780
f 4738 4780 4781
f 4738 4781 4782
f 4738 4782 4739
f 4739 4741 4740
f 4739 4782 4741
f 4741 4782 4742
f 4742 4782 4783
f 4742 4783 4752
f 4742 4751 4748
f 4742 4748 4745
f 4742 4745 4744
f 4743 4745 4784
f 4743 4784 4746
f 4745 4746 4784
f 4749 4760 4771
f 4749 4771 4750
f 4750 4771 4762
f 4752 4783 4785
f 4752 4785 4753
f 4753 4785 4786
f 4753 4786 4787
f 4753 4787 4788
f 4753 4788 4757
f 4753 4757 4754
f 4754 4757 4755
f 4755 4757 4756
f 4757 4788 4787
f 4757 4787 4758
f 4758 4787 4789
f 4758 4789 4790
f 4758 4790 4791
f 4758 4791 4774
f 4758 4774 4773
f 4758 4773 4759
f 4759 4773 4772
f 4759 4772 4760
f 4760 4772 4771
f 4762 4771 4763
f 4763 4771 4770
f 4763 4770 4764
f 4764 4770 4769
f 4764 4769 4765
f 4765 4769 4768
f 4774 4791 4775
f 4775 4791 4790
f 4775 4790 4776
f 4776 4790 4792
f 4776 4792 4793
f 4776 4793 4777
f 4777 4793 4792
f 4777 4792 4779
f 4779 4792 4789
f 4779 4789 4781
f 4779 4781 4780
f 4781 4789 4794
f 4781 4794 4782
f 4782 4794 4783
f 4783 4794 4795
f 4783 4795 4796
f 4783 4796 4787
f 4783 4787 4785
f 4785 4787 4786
f 4787 4796 4794
f 4787 4794 4789
f 4789 4792 4790
f 4794 4796 4795

o geometry_53
v -0.00508239 -0.00855794 0.00184984 0.06666667 0.69411765 0.45098039
v -0.00510191 -0.00855794 0.00181503 0.06666667 0.69411765 0.45098039
v -0.00510191 -0.00855794 0.00207020 0.06666667 0.69411765 0.45098039
v -0.00441195 -0.00879051 0.00200755 0.06666667 0.69411765 0.45098039
v -0.00441195 -0.00879051 0.00198479 0.06666667 0.69411765 0.45098039
v -0.00512274 -0.00855794 0.00178424 0.06666667 0.69411765 0.45098039
v -0.00702078 -0.00855794 0.00301378 0.06666667 0.69411765 0.45098039
v -0.00426875 -0.00897421 0.00210260 0.06666667 0.69411765 0.45098039
v -0.00426875 -0.00897149 0.00183056 0.06666667 0.69411765 0.45098039
v -0.00699475 -0.00857061 0.00301378 0.06666667 0.69411765 0.45098039
v -0.00523730 -0.00855794 0.00165919 0.06666667 0.69411765 0.45098039
v -0.01756807 -0.00855794 0.00301378 0.06666667 0.69411765 0.45098039
v -0.00426875 -0.00899050 0.00211599 0.06666667 0.69411765 0.45098039
v -0.00426875 -0.00899502 0.00179762 0.06666667 0.69411765 0.45098039
v -0.00545210 -0.00855794 0.00149104 0.06666667 0.69411765 0.45098039
v -0.00426875 -0.01030808 0.00301378 0.06666667 0.69411765 0.45098039
v -0.00426875 -0.00929094 0.00233876 0.06666667 0.69411765 0.45098039
v -0.01756807 -0.00855794 0.00027836 0.06666667 0.69411765 0.45098039
v -0.01756807 -0.00939681 0.00301378 0.06666667 0.69411765 0.45098039
v -0.00426875 -0.00917420 0.00158824 0.06666667 0.69411765 0.45098039
v -0.00700907 -0.00857966 0.00027836 0.06666667 0.69411765 0.45098039
v -0.00707676 -0.00855884 0.00027836 0.06666667 0.69411765 0.45098039
v -0.00708067 -0.00855794 0.00027836 0.06666667 0.69411765 0.45098039
v -0.00426875 -0.01780185 0.00301378 0.06666667 0.69411765 0.45098039
v -0.01756807 -0.00939681 0.00027836 0.06666667 0.69411765 0.45098039
v -0.01756286 -0.00978322 0.00301378 0.06666667 0.69411765 0.45098039
v -0.00426875 -0.01042844 0.00027836 0.06666667 0.69411765 0.45098039
v -0.00426875 -0.01780185 0.00294470 0.06666667 0.69411765 0.45098039
v -0.00472699 -0.01753760 0.00301378 0.06666667 0.69411765 0.45098039
v -0.01756286 -0.00971897 0.00027836 0.06666667 0.69411765 0.45098039
v -0.01756156 -0.00979679 0.00301378 0.06666667 0.69411765 0.45098039
v -0.01756156 -0.00979679 0.00027836 0.06666667 0.69411765 0.45098039
v -0.00426875 -0.01780094 0.00027836 0.06666667 0.69411765 0.45098039
v -0.00446793 -0.01768692 0.00027836 0.06666667 0.69411765 0.45098039
v -0.00472699 -0.01753760 0.00027836 0.06666667 0.69411765 0.45098039
v -0.00522558 -0.01724983 0.00027836 0.06666667 0.69411765 0.45098039
v -0.00751287 -0.01592954 0.00301378 0.06666667 0.69411765 0.45098039
v -0.01739232 -0.01015877 0.00301378 0.06666667 0.69411765 0.45098039
v -0.01739232 -0.01015877 0.00027836 0.06666667 0.69411765 0.45098039
v -0.00751287 -0.01592954 0.00027836 0.06666667 0.69411765 0.45098039
v -0.01288284 -0.01282923 0.00301378 0.06666667 0.69411765 0.45098039
v -0.01700048 -0.01045197 0.00027836 0.06666667 0.69411765 0.45098039
v -0.01738451 -0.01016601 0.00301378 0.06666667 0.69411765 0.45098039
v -0.01716060 -0.01035876 0.00027836 0.06666667 0.69411765 0.45098039
v -0.01462727 -0.01182204 0.00301378 0.06666667 0.69411765 0.45098039
v -0.01694970 -0.01048092 0.00301378 0.06666667 0.69411765 0.45098039
v -0.01716060 -0.01035876 0.00301378 0.06666667 0.69411765 0.45098039
f 4797 4798 4802
f 4797 4802 4807
f 4797 4807 4811
f 4797 4811 4819
f 4797 4819 4814
f 4797 4814 4808
f 4797 4808 4803
f 4797 4803 4799
f 4797 4799 4800
f 4797 4800 4801
f 4797 4801 4798
f 4798 4801 4802
f 4799 4803 4800
f 4800 4804 4805
f 4800 4805 4801
f 4800 4803 4806
f 4800 4806 4804
f 4801 4805 4807
f 4801 4807 4802
f 4803 4808 4815
f 4803 4815 4822
f 4803 4822 4827
f 4803 4827 4834
f 4803 4834 4839
f 4803 4839 4843
f 4803 4843 4842
f 4803 4842 4841
f 4803 4841 4837
f 4803 4837 4833
f 4803 4833 4825
f 4803 4825 4820
f 4803 4820 4812
f 4803 4812 4806
f 4804 4809 4813
f 4804 4813 4812
f 4804 4812 4820
f 4804 4820 4824
f 4804 4824 4829
f 4804 4829 4823
f 4804 4823 4816
f 4804 4816 4810
f 4804 4810 4805
f 4804 4806 4809
f 4805 4810 4811
f 4805 4811 4807
f 4806 4812 4813
f 4806 4813 4809
f 4808 4814 4821
f 4808 4821 4815
f 4810 4816 4817
f 4810 4817 4811
f 4811 4817 4818
f 4811 4818 4819
f 4814 4819 4818
f 4814 4818 4817
f 4814 4817 4823
f 4814 4823 4829
f 4814 4829 4830
f 4814 4830 4831
f 4814 4831 4832
f 4814 4832 4836
f 4814 4836 4838
f 4814 4838 4840
f 4814 4840 4835
f 4814 4835 4828
f 4814 4828 4826
f 4814 4826 4821
f 4815 4821 4822
f 4816 4823 4817
f 4820 4825 4831
f 4820 4831 4824
f 4821 4826 4822
f 4822 4826 4828
f 4822 4828 4827
f 4824 4830 4829
f 4824 4831 4830
f 4825 4832 4831
f 4825 4833 4832
f 4827 4828 4835
f 4827 4835 4834
f 4832 4833 4836
f 4833 4837 4838
f 4833 4838 4836
f 4834 4835 4839
f 4835 4840 4839
f 4837 4841 4838
f 4838 4841 4842
f 4838 4842 4843
f 4838 4843 4840
f 4839 4840 4843

o geometry_54
v -0.00511493 -0.00855703 -0.00101591 0.72156863 0.86274510 0.97254902
v -0.00520476 -0.00855703 -0.00111229 0.72156863 0.86274510 0.97254902
v -0.00541956 -0.00855703 -0.00060509 0.72156863 0.86274510 0.97254902
v -0.00442237 -0.00879503 -0.00079784 0.72156863 0.86274510 0.97254902
v -0.00442237 -0.00879503 -0.00080601 0.72156863 0.86274510 0.97254902
v -0.00543778 -0.00855703 -0.00132600 0.72156863 0.86274510 0.97254902
v -0.00426875 -0.00896245 -0.00096310 0.72156863 0.86274510 0.97254902
v -0.00708067 -0.00855703 0.00027836 0.72156863 0.86274510 0.97254902
v -0.00700907 -0.00857966 0.00027836 0.72156863 0.86274510 0.97254902
v -0.00426875 -0.00898688 -0.00070419 0.72156863 0.86274510 0.97254902
v -0.00426875 -0.00898778 -0.00100475 0.72156863 0.86274510 0.97254902
v -0.00426875 -0.00915339 -0.00122554 0.72156863 0.86274510 0.97254902
v -0.00700777 -0.00857785 -0.00250294 0.72156863 0.86274510 0.97254902
v -0.00707025 -0.00855703 -0.00250294 0.72156863 0.86274510 0.97254902
v -0.01756807 -0.00855703 0.00027836 0.72156863 0.86274510 0.97254902
v -0.00426875 -0.01042844 0.00027836 0.72156863 0.86274510 0.97254902
v -0.00426875 -0.00931085 -0.00047386 0.72156863 0.86274510 0.97254902
v -0.00426875 -0.00899231 -0.00070010 0.72156863 0.86274510 0.97254902
v -0.00426875 -0.01048274 -0.00250294 0.72156863 0.86274510 0.97254902
v -0.00463977 -0.01022302 -0.00250294 0.72156863 0.86274510 0.97254902
v -0.01756807 -0.00855703 -0.00250294 0.72156863 0.86274510 0.97254902
v -0.01756807 -0.00939681 0.00027836 0.72156863 0.86274510 0.97254902
v -0.00426875 -0.01780184 0.00027836 0.72156863 0.86274510 0.97254902
v -0.00426875 -0.01780094 -0.00250294 0.72156863 0.86274510 0.97254902
v -0.01756807 -0.00939681 -0.00250294 0.72156863 0.86274510 0.97254902
v -0.01756286 -0.00971897 0.00027836 0.72156863 0.86274510 0.97254902
v -0.00426875 -0.01780184 0.00014469 0.72156863 0.86274510 0.97254902
v -0.00472699 -0.01753760 0.00027836 0.72156863 0.86274510 0.97254902
v -0.00445361 -0.01769506 -0.00250294 0.72156863 0.86274510 0.97254902
v -0.01756156 -0.00979680 -0.00250294 0.72156863 0.86274510 0.97254902
v -0.01756156 -0.00979680 0.00027836 0.72156863 0.86274510 0.97254902
v -0.00472699 -0.01753760 -0.00250294 0.72156863 0.86274510 0.97254902
v -0.00522558 -0.01724983 0.00027836 0.72156863 0.86274510 0.97254902
v -0.01739232 -0.01015877 -0.00250294 0.72156863 0.86274510 0.97254902
v -0.01739232 -0.01015877 0.00027836 0.72156863 0.86274510 0.97254902
v -0.00648444 -0.01652317 -0.00250294 0.72156863 0.86274510 0.97254902
v -0.00751287 -0.01592954 0.00027836 0.72156863 0.86274510 0.97254902
v -0.00751287 -0.01592954 -0.00250294 0.72156863 0.86274510 0.97254902
v -0.01733634 -0.01020763 -0.00250294 0.72156863 0.86274510 0.97254902
v -0.01716060 -0.01035876 0.00027836 0.72156863 0.86274510 0.97254902
v -0.01700048 -0.01045197 0.00027836 0.72156863 0.86274510 0.97254902
v -0.01288284 -0.01282923 -0.00250294 0.72156863 0.86274510 0.97254902
v -0.01716060 -0.01035876 -0.00250294 0.72156863 0.86274510 0.97254902
v -0.01700959 -0.01044654 -0.00250294 0.72156863 0.86274510 0.97254902
v -0.01462727 -0.01182204 -0.00250294 0.72156863 0.86274510 0.97254902
f 4844 4845 4849
f 4844 4849 4857
f 4844 4857 4864
f 4844 4864 4858
f 4844 4858 4851
f 4844 4851 4846
f 4844 4846 4847
f 4844 4847 4848
f 4844 4848 4845
f 4845 4848 4850
f 4845 4850 4849
f 4846 4851 4852
f 4846 4852 4847
f 4847 4853 4850
f 4847 4850 4848
f 4847 4852 4853
f 4849 4850 4854
f 4849 4854 4855
f 4849 4855 4856
f 4849 4856 4857
f 4850 4853 4861
f 4850 4861 4860
f 4850 4860 4859
f 4850 4859 4866
f 4850 4866 4870
f 4850 4870 4867
f 4850 4867 4862
f 4850 4862 4855
f 4850 4855 4854
f 4851 4858 4865
f 4851 4865 4869
f 4851 4869 4874
f 4851 4874 4878
f 4851 4878 4883
f 4851 4883 4884
f 4851 4884 4880
f 4851 4880 4876
f 4851 4876 4871
f 4851 4871 4866
f 4851 4866 4859
f 4851 4859 4852
f 4852 4859 4860
f 4852 4860 4861
f 4852 4861 4853
f 4855 4862 4863
f 4855 4863 4856
f 4856 4863 4862
f 4856 4862 4867
f 4856 4867 4872
f 4856 4872 4875
f 4856 4875 4879
f 4856 4879 4881
f 4856 4881 4885
f 4856 4885 4888
f 4856 4888 4887
f 4856 4887 4886
f 4856 4886 4882
f 4856 4882 4877
f 4856 4877 4873
f 4856 4873 4868
f 4856 4868 4864
f 4856 4864 4857
f 4858 4864 4868
f 4858 4868 4865
f 4865 4868 4869
f 4866 4871 4875
f 4866 4875 4870
f 4867 4870 4872
f 4868 4873 4869
f 4869 4873 4874
f 4870 4875 4872
f 4871 4876 4875
f 4873 4877 4878
f 4873 4878 4874
f 4875 4876 4879
f 4876 4880 4881
f 4876 4881 4879
f 4877 4882 4878
f 4878 4882 4883
f 4880 4884 4881
f 4881 4884 4885
f 4882 4886 4883
f 4883 4886 4884
f 4884 4886 4887
f 4884 4887 4888
f 4884 4888 4885

o geometry_55
v 0.01751295 0.00133898 -0.00422023 0.85490196 0.00784314 0.35686275
v 0.01751295 -0.00098771 -0.00422023 0.85490196 0.00784314 0.35686275
v 0.01751295 0.00133898 -0.00619949 0.85490196 0.00784314 0.35686275
v 0.01118405 0.00133898 -0.00422023 0.85490196 0.00784314 0.35686275
v 0.01751295 -0.00314582 -0.00453622 0.85490196 0.00784314 0.35686275
v 0.01093810 -0.00098771 -0.00422023 0.85490196 0.00784314 0.35686275
v 0.01751295 -0.00098771 -0.00619985 0.85490196 0.00784314 0.35686275
v 0.01746693 0.00020329 -0.00659949 0.85490196 0.00784314 0.35686275
v 0.01745265 0.00060322 -0.00659949 0.85490196 0.00784314 0.35686275
v 0.01743758 0.00100315 -0.00659949 0.85490196 0.00784314 0.35686275
v 0.01742488 0.00133898 -0.00659949 0.85490196 0.00784314 0.35686275
v 0.01001141 0.00133898 -0.00522612 0.85490196 0.00784314 0.35686275
v 0.01751295 -0.00314582 -0.00580020 0.85490196 0.00784314 0.35686275
v 0.01071991 -0.00314582 -0.00453622 0.85490196 0.00784314 0.35686275
v 0.00997729 0.00133898 -0.00525829 0.85490196 0.00784314 0.35686275
v 0.00949333 -0.00314582 -0.00553997 0.85490196 0.00784314 0.35686275
v 0.01751295 -0.00179634 -0.00619985 0.85490196 0.00784314 0.35686275
v 0.01746693 -0.00019663 -0.00659949 0.85490196 0.00784314 0.35686275
v 0.01727969 0.00021778 -0.00703416 0.85490196 0.00784314 0.35686275
v 0.01725430 0.00133898 -0.00690404 0.85490196 0.00784314 0.35686275
v 0.01750978 -0.00314582 -0.00605078 0.85490196 0.00784314 0.35686275
v 0.01751057 -0.00259619 -0.00619985 0.85490196 0.00784314 0.35686275
v 0.00981306 0.00133898 -0.00542594 0.85490196 0.00784314 0.35686275
v 0.00944255 -0.00314582 -0.00564614 0.85490196 0.00784314 0.35686275
v 0.01750819 -0.00299612 -0.00619985 0.85490196 0.00784314 0.35686275
v 0.01750660 -0.00314582 -0.00619985 0.85490196 0.00784314 0.35686275
v 0.01741695 -0.00314582 -0.00645007 0.85490196 0.00784314 0.35686275
v 0.01743837 -0.00099649 -0.00659984 0.85490196 0.00784314 0.35686275
v 0.01727969 -0.00021112 -0.00703416 0.85490196 0.00784314 0.35686275
v 0.01718369 0.00009442 -0.00721932 0.85490196 0.00784314 0.35686275
v 0.01707976 0.00021778 -0.00737160 0.85490196 0.00784314 0.35686275
v 0.01680842 0.00100315 -0.00764971 0.85490196 0.00784314 0.35686275
v 0.01678620 0.00133898 -0.00762075 0.85490196 0.00784314 0.35686275
v 0.00981306 0.00133898 -0.00547992 0.85490196 0.00784314 0.35686275
v 0.00940764 -0.00314582 -0.00580020 0.85490196 0.00784314 0.35686275
v 0.01735903 -0.00314582 -0.00659984 0.85490196 0.00784314 0.35686275
v 0.01738045 -0.00259619 -0.00659984 0.85490196 0.00784314 0.35686275
v 0.01718369 -0.00008732 -0.00721932 0.85490196 0.00784314 0.35686275
v 0.01686157 0.00020329 -0.00770225 0.85490196 0.00784314 0.35686275
v 0.01683460 0.00060322 -0.00767902 0.85490196 0.00784314 0.35686275
v 0.01665529 0.00133898 -0.00770583 0.85490196 0.00784314 0.35686275
v 0.00983845 0.00133898 -0.00582630 0.85490196 0.00784314 0.35686275
v 0.00948777 -0.00314582 -0.00608010 0.85490196 0.00784314 0.35686275
v 0.01725430 -0.00314582 -0.00674462 0.85490196 0.00784314 0.35686275
v 0.01686157 -0.00019663 -0.00770225 0.85490196 0.00784314 0.35686275
v 0.01707976 -0.00021112 -0.00737160 0.85490196 0.00784314 0.35686275
v 0.01657119 0.00020329 -0.00783809 0.85490196 0.00784314 0.35686275
v 0.01657119 0.00060322 -0.00781521 0.85490196 0.00784314 0.35686275
v 0.01657119 0.00100315 -0.00778554 0.85490196 0.00784314 0.35686275
v 0.01660134 0.00133898 -0.00773621 0.85490196 0.00784314 0.35686275
v 0.00986701 0.00133898 -0.00586276 0.85490196 0.00784314 0.35686275
v 0.00997809 0.00133898 -0.00599574 0.85490196 0.00784314 0.35686275
v 0.01149030 0.00133898 -0.00770118 0.85490196 0.00784314 0.35686275
v 0.01042636 -0.00314582 -0.00713425 0.85490196 0.00784314 0.35686275
v 0.01719321 -0.00314582 -0.00682504 0.85490196 0.00784314 0.35686275
v 0.01683460 -0.00059656 -0.00767902 0.85490196 0.00784314 0.35686275
v 0.01646884 -0.00314582 -0.00770583 0.85490196 0.00784314 0.35686275
v 0.01647757 -0.00299612 -0.00771298 0.85490196 0.00784314 0.35686275
v 0.01650296 -0.00259619 -0.00772656 0.85490196 0.00784314 0.35686275
v 0.01657119 -0.00059656 -0.00781521 0.85490196 0.00784314 0.35686275
v 0.01657119 -0.00019663 -0.00783809 0.85490196 0.00784314 0.35686275
v 0.01617211 -0.00098771 -0.00787169 0.85490196 0.00784314 0.35686275
v 0.01617132 0.00133898 -0.00787133 0.85490196 0.00784314 0.35686275
v 0.01623638 0.00133898 -0.00785775 0.85490196 0.00784314 0.35686275
v 0.01153235 0.00133898 -0.00772299 0.85490196 0.00784314 0.35686275
v 0.01106186 -0.00314582 -0.00768259 0.85490196 0.00784314 0.35686275
v 0.01093651 -0.00314582 -0.00759215 0.85490196 0.00784314 0.35686275
v 0.01086193 -0.00314582 -0.00753568 0.85490196 0.00784314 0.35686275
v 0.01071277 -0.00314582 -0.00741056 0.85490196 0.00784314 0.35686275
v 0.01062708 -0.00314582 -0.00733550 0.85490196 0.00784314 0.35686275
v 0.01666957 -0.00314582 -0.00746383 0.85490196 0.00784314 0.35686275
v 0.01680921 -0.00099649 -0.00764971 0.85490196 0.00784314 0.35686275
v 0.01654501 -0.00314582 -0.00761503 0.85490196 0.00784314 0.35686275
v 0.01617211 -0.00314582 -0.00784202 0.85490196 0.00784314 0.35686275
v 0.01617211 -0.00299612 -0.00784917 0.85490196 0.00784314 0.35686275
v 0.01617211 -0.00259619 -0.00786275 0.85490196 0.00784314 0.35686275
v 0.01617211 -0.00219627 -0.00786990 0.85490196 0.00784314 0.35686275
v 0.01617211 -0.00179634 -0.00787169 0.85490196 0.00784314 0.35686275
v 0.01217262 -0.00098771 -0.00787169 0.85490196 0.00784314 0.35686275
v 0.01217262 0.00133898 -0.00787133 0.85490196 0.00784314 0.35686275
v 0.01177275 0.00133898 -0.00783702 0.85490196 0.00784314 0.35686275
v 0.01137287 -0.00314582 -0.00781843 0.85490196 0.00784314 0.35686275
v 0.01577145 -0.00314582 -0.00787169 0.85490196 0.00784314 0.35686275
v 0.01177354 -0.00259619 -0.00787169 0.85490196 0.00784314 0.35686275
v 0.01177354 -0.00219627 -0.00786990 0.85490196 0.00784314 0.35686275
v 0.01183780 0.00133898 -0.00784595 0.85490196 0.00784314 0.35686275
v 0.01177354 -0.00314582 -0.00787169 0.85490196 0.00784314 0.35686275
f 4889 4890 4893
f 4889 4893 4901
f 4889 4901 4905
f 4889 4905 4895
f 4889 4895 4891
f 4889 4891 4899
f 4889 4899 4908
f 4889 4908 4921
f 4889 4921 4929
f 4889 4929 4938
f 4889 4938 4952
f 4889 4952 4951
f 4889 4951 4968
f 4889 4968 4974
f 4889 4974 4969
f 4889 4969 4953
f 4889 4953 4941
f 4889 4941 4940
f 4889 4940 4939
f 4889 4939 4930
f 4889 4930 4922
f 4889 4922 4911
f 4889 4911 4903
f 4889 4903 4900
f 4889 4900 4892
f 4889 4892 4894
f 4889 4894 4890
f 4890 4894 4902
f 4890 4902 4893
f 4891 4895 4896
f 4891 4896 4897
f 4891 4897 4898
f 4891 4898 4899
f 4892 4900 4894
f 4893 4902 4904
f 4893 4904 4912
f 4893 4912 4923
f 4893 4923 4931
f 4893 4931 4942
f 4893 4942 4958
f 4893 4958 4957
f 4893 4957 4956
f 4893 4956 4955
f 4893 4955 4954
f 4893 4954 4970
f 4893 4970 4975
f 4893 4975 4971
f 4893 4971 4962
f 4893 4962 4945
f 4893 4945 4961
f 4893 4961 4959
f 4893 4959 4943
f 4893 4943 4932
f 4893 4932 4924
f 4893 4924 4915
f 4893 4915 4914
f 4893 4914 4909
f 4893 4909 4901
f 4894 4900 4903
f 4894 4903 4904
f 4894 4904 4902
f 4895 4905 4906
f 4895 4906 4896
f 4896 4906 4917
f 4896 4917 4907
f 4896 4907 4897
f 4897 4907 4898
f 4898 4907 4899
f 4899 4907 4908
f 4901 4909 4910
f 4901 4910 4905
f 4903 4911 4904
f 4904 4911 4912
f 4905 4910 4906
f 4906 4910 4913
f 4906 4913 4914
f 4906 4914 4915
f 4906 4915 4916
f 4906 4916 4917
f 4907 4917 4926
f 4907 4926 4918
f 4907 4918 4908
f 4908 4918 4919
f 4908 4919 4920
f 4908 4920 4921
f 4909 4914 4913
f 4909 4913 4910
f 4911 4922 4923
f 4911 4923 4912
f 4915 4924 4925
f 4915 4925 4916
f 4916 4925 4917
f 4917 4925 4924
f 4917 4924 4926
f 4918 4926 4933
f 4918 4933 4927
f 4918 4927 4919
f 4919 4927 4928
f 4919 4928 4920
f 4920 4929 4921
f 4920 4928 4929
f 4922 4930 4923
f 4923 4930 4931
f 4924 4932 4933
f 4924 4933 4934
f 4924 4934 4926
f 4926 4934 4933
f 4927 4933 4949
f 4927 4949 4935
f 4927 4935 4936
f 4927 4936 4937
f 4927 4937 4928
f 4928 4937 4938
f 4928 4938 4929
f 4930 4939 4931
f 4931 4939 4940
f 4931 4940 4941
f 4931 4941 4942
f 4932 4943 4944
f 4932 4944 4933
f 4933 4944 4945
f 4933 4945 4946
f 4933 4946 4947
f 4933 4947 4948
f 4933 4948 4949
f 4935 4949 4966
f 4935 4966 4950
f 4935 4950 4951
f 4935 4951 4952
f 4935 4952 4936
f 4936 4952 4937
f 4937 4952 4938
f 4941 4953 4954
f 4941 4954 4955
f 4941 4955 4956
f 4941 4956 4957
f 4941 4957 4958
f 4941 4958 4942
f 4943 4959 4960
f 4943 4960 4944
f 4944 4960 4945
f 4945 4960 4961
f 4945 4962 4946
f 4946 4962 4947
f 4947 4962 4948
f 4948 4962 4949
f 4949 4962 4963
f 4949 4963 4964
f 4949 4964 4965
f 4949 4965 4966
f 4950 4966 4971
f 4950 4971 4975
f 4950 4975 4972
f 4950 4972 4967
f 4950 4967 4968
f 4950 4968 4951
f 4953 4969 4954
f 4954 4969 4970
f 4959 4961 4960
f 4962 4971 4963
f 4963 4971 4964
f 4964 4971 4965
f 4965 4971 4966
f 4967 4972 4968
f 4968 4972 4973
f 4968 4973 4974
f 4969 4973 4970
f 4969 4974 4973
f 4970 4973 4972
f 4970 4972 4975

o geometry_56
v -0.01070952 -0.00299734 0.00293848 0.72941176 0.16862745 0.51764706
v -0.01070952 -0.00299734 0.00022643 0.72941176 0.16862745 0.51764706
v -0.00950624 -0.00299734 0.00172793 0.72941176 0.16862745 0.51764706
v -0.00950636 -0.00299617 0.00172793 0.72941176 0.16862745 0.51764706
v -0.01000256 0.00000708 0.00162413 0.72941176 0.16862745 0.51764706
v -0.01022746 0.00000708 0.00180837 0.72941176 0.16862745 0.51764706
v -0.01070952 0.00000708 0.00220313 0.72941176 0.16862745 0.51764706
v -0.01070952 0.00000708 0.00061481 0.72941176 0.16862745 0.51764706
v -0.01013722 0.00000708 0.00108124 0.72941176 0.16862745 0.51764706
v -0.01001481 0.00000708 0.00118770 0.72941176 0.16862745 0.51764706
v -0.00965397 -0.00299734 0.00123070 0.72941176 0.16862745 0.51764706
v -0.00950695 -0.00299734 0.00171758 0.72941176 0.16862745 0.51764706
v -0.00953027 -0.00299734 0.00139689 0.72941176 0.16862745 0.51764706
v -0.00961498 -0.00230888 0.00157290 0.72941176 0.16862745 0.51764706
v -0.00961498 -0.00230888 0.00161564 0.72941176 0.16862745 0.51764706
v -0.00999267 0.00000708 0.00151131 0.72941176 0.16862745 0.51764706
v -0.01000091 0.00000708 0.00128858 0.72941176 0.16862745 0.51764706
v -0.00953958 -0.00299734 0.00138388 0.72941176 0.16862745 0.51764706
v -0.00956232 -0.00299734 0.00135335 0.72941176 0.16862745 0.51764706
v -0.00998972 0.00000708 0.00140007 0.72941176 0.16862745 0.51764706
f 4976 4977 4986
f 4976 4986 4994
f 4976 4994 4993
f 4976 4993 4988
f 4976 4988 4987
f 4976 4987 4978
f 4976 4978 4979
f 4976 4979 4980
f 4976 4980 4981
f 4976 4981 4982
f 4976 4982 4983
f 4976 4983 4977
f 4977 4983 4984
f 4977 4984 4985
f 4977 4985 4986
f 4978 4987 4979
f 4979 4987 4988
f 4979 4988 4989
f 4979 4989 4990
f 4979 4990 4991
f 4979 4991 4980
f 4980 4991 4995
f 4980 4995 4992
f 4980 4992 4985
f 4980 4985 4984
f 4980 4984 4983
f 4980 4983 4982
f 4980 4982 4981
f 4985 4992 4988
f 4985 4988 4993
f 4985 4993 4994
f 4985 4994 4986
f 4988 4992 4989
f 4989 4992 4995
f 4989 4995 4990
f 4990 4995 4991

o geometry_57
v -0.00510191 -0.00855703 -0.00380001 0.05098039 0.19607843 0.01568627
v -0.00517221 -0.00855703 -0.00390624 0.05098039 0.19607843 0.01568627
v -0.00543908 -0.00855703 -0.00341945 0.05098039 0.19607843 0.01568627
v -0.00470877 -0.00876155 -0.00356918 0.05098039 0.19607843 0.01568627
v -0.00426875 -0.00897602 -0.00380001 0.05098039 0.19607843 0.01568627
v -0.00482463 -0.00879594 -0.00400088 0.05098039 0.19607843 0.01568627
v -0.00546121 -0.00855703 -0.00416559 0.05098039 0.19607843 0.01568627
v -0.00707025 -0.00855703 -0.00250322 0.05098039 0.19607843 0.01568627
v -0.00700777 -0.00857785 -0.00250322 0.05098039 0.19607843 0.01568627
v -0.00426875 -0.00903936 -0.00348725 0.05098039 0.19607843 0.01568627
v -0.00426875 -0.00910362 -0.00400201 0.05098039 0.19607843 0.01568627
v -0.00701167 -0.00855703 -0.00538921 0.05098039 0.19607843 0.01568627
v -0.01756807 -0.00855703 -0.00250322 0.05098039 0.19607843 0.01568627
v -0.00463977 -0.01022302 -0.00250322 0.05098039 0.19607843 0.01568627
v -0.00426875 -0.00932985 -0.00328638 0.05098039 0.19607843 0.01568627
v -0.00426875 -0.00912895 -0.00403733 0.05098039 0.19607843 0.01568627
v -0.00426875 -0.01058680 -0.00538921 0.05098039 0.19607843 0.01568627
v -0.01734155 -0.00855703 -0.00538921 0.05098039 0.19607843 0.01568627
v -0.01756807 -0.00855703 -0.00459984 0.05098039 0.19607843 0.01568627
v -0.01756807 -0.00939681 -0.00250322 0.05098039 0.19607843 0.01568627
v -0.00426875 -0.01048274 -0.00250322 0.05098039 0.19607843 0.01568627
v -0.00426875 -0.01780094 -0.00538921 0.05098039 0.19607843 0.01568627
v -0.01734025 -0.00856337 -0.00538921 0.05098039 0.19607843 0.01568627
v -0.01737149 -0.00855703 -0.00535841 0.05098039 0.19607843 0.01568627
v -0.01756807 -0.00899683 -0.00459984 0.05098039 0.19607843 0.01568627
v -0.01754333 -0.00855703 -0.00499989 0.05098039 0.19607843 0.01568627
v -0.01756156 -0.00979680 -0.00250322 0.05098039 0.19607843 0.01568627
v -0.01756807 -0.00939681 -0.00419978 0.05098039 0.19607843 0.01568627
v -0.00426875 -0.01780184 -0.00250322 0.05098039 0.19607843 0.01568627
v -0.00426875 -0.01780184 -0.00305527 0.05098039 0.19607843 0.01568627
v -0.00472699 -0.01753760 -0.00538921 0.05098039 0.19607843 0.01568627
v -0.01733114 -0.00859685 -0.00538921 0.05098039 0.19607843 0.01568627
v -0.01737149 -0.00859685 -0.00534994 0.05098039 0.19607843 0.01568627
v -0.01754073 -0.00859685 -0.00499989 0.05098039 0.19607843 0.01568627
v -0.01756416 -0.00939681 -0.00459984 0.05098039 0.19607843 0.01568627
v -0.01754203 -0.00979680 -0.00459984 0.05098039 0.19607843 0.01568627
v -0.01756156 -0.00979680 -0.00419978 0.05098039 0.19607843 0.01568627
v -0.01739232 -0.01015877 -0.00250322 0.05098039 0.19607843 0.01568627
v -0.00472699 -0.01753760 -0.00250322 0.05098039 0.19607843 0.01568627
v -0.00527896 -0.01721906 -0.00538921 0.05098039 0.19607843 0.01568627
v -0.01732202 -0.00899683 -0.00528694 0.05098039 0.19607843 0.01568627
v -0.01720746 -0.00899683 -0.00538921 0.05098039 0.19607843 0.01568627
v -0.01737540 -0.00979680 -0.00495610 0.05098039 0.19607843 0.01568627
v -0.01749126 -0.00899683 -0.00499989 0.05098039 0.19607843 0.01568627
v -0.01731421 -0.01009180 -0.00487982 0.05098039 0.19607843 0.01568627
v -0.01737540 -0.01014972 -0.00459984 0.05098039 0.19607843 0.01568627
v -0.01739232 -0.01015877 -0.00419978 0.05098039 0.19607843 0.01568627
v -0.01733634 -0.01020763 -0.00250322 0.05098039 0.19607843 0.01568627
v -0.00648444 -0.01652317 -0.00250322 0.05098039 0.19607843 0.01568627
v -0.00751287 -0.01592953 -0.00250322 0.05098039 0.19607843 0.01568627
v -0.00751287 -0.01592953 -0.00538921 0.05098039 0.19607843 0.01568627
v -0.01726865 -0.00931446 -0.00523693 0.05098039 0.19607843 0.01568627
v -0.01705255 -0.00943573 -0.00538921 0.05098039 0.19607843 0.01568627
v -0.01722178 -0.00958142 -0.00519511 0.05098039 0.19607843 0.01568627
v -0.01716581 -0.00979680 -0.00515613 0.05098039 0.19607843 0.01568627
v -0.01688461 -0.01006556 -0.00524117 0.05098039 0.19607843 0.01568627
v -0.01677266 -0.01033252 -0.00514793 0.05098039 0.19607843 0.01568627
v -0.01650579 -0.01048545 -0.00525586 0.05098039 0.19607843 0.01568627
v -0.01612175 -0.01086281 -0.00527055 0.05098039 0.19607843 0.01568627
v -0.01691456 -0.01044835 -0.00488123 0.05098039 0.19607843 0.01568627
v -0.01715930 -0.01034971 -0.00459984 0.05098039 0.19607843 0.01568627
v -0.01716060 -0.01035876 -0.00419978 0.05098039 0.19607843 0.01568627
v -0.01716060 -0.01035876 -0.00250322 0.05098039 0.19607843 0.01568627
v -0.01288284 -0.01282923 -0.00250322 0.05098039 0.19607843 0.01568627
v -0.01288284 -0.01282923 -0.00538921 0.05098039 0.19607843 0.01568627
v -0.01702261 -0.00949636 -0.00538921 0.05098039 0.19607843 0.01568627
v -0.01696663 -0.00979680 -0.00531462 0.05098039 0.19607843 0.01568627
v -0.01687029 -0.00979680 -0.00538921 0.05098039 0.19607843 0.01568627
v -0.01660733 -0.01014610 -0.00538921 0.05098039 0.19607843 0.01568627
v -0.01659561 -0.01016148 -0.00538921 0.05098039 0.19607843 0.01568627
v -0.01658650 -0.01017234 -0.00538921 0.05098039 0.19607843 0.01568627
v -0.01623501 -0.01058318 -0.00538921 0.05098039 0.19607843 0.01568627
v -0.01621418 -0.01060490 -0.00538921 0.05098039 0.19607843 0.01568627
v -0.01579239 -0.01099221 -0.00538921 0.05098039 0.19607843 0.01568627
v -0.01543440 -0.01128813 -0.00538921 0.05098039 0.19607843 0.01568627
v -0.01542268 -0.01129718 -0.00538921 0.05098039 0.19607843 0.01568627
v -0.01530682 -0.01138133 -0.00538921 0.05098039 0.19607843 0.01568627
v -0.01565440 -0.01121302 -0.00523721 0.05098039 0.19607843 0.01568627
v -0.01695882 -0.01047459 -0.00459984 0.05098039 0.19607843 0.01568627
v -0.01662686 -0.01066734 -0.00459984 0.05098039 0.19607843 0.01568627
v -0.01700959 -0.01044654 -0.00250322 0.05098039 0.19607843 0.01568627
v -0.01462727 -0.01182204 -0.00250322 0.05098039 0.19607843 0.01568627
v -0.01462727 -0.01182204 -0.00538921 0.05098039 0.19607843 0.01568627
v -0.01491758 -0.01165191 -0.00538921 0.05098039 0.19607843 0.01568627
f 4996 4997 5002
f 4996 5002 5007
f 4996 5007 5013
f 4996 5013 5019
f 4996 5019 5021
f 4996 5021 5014
f 4996 5014 5008
f 4996 5008 5003
f 4996 5003 4998
f 4996 4998 4999
f 4996 4999 5000
f 4996 5000 4997
f 4997 5001 5002
f 4997 5000 5001
f 4998 5003 5004
f 4998 5004 4999
f 4999 5005 5000
f 4999 5004 5005
f 5000 5005 5010
f 5000 5010 5016
f 5000 5016 5024
f 5000 5024 5025
f 5000 5025 5017
f 5000 5017 5012
f 5000 5012 5011
f 5000 5011 5006
f 5000 5006 5001
f 5001 5006 5002
f 5002 5006 5007
f 5003 5008 5015
f 5003 5015 5022
f 5003 5022 5033
f 5003 5033 5043
f 5003 5043 5058
f 5003 5058 5076
f 5003 5076 5077
f 5003 5077 5059
f 5003 5059 5045
f 5003 5045 5044
f 5003 5044 5034
f 5003 5034 5024
f 5003 5024 5016
f 5003 5016 5009
f 5003 5009 5004
f 5004 5009 5010
f 5004 5010 5005
f 5006 5011 5007
f 5007 5011 5012
f 5007 5012 5017
f 5007 5017 5026
f 5007 5026 5035
f 5007 5035 5046
f 5007 5046 5060
f 5007 5060 5078
f 5007 5078 5079
f 5007 5079 5072
f 5007 5072 5071
f 5007 5071 5070
f 5007 5070 5069
f 5007 5069 5068
f 5007 5068 5067
f 5007 5067 5066
f 5007 5066 5065
f 5007 5065 5064
f 5007 5064 5063
f 5007 5063 5061
f 5007 5061 5048
f 5007 5048 5037
f 5007 5037 5027
f 5007 5027 5018
f 5007 5018 5013
f 5008 5014 5020
f 5008 5020 5023
f 5008 5023 5015
f 5009 5016 5010
f 5013 5018 5019
f 5014 5021 5020
f 5015 5023 5032
f 5015 5032 5022
f 5017 5025 5026
f 5018 5027 5028
f 5018 5028 5019
f 5019 5028 5029
f 5019 5029 5021
f 5020 5021 5030
f 5020 5030 5023
f 5021 5029 5031
f 5021 5031 5030
f 5022 5032 5042
f 5022 5042 5033
f 5023 5030 5032
f 5024 5034 5026
f 5024 5026 5025
f 5026 5034 5035
f 5027 5036 5028
f 5027 5037 5036
f 5028 5036 5038
f 5028 5038 5039
f 5028 5039 5029
f 5029 5039 5031
f 5030 5031 5032
f 5031 5039 5038
f 5031 5038 5040
f 5031 5040 5041
f 5031 5041 5042
f 5031 5042 5032
f 5033 5042 5043
f 5034 5044 5035
f 5035 5044 5045
f 5035 5045 5046
f 5036 5037 5047
f 5036 5047 5038
f 5037 5048 5047
f 5038 5047 5049
f 5038 5049 5050
f 5038 5050 5040
f 5040 5050 5051
f 5040 5051 5052
f 5040 5052 5053
f 5040 5053 5054
f 5040 5054 5055
f 5040 5055 5056
f 5040 5056 5041
f 5041 5056 5042
f 5042 5056 5057
f 5042 5057 5043
f 5043 5057 5058
f 5045 5059 5060
f 5045 5060 5046
f 5047 5048 5049
f 5048 5050 5049
f 5048 5061 5050
f 5050 5061 5062
f 5050 5062 5051
f 5051 5062 5063
f 5051 5063 5064
f 5051 5064 5065
f 5051 5065 5066
f 5051 5066 5053
f 5051 5053 5052
f 5053 5066 5067
f 5053 5067 5068
f 5053 5068 5054
f 5054 5068 5069
f 5054 5069 5070
f 5054 5070 5071
f 5054 5071 5072
f 5054 5072 5073
f 5054 5073 5055
f 5055 5073 5056
f 5056 5073 5074
f 5056 5074 5057
f 5057 5074 5075
f 5057 5075 5076
f 5057 5076 5058
f 5059 5077 5078
f 5059 5078 5060
f 5061 5063 5062
f 5072 5079 5073
f 5073 5079 5074
f 5074 5079 5078
f 5074 5078 5075
f 5075 5078 5076
f 5076 5078 5077

o geometry_58
v -0.00702232 0.01621974 -0.00309136 0.79215686 0.22352941 0.34509804
v -0.00702542 0.01621769 -0.00039144 0.79215686 0.22352941 0.34509804
v -0.00702232 0.01621872 -0.00039144 0.79215686 0.22352941 0.34509804
v -0.00702232 0.00900519 -0.00309136 0.79215686 0.22352941 0.34509804
v -0.01641490 0.01079729 -0.00309136 0.79215686 0.22352941 0.34509804
v -0.01641490 0.01079729 -0.00039144 0.79215686 0.22352941 0.34509804
v -0.00702232 0.00903084 -0.00039144 0.79215686 0.22352941 0.34509804
v -0.00702232 0.00735260 -0.00212795 0.79215686 0.22352941 0.34509804
v -0.00910979 0.00622216 -0.00309136 0.79215686 0.22352941 0.34509804
v -0.01696103 0.01048134 -0.00309136 0.79215686 0.22352941 0.34509804
v -0.01696103 0.01048134 -0.00039144 0.79215686 0.22352941 0.34509804
v -0.00702645 0.00902160 -0.00039144 0.79215686 0.22352941 0.34509804
v -0.00702232 0.00740390 -0.00139951 0.79215686 0.22352941 0.34509804
v -0.00702232 0.00706127 -0.00178065 0.79215686 0.22352941 0.34509804
v -0.00712969 0.00711564 -0.00204919 0.79215686 0.22352941 0.34509804
v -0.00944119 0.00581388 -0.00309136 0.79215686 0.22352941 0.34509804
v -0.01716131 0.01036542 -0.00309136 0.79215686 0.22352941 0.34509804
v -0.01716131 0.01036542 -0.00039144 0.79215686 0.22352941 0.34509804
v -0.00703162 0.00901340 -0.00039144 0.79215686 0.22352941 0.34509804
v -0.00712866 0.00700383 -0.00154171 0.79215686 0.22352941 0.34509804
v -0.00702232 0.00709307 -0.00164374 0.79215686 0.22352941 0.34509804
v -0.00722261 0.00679661 -0.00159510 0.79215686 0.22352941 0.34509804
v -0.00722261 0.00679661 -0.00162153 0.79215686 0.22352941 0.34509804
v -0.00795250 0.00589595 -0.00173175 0.79215686 0.22352941 0.34509804
v -0.00813420 0.00574105 -0.00183219 0.79215686 0.22352941 0.34509804
v -0.00802889 0.00600571 -0.00199818 0.79215686 0.22352941 0.34509804
v -0.00955372 0.00574105 -0.00309136 0.79215686 0.22352941 0.34509804
v -0.00834274 0.00574105 -0.00205606 0.79215686 0.22352941 0.34509804
v -0.01733888 0.01021155 -0.00309136 0.79215686 0.22352941 0.34509804
v -0.01728106 0.01026181 -0.00039144 0.79215686 0.22352941 0.34509804
v -0.00786268 0.00784910 -0.00039144 0.79215686 0.22352941 0.34509804
v -0.00795250 0.00589595 -0.00153590 0.79215686 0.22352941 0.34509804
v -0.00813110 0.00574105 -0.00180549 0.79215686 0.22352941 0.34509804
v -0.01756807 0.00574105 -0.00309136 0.79215686 0.22352941 0.34509804
v -0.01739153 0.01016539 -0.00039144 0.79215686 0.22352941 0.34509804
v -0.01739153 0.01016539 -0.00309136 0.79215686 0.22352941 0.34509804
v -0.00907469 0.00623652 -0.00039144 0.79215686 0.22352941 0.34509804
v -0.00823330 0.00574105 -0.00140427 0.79215686 0.22352941 0.34509804
v -0.01756807 0.00574105 -0.00039144 0.79215686 0.22352941 0.34509804
v -0.01756807 0.00940423 -0.00309136 0.79215686 0.22352941 0.34509804
v -0.01743076 0.01008332 -0.00309136 0.79215686 0.22352941 0.34509804
v -0.01747309 0.00999305 -0.00039144 0.79215686 0.22352941 0.34509804
v -0.00945151 0.00578311 -0.00039144 0.79215686 0.22352941 0.34509804
v -0.00951242 0.00574105 -0.00039144 0.79215686 0.22352941 0.34509804
v -0.01756807 0.00940423 -0.00039144 0.79215686 0.22352941 0.34509804
v -0.01756394 0.00971300 -0.00309136 0.79215686 0.22352941 0.34509804
v -0.01756187 0.00980430 -0.00309136 0.79215686 0.22352941 0.34509804
v -0.01756187 0.00980430 -0.00039144 0.79215686 0.22352941 0.34509804
v -0.01756497 0.00961247 -0.00039144 0.79215686 0.22352941 0.34509804
f 5080 5081 5082
f 5080 5082 5086
f 5080 5086 5092
f 5080 5092 5100
f 5080 5100 5093
f 5080 5093 5087
f 5080 5087 5083
f 5080 5083 5088
f 5080 5088 5095
f 5080 5095 5106
f 5080 5106 5113
f 5080 5113 5119
f 5080 5119 5125
f 5080 5125 5126
f 5080 5126 5120
f 5080 5120 5115
f 5080 5115 5108
f 5080 5108 5096
f 5080 5096 5089
f 5080 5089 5084
f 5080 5084 5085
f 5080 5085 5081
f 5081 5085 5090
f 5081 5090 5097
f 5081 5097 5109
f 5081 5109 5114
f 5081 5114 5121
f 5081 5121 5127
f 5081 5127 5128
f 5081 5128 5124
f 5081 5124 5118
f 5081 5118 5123
f 5081 5123 5122
f 5081 5122 5116
f 5081 5116 5110
f 5081 5110 5098
f 5081 5098 5091
f 5081 5091 5086
f 5081 5086 5082
f 5083 5087 5088
f 5084 5089 5090
f 5084 5090 5085
f 5086 5091 5092
f 5087 5093 5094
f 5087 5094 5095
f 5087 5095 5088
f 5089 5096 5097
f 5089 5097 5090
f 5091 5098 5099
f 5091 5099 5092
f 5092 5099 5100
f 5093 5100 5101
f 5093 5101 5102
f 5093 5102 5103
f 5093 5103 5104
f 5093 5104 5094
f 5094 5105 5095
f 5094 5104 5105
f 5095 5105 5107
f 5095 5107 5106
f 5096 5108 5109
f 5096 5109 5097
f 5098 5110 5099
f 5099 5110 5111
f 5099 5111 5101
f 5099 5101 5100
f 5101 5111 5103
f 5101 5103 5102
f 5103 5111 5112
f 5103 5112 5104
f 5104 5112 5117
f 5104 5117 5123
f 5104 5123 5118
f 5104 5118 5113
f 5104 5113 5106
f 5104 5106 5107
f 5104 5107 5105
f 5108 5114 5109
f 5108 5115 5114
f 5110 5116 5111
f 5111 5116 5117
f 5111 5117 5112
f 5113 5118 5124
f 5113 5124 5119
f 5114 5115 5120
f 5114 5120 5121
f 5116 5122 5117
f 5117 5122 5123
f 5119 5124 5125
f 5120 5126 5127
f 5120 5127 5121
f 5124 5128 5125
f 5125 5128 5127
f 5125 5127 5126

o geometry_59
v 0.01751295 -0.00669502 -0.00487275 0.92549020 0.70196078 0.03137255
v 0.01751295 -0.00816142 -0.00460578 0.92549020 0.70196078 0.03137255
v 0.01751295 -0.00669502 -0.00530278 0.92549020 0.70196078 0.03137255
v 0.00860757 -0.00669502 -0.00487275 0.92549020 0.70196078 0.03137255
v 0.01751295 -0.00819201 -0.00460578 0.92549020 0.70196078 0.03137255
v 0.00763967 -0.00816142 -0.00460578 0.92549020 0.70196078 0.03137255
v 0.01751295 -0.00779737 -0.00500032 0.92549020 0.70196078 0.03137255
v 0.01751058 -0.00669502 -0.00540029 0.92549020 0.70196078 0.03137255
v 0.00789556 -0.00669502 -0.00553521 0.92549020 0.70196078 0.03137255
v 0.00541006 -0.00973897 -0.00460578 0.92549020 0.70196078 0.03137255
v 0.01751058 -0.00899762 -0.00460578 0.92549020 0.70196078 0.03137255
v 0.01750703 -0.00939226 -0.00460578 0.92549020 0.70196078 0.03137255
v 0.01750821 -0.00816142 -0.00500032 0.92549020 0.70196078 0.03137255
v 0.01750584 -0.00699687 -0.00540029 0.92549020 0.70196078 0.03137255
v 0.01743713 -0.00669502 -0.00570275 0.92549020 0.70196078 0.03137255
v 0.00788372 -0.00669502 -0.00554640 0.92549020 0.70196078 0.03137255
v 0.00753304 -0.00669502 -0.00590737 0.92549020 0.70196078 0.03137255
v 0.00545034 -0.00869577 -0.00592559 0.92549020 0.70196078 0.03137255
v 0.00541006 -0.00878857 -0.00587380 0.92549020 0.70196078 0.03137255
v 0.00541006 -0.01711075 -0.00460578 0.92549020 0.70196078 0.03137255
v 0.00770364 -0.00669502 -0.00572033 0.92549020 0.70196078 0.03137255
v 0.01750703 -0.00819813 -0.00500032 0.92549020 0.70196078 0.03137255
v 0.01748452 -0.00979200 -0.00460578 0.92549020 0.70196078 0.03137255
v 0.01748452 -0.00859685 -0.00500032 0.92549020 0.70196078 0.03137255
v 0.01747859 -0.00739661 -0.00540029 0.92549020 0.70196078 0.03137255
v 0.01739093 -0.00669502 -0.00580697 0.92549020 0.70196078 0.03137255
v 0.00753067 -0.00669502 -0.00594925 0.92549020 0.70196078 0.03137255
v 0.00751054 -0.00670726 -0.00592112 0.92549020 0.70196078 0.03137255
v 0.00541006 -0.00872636 -0.00598058 0.92549020 0.70196078 0.03137255
v 0.00541006 -0.01711177 -0.00498369 0.92549020 0.70196078 0.03137255
v 0.00541954 -0.01710565 -0.00460578 0.92549020 0.70196078 0.03137255
v 0.01748333 -0.00979812 -0.00460578 0.92549020 0.70196078 0.03137255
v 0.01731866 -0.00979812 -0.00495684 0.92549020 0.70196078 0.03137255
v 0.01743594 -0.00899762 -0.00500032 0.92549020 0.70196078 0.03137255
v 0.01742528 -0.00779737 -0.00540029 0.92549020 0.70196078 0.03137255
v 0.01730918 -0.00739661 -0.00573951 0.92549020 0.70196078 0.03137255
v 0.01726179 -0.00669502 -0.00600808 0.92549020 0.70196078 0.03137255
v 0.00753067 -0.00669502 -0.00610591 0.92549020 0.70196078 0.03137255
v 0.00751054 -0.00670726 -0.00609312 0.92549020 0.70196078 0.03137255
v 0.00541006 -0.00872738 -0.00620023 0.92549020 0.70196078 0.03137255
v 0.01004698 -0.01443492 -0.00460578 0.92549020 0.70196078 0.03137255
v 0.00541006 -0.01711177 -0.00580058 0.92549020 0.70196078 0.03137255
v 0.01731748 -0.01014789 -0.00460578 0.92549020 0.70196078 0.03137255
v 0.01725824 -0.01009283 -0.00488042 0.92549020 0.70196078 0.03137255
v 0.01731511 -0.00859685 -0.00535041 0.92549020 0.70196078 0.03137255
v 0.01711015 -0.00979812 -0.00515634 0.92549020 0.70196078 0.03137255
v 0.01716465 -0.00958193 -0.00519535 0.92549020 0.70196078 0.03137255
v 0.01721322 -0.00931578 -0.00523755 0.92549020 0.70196078 0.03137255
v 0.01726535 -0.00899762 -0.00528775 0.92549020 0.70196078 0.03137255
v 0.01725469 -0.00779737 -0.00567621 0.92549020 0.70196078 0.03137255
v 0.01722625 -0.00669502 -0.00605028 0.92549020 0.70196078 0.03137255
v 0.00827585 -0.00669502 -0.00716259 0.92549020 0.70196078 0.03137255
v 0.00553327 -0.00876613 -0.00642659 0.92549020 0.70196078 0.03137255
v 0.00541006 -0.00902209 -0.00658006 0.92549020 0.70196078 0.03137255
v 0.01456779 -0.01182436 -0.00460578 0.92549020 0.70196078 0.03137255
v 0.00949728 -0.01475206 -0.00620023 0.92549020 0.70196078 0.03137255
v 0.00541006 -0.01709851 -0.00619543 0.92549020 0.70196078 0.03137255
v 0.00596332 -0.01678952 -0.00620023 0.92549020 0.70196078 0.03137255
v 0.00617419 -0.01666919 -0.00620023 0.92549020 0.70196078 0.03137255
v 0.00651183 -0.01647544 -0.00620023 0.92549020 0.70196078 0.03137255
v 0.01710186 -0.01034776 -0.00460578 0.92549020 0.70196078 0.03137255
v 0.01685781 -0.01044872 -0.00488202 0.92549020 0.70196078 0.03137255
v 0.01606525 -0.01086274 -0.00527080 0.92549020 0.70196078 0.03137255
v 0.01644909 -0.01048543 -0.00525642 0.92549020 0.70196078 0.03137255
v 0.01671565 -0.01033349 -0.00514835 0.92549020 0.70196078 0.03137255
v 0.01682938 -0.01006631 -0.00524139 0.92549020 0.70196078 0.03137255
v 0.01690994 -0.00979812 -0.00531524 0.92549020 0.70196078 0.03137255
v 0.01674290 -0.00952890 -0.00557869 0.92549020 0.70196078 0.03137255
v 0.01554043 -0.00672153 -0.00756895 0.92549020 0.70196078 0.03137255
v 0.01719782 -0.00686838 -0.00602247 0.92549020 0.70196078 0.03137255
v 0.01558663 -0.00669502 -0.00753347 0.92549020 0.70196078 0.03137255
v 0.00839669 -0.00669502 -0.00731989 0.92549020 0.70196078 0.03137255
v 0.00831968 -0.00673377 -0.00727737 0.92549020 0.70196078 0.03137255
v 0.00541006 -0.01004082 -0.00755681 0.92549020 0.70196078 0.03137255
v 0.00853648 -0.00669502 -0.00746313 0.92549020 0.70196078 0.03137255
v 0.01078978 -0.01400561 -0.00620023 0.92549020 0.70196078 0.03137255
v 0.01506536 -0.01153679 -0.00500032 0.92549020 0.70196078 0.03137255
v 0.01615291 -0.01090863 -0.00460578 0.92549020 0.70196078 0.03137255
v 0.01078504 -0.01400153 -0.00641125 0.92549020 0.70196078 0.03137255
v 0.00541006 -0.01709749 -0.00620023 0.92549020 0.70196078 0.03137255
v 0.00722976 -0.01602777 -0.00646240 0.92549020 0.70196078 0.03137255
v 0.00799389 -0.01560763 -0.00643363 0.92549020 0.70196078 0.03137255
v 0.01690283 -0.01047421 -0.00460578 0.92549020 0.70196078 0.03137255
v 0.01357264 -0.01239746 -0.00600136 0.92549020 0.70196078 0.03137255
v 0.01482842 -0.01163367 -0.00565031 0.92549020 0.70196078 0.03137255
v 0.01402164 -0.01203443 -0.00603781 0.92549020 0.70196078 0.03137255
v 0.01275875 -0.01238319 -0.00679139 0.92549020 0.70196078 0.03137255
v 0.01201121 -0.01203137 -0.00763162 0.92549020 0.70196078 0.03137255
v 0.01238320 -0.01161327 -0.00760956 0.92549020 0.70196078 0.03137255
v 0.01516014 -0.00877531 -0.00719232 0.92549020 0.70196078 0.03137255
v 0.01595270 -0.00915466 -0.00638599 0.92549020 0.70196078 0.03137255
v 0.01521819 -0.00731095 -0.00764345 0.92549020 0.70196078 0.03137255
v 0.01528335 -0.00699687 -0.00769301 0.92549020 0.70196078 0.03137255
v 0.01536391 -0.00669502 -0.00771027 0.92549020 0.70196078 0.03137255
v 0.01550844 -0.00669502 -0.00759933 0.92549020 0.70196078 0.03137255
v 0.00541006 -0.01024069 -0.00771571 0.92549020 0.70196078 0.03137255
v 0.00845829 -0.00687144 -0.00754402 0.92549020 0.70196078 0.03137255
v 0.00867983 -0.00669502 -0.00755585 0.92549020 0.70196078 0.03137255
v 0.00872367 -0.00673581 -0.00761563 0.92549020 0.70196078 0.03137255
v 0.01656756 -0.01066899 -0.00460578 0.92549020 0.70196078 0.03137255
v 0.01202898 -0.01322958 -0.00644258 0.92549020 0.70196078 0.03137255
v 0.01277060 -0.01279516 -0.00639782 0.92549020 0.70196078 0.03137255
v 0.00870471 -0.01515792 -0.00659988 0.92549020 0.70196078 0.03137255
v 0.00842986 -0.01522421 -0.00683935 0.92549020 0.70196078 0.03137255
v 0.00917385 -0.01479591 -0.00679939 0.92549020 0.70196078 0.03137255
v 0.00541006 -0.01694555 -0.00655704 0.92549020 0.70196078 0.03137255
v 0.00569913 -0.01686193 -0.00648063 0.92549020 0.70196078 0.03137255
v 0.00646563 -0.01644893 -0.00647743 0.92549020 0.70196078 0.03137255
v 0.01318998 -0.01241480 -0.00641380 0.92549020 0.70196078 0.03137255
v 0.01297081 -0.01250963 -0.00650365 0.92549020 0.70196078 0.03137255
v 0.00881726 -0.01442880 -0.00763610 0.92549020 0.70196078 0.03137255
v 0.01177071 -0.01211703 -0.00768917 0.92549020 0.70196078 0.03137255
v 0.01177071 -0.01179683 -0.00782345 0.92549020 0.70196078 0.03137255
v 0.01215456 -0.01176624 -0.00767798 0.92549020 0.70196078 0.03137255
v 0.00925797 -0.01405965 -0.00766199 0.92549020 0.70196078 0.03137255
v 0.01246613 -0.01139811 -0.00766647 0.92549020 0.70196078 0.03137255
v 0.01285471 -0.01090659 -0.00766263 0.92549020 0.70196078 0.03137255
v 0.01443984 -0.00887932 -0.00764920 0.92549020 0.70196078 0.03137255
v 0.01470640 -0.00870393 -0.00755361 0.92549020 0.70196078 0.03137255
v 0.01479407 -0.00843777 -0.00761979 0.92549020 0.70196078 0.03137255
v 0.01484264 -0.00819813 -0.00766103 0.92549020 0.70196078 0.03137255
v 0.01484975 -0.00816142 -0.00766583 0.92549020 0.70196078 0.03137255
v 0.01491846 -0.00779737 -0.00771251 0.92549020 0.70196078 0.03137255
v 0.01457134 -0.00819813 -0.00779724 0.92549020 0.70196078 0.03137255
v 0.01497177 -0.00699687 -0.00782889 0.92549020 0.70196078 0.03137255
v 0.01497177 -0.00669502 -0.00785574 0.92549020 0.70196078 0.03137255
v 0.00541006 -0.01059760 -0.00785063 0.92549020 0.70196078 0.03137255
v 0.00792873 -0.00754345 -0.00762650 0.92549020 0.70196078 0.03137255
v 0.00832679 -0.00713759 -0.00762107 0.92549020 0.70196078 0.03137255
v 0.00880423 -0.00669502 -0.00762363 0.92549020 0.70196078 0.03137255
v 0.00937407 -0.00669502 -0.00776558 0.92549020 0.70196078 0.03137255
v 0.00890730 -0.01488871 -0.00692760 0.92549020 0.70196078 0.03137255
v 0.00834930 -0.01478470 -0.00758334 0.92549020 0.70196078 0.03137255
v 0.00859927 -0.01501108 -0.00701680 0.92549020 0.70196078 0.03137255
v 0.00541006 -0.01684357 -0.00667406 0.92549020 0.70196078 0.03137255
v 0.00808274 -0.01483976 -0.00765304 0.92549020 0.70196078 0.03137255
v 0.00857440 -0.01451242 -0.00769460 0.92549020 0.70196078 0.03137255
v 0.00895942 -0.01419426 -0.00771283 0.92549020 0.70196078 0.03137255
v 0.00938354 -0.01381185 -0.00773905 0.92549020 0.70196078 0.03137255
v 0.00857440 -0.01419528 -0.00783081 0.92549020 0.70196078 0.03137255
v 0.00897364 -0.01379554 -0.00785063 0.92549020 0.70196078 0.03137255
v 0.01057417 -0.01259631 -0.00784487 0.92549020 0.70196078 0.03137255
v 0.01097341 -0.01219657 -0.00785990 0.92549020 0.70196078 0.03137255
v 0.01137384 -0.01179683 -0.00786885 0.92549020 0.70196078 0.03137255
v 0.01177071 -0.01139811 -0.00787013 0.92549020 0.70196078 0.03137255
v 0.01217114 -0.01099734 -0.00786310 0.92549020 0.70196078 0.03137255
v 0.01257157 -0.01059760 -0.00785127 0.92549020 0.70196078 0.03137255
v 0.01297081 -0.01019684 -0.00783528 0.92549020 0.70196078 0.03137255
v 0.01217114 -0.01139811 -0.00780107 0.92549020 0.70196078 0.03137255
v 0.01298148 -0.01059862 -0.00771762 0.92549020 0.70196078 0.03137255
v 0.01406429 -0.00931884 -0.00766839 0.92549020 0.70196078 0.03137255
v 0.01457253 -0.00858156 -0.00769556 0.92549020 0.70196078 0.03137255
v 0.01417091 -0.00859685 -0.00784040 0.92549020 0.70196078 0.03137255
v 0.01457134 -0.00816142 -0.00780203 0.92549020 0.70196078 0.03137255
v 0.01457134 -0.00779737 -0.00784839 0.92549020 0.70196078 0.03137255
v 0.01457134 -0.00739661 -0.00787013 0.92549020 0.70196078 0.03137255
v 0.01457134 -0.00699687 -0.00787173 0.92549020 0.70196078 0.03137255
v 0.01457134 -0.00669502 -0.00787173 0.92549020 0.70196078 0.03137255
v 0.00577377 -0.01059760 -0.00787013 0.92549020 0.70196078 0.03137255
v 0.00541006 -0.01099734 -0.00787205 0.92549020 0.70196078 0.03137255
v 0.00977331 -0.00669502 -0.00784775 0.92549020 0.70196078 0.03137255
v 0.01017255 -0.00669502 -0.00787173 0.92549020 0.70196078 0.03137255
v 0.00541006 -0.01611955 -0.00744938 0.92549020 0.70196078 0.03137255
v 0.00610074 -0.01564842 -0.00765944 0.92549020 0.70196078 0.03137255
v 0.00777354 -0.01490299 -0.00770484 0.92549020 0.70196078 0.03137255
v 0.00819885 -0.01462867 -0.00774064 0.92549020 0.70196078 0.03137255
v 0.00697387 -0.01526806 -0.00767766 0.92549020 0.70196078 0.03137255
v 0.00777354 -0.01459604 -0.00784040 0.92549020 0.70196078 0.03137255
v 0.00817397 -0.01419528 -0.00787173 0.92549020 0.70196078 0.03137255
v 0.00937407 -0.01339478 -0.00786374 0.92549020 0.70196078 0.03137255
v 0.00977331 -0.01299605 -0.00787109 0.92549020 0.70196078 0.03137255
v 0.01017374 -0.01259631 -0.00787173 0.92549020 0.70196078 0.03137255
v 0.01057417 -0.01219657 -0.00787173 0.92549020 0.70196078 0.03137255
v 0.01137384 -0.01139811 -0.00787173 0.92549020 0.70196078 0.03137255
v 0.01257157 -0.01019684 -0.00787173 0.92549020 0.70196078 0.03137255
v 0.01297081 -0.00979812 -0.00787109 0.92549020 0.70196078 0.03137255
v 0.01337124 -0.00939736 -0.00786566 0.92549020 0.70196078 0.03137255
v 0.01377049 -0.00899762 -0.00785510 0.92549020 0.70196078 0.03137255
v 0.01337124 -0.00979812 -0.00781066 0.92549020 0.70196078 0.03137255
v 0.01418750 -0.00900679 -0.00772466 0.92549020 0.70196078 0.03137255
v 0.01417091 -0.00819813 -0.00787173 0.92549020 0.70196078 0.03137255
v 0.00777354 -0.01419528 -0.00787205 0.92549020 0.70196078 0.03137255
v 0.00737429 -0.01339478 -0.00787205 0.92549020 0.70196078 0.03137255
v 0.00697387 -0.01259631 -0.00787205 0.92549020 0.70196078 0.03137255
v 0.00617419 -0.01139811 -0.00787205 0.92549020 0.70196078 0.03137255
v 0.00577377 -0.01099734 -0.00787205 0.92549020 0.70196078 0.03137255
v 0.00541006 -0.01499476 -0.00787205 0.92549020 0.70196078 0.03137255
v 0.00541006 -0.01585849 -0.00768725 0.92549020 0.70196078 0.03137255
v 0.00551076 -0.01596965 -0.00756640 0.92549020 0.70196078 0.03137255
v 0.00577377 -0.01571573 -0.00771123 0.92549020 0.70196078 0.03137255
v 0.00697387 -0.01499476 -0.00781386 0.92549020 0.70196078 0.03137255
v 0.00577377 -0.01539553 -0.00784743 0.92549020 0.70196078 0.03137255
v 0.00657462 -0.01499476 -0.00786086 0.92549020 0.70196078 0.03137255
v 0.00737429 -0.01459604 -0.00786885 0.92549020 0.70196078 0.03137255
v 0.00617419 -0.01499476 -0.00787205 0.92549020 0.70196078 0.03137255
v 0.00697387 -0.01459604 -0.00787205 0.92549020 0.70196078 0.03137255
v 0.00541006 -0.01539553 -0.00786853 0.92549020 0.70196078 0.03137255
v 0.00541006 -0.01581056 -0.00772722 0.92549020 0.70196078 0.03137255
f 5129 5130 5133
f 5129 5133 5135
f 5129 5135 5131
f 5129 5131 5136
f 5129 5136 5143
f 5129 5143 5154
f 5129 5154 5165
f 5129 5165 5179
f 5129 5179 5199
f 5129 5199 5223
f 5129 5223 5222
f 5129 5222 5254
f 5129 5254 5286
f 5129 5286 5290
f 5129 5290 5289
f 5129 5289 5259
f 5129 5259 5258
f 5129 5258 5226
f 5129 5226 5203
f 5129 5203 5200
f 5129 5200 5180
f 5129 5180 5166
f 5129 5166 5155
f 5129 5155 5145
f 5129 5145 5149
f 5129 5149 5144
f 5129 5144 5137
f 5129 5137 5132
f 5129 5132 5134
f 5129 5134 5130
f 5130 5134 5138
f 5130 5138 5148
f 5130 5148 5159
f 5130 5159 5169
f 5130 5169 5183
f 5130 5183 5206
f 5130 5206 5228
f 5130 5228 5211
f 5130 5211 5189
f 5130 5189 5171
f 5130 5171 5160
f 5130 5160 5151
f 5130 5151 5140
f 5130 5140 5139
f 5130 5139 5133
f 5131 5135 5136
f 5132 5137 5138
f 5132 5138 5134
f 5133 5139 5135
f 5135 5139 5140
f 5135 5140 5141
f 5135 5141 5136
f 5136 5141 5142
f 5136 5142 5143
f 5137 5144 5138
f 5138 5145 5146
f 5138 5146 5147
f 5138 5147 5157
f 5138 5157 5168
f 5138 5168 5182
f 5138 5182 5202
f 5138 5202 5224
f 5138 5224 5255
f 5138 5255 5288
f 5138 5288 5315
f 5138 5315 5325
f 5138 5325 5326
f 5138 5326 5316
f 5138 5316 5291
f 5138 5291 5263
f 5138 5263 5234
f 5138 5234 5208
f 5138 5208 5185
f 5138 5185 5170
f 5138 5170 5158
f 5138 5158 5148
f 5138 5144 5149
f 5138 5149 5145
f 5140 5150 5141
f 5140 5151 5150
f 5141 5150 5142
f 5142 5150 5152
f 5142 5152 5153
f 5142 5153 5143
f 5143 5153 5154
f 5145 5155 5156
f 5145 5156 5146
f 5146 5157 5147
f 5146 5156 5157
f 5148 5158 5159
f 5150 5151 5152
f 5151 5160 5161
f 5151 5161 5162
f 5151 5162 5152
f 5152 5162 5153
f 5153 5162 5163
f 5153 5163 5154
f 5154 5163 5164
f 5154 5164 5165
f 5155 5166 5167
f 5155 5167 5156
f 5156 5167 5157
f 5157 5167 5168
f 5158 5169 5159
f 5158 5170 5169
f 5160 5171 5172
f 5160 5172 5161
f 5161 5173 5162
f 5161 5172 5174
f 5161 5174 5175
f 5161 5175 5176
f 5161 5176 5177
f 5161 5177 5173
f 5162 5173 5163
f 5163 5173 5164
f 5164 5173 5177
f 5164 5177 5178
f 5164 5178 5179
f 5164 5179 5165
f 5166 5168 5167
f 5166 5180 5168
f 5168 5181 5182
f 5168 5180 5181
f 5169 5170 5184
f 5169 5184 5183
f 5170 5185 5186
f 5170 5186 5187
f 5170 5187 5188
f 5170 5188 5184
f 5171 5189 5172
f 5172 5189 5190
f 5172 5190 5191
f 5172 5191 5192
f 5172 5192 5193
f 5172 5193 5194
f 5172 5194 5174
f 5174 5194 5195
f 5174 5195 5196
f 5174 5196 5175
f 5175 5196 5197
f 5175 5197 5176
f 5176 5198 5179
f 5176 5179 5178
f 5176 5178 5177
f 5176 5197 5198
f 5179 5198 5197
f 5179 5197 5199
f 5180 5200 5201
f 5180 5201 5181
f 5181 5201 5182
f 5182 5201 5200
f 5182 5200 5203
f 5182 5203 5202
f 5183 5204 5205
f 5183 5205 5206
f 5183 5184 5204
f 5184 5188 5207
f 5184 5207 5204
f 5185 5208 5186
f 5186 5208 5209
f 5186 5209 5210
f 5186 5210 5187
f 5187 5210 5188
f 5188 5210 5207
f 5189 5211 5212
f 5189 5212 5190
f 5190 5212 5213
f 5190 5213 5191
f 5191 5213 5214
f 5191 5214 5192
f 5192 5194 5193
f 5192 5214 5215
f 5192 5215 5216
f 5192 5216 5194
f 5194 5216 5217
f 5194 5217 5218
f 5194 5218 5219
f 5194 5219 5195
f 5195 5219 5196
f 5196 5219 5197
f 5197 5220 5221
f 5197 5221 5222
f 5197 5222 5223
f 5197 5223 5199
f 5197 5219 5220
f 5202 5203 5225
f 5202 5225 5224
f 5203 5226 5227
f 5203 5227 5225
f 5204 5207 5212
f 5204 5212 5205
f 5205 5212 5228
f 5205 5228 5206
f 5207 5229 5230
f 5207 5230 5212
f 5207 5210 5231
f 5207 5231 5232
f 5207 5232 5233
f 5207 5233 5229
f 5208 5234 5235
f 5208 5235 5236
f 5208 5236 5209
f 5209 5236 5231
f 5209 5231 5210
f 5211 5228 5212
f 5212 5230 5213
f 5213 5230 5214
f 5214 5230 5237
f 5214 5237 5215
f 5215 5237 5238
f 5215 5238 5230
f 5215 5230 5239
f 5215 5239 5216
f 5216 5240 5241
f 5216 5241 5242
f 5216 5242 5217
f 5216 5239 5243
f 5216 5243 5240
f 5217 5242 5244
f 5217 5244 5245
f 5217 5245 5246
f 5217 5246 5218
f 5218 5246 5247
f 5218 5247 5248
f 5218 5248 5249
f 5218 5249 5219
f 5219 5249 5220
f 5220 5249 5221
f 5221 5249 5250
f 5221 5250 5251
f 5221 5251 5252
f 5221 5252 5222
f 5222 5252 5253
f 5222 5253 5254
f 5224 5225 5256
f 5224 5256 5257
f 5224 5257 5255
f 5225 5257 5256
f 5225 5227 5257
f 5226 5258 5227
f 5227 5258 5259
f 5227 5259 5255
f 5227 5255 5257
f 5229 5233 5260
f 5229 5260 5230
f 5230 5238 5237
f 5230 5260 5261
f 5230 5261 5239
f 5231 5236 5232
f 5232 5261 5262
f 5232 5262 5260
f 5232 5260 5233
f 5232 5236 5235
f 5232 5235 5261
f 5234 5263 5264
f 5234 5264 5261
f 5234 5261 5235
f 5239 5261 5265
f 5239 5265 5243
f 5240 5243 5266
f 5240 5266 5267
f 5240 5267 5241
f 5241 5267 5268
f 5241 5268 5269
f 5241 5269 5270
f 5241 5270 5271
f 5241 5271 5272
f 5241 5272 5273
f 5241 5273 5274
f 5241 5274 5275
f 5241 5275 5276
f 5241 5276 5277
f 5241 5277 5242
f 5242 5277 5278
f 5242 5278 5244
f 5243 5265 5266
f 5244 5278 5245
f 5245 5278 5279
f 5245 5279 5246
f 5246 5279 5280
f 5246 5280 5248
f 5246 5248 5247
f 5248 5280 5249
f 5249 5280 5252
f 5249 5252 5250
f 5250 5252 5251
f 5252 5280 5281
f 5252 5281 5282
f 5252 5282 5253
f 5253 5282 5283
f 5253 5283 5254
f 5254 5283 5284
f 5254 5284 5285
f 5254 5285 5286
f 5255 5287 5288
f 5255 5259 5289
f 5255 5289 5290
f 5255 5290 5287
f 5260 5262 5261
f 5261 5264 5265
f 5263 5291 5292
f 5263 5292 5264
f 5264 5293 5294
f 5264 5294 5265
f 5264 5292 5295
f 5264 5295 5293
f 5265 5294 5268
f 5265 5268 5266
f 5266 5268 5267
f 5268 5294 5296
f 5268 5296 5297
f 5268 5297 5269
f 5269 5297 5298
f 5269 5298 5271
f 5269 5271 5270
f 5271 5298 5272
f 5272 5298 5299
f 5272 5299 5273
f 5273 5299 5300
f 5273 5300 5301
f 5273 5301 5302
f 5273 5302 5303
f 5273 5303 5304
f 5273 5304 5305
f 5273 5305 5274
f 5274 5305 5306
f 5274 5306 5275
f 5275 5306 5281
f 5275 5281 5276
f 5276 5307 5277
f 5276 5281 5307
f 5277 5307 5308
f 5277 5308 5278
f 5278 5308 5279
f 5279 5308 5280
f 5280 5308 5281
f 5281 5309 5283
f 5281 5283 5282
f 5281 5308 5307
f 5281 5306 5309
f 5283 5309 5284
f 5284 5309 5285
f 5285 5309 5310
f 5285 5310 5286
f 5286 5310 5311
f 5286 5311 5312
f 5286 5312 5313
f 5286 5313 5314
f 5286 5314 5288
f 5286 5288 5290
f 5287 5290 5288
f 5288 5314 5313
f 5288 5313 5312
f 5288 5312 5311
f 5288 5311 5310
f 5288 5310 5324
f 5288 5324 5323
f 5288 5323 5315
f 5291 5316 5317
f 5291 5317 5292
f 5292 5317 5318
f 5292 5318 5295
f 5293 5296 5294
f 5293 5295 5318
f 5293 5318 5319
f 5293 5319 5296
f 5296 5319 5320
f 5296 5320 5321
f 5296 5321 5322
f 5296 5322 5297
f 5297 5322 5323
f 5297 5323 5324
f 5297 5324 5310
f 5297 5310 5300
f 5297 5300 5299
f 5297 5299 5298
f 5300 5310 5301
f 5301 5310 5302
f 5302 5310 5303
f 5303 5310 5309
f 5303 5309 5304
f 5304 5309 5305
f 5305 5309 5306
f 5315 5323 5325
f 5316 5326 5318
f 5316 5318 5317
f 5318 5326 5320
f 5318 5320 5319
f 5320 5326 5325
f 5320 5325 5321
f 5321 5325 5322
f 5322 5325 5323

o geometry_60
v -0.01756717 -0.00525310 0.00019881 0.16078431 0.61960784 0.57647059
v -0.01756717 -0.00525310 0.00273135 0.16078431 0.61960784 0.57647059
v -0.01756717 -0.00299867 0.00019881 0.16078431 0.61960784 0.57647059
v -0.00978318 -0.00525310 0.00019881 0.16078431 0.61960784 0.57647059
v -0.01756717 -0.00299734 0.00273135 0.16078431 0.61960784 0.57647059
v -0.00966987 -0.00525310 0.00273135 0.16078431 0.61960784 0.57647059
v -0.01756717 -0.00299734 0.00020005 0.16078431 0.61960784 0.57647059
v -0.01408793 -0.00299734 0.00019881 0.16078431 0.61960784 0.57647059
v -0.00838124 -0.00525310 0.00156151 0.16078431 0.61960784 0.57647059
v -0.01036230 -0.00380425 0.00019881 0.16078431 0.61960784 0.57647059
v -0.01065187 -0.00299734 0.00273135 0.16078431 0.61960784 0.57647059
v -0.00876162 -0.00525310 0.00203748 0.16078431 0.61960784 0.57647059
v -0.00984343 -0.00472046 0.00273135 0.16078431 0.61960784 0.57647059
v -0.01073460 -0.00299734 0.00019881 0.16078431 0.61960784 0.57647059
v -0.00965459 -0.00299734 0.00123081 0.16078431 0.61960784 0.57647059
v -0.00953948 -0.00299734 0.00138377 0.16078431 0.61960784 0.57647059
v -0.00953049 -0.00299734 0.00139691 0.16078431 0.61960784 0.57647059
v -0.00919237 -0.00351187 0.00154664 0.16078431 0.61960784 0.57647059
v -0.00841091 -0.00517183 0.00158159 0.16078431 0.61960784 0.57647059
v -0.00838124 -0.00525310 0.00166092 0.16078431 0.61960784 0.57647059
v -0.01054485 -0.00339351 0.00019881 0.16078431 0.61960784 0.57647059
v -0.01028856 -0.00372983 0.00273135 0.16078431 0.61960784 0.57647059
v -0.00972023 -0.00299734 0.00192791 0.16078431 0.61960784 0.57647059
v -0.00856289 -0.00525310 0.00187015 0.16078431 0.61960784 0.57647059
v -0.01025889 -0.00379365 0.00273135 0.16078431 0.61960784 0.57647059
v -0.00990908 -0.00457008 0.00273135 0.16078431 0.61960784 0.57647059
v -0.00987940 -0.00463655 0.00273135 0.16078431 0.61960784 0.57647059
v -0.01072740 -0.00299889 0.00019881 0.16078431 0.61960784 0.57647059
v -0.00950621 -0.00299734 0.00172810 0.16078431 0.61960784 0.57647059
v -0.00919237 -0.00351187 0.00164753 0.16078431 0.61960784 0.57647059
v -0.00841091 -0.00517183 0.00162795 0.16078431 0.61960784 0.57647059
f 5327 5328 5331
f 5327 5331 5333
f 5327 5333 5329
f 5327 5329 5334
f 5327 5334 5340
f 5327 5340 5354
f 5327 5354 5347
f 5327 5347 5336
f 5327 5336 5330
f 5327 5330 5335
f 5327 5335 5346
f 5327 5346 5350
f 5327 5350 5338
f 5327 5338 5332
f 5327 5332 5328
f 5328 5332 5339
f 5328 5339 5353
f 5328 5353 5352
f 5328 5352 5351
f 5328 5351 5348
f 5328 5348 5337
f 5328 5337 5331
f 5329 5333 5334
f 5330 5336 5335
f 5331 5337 5349
f 5331 5349 5355
f 5331 5355 5343
f 5331 5343 5342
f 5331 5342 5341
f 5331 5341 5340
f 5331 5340 5334
f 5331 5334 5333
f 5332 5338 5339
f 5335 5341 5342
f 5335 5342 5343
f 5335 5343 5344
f 5335 5344 5345
f 5335 5345 5357
f 5335 5357 5346
f 5335 5336 5341
f 5336 5347 5341
f 5337 5348 5349
f 5338 5350 5351
f 5338 5351 5352
f 5338 5352 5353
f 5338 5353 5339
f 5340 5341 5354
f 5341 5347 5354
f 5343 5355 5344
f 5344 5355 5356
f 5344 5356 5357
f 5344 5357 5345
f 5346 5357 5356
f 5346 5356 5350
f 5348 5351 5350
f 5348 5350 5349
f 5349 5350 5355
f 5350 5356 5355

o geometry_61
v -0.00375795 0.00980771 0.00660068 0.23529412 0.93333333 0.61176471
v -0.00375795 0.00983732 0.00666053 0.23529412 0.93333333 0.61176471
v -0.00375795 0.00988866 0.00621041 0.23529412 0.93333333 0.61176471
v -0.00009828 0.01035365 0.00630201 0.23529412 0.93333333 0.61176471
v -0.00009828 0.01035365 0.00647087 0.23529412 0.93333333 0.61176471
v -0.00375795 0.00994592 0.00685103 0.23529412 0.93333333 0.61176471
v -0.00375795 0.01050371 0.00500195 0.23529412 0.93333333 0.61176471
v -0.00009828 0.01047311 0.00610224 0.23529412 0.93333333 0.61176471
v -0.00009828 0.01053037 0.00667093 0.23529412 0.93333333 0.61176471
v -0.00375795 0.01069129 0.00750766 0.23529412 0.93333333 0.61176471
v -0.00009828 0.01072979 0.00687182 0.23529412 0.93333333 0.61176471
v -0.00009828 0.01093513 0.00707187 0.23529412 0.93333333 0.61176471
v -0.00009828 0.01120169 0.00733121 0.23529412 0.93333333 0.61176471
v -0.00009828 0.01134089 0.00746664 0.23529412 0.93333333 0.61176471
v -0.00009828 0.01154130 0.00765910 0.23529412 0.93333333 0.61176471
v -0.00009828 0.01118491 0.00500195 0.23529412 0.93333333 0.61176471
v -0.00375795 0.01810348 0.00500195 0.23529412 0.93333333 0.61176471
v -0.00375795 0.01079988 0.00760319 0.23529412 0.93333333 0.61176471
v -0.00009828 0.01180390 0.00779509 0.23529412 0.93333333 0.61176471
v -0.00375795 0.01098647 0.00772260 0.23529412 0.93333333 0.61176471
v -0.00009828 0.01989236 0.00500195 0.23529412 0.93333333 0.61176471
v -0.00375795 0.01810348 0.00540009 0.23529412 0.93333333 0.61176471
v -0.00323315 0.01840657 0.00500195 0.23529412 0.93333333 0.61176471
v -0.00009828 0.01193323 0.00782010 0.23529412 0.93333333 0.61176471
v -0.00102788 0.01180390 0.00783724 0.23529412 0.93333333 0.61176471
v -0.00375795 0.01140407 0.00786224 0.23529412 0.93333333 0.61176471
v -0.00375795 0.01103188 0.00774115 0.23529412 0.93333333 0.61176471
v -0.00022760 0.01989236 0.00500195 0.23529412 0.93333333 0.61176471
v -0.00009828 0.01984991 0.00504522 0.23529412 0.93333333 0.61176471
v -0.00375795 0.01809855 0.00577716 0.23529412 0.93333333 0.61176471
v -0.00323100 0.01840558 0.00560885 0.23529412 0.93333333 0.61176471
v -0.00323315 0.01840657 0.00540009 0.23529412 0.93333333 0.61176471
v -0.00268577 0.01872248 0.00500195 0.23529412 0.93333333 0.61176471
v -0.00009828 0.01220374 0.00787180 0.23529412 0.93333333 0.61176471
v -0.00142767 0.01180390 0.00785269 0.23529412 0.93333333 0.61176471
v -0.00375795 0.01147318 0.00786814 0.23529412 0.93333333 0.61176471
v -0.00022760 0.01984991 0.00504522 0.23529412 0.93333333 0.61176471
v -0.00061986 0.01977883 0.00500195 0.23529412 0.93333333 0.61176471
v -0.00080471 0.01959915 0.00519386 0.23529412 0.93333333 0.61176471
v -0.00009828 0.01965049 0.00524303 0.23529412 0.93333333 0.61176471
v -0.00375795 0.01809657 0.00579851 0.23529412 0.93333333 0.61176471
v -0.00302752 0.01852504 0.00540009 0.23529412 0.93333333 0.61176471
v -0.00245185 0.01881528 0.00561503 0.23529412 0.93333333 0.61176471
v -0.00142946 0.01943132 0.00500195 0.23529412 0.93333333 0.61176471
v -0.00174040 0.01926744 0.00500195 0.23529412 0.93333333 0.61176471
v -0.00194137 0.01915193 0.00500195 0.23529412 0.93333333 0.61176471
v -0.00262738 0.01180390 0.00787180 0.23529412 0.93333333 0.61176471
v -0.00009828 0.01620305 0.00787180 0.23529412 0.93333333 0.61176471
v -0.00375795 0.01180390 0.00787180 0.23529412 0.93333333 0.61176471
v -0.00053783 0.01962285 0.00521830 0.23529412 0.93333333 0.61176471
v -0.00022760 0.01965049 0.00524303 0.23529412 0.93333333 0.61176471
v -0.00062487 0.01977686 0.00500195 0.23529412 0.93333333 0.61176471
v -0.00222724 0.01884490 0.00564201 0.23529412 0.93333333 0.61176471
v -0.00375795 0.01669469 0.00748546 0.23529412 0.93333333 0.61176471
v -0.00375795 0.01652884 0.00765348 0.23529412 0.93333333 0.61176471
v -0.00375795 0.01649428 0.00768748 0.23529412 0.93333333 0.61176471
v -0.00009828 0.01882121 0.00601654 0.23529412 0.93333333 0.61176471
v -0.00375795 0.01807485 0.00590134 0.23529412 0.93333333 0.61176471
v -0.00170279 0.01924572 0.00526213 0.23529412 0.93333333 0.61176471
v -0.00372607 0.01805610 0.00606318 0.23529412 0.93333333 0.61176471
v -0.00342731 0.01811237 0.00611179 0.23529412 0.93333333 0.61176471
v -0.00009828 0.01633238 0.00786393 0.23529412 0.93333333 0.61176471
v -0.00182781 0.01620305 0.00787180 0.23529412 0.93333333 0.61176471
v -0.00375795 0.01580321 0.00787180 0.23529412 0.93333333 0.61176471
v -0.00013088 0.01882121 0.00601654 0.23529412 0.93333333 0.61176471
v -0.00375795 0.01771352 0.00643856 0.23529412 0.93333333 0.61176471
v -0.00375795 0.01625735 0.00779987 0.23529412 0.93333333 0.61176471
v -0.00342731 0.01651600 0.00770350 0.23529412 0.93333333 0.61176471
v -0.00022760 0.01693755 0.00771108 0.23529412 0.93333333 0.61176471
v -0.00022760 0.01713796 0.00753969 0.23529412 0.93333333 0.61176471
v -0.00009828 0.01836115 0.00644193 0.23529412 0.93333333 0.61176471
v -0.00009828 0.01845395 0.00635652 0.23529412 0.93333333 0.61176471
v -0.00375795 0.01804622 0.00603031 0.23529412 0.93333333 0.61176471
v -0.00375795 0.01801167 0.00609859 0.23529412 0.93333333 0.61176471
v -0.00009828 0.01660288 0.00784707 0.23529412 0.93333333 0.61176471
v -0.00022760 0.01660288 0.00784707 0.23529412 0.93333333 0.61176471
v -0.00222724 0.01620305 0.00787095 0.23529412 0.93333333 0.61176471
v -0.00262738 0.01620305 0.00786562 0.23529412 0.93333333 0.61176471
v -0.00375795 0.01587232 0.00786618 0.23529412 0.93333333 0.61176471
v -0.00302752 0.01654266 0.00771867 0.23529412 0.93333333 0.61176471
v -0.00375795 0.01620305 0.00782347 0.23529412 0.93333333 0.61176471
v -0.00009828 0.01671148 0.00780296 0.23529412 0.93333333 0.61176471
v -0.00009828 0.01693755 0.00771108 0.23529412 0.93333333 0.61176471
v -0.00009828 0.01700271 0.00765573 0.23529412 0.93333333 0.61176471
v -0.00102788 0.01660288 0.00780661 0.23529412 0.93333333 0.61176471
v -0.00062774 0.01660288 0.00782853 0.23529412 0.93333333 0.61176471
v -0.00009828 0.01713796 0.00753969 0.23529412 0.93333333 0.61176471
v -0.00342731 0.01620305 0.00783949 0.23529412 0.93333333 0.61176471
v -0.00302752 0.01620305 0.00785494 0.23529412 0.93333333 0.61176471
f 5358 5359 5363
f 5358 5363 5367
f 5358 5367 5375
f 5358 5375 5377
f 5358 5377 5384
f 5358 5384 5383
f 5358 5383 5393
f 5358 5393 5406
f 5358 5406 5421
f 5358 5421 5436
f 5358 5436 5438
f 5358 5438 5424
f 5358 5424 5413
f 5358 5413 5412
f 5358 5412 5411
f 5358 5411 5423
f 5358 5423 5431
f 5358 5431 5430
f 5358 5430 5415
f 5358 5415 5398
f 5358 5398 5387
f 5358 5387 5379
f 5358 5379 5374
f 5358 5374 5364
f 5358 5364 5360
f 5358 5360 5361
f 5358 5361 5362
f 5358 5362 5359
f 5359 5362 5363
f 5360 5364 5361
f 5361 5364 5365
f 5361 5365 5373
f 5361 5373 5378
f 5361 5378 5386
f 5361 5386 5397
f 5361 5397 5414
f 5361 5414 5429
f 5361 5429 5428
f 5361 5428 5444
f 5361 5444 5441
f 5361 5441 5440
f 5361 5440 5439
f 5361 5439 5432
f 5361 5432 5419
f 5361 5419 5405
f 5361 5405 5391
f 5361 5391 5381
f 5361 5381 5376
f 5361 5376 5372
f 5361 5372 5371
f 5361 5371 5370
f 5361 5370 5369
f 5361 5369 5368
f 5361 5368 5366
f 5361 5366 5362
f 5362 5366 5363
f 5363 5366 5368
f 5363 5368 5369
f 5363 5369 5370
f 5363 5370 5371
f 5363 5371 5372
f 5363 5372 5367
f 5364 5373 5365
f 5364 5374 5380
f 5364 5380 5390
f 5364 5390 5403
f 5364 5403 5402
f 5364 5402 5401
f 5364 5401 5409
f 5364 5409 5395
f 5364 5395 5385
f 5364 5385 5378
f 5364 5378 5373
f 5367 5372 5375
f 5372 5376 5377
f 5372 5377 5375
f 5374 5379 5389
f 5374 5389 5380
f 5376 5381 5382
f 5376 5382 5383
f 5376 5383 5384
f 5376 5384 5377
f 5378 5385 5394
f 5378 5394 5386
f 5379 5387 5388
f 5379 5388 5389
f 5380 5389 5390
f 5381 5391 5382
f 5382 5391 5392
f 5382 5392 5383
f 5383 5392 5391
f 5383 5391 5393
f 5385 5395 5396
f 5385 5396 5394
f 5386 5394 5408
f 5386 5408 5397
f 5387 5398 5388
f 5388 5399 5389
f 5388 5398 5400
f 5388 5400 5401
f 5388 5401 5402
f 5388 5402 5399
f 5389 5399 5403
f 5389 5403 5390
f 5391 5404 5393
f 5391 5405 5420
f 5391 5420 5421
f 5391 5421 5406
f 5391 5406 5404
f 5393 5404 5406
f 5394 5396 5407
f 5394 5407 5408
f 5395 5409 5400
f 5395 5400 5396
f 5396 5400 5410
f 5396 5410 5411
f 5396 5411 5412
f 5396 5412 5413
f 5396 5413 5407
f 5397 5408 5422
f 5397 5422 5414
f 5398 5415 5400
f 5399 5402 5403
f 5400 5409 5416
f 5400 5416 5401
f 5400 5415 5417
f 5400 5417 5418
f 5400 5418 5410
f 5401 5416 5409
f 5405 5419 5420
f 5407 5413 5408
f 5408 5413 5422
f 5410 5418 5411
f 5411 5418 5423
f 5413 5424 5425
f 5413 5425 5426
f 5413 5426 5427
f 5413 5427 5428
f 5413 5428 5422
f 5414 5422 5429
f 5415 5430 5417
f 5417 5430 5431
f 5417 5431 5423
f 5417 5423 5418
f 5419 5432 5433
f 5419 5433 5420
f 5420 5434 5421
f 5420 5433 5434
f 5421 5434 5435
f 5421 5435 5436
f 5422 5428 5429
f 5424 5437 5425
f 5424 5438 5437
f 5425 5437 5426
f 5426 5433 5439
f 5426 5439 5440
f 5426 5440 5441
f 5426 5441 5427
f 5426 5437 5438
f 5426 5438 5442
f 5426 5442 5443
f 5426 5443 5433
f 5427 5441 5444
f 5427 5444 5428
f 5432 5439 5433
f 5433 5443 5445
f 5433 5445 5446
f 5433 5446 5435
f 5433 5435 5434
f 5435 5446 5436
f 5436 5446 5445
f 5436 5445 5438
f 5438 5445 5443
f 5438 5443 5442

o geometry_62
v -0.00943572 0.00326343 0.00139857 0.53333333 0.58823529 0.72941176
v -0.00944129 0.00326343 0.00106307 0.53333333 0.58823529 0.72941176
v -0.00954796 0.00326343 0.00153391 0.53333333 0.58823529 0.72941176
v -0.01000250 0.00000708 0.00162423 0.53333333 0.58823529 0.72941176
v -0.00999295 0.00000708 0.00151126 0.53333333 0.58823529 0.72941176
v -0.00998976 0.00000708 0.00139999 0.53333333 0.58823529 0.72941176
v -0.01000170 0.00000708 0.00128844 0.53333333 0.58823529 0.72941176
v -0.01001523 0.00000708 0.00118765 0.53333333 0.58823529 0.72941176
v -0.01098242 0.00128622 -0.00012238 0.53333333 0.58823529 0.72941176
v -0.01096013 0.00140735 -0.00012238 0.53333333 0.58823529 0.72941176
v -0.01070301 0.00326343 -0.00012238 0.53333333 0.58823529 0.72941176
v -0.00961721 0.00326343 0.00160695 0.53333333 0.58823529 0.72941176
v -0.01099277 0.00120239 0.00276975 0.53333333 0.58823529 0.72941176
v -0.01129925 0.00000708 0.00276975 0.53333333 0.58823529 0.72941176
v -0.01127218 0.00000708 -0.00012238 0.53333333 0.58823529 0.72941176
v -0.01756727 0.00326343 -0.00012238 0.53333333 0.58823529 0.72941176
v -0.01082879 0.00326343 0.00276919 0.53333333 0.58823529 0.72941176
v -0.01082879 0.00326279 0.00276975 0.53333333 0.58823529 0.72941176
v -0.01756727 0.00000708 0.00276975 0.53333333 0.58823529 0.72941176
v -0.01756727 0.00000708 -0.00012238 0.53333333 0.58823529 0.72941176
v -0.01756727 0.00326343 0.00276975 0.53333333 0.58823529 0.72941176
v -0.01083516 0.00326343 0.00276975 0.53333333 0.58823529 0.72941176
f 5447 5448 5457
f 5447 5457 5462
f 5447 5462 5467
f 5447 5467 5468
f 5447 5468 5463
f 5447 5463 5458
f 5447 5458 5449
f 5447 5449 5450
f 5447 5450 5451
f 5447 5451 5452
f 5447 5452 5448
f 5448 5452 5453
f 5448 5453 5454
f 5448 5454 5455
f 5448 5455 5456
f 5448 5456 5457
f 5449 5458 5450
f 5450 5458 5459
f 5450 5459 5460
f 5450 5460 5465
f 5450 5465 5466
f 5450 5466 5461
f 5450 5461 5454
f 5450 5454 5453
f 5450 5453 5452
f 5450 5452 5451
f 5454 5461 5455
f 5455 5461 5466
f 5455 5466 5462
f 5455 5462 5457
f 5455 5457 5456
f 5458 5463 5464
f 5458 5464 5459
f 5459 5464 5468
f 5459 5468 5467
f 5459 5467 5465
f 5459 5465 5460
f 5462 5466 5465
f 5462 5465 5467
f 5463 5468 5464

o geometry_63
v 0.01047666 0.00345716 -0.00138709 0.30980392 0.39607843 0.20784314
v 0.01048639 0.00338853 -0.00138709 0.30980392 0.39607843 0.20784314
v 0.00931422 0.00345716 -0.00010138 0.30980392 0.39607843 0.20784314
v 0.01723004 0.00345716 -0.00138709 0.30980392 0.39607843 0.20784314
v 0.00982248 0.00133898 -0.00013935 0.30980392 0.39607843 0.20784314
v 0.01118515 0.00133898 -0.00138709 0.30980392 0.39607843 0.20784314
v 0.00923234 0.00345716 0.00015389 0.30980392 0.39607843 0.20784314
v 0.01751295 0.00345716 -0.00105315 0.30980392 0.39607843 0.20784314
v 0.01751295 0.00345529 -0.00138709 0.30980392 0.39607843 0.20784314
v 0.00980870 0.00133898 0.00294811 0.30980392 0.39607843 0.20784314
v 0.01751295 0.00133898 -0.00138709 0.30980392 0.39607843 0.20784314
v 0.00923234 0.00345716 0.00017094 0.30980392 0.39607843 0.20784314
v 0.01751295 0.00345716 0.00423327 0.30980392 0.39607843 0.20784314
v 0.00981357 0.00133898 0.00300423 0.30980392 0.39607843 0.20784314
v 0.00923640 0.00345716 0.00301468 0.30980392 0.39607843 0.20784314
v 0.00923558 0.00345716 0.00298552 0.30980392 0.39607843 0.20784314
v 0.01751295 0.00133898 0.00423327 0.30980392 0.39607843 0.20784314
v 0.01053422 0.00345716 0.00423327 0.30980392 0.39607843 0.20784314
v 0.00995462 0.00133898 0.00321219 0.30980392 0.39607843 0.20784314
v 0.00941636 0.00345716 0.00332937 0.30980392 0.39607843 0.20784314
v 0.01121028 0.00133898 0.00423327 0.30980392 0.39607843 0.20784314
v 0.01054719 0.00338853 0.00423327 0.30980392 0.39607843 0.20784314
v 0.01055286 0.00335908 0.00423327 0.30980392 0.39607843 0.20784314
f 5469 5470 5471
f 5469 5471 5475
f 5469 5475 5480
f 5469 5480 5484
f 5469 5484 5483
f 5469 5483 5488
f 5469 5488 5486
f 5469 5486 5481
f 5469 5481 5476
f 5469 5476 5472
f 5469 5472 5477
f 5469 5477 5479
f 5469 5479 5474
f 5469 5474 5470
f 5470 5473 5471
f 5470 5474 5473
f 5471 5473 5475
f 5472 5476 5477
f 5473 5478 5475
f 5473 5474 5479
f 5473 5479 5485
f 5473 5485 5489
f 5473 5489 5487
f 5473 5487 5482
f 5473 5482 5478
f 5475 5478 5480
f 5476 5481 5485
f 5476 5485 5479
f 5476 5479 5477
f 5478 5482 5483
f 5478 5483 5484
f 5478 5484 5480
f 5481 5486 5490
f 5481 5490 5491
f 5481 5491 5489
f 5481 5489 5485
f 5482 5487 5488
f 5482 5488 5483
f 5486 5488 5490
f 5487 5491 5488
f 5487 5489 5491
f 5488 5491 5490

o geometry_64
v 0.00737877 0.00660909 0.00332010 0.18431373 0.94117647 0.73725490
v 0.00737877 0.00660909 0.00332369 0.18431373 0.94117647 0.73725490
v 0.00737877 0.00663852 0.00301385 0.18431373 0.94117647 0.73725490
v 0.00751070 0.00632344 0.00312022 0.18431373 0.94117647 0.73725490
v 0.00751070 0.00632344 0.00325527 0.18431373 0.94117647 0.73725490
v 0.00941731 0.00345838 0.00332936 0.18431373 0.94117647 0.73725490
v 0.00737877 0.00822368 0.00455257 0.18431373 0.94117647 0.73725490
v 0.00737877 0.00809250 0.00150053 0.18431373 0.94117647 0.73725490
v 0.00917129 0.00359692 0.00279813 0.18431373 0.94117647 0.73725490
v 0.00923577 0.00345838 0.00297770 0.18431373 0.94117647 0.73725490
v 0.00923577 0.00345838 0.00298577 0.18431373 0.94117647 0.73725490
v 0.00923677 0.00345838 0.00301505 0.18431373 0.94117647 0.73725490
v 0.00917625 0.00361040 0.00313456 0.18431373 0.94117647 0.73725490
v 0.01053429 0.00345838 0.00423587 0.18431373 0.94117647 0.73725490
v 0.00737877 0.01598031 0.00455257 0.18431373 0.94117647 0.73725490
v 0.00948476 0.00583061 0.00455257 0.18431373 0.94117647 0.73725490
v 0.00737877 0.01598031 0.00150053 0.18431373 0.94117647 0.73725490
v 0.00959091 0.00574357 0.00150053 0.18431373 0.94117647 0.73725490
v 0.01049461 0.00345838 0.00156446 0.18431373 0.94117647 0.73725490
v 0.00933993 0.00345838 0.00270103 0.18431373 0.94117647 0.73725490
v 0.01751295 0.00345838 0.00423587 0.18431373 0.94117647 0.73725490
v 0.00957503 0.00574357 0.00455257 0.18431373 0.94117647 0.73725490
v 0.00745713 0.01593618 0.00455257 0.18431373 0.94117647 0.73725490
v 0.00745713 0.01593618 0.00150053 0.18431373 0.94117647 0.73725490
v 0.01751196 0.00574357 0.00150053 0.18431373 0.94117647 0.73725490
v 0.01751295 0.00345838 0.00156446 0.18431373 0.94117647 0.73725490
v 0.01751295 0.00574357 0.00423587 0.18431373 0.94117647 0.73725490
v 0.01751196 0.00574357 0.00455257 0.18431373 0.94117647 0.73725490
v 0.01635926 0.01079696 0.00455257 0.18431373 0.94117647 0.73725490
v 0.01710623 0.01036543 0.00150053 0.18431373 0.94117647 0.73725490
v 0.01751196 0.00940428 0.00150053 0.18431373 0.94117647 0.73725490
v 0.01751295 0.00574357 0.00156446 0.18431373 0.94117647 0.73725490
v 0.01751196 0.00940428 0.00419971 0.18431373 0.94117647 0.73725490
v 0.01751196 0.00905243 0.00455257 0.18431373 0.94117647 0.73725490
v 0.01690486 0.01048067 0.00455257 0.18431373 0.94117647 0.73725490
v 0.01710623 0.01036543 0.00419971 0.18431373 0.94117647 0.73725490
v 0.01733737 0.01016559 0.00150053 0.18431373 0.94117647 0.73725490
v 0.01750898 0.00970463 0.00150053 0.18431373 0.94117647 0.73725490
v 0.01750700 0.00980394 0.00419971 0.18431373 0.94117647 0.73725490
v 0.01750997 0.00940428 0.00455257 0.18431373 0.94117647 0.73725490
v 0.01710425 0.01035684 0.00455257 0.18431373 0.94117647 0.73725490
v 0.01713202 0.01033355 0.00455257 0.18431373 0.94117647 0.73725490
v 0.01733737 0.01016559 0.00419971 0.18431373 0.94117647 0.73725490
v 0.01738002 0.01007487 0.00150053 0.18431373 0.94117647 0.73725490
v 0.01750700 0.00980394 0.00150053 0.18431373 0.94117647 0.73725490
v 0.01747029 0.00984685 0.00455257 0.18431373 0.94117647 0.73725490
v 0.01749013 0.00980394 0.00455257 0.18431373 0.94117647 0.73725490
v 0.01750898 0.00945209 0.00455257 0.18431373 0.94117647 0.73725490
v 0.01732249 0.01015701 0.00455257 0.18431373 0.94117647 0.73725490
f 5492 5493 5498
f 5492 5498 5506
f 5492 5506 5508
f 5492 5508 5499
f 5492 5499 5494
f 5492 5494 5495
f 5492 5495 5496
f 5492 5496 5493
f 5493 5496 5497
f 5493 5497 5498
f 5494 5499 5500
f 5494 5500 5495
f 5495 5500 5501
f 5495 5501 5502
f 5495 5502 5496
f 5496 5502 5503
f 5496 5503 5504
f 5496 5504 5497
f 5497 5504 5503
f 5497 5503 5502
f 5497 5502 5501
f 5497 5501 5511
f 5497 5511 5510
f 5497 5510 5517
f 5497 5517 5512
f 5497 5512 5505
f 5497 5505 5498
f 5498 5505 5507
f 5498 5507 5513
f 5498 5513 5519
f 5498 5519 5525
f 5498 5525 5531
f 5498 5531 5539
f 5498 5539 5538
f 5498 5538 5537
f 5498 5537 5540
f 5498 5540 5533
f 5498 5533 5532
f 5498 5532 5526
f 5498 5526 5520
f 5498 5520 5514
f 5498 5514 5506
f 5499 5508 5515
f 5499 5515 5521
f 5499 5521 5528
f 5499 5528 5535
f 5499 5535 5536
f 5499 5536 5529
f 5499 5529 5522
f 5499 5522 5516
f 5499 5516 5509
f 5499 5509 5510
f 5499 5510 5511
f 5499 5511 5500
f 5500 5511 5501
f 5505 5512 5519
f 5505 5519 5513
f 5505 5513 5507
f 5506 5514 5515
f 5506 5515 5508
f 5509 5516 5517
f 5509 5517 5510
f 5512 5517 5523
f 5512 5523 5518
f 5512 5518 5525
f 5512 5525 5519
f 5514 5520 5515
f 5515 5520 5521
f 5516 5522 5523
f 5516 5523 5517
f 5518 5523 5522
f 5518 5522 5524
f 5518 5524 5525
f 5520 5526 5527
f 5520 5527 5521
f 5521 5527 5534
f 5521 5534 5528
f 5522 5529 5524
f 5524 5529 5530
f 5524 5530 5531
f 5524 5531 5525
f 5526 5532 5527
f 5527 5532 5533
f 5527 5533 5534
f 5528 5534 5535
f 5529 5536 5530
f 5530 5536 5535
f 5530 5535 5534
f 5530 5534 5537
f 5530 5537 5538
f 5530 5538 5539
f 5530 5539 5531
f 5533 5540 5534
f 5534 5540 5537

o geometry_65
v -0.00623688 -0.00855794 -0.00660001 0.49019608 0.22352941 0.25098039
v -0.00632774 -0.00855794 -0.00675652 0.49019608 0.22352941 0.25098039
v -0.00638916 -0.00855794 -0.00620240 0.49019608 0.22352941 0.25098039
v -0.00430842 -0.00956332 -0.00636378 0.49019608 0.22352941 0.25098039
v -0.00427003 -0.00959318 -0.00660001 0.49019608 0.22352941 0.25098039
v -0.00427003 -0.00961852 -0.00669431 0.49019608 0.22352941 0.25098039
v -0.00622792 -0.00868372 -0.00688946 0.49019608 0.22352941 0.25098039
v -0.00660414 -0.00855794 -0.00700879 0.49019608 0.22352941 0.25098039
v -0.00442359 -0.00959499 -0.00680173 0.49019608 0.22352941 0.25098039
v -0.00701236 -0.00855794 -0.00538921 0.49019608 0.22352941 0.25098039
v -0.00427003 -0.00963662 -0.00630594 0.49019608 0.22352941 0.25098039
v -0.00427003 -0.00978412 -0.00691182 0.49019608 0.22352941 0.25098039
v -0.00661694 -0.00855794 -0.00701657 0.49019608 0.22352941 0.25098039
v -0.00427003 -0.00978593 -0.00691401 0.49019608 0.22352941 0.25098039
v -0.00427003 -0.01058680 -0.00538921 0.49019608 0.22352941 0.25098039
v -0.01734183 -0.00855794 -0.00538921 0.49019608 0.22352941 0.25098039
v -0.00761252 -0.00855794 -0.00760714 0.49019608 0.22352941 0.25098039
v -0.00427003 -0.00978865 -0.00691668 0.49019608 0.22352941 0.25098039
v -0.00427003 -0.01780184 -0.00538921 0.49019608 0.22352941 0.25098039
v -0.01717675 -0.00855794 -0.00555642 0.49019608 0.22352941 0.25098039
v -0.01733159 -0.00859685 -0.00538921 0.49019608 0.22352941 0.25098039
v -0.00785182 -0.00855794 -0.00771821 0.49019608 0.22352941 0.25098039
v -0.00427003 -0.01045830 -0.00750628 0.49019608 0.22352941 0.25098039
v -0.00427003 -0.01048092 -0.00752597 0.49019608 0.22352941 0.25098039
v -0.00427003 -0.01065105 -0.00766912 0.49019608 0.22352941 0.25098039
v -0.00427003 -0.01780184 -0.00580018 0.49019608 0.22352941 0.25098039
v -0.01262754 -0.01297673 -0.00538921 0.49019608 0.22352941 0.25098039
v -0.01717035 -0.00859685 -0.00555034 0.49019608 0.22352941 0.25098039
v -0.01720746 -0.00899683 -0.00538921 0.49019608 0.22352941 0.25098039
v -0.01701039 -0.00855794 -0.00570248 0.49019608 0.22352941 0.25098039
v -0.00826771 -0.00855794 -0.00783657 0.49019608 0.22352941 0.25098039
v -0.00427003 -0.01067820 -0.00768856 0.49019608 0.22352941 0.25098039
v -0.00601678 -0.01679012 -0.00620022 0.49019608 0.22352941 0.25098039
v -0.00526049 -0.01721454 -0.00620022 0.49019608 0.22352941 0.25098039
v -0.00524130 -0.01720277 -0.00640898 0.49019608 0.22352941 0.25098039
v -0.00427003 -0.01779460 -0.00586337 0.49019608 0.22352941 0.25098039
v -0.01262754 -0.01297673 -0.00580018 0.49019608 0.22352941 0.25098039
v -0.00751271 -0.01592953 -0.00620022 0.49019608 0.22352941 0.25098039
v -0.00676538 -0.01636028 -0.00620022 0.49019608 0.22352941 0.25098039
v -0.00622792 -0.01666977 -0.00620022 0.49019608 0.22352941 0.25098039
v -0.01382914 -0.01228265 -0.00538921 0.49019608 0.22352941 0.25098039
v -0.01706158 -0.00940948 -0.00538921 0.49019608 0.22352941 0.25098039
v -0.01703599 -0.00942125 -0.00540792 0.49019608 0.22352941 0.25098039
v -0.01676982 -0.00855794 -0.00591271 0.49019608 0.22352941 0.25098039
v -0.00862858 -0.00855794 -0.00786816 0.49019608 0.22352941 0.25098039
v -0.00427003 -0.01095420 -0.00781105 0.49019608 0.22352941 0.25098039
v -0.00427003 -0.01099674 -0.00782612 0.49019608 0.22352941 0.25098039
v -0.00462834 -0.01099674 -0.00786136 0.49019608 0.22352941 0.25098039
v -0.00804889 -0.01560737 -0.00643402 0.49019608 0.22352941 0.25098039
v -0.00444279 -0.01760366 -0.00640850 0.49019608 0.22352941 0.25098039
v -0.00448886 -0.01762990 -0.00620022 0.49019608 0.22352941 0.25098039
v -0.00875910 -0.01515853 -0.00660001 0.49019608 0.22352941 0.25098039
v -0.00848397 -0.01522459 -0.00683964 0.49019608 0.22352941 0.25098039
v -0.00840336 -0.01478479 -0.00758357 0.49019608 0.22352941 0.25098039
v -0.00427003 -0.01771587 -0.00624007 0.49019608 0.22352941 0.25098039
v -0.01382914 -0.01228265 -0.00540015 0.49019608 0.22352941 0.25098039
v -0.01462637 -0.01182204 -0.00540015 0.49019608 0.22352941 0.25098039
v -0.01342733 -0.01251431 -0.00580018 0.49019608 0.22352941 0.25098039
v -0.01362824 -0.01239757 -0.00600141 0.49019608 0.22352941 0.25098039
v -0.01062870 -0.01413052 -0.00620022 0.49019608 0.22352941 0.25098039
v -0.01083728 -0.01400202 -0.00641141 0.49019608 0.22352941 0.25098039
v -0.01462637 -0.01182204 -0.00538921 0.49019608 0.22352941 0.25098039
v -0.01705134 -0.00943572 -0.00538921 0.49019608 0.22352941 0.25098039
v -0.01679925 -0.00952803 -0.00557853 0.49019608 0.22352941 0.25098039
v -0.01611975 -0.00855794 -0.00648068 0.49019608 0.22352941 0.25098039
v -0.01620676 -0.00901131 -0.00626146 0.49019608 0.22352941 0.25098039
v -0.00866825 -0.00855794 -0.00787156 0.49019608 0.22352941 0.25098039
v -0.00427003 -0.01135599 -0.00787083 0.49019608 0.22352941 0.25098039
v -0.00445814 -0.01721092 -0.00681534 0.49019608 0.22352941 0.25098039
v -0.00427003 -0.01661728 -0.00747858 0.49019608 0.22352941 0.25098039
v -0.00427003 -0.01762266 -0.00642721 0.49019608 0.22352941 0.25098039
v -0.00813719 -0.01484090 -0.00765332 0.49019608 0.22352941 0.25098039
v -0.00922746 -0.01479565 -0.00679905 0.49019608 0.22352941 0.25098039
v -0.00896129 -0.01488886 -0.00692737 0.49019608 0.22352941 0.25098039
v -0.00865289 -0.01501193 -0.00701681 0.49019608 0.22352941 0.25098039
v -0.00882181 -0.01479203 -0.00719398 0.49019608 0.22352941 0.25098039
v -0.00866441 -0.01472687 -0.00743021 0.49019608 0.22352941 0.25098039
v -0.01282588 -0.01279665 -0.00639853 0.49019608 0.22352941 0.25098039
v -0.00887043 -0.01442915 -0.00763558 0.49019608 0.22352941 0.25098039
v -0.00862858 -0.01451240 -0.00769463 0.49019608 0.22352941 0.25098039
v -0.01491814 -0.01165191 -0.00540015 0.49019608 0.22352941 0.25098039
v -0.01488487 -0.01163290 -0.00564999 0.49019608 0.22352941 0.25098039
v -0.01138882 -0.01368982 -0.00620022 0.49019608 0.22352941 0.25098039
v -0.01208496 -0.01323011 -0.00644301 0.49019608 0.22352941 0.25098039
v -0.01491814 -0.01165191 -0.00538921 0.49019608 0.22352941 0.25098039
v -0.01702191 -0.00949636 -0.00538921 0.49019608 0.22352941 0.25098039
v -0.01686963 -0.00979679 -0.00538921 0.49019608 0.22352941 0.25098039
v -0.01600841 -0.00915429 -0.00638662 0.49019608 0.22352941 0.25098039
v -0.01571025 -0.00855794 -0.00683794 0.49019608 0.22352941 0.25098039
v -0.01568338 -0.00859685 -0.00684887 0.49019608 0.22352941 0.25098039
v -0.01525981 -0.00855794 -0.00722849 0.49019608 0.22352941 0.25098039
v -0.00427003 -0.01139672 -0.00787181 0.49019608 0.22352941 0.25098039
v -0.00822804 -0.00899683 -0.00787181 0.49019608 0.22352941 0.25098039
v -0.00902783 -0.00855794 -0.00787181 0.49019608 0.22352941 0.25098039
v -0.00447222 -0.01681727 -0.00722218 0.49019608 0.22352941 0.25098039
v -0.00427003 -0.01644896 -0.00765332 0.49019608 0.22352941 0.25098039
v -0.00448630 -0.01642363 -0.00762853 0.49019608 0.22352941 0.25098039
v -0.00825364 -0.01462914 -0.00774081 0.49019608 0.22352941 0.25098039
v -0.00782879 -0.01490515 -0.00770533 0.49019608 0.22352941 0.25098039
v -0.01407740 -0.01203560 -0.00603738 0.49019608 0.22352941 0.25098039
v -0.01324561 -0.01241477 -0.00641409 0.49019608 0.22352941 0.25098039
v -0.01302679 -0.01251069 -0.00650377 0.49019608 0.22352941 0.25098039
v -0.01281309 -0.01238309 -0.00679055 0.49019608 0.22352941 0.25098039
v -0.01206320 -0.01202836 -0.00762877 0.49019608 0.22352941 0.25098039
v -0.00931064 -0.01405903 -0.00766134 0.49019608 0.22352941 0.25098039
v -0.00901376 -0.01419387 -0.00771262 0.49019608 0.22352941 0.25098039
v -0.00862858 -0.01419568 -0.00783073 0.49019608 0.22352941 0.25098039
v -0.01530716 -0.01138133 -0.00538921 0.49019608 0.22352941 0.25098039
v -0.01542233 -0.01129717 -0.00538921 0.49019608 0.22352941 0.25098039
v -0.01543385 -0.01128813 -0.00538921 0.49019608 0.22352941 0.25098039
v -0.01579215 -0.01099221 -0.00538921 0.49019608 0.22352941 0.25098039
v -0.01621444 -0.01060490 -0.00538921 0.49019608 0.22352941 0.25098039
v -0.01529308 -0.01125736 -0.00564683 0.49019608 0.22352941 0.25098039
v -0.01659578 -0.01016148 -0.00538921 0.49019608 0.22352941 0.25098039
v -0.01670839 -0.00979679 -0.00551486 0.49019608 0.22352941 0.25098039
v -0.01521630 -0.00877422 -0.00719228 0.49019608 0.22352941 0.25098039
v -0.01498084 -0.00855794 -0.00745962 0.49019608 0.22352941 0.25098039
v -0.00427003 -0.01575488 -0.00787181 0.49019608 0.22352941 0.25098039
v -0.01386625 -0.00855794 -0.00787181 0.49019608 0.22352941 0.25098039
v -0.00427003 -0.01642905 -0.00766450 0.49019608 0.22352941 0.25098039
v -0.00502760 -0.01609604 -0.00769148 0.49019608 0.22352941 0.25098039
v -0.00462322 -0.01621459 -0.00772088 0.49019608 0.22352941 0.25098039
v -0.00782879 -0.01459566 -0.00784143 0.49019608 0.22352941 0.25098039
v -0.00702771 -0.01499564 -0.00781591 0.49019608 0.22352941 0.25098039
v -0.01623492 -0.01058318 -0.00538921 0.49019608 0.22352941 0.25098039
v -0.01243687 -0.01160938 -0.00760787 0.49019608 0.22352941 0.25098039
v -0.01220780 -0.01176412 -0.00767446 0.49019608 0.22352941 0.25098039
v -0.01182646 -0.01179670 -0.00781980 0.49019608 0.22352941 0.25098039
v -0.01182646 -0.01211161 -0.00768589 0.49019608 0.22352941 0.25098039
v -0.01658682 -0.01017234 -0.00538921 0.49019608 0.22352941 0.25098039
v -0.00943733 -0.01381199 -0.00773862 0.49019608 0.22352941 0.25098039
v -0.00822804 -0.01419568 -0.00787181 0.49019608 0.22352941 0.25098039
v -0.00902783 -0.01379570 -0.00784993 0.49019608 0.22352941 0.25098039
v -0.01650877 -0.00979679 -0.00566360 0.49019608 0.22352941 0.25098039
v -0.01481065 -0.00855794 -0.00759013 0.49019608 0.22352941 0.25098039
v -0.01476202 -0.00870363 -0.00755367 0.49019608 0.22352941 0.25098039
v -0.01449585 -0.00887829 -0.00764894 0.49019608 0.22352941 0.25098039
v -0.01290906 -0.01090262 -0.00766183 0.49019608 0.22352941 0.25098039
v -0.00427003 -0.01579560 -0.00787132 0.49019608 0.22352941 0.25098039
v -0.00542813 -0.01539562 -0.00787132 0.49019608 0.22352941 0.25098039
v -0.00622792 -0.01499564 -0.00787181 0.49019608 0.22352941 0.25098039
v -0.01302679 -0.00979679 -0.00787132 0.49019608 0.22352941 0.25098039
v -0.01342733 -0.00939681 -0.00786549 0.49019608 0.22352941 0.25098039
v -0.01382658 -0.00899683 -0.00785504 0.49019608 0.22352941 0.25098039
v -0.01422712 -0.00855794 -0.00784386 0.49019608 0.22352941 0.25098039
v -0.01262754 -0.01019677 -0.00787181 0.49019608 0.22352941 0.25098039
v -0.00427003 -0.01619830 -0.00778650 0.49019608 0.22352941 0.25098039
v -0.00502760 -0.01579560 -0.00782733 0.49019608 0.22352941 0.25098039
v -0.00742825 -0.01459566 -0.00786938 0.49019608 0.22352941 0.25098039
v -0.00662846 -0.01499564 -0.00786209 0.49019608 0.22352941 0.25098039
v -0.00582867 -0.01539562 -0.00784969 0.49019608 0.22352941 0.25098039
v -0.01251876 -0.01139672 -0.00766426 0.49019608 0.22352941 0.25098039
v -0.01303575 -0.01059676 -0.00771602 0.49019608 0.22352941 0.25098039
v -0.01265441 -0.01102026 -0.00773814 0.49019608 0.22352941 0.25098039
v -0.01222700 -0.01139672 -0.00779792 0.49019608 0.22352941 0.25098039
v -0.01302679 -0.01019677 -0.00783414 0.49019608 0.22352941 0.25098039
v -0.01262754 -0.01059676 -0.00785042 0.49019608 0.22352941 0.25098039
v -0.01222700 -0.01099674 -0.00786233 0.49019608 0.22352941 0.25098039
v -0.01182646 -0.01139672 -0.00786962 0.49019608 0.22352941 0.25098039
v -0.01142721 -0.01179670 -0.00786840 0.49019608 0.22352941 0.25098039
v -0.01102667 -0.01219668 -0.00785893 0.49019608 0.22352941 0.25098039
v -0.01062870 -0.01259666 -0.00784361 0.49019608 0.22352941 0.25098039
v -0.00942837 -0.01339572 -0.00786306 0.49019608 0.22352941 0.25098039
v -0.00982762 -0.01299664 -0.00787059 0.49019608 0.22352941 0.25098039
v -0.01022816 -0.01259666 -0.00787181 0.49019608 0.22352941 0.25098039
v -0.01466476 -0.00855794 -0.00768346 0.49019608 0.22352941 0.25098039
v -0.01462766 -0.00858147 -0.00769585 0.49019608 0.22352941 0.25098039
v -0.01412091 -0.00931718 -0.00766814 0.49019608 0.22352941 0.25098039
v -0.00427003 -0.01615486 -0.00780133 0.49019608 0.22352941 0.25098039
v -0.00462834 -0.01579560 -0.00786549 0.49019608 0.22352941 0.25098039
v -0.01422712 -0.00859685 -0.00784070 0.49019608 0.22352941 0.25098039
v -0.01426679 -0.00855794 -0.00783657 0.49019608 0.22352941 0.25098039
v -0.01062870 -0.01219668 -0.00787181 0.49019608 0.22352941 0.25098039
v -0.01424248 -0.00900588 -0.00772477 0.49019608 0.22352941 0.25098039
v -0.01342733 -0.00979679 -0.00780959 0.49019608 0.22352941 0.25098039
v -0.01462766 -0.00855794 -0.00770217 0.49019608 0.22352941 0.25098039
f 5541 5542 5548
f 5541 5548 5553
f 5541 5553 5557
f 5541 5557 5562
f 5541 5562 5571
f 5541 5571 5585
f 5541 5585 5607
f 5541 5607 5634
f 5541 5634 5659
f 5541 5659 5685
f 5541 5685 5712
f 5541 5712 5716
f 5541 5716 5706
f 5541 5706 5675
f 5541 5675 5657
f 5541 5657 5631
f 5541 5631 5629
f 5541 5629 5605
f 5541 5605 5584
f 5541 5584 5570
f 5541 5570 5560
f 5541 5560 5556
f 5541 5556 5550
f 5541 5550 5543
f 5541 5543 5544
f 5541 5544 5545
f 5541 5545 5546
f 5541 5546 5542
f 5542 5547 5548
f 5542 5546 5549
f 5542 5549 5547
f 5543 5550 5544
f 5544 5551 5545
f 5544 5550 5551
f 5545 5551 5555
f 5545 5555 5559
f 5545 5559 5566
f 5545 5566 5576
f 5545 5576 5595
f 5545 5595 5611
f 5545 5611 5610
f 5545 5610 5636
f 5545 5636 5660
f 5545 5660 5687
f 5545 5687 5709
f 5545 5709 5679
f 5545 5679 5658
f 5545 5658 5632
f 5545 5632 5608
f 5545 5608 5587
f 5545 5587 5586
f 5545 5586 5572
f 5545 5572 5565
f 5545 5565 5564
f 5545 5564 5563
f 5545 5563 5558
f 5545 5558 5554
f 5545 5554 5552
f 5545 5552 5546
f 5546 5552 5549
f 5547 5549 5548
f 5548 5549 5553
f 5549 5552 5554
f 5549 5554 5553
f 5550 5555 5551
f 5550 5556 5561
f 5550 5561 5569
f 5550 5569 5582
f 5550 5582 5603
f 5550 5603 5626
f 5550 5626 5627
f 5550 5627 5654
f 5550 5654 5670
f 5550 5670 5665
f 5550 5665 5652
f 5550 5652 5651
f 5550 5651 5650
f 5550 5650 5649
f 5550 5649 5648
f 5550 5648 5625
f 5550 5625 5602
f 5550 5602 5581
f 5550 5581 5567
f 5550 5567 5559
f 5550 5559 5555
f 5553 5554 5557
f 5554 5558 5557
f 5556 5560 5561
f 5557 5558 5563
f 5557 5563 5564
f 5557 5564 5565
f 5557 5565 5562
f 5559 5567 5577
f 5559 5577 5566
f 5560 5568 5569
f 5560 5569 5561
f 5560 5570 5568
f 5562 5565 5572
f 5562 5572 5571
f 5566 5573 5574
f 5566 5574 5575
f 5566 5575 5576
f 5566 5577 5578
f 5566 5578 5579
f 5566 5579 5580
f 5566 5580 5573
f 5567 5581 5596
f 5567 5596 5577
f 5568 5582 5569
f 5568 5570 5583
f 5568 5583 5582
f 5570 5584 5583
f 5571 5572 5586
f 5571 5586 5587
f 5571 5587 5588
f 5571 5588 5585
f 5573 5575 5574
f 5573 5580 5589
f 5573 5589 5575
f 5575 5590 5591
f 5575 5591 5576
f 5575 5589 5592
f 5575 5592 5593
f 5575 5593 5594
f 5575 5594 5590
f 5576 5591 5595
f 5577 5596 5597
f 5577 5597 5598
f 5577 5598 5599
f 5577 5599 5600
f 5577 5600 5578
f 5578 5600 5601
f 5578 5601 5579
f 5579 5601 5589
f 5579 5589 5580
f 5581 5602 5597
f 5581 5597 5596
f 5582 5583 5603
f 5583 5604 5603
f 5583 5584 5605
f 5583 5605 5606
f 5583 5606 5604
f 5585 5588 5607
f 5587 5608 5588
f 5588 5608 5607
f 5589 5601 5592
f 5590 5609 5610
f 5590 5610 5611
f 5590 5611 5595
f 5590 5595 5591
f 5590 5594 5612
f 5590 5612 5609
f 5592 5601 5593
f 5593 5601 5613
f 5593 5613 5614
f 5593 5614 5615
f 5593 5615 5594
f 5594 5615 5614
f 5594 5614 5616
f 5594 5616 5617
f 5594 5617 5618
f 5594 5618 5619
f 5594 5619 5620
f 5594 5620 5612
f 5597 5599 5598
f 5597 5602 5625
f 5597 5625 5621
f 5597 5621 5599
f 5599 5621 5622
f 5599 5622 5618
f 5599 5618 5601
f 5599 5601 5623
f 5599 5623 5600
f 5600 5623 5601
f 5601 5618 5624
f 5601 5624 5613
f 5603 5604 5626
f 5604 5627 5626
f 5604 5606 5628
f 5604 5628 5627
f 5605 5629 5606
f 5606 5629 5630
f 5606 5630 5631
f 5606 5631 5628
f 5607 5608 5632
f 5607 5632 5633
f 5607 5633 5634
f 5609 5635 5610
f 5609 5612 5635
f 5610 5635 5637
f 5610 5637 5636
f 5612 5620 5638
f 5612 5638 5639
f 5612 5639 5637
f 5612 5637 5635
f 5613 5624 5614
f 5614 5624 5618
f 5614 5618 5616
f 5616 5618 5617
f 5618 5622 5640
f 5618 5640 5641
f 5618 5641 5642
f 5618 5642 5643
f 5618 5643 5619
f 5619 5643 5644
f 5619 5644 5645
f 5619 5645 5620
f 5620 5645 5646
f 5620 5646 5647
f 5620 5647 5638
f 5621 5648 5622
f 5621 5625 5648
f 5622 5648 5649
f 5622 5649 5650
f 5622 5650 5651
f 5622 5651 5652
f 5622 5652 5653
f 5622 5653 5640
f 5627 5628 5655
f 5627 5655 5654
f 5628 5631 5656
f 5628 5656 5655
f 5629 5631 5630
f 5631 5657 5656
f 5632 5658 5681
f 5632 5681 5672
f 5632 5672 5705
f 5632 5705 5713
f 5632 5713 5686
f 5632 5686 5659
f 5632 5659 5634
f 5632 5634 5633
f 5636 5637 5660
f 5637 5661 5662
f 5637 5662 5660
f 5637 5639 5661
f 5638 5647 5663
f 5638 5663 5639
f 5639 5663 5664
f 5639 5664 5662
f 5639 5662 5661
f 5640 5653 5643
f 5640 5643 5641
f 5641 5643 5642
f 5643 5653 5665
f 5643 5665 5644
f 5644 5666 5667
f 5644 5667 5668
f 5644 5668 5669
f 5644 5669 5645
f 5644 5665 5670
f 5644 5670 5666
f 5645 5669 5646
f 5646 5669 5671
f 5646 5671 5647
f 5647 5672 5663
f 5647 5671 5668
f 5647 5668 5673
f 5647 5673 5672
f 5652 5665 5653
f 5654 5655 5674
f 5654 5674 5666
f 5654 5666 5670
f 5655 5656 5674
f 5656 5657 5675
f 5656 5675 5676
f 5656 5676 5677
f 5656 5677 5678
f 5656 5678 5666
f 5656 5666 5674
f 5658 5679 5680
f 5658 5680 5681
f 5659 5682 5683
f 5659 5683 5684
f 5659 5684 5685
f 5659 5686 5682
f 5660 5662 5687
f 5662 5688 5687
f 5662 5664 5688
f 5663 5672 5689
f 5663 5689 5690
f 5663 5690 5691
f 5663 5691 5688
f 5663 5688 5664
f 5666 5692 5667
f 5666 5678 5692
f 5667 5692 5693
f 5667 5693 5694
f 5667 5694 5695
f 5667 5695 5668
f 5668 5671 5669
f 5668 5695 5696
f 5668 5696 5697
f 5668 5697 5698
f 5668 5698 5699
f 5668 5699 5700
f 5668 5700 5701
f 5668 5701 5702
f 5668 5702 5673
f 5672 5681 5680
f 5672 5680 5689
f 5672 5673 5703
f 5672 5703 5704
f 5672 5704 5705
f 5673 5702 5701
f 5673 5701 5703
f 5675 5706 5677
f 5675 5677 5676
f 5677 5706 5707
f 5677 5707 5708
f 5677 5708 5678
f 5678 5708 5693
f 5678 5693 5692
f 5679 5709 5710
f 5679 5710 5680
f 5680 5710 5689
f 5682 5686 5699
f 5682 5699 5683
f 5683 5699 5698
f 5683 5698 5684
f 5684 5711 5685
f 5684 5698 5697
f 5684 5697 5711
f 5685 5711 5712
f 5686 5713 5699
f 5687 5688 5709
f 5688 5691 5710
f 5688 5710 5709
f 5689 5710 5690
f 5690 5710 5691
f 5693 5708 5714
f 5693 5714 5695
f 5693 5695 5694
f 5695 5714 5715
f 5695 5715 5696
f 5696 5715 5711
f 5696 5711 5697
f 5699 5713 5705
f 5699 5705 5700
f 5700 5705 5704
f 5700 5704 5703
f 5700 5703 5701
f 5706 5716 5707
f 5707 5716 5712
f 5707 5712 5714
f 5707 5714 5708
f 5711 5714 5712
f 5711 5715 5714

