# https://github.com/mikedh/trimesh

o geometry_0
v 0.04098514 -0.00031310 -0.01173048 0.54509804 0.71372549 0.60000000
v 0.04100892 -0.00077492 -0.01173048 0.54509804 0.71372549 0.60000000
v 0.04090195 -0.00031310 -0.01252709 0.54509804 0.71372549 0.60000000
v 0.03455506 -0.00031310 -0.01173048 0.54509804 0.71372549 0.60000000
v 0.04092176 -0.00077492 -0.01252709 0.54509804 0.71372549 0.60000000
v 0.04070782 -0.00520762 -0.01173048 0.54509804 0.71372549 0.60000000
v 0.04054934 -0.00520762 -0.01341452 0.54509804 0.71372549 0.60000000
v 0.04045426 -0.00520762 -0.01430104 0.54509804 0.71372549 0.60000000
v 0.04080290 -0.00031310 -0.01341452 0.54509804 0.71372549 0.60000000
v 0.00966672 -0.00031310 -0.01173138 0.54509804 0.71372549 0.60000000
v 0.00053466 -0.03433002 -0.01173048 0.54509804 0.71372549 0.60000000
v 0.04081875 -0.00077492 -0.01341452 0.54509804 0.71372549 0.60000000
v 0.04075140 -0.00031310 -0.01387396 0.54509804 0.71372549 0.60000000
v 0.04063650 -0.00600495 -0.01173048 0.54509804 0.71372549 0.60000000
v 0.04054538 -0.00609574 -0.01252709 0.54509804 0.71372549 0.60000000
v 0.04045426 -0.00609574 -0.01341452 0.54509804 0.71372549 0.60000000
v 0.04029578 -0.00584312 -0.01499606 0.54509804 0.71372549 0.60000000
v 0.04024824 -0.00546024 -0.01558677 0.54509804 0.71372549 0.60000000
v 0.04031956 -0.00518393 -0.01525051 0.54509804 0.71372549 0.60000000
v 0.04059688 -0.00077492 -0.01518757 0.54509804 0.71372549 0.60000000
v 0.04071178 -0.00077492 -0.01430104 0.54509804 0.71372549 0.60000000
v 0.00257105 -0.00031310 -0.01177184 0.54509804 0.71372549 0.60000000
v 0.00345851 -0.00077492 -0.01175565 0.54509804 0.71372549 0.60000000
v 0.00257105 -0.00077492 -0.01177004 0.54509804 0.71372549 0.60000000
v 0.00053466 -0.00166304 -0.01183208 0.54509804 0.71372549 0.60000000
v 0.00053466 -0.04061001 -0.01173048 0.54509804 0.71372549 0.60000000
v 0.04069989 -0.00031310 -0.01430104 0.54509804 0.71372549 0.60000000
v 0.04062462 -0.00609574 -0.01173048 0.54509804 0.71372549 0.60000000
v 0.03940437 -0.01108499 -0.01412032 0.54509804 0.71372549 0.60000000
v 0.04034333 -0.00612337 -0.01429835 0.54509804 0.71372549 0.60000000
v 0.03936475 -0.01094684 -0.01471104 0.54509804 0.71372549 0.60000000
v 0.04019278 -0.00612337 -0.01525051 0.54509804 0.71372549 0.60000000
v 0.04028786 -0.00077492 -0.01659918 0.54509804 0.71372549 0.60000000
v 0.04042652 -0.00077492 -0.01607499 0.54509804 0.71372549 0.60000000
v 0.03917458 -0.01052844 -0.01607499 0.54509804 0.71372549 0.60000000
v 0.04002242 -0.00609574 -0.01607499 0.54509804 0.71372549 0.60000000
v 0.03975301 -0.00609574 -0.01696062 0.54509804 0.71372549 0.60000000
v 0.04015712 -0.00518393 -0.01599587 0.54509804 0.71372549 0.60000000
v 0.04058104 -0.00031310 -0.01518757 0.54509804 0.71372549 0.60000000
v 0.04050180 -0.00031310 -0.01564702 0.54509804 0.71372549 0.60000000
v 0.00053466 -0.00031310 -0.01190401 0.54509804 0.71372549 0.60000000
v 0.00053466 -0.04029028 -0.01456089 0.54509804 0.71372549 0.60000000
v 0.00080010 -0.04063764 -0.01173048 0.54509804 0.71372549 0.60000000
v 0.03974905 -0.01052844 -0.01173048 0.54509804 0.71372549 0.60000000
v 0.03957869 -0.01132577 -0.01173048 0.54509804 0.71372549 0.60000000
v 0.03944399 -0.01121130 -0.01341452 0.54509804 0.71372549 0.60000000
v 0.03930532 -0.01165733 -0.01341452 0.54509804 0.71372549 0.60000000
v 0.03926967 -0.01139287 -0.01436938 0.54509804 0.71372549 0.60000000
v 0.03912308 -0.01141656 -0.01518757 0.54509804 0.71372549 0.60000000
v 0.03894479 -0.01141656 -0.01607499 0.54509804 0.71372549 0.60000000
v 0.04029182 -0.00031310 -0.01661266 0.54509804 0.71372549 0.60000000
v 0.04035917 -0.00031310 -0.01635911 0.54509804 0.71372549 0.60000000
v 0.03985206 -0.00520762 -0.01696062 0.54509804 0.71372549 0.60000000
v 0.03991149 -0.00432345 -0.01696062 0.54509804 0.71372549 0.60000000
v 0.04011354 -0.00077492 -0.01704334 0.54509804 0.71372549 0.60000000
v 0.04020862 -0.00031310 -0.01684284 0.54509804 0.71372549 0.60000000
v 0.04041860 -0.00031310 -0.01607499 0.54509804 0.71372549 0.60000000
v 0.03890518 -0.01052844 -0.01696062 0.54509804 0.71372549 0.60000000
v 0.03909534 -0.00964426 -0.01696062 0.54509804 0.71372549 0.60000000
v 0.03936079 -0.00913113 -0.01644813 0.54509804 0.71372549 0.60000000
v 0.03942814 -0.00679439 -0.01749020 0.54509804 0.71372549 0.60000000
v 0.03947964 -0.00609574 -0.01756842 0.54509804 0.71372549 0.60000000
v 0.03940833 -0.00853905 -0.01663964 0.54509804 0.71372549 0.60000000
v 0.03926174 -0.00880351 -0.01694534 0.54509804 0.71372549 0.60000000
v 0.03932117 -0.00786803 -0.01725463 0.54509804 0.71372549 0.60000000
v 0.00053466 -0.00031310 -0.01780489 0.54509804 0.71372549 0.60000000
v 0.00053466 -0.04025081 -0.01485670 0.54509804 0.71372549 0.60000000
v 0.00080010 -0.04025871 -0.01490075 0.54509804 0.71372549 0.60000000
v 0.00080010 -0.04033370 -0.01430104 0.54509804 0.71372549 0.60000000
v 0.00168756 -0.04059817 -0.01173048 0.54509804 0.71372549 0.60000000
v 0.00144192 -0.04025476 -0.01488367 0.54509804 0.71372549 0.60000000
v 0.03955492 -0.01142050 -0.01173048 0.54509804 0.71372549 0.60000000
v 0.03764927 -0.01642554 -0.01252709 0.54509804 0.71372549 0.60000000
v 0.03761757 -0.01633871 -0.01308994 0.54509804 0.71372549 0.60000000
v 0.03937267 -0.01186654 -0.01211260 0.54509804 0.71372549 0.60000000
v 0.03757003 -0.01621634 -0.01368155 0.54509804 0.71372549 0.60000000
v 0.03751457 -0.01607425 -0.01430104 0.54509804 0.71372549 0.60000000
v 0.03745514 -0.01580978 -0.01520465 0.54509804 0.71372549 0.60000000
v 0.03757796 -0.01534007 -0.01551125 0.54509804 0.71372549 0.60000000
v 0.03728082 -0.01584926 -0.01607499 0.54509804 0.71372549 0.60000000
v 0.03855653 -0.01203232 -0.01670977 0.54509804 0.71372549 0.60000000
v 0.03865558 -0.01142445 -0.01698759 0.54509804 0.71372549 0.60000000
v 0.03952718 -0.00520762 -0.01764844 0.54509804 0.71372549 0.60000000
v 0.03956284 -0.00432345 -0.01771947 0.54509804 0.71372549 0.60000000
v 0.04012146 -0.00031310 -0.01705593 0.54509804 0.71372549 0.60000000
v 0.03959058 -0.00343533 -0.01776802 0.54509804 0.71372549 0.60000000
v 0.03961831 -0.00254721 -0.01781208 0.54509804 0.71372549 0.60000000
v 0.03969754 -0.00077492 -0.01784715 0.54509804 0.71372549 0.60000000
v 0.03852880 -0.01113630 -0.01747851 0.54509804 0.71372549 0.60000000
v 0.03860407 -0.01052844 -0.01759809 0.54509804 0.71372549 0.60000000
v 0.03936079 -0.00738647 -0.01737781 0.54509804 0.71372549 0.60000000
v 0.03884971 -0.00875615 -0.01784715 0.54509804 0.71372549 0.60000000
v 0.03848918 -0.00921402 -0.01829581 0.54509804 0.71372549 0.60000000
v 0.03853276 -0.00875615 -0.01834616 0.54509804 0.71372549 0.60000000
v 0.03861200 -0.00786803 -0.01843517 0.54509804 0.71372549 0.60000000
v 0.03922212 -0.00520762 -0.01809171 0.54509804 0.71372549 0.60000000
v 0.00053466 -0.02737506 -0.02042401 0.54509804 0.71372549 0.60000000
v 0.03005836 -0.00031310 -0.02023160 0.54509804 0.71372549 0.60000000
v 0.00053466 -0.04012450 -0.01556070 0.54509804 0.71372549 0.60000000
v 0.00080010 -0.04018371 -0.01534402 0.54509804 0.71372549 0.60000000
v 0.00614860 -0.04017976 -0.01173048 0.54509804 0.71372549 0.60000000
v 0.00168756 -0.04050738 -0.01252709 0.54509804 0.71372549 0.60000000
v 0.00171529 -0.04029423 -0.01433341 0.54509804 0.71372549 0.60000000
v 0.00168756 -0.04040475 -0.01341452 0.54509804 0.71372549 0.60000000
v 0.00168756 -0.04002188 -0.01607499 0.54509804 0.71372549 0.60000000
v 0.00171529 -0.04017976 -0.01518307 0.54509804 0.71372549 0.60000000
v 0.00612087 -0.03974162 -0.01518757 0.54509804 0.71372549 0.60000000
v 0.00612087 -0.03987583 -0.01430104 0.54509804 0.71372549 0.60000000
v 0.00612087 -0.03998240 -0.01341452 0.54509804 0.71372549 0.60000000
v 0.00612087 -0.04008898 -0.01252709 0.54509804 0.71372549 0.60000000
v 0.03939248 -0.01192180 -0.01173048 0.54509804 0.71372549 0.60000000
v 0.03768889 -0.01653212 -0.01173048 0.54509804 0.71372549 0.60000000
v 0.03751060 -0.01697421 -0.01173048 0.54509804 0.71372549 0.60000000
v 0.03745910 -0.01686763 -0.01252709 0.54509804 0.71372549 0.60000000
v 0.03937663 -0.01196522 -0.01173048 0.54509804 0.71372549 0.60000000
v 0.03741156 -0.01667422 -0.01339743 0.54509804 0.71372549 0.60000000
v 0.03723327 -0.01673737 -0.01430104 0.54509804 0.71372549 0.60000000
v 0.03708272 -0.01673737 -0.01518757 0.54509804 0.71372549 0.60000000
v 0.03688463 -0.01677685 -0.01606960 0.54509804 0.71372549 0.60000000
v 0.03667465 -0.01710052 -0.01636091 0.54509804 0.71372549 0.60000000
v 0.03680936 -0.01650844 -0.01677900 0.54509804 0.71372549 0.60000000
v 0.03696387 -0.01592030 -0.01702895 0.54509804 0.71372549 0.60000000
v 0.03844164 -0.01172444 -0.01730138 0.54509804 0.71372549 0.60000000
v 0.03927363 -0.00432345 -0.01816274 0.54509804 0.71372549 0.60000000
v 0.03930928 -0.00343533 -0.01821129 0.54509804 0.71372549 0.60000000
v 0.03934494 -0.00254721 -0.01825534 0.54509804 0.71372549 0.60000000
v 0.03936475 -0.00200250 -0.01828142 0.54509804 0.71372549 0.60000000
v 0.03970151 -0.00031310 -0.01784715 0.54509804 0.71372549 0.60000000
v 0.03938060 -0.00141042 -0.01830480 0.54509804 0.71372549 0.60000000
v 0.03939644 -0.00077492 -0.01832098 0.54509804 0.71372549 0.60000000
v 0.03786321 -0.01229678 -0.01788671 0.54509804 0.71372549 0.60000000
v 0.03821581 -0.01142445 -0.01780309 0.54509804 0.71372549 0.60000000
v 0.03866350 -0.00956137 -0.01786962 0.54509804 0.71372549 0.60000000
v 0.03829901 -0.01052844 -0.01804135 0.54509804 0.71372549 0.60000000
v 0.03764927 -0.01199679 -0.01834436 0.54509804 0.71372549 0.60000000
v 0.03773643 -0.01141656 -0.01843067 0.54509804 0.71372549 0.60000000
v 0.03749476 -0.00964426 -0.01909152 0.54509804 0.71372549 0.60000000
v 0.03765323 -0.00851537 -0.01922459 0.54509804 0.71372549 0.60000000
v 0.03816827 -0.00786803 -0.01887843 0.54509804 0.71372549 0.60000000
v 0.03824751 -0.00698386 -0.01894496 0.54509804 0.71372549 0.60000000
v 0.03866746 -0.00698386 -0.01850170 0.54509804 0.71372549 0.60000000
v 0.00053466 -0.02825924 -0.02050582 0.54509804 0.71372549 0.60000000
v 0.03048624 -0.00031310 -0.02026576 0.54509804 0.71372549 0.60000000
v 0.00053466 -0.04002188 -0.01607499 0.54509804 0.71372549 0.60000000
v 0.00080010 -0.04004161 -0.01607499 0.54509804 0.71372549 0.60000000
v 0.00700832 -0.04004951 -0.01173048 0.54509804 0.71372549 0.60000000
v 0.00080010 -0.03981267 -0.01696062 0.54509804 0.71372549 0.60000000
v 0.00168756 -0.03978504 -0.01696062 0.54509804 0.71372549 0.60000000
v 0.00612087 -0.03941006 -0.01675742 0.54509804 0.71372549 0.60000000
v 0.00612087 -0.03956795 -0.01607499 0.54509804 0.71372549 0.60000000
v 0.00669930 -0.03937454 -0.01663245 0.54509804 0.71372549 0.60000000
v 0.00700040 -0.03943374 -0.01606870 0.54509804 0.71372549 0.60000000
v 0.00700832 -0.03959953 -0.01518757 0.54509804 0.71372549 0.60000000
v 0.00700832 -0.03972978 -0.01430104 0.54509804 0.71372549 0.60000000
v 0.00700832 -0.03984030 -0.01341452 0.54509804 0.71372549 0.60000000
v 0.00700832 -0.03995083 -0.01252709 0.54509804 0.71372549 0.60000000
v 0.03716196 -0.01762549 -0.01173048 0.54509804 0.71372549 0.60000000
v 0.03706292 -0.01762549 -0.01252709 0.54509804 0.71372549 0.60000000
v 0.03687274 -0.01746760 -0.01430104 0.54509804 0.71372549 0.60000000
v 0.03679747 -0.01733340 -0.01518757 0.54509804 0.71372549 0.60000000
v 0.03674201 -0.01723472 -0.01577019 0.54509804 0.71372549 0.60000000
v 0.03591794 -0.01823731 -0.01679339 0.54509804 0.71372549 0.60000000
v 0.03611999 -0.01770444 -0.01703795 0.54509804 0.71372549 0.60000000
v 0.03658749 -0.01677685 -0.01702895 0.54509804 0.71372549 0.60000000
v 0.03491163 -0.02067667 -0.01551575 0.54509804 0.71372549 0.60000000
v 0.03547817 -0.01939778 -0.01607499 0.54509804 0.71372549 0.60000000
v 0.03508595 -0.02010828 -0.01607499 0.54509804 0.71372549 0.60000000
v 0.03499879 -0.01994644 -0.01671786 0.54509804 0.71372549 0.60000000
v 0.03669843 -0.01625976 -0.01736972 0.54509804 0.71372549 0.60000000
v 0.03681332 -0.01566768 -0.01758101 0.54509804 0.71372549 0.60000000
v 0.03662315 -0.01517823 -0.01817173 0.54509804 0.71372549 0.60000000
v 0.03877839 -0.00520762 -0.01860240 0.54509804 0.71372549 0.60000000
v 0.03882990 -0.00432345 -0.01864106 0.54509804 0.71372549 0.60000000
v 0.03886555 -0.00343533 -0.01867883 0.54509804 0.71372549 0.60000000
v 0.03881802 -0.00246826 -0.01880830 0.54509804 0.71372549 0.60000000
v 0.03902799 -0.00169067 -0.01865365 0.54509804 0.71372549 0.60000000
v 0.03939248 -0.00031310 -0.01831738 0.54509804 0.71372549 0.60000000
v 0.03850106 -0.00166304 -0.01919492 0.54509804 0.71372549 0.60000000
v 0.03895272 -0.00077492 -0.01876424 0.54509804 0.71372549 0.60000000
v 0.03753437 -0.01258887 -0.01820769 0.54509804 0.71372549 0.60000000
v 0.03673408 -0.01458615 -0.01831648 0.54509804 0.71372549 0.60000000
v 0.03682520 -0.01407697 -0.01841359 0.54509804 0.71372549 0.60000000
v 0.03634978 -0.01407697 -0.01885685 0.54509804 0.71372549 0.60000000
v 0.03650033 -0.01318885 -0.01900341 0.54509804 0.71372549 0.60000000
v 0.03723327 -0.01141656 -0.01887393 0.54509804 0.71372549 0.60000000
v 0.03736401 -0.01052844 -0.01898632 0.54509804 0.71372549 0.60000000
v 0.03692029 -0.01052844 -0.01935136 0.54509804 0.71372549 0.60000000
v 0.03705103 -0.00964426 -0.01945296 0.54509804 0.71372549 0.60000000
v 0.03772454 -0.00786803 -0.01928663 0.54509804 0.71372549 0.60000000
v 0.03584663 -0.01105341 -0.02008054 0.54509804 0.71372549 0.60000000
v 0.03722535 -0.00878772 -0.01949163 0.54509804 0.71372549 0.60000000
v 0.03780378 -0.00698386 -0.01934867 0.54509804 0.71372549 0.60000000
v 0.03830297 -0.00609574 -0.01899801 0.54509804 0.71372549 0.60000000
v 0.00053466 -0.02888684 -0.02055528 0.54509804 0.71372549 0.60000000
v 0.03094582 -0.00031310 -0.02030083 0.54509804 0.71372549 0.60000000
v 0.03183327 -0.00031310 -0.02036467 0.54509804 0.71372549 0.60000000
v 0.00053466 -0.03996267 -0.01633664 0.54509804 0.71372549 0.60000000
v 0.01135051 -0.03911402 -0.01173048 0.54509804 0.71372549 0.60000000
v 0.01144163 -0.03900350 -0.01252709 0.54509804 0.71372549 0.60000000
v 0.00080010 -0.03951269 -0.01772217 0.54509804 0.71372549 0.60000000
v 0.00168756 -0.03949690 -0.01771498 0.54509804 0.71372549 0.60000000
v 0.00053466 -0.03980083 -0.01696062 0.54509804 0.71372549 0.60000000
v 0.00053466 -0.03950874 -0.01770958 0.54509804 0.71372549 0.60000000
v 0.00257105 -0.03944953 -0.01763316 0.54509804 0.71372549 0.60000000
v 0.00523341 -0.03932322 -0.01732386 0.54509804 0.71372549 0.60000000
v 0.00612087 -0.03928770 -0.01720068 0.54509804 0.71372549 0.60000000
v 0.00700040 -0.03922849 -0.01694084 0.54509804 0.71372549 0.60000000
v 0.00728961 -0.03931138 -0.01636001 0.54509804 0.71372549 0.60000000
v 0.00756694 -0.03937454 -0.01576930 0.54509804 0.71372549 0.60000000
v 0.01144163 -0.03874298 -0.01430104 0.54509804 0.71372549 0.60000000
v 0.01144163 -0.03888508 -0.01341452 0.54509804 0.71372549 0.60000000
v 0.03498294 -0.02160426 -0.01173048 0.54509804 0.71372549 0.60000000
v 0.03493936 -0.02161216 -0.01209462 0.54509804 0.71372549 0.60000000
v 0.03508991 -0.02099640 -0.01341452 0.54509804 0.71372549 0.60000000
v 0.03502652 -0.02087798 -0.01430104 0.54509804 0.71372549 0.60000000
v 0.03690444 -0.01767681 -0.01337406 0.54509804 0.71372549 0.60000000
v 0.03497502 -0.02079114 -0.01492503 0.54509804 0.71372549 0.60000000
v 0.03581493 -0.01805179 -0.01738410 0.54509804 0.71372549 0.60000000
v 0.03490370 -0.01978461 -0.01730858 0.54509804 0.71372549 0.60000000
v 0.03470561 -0.02111876 -0.01520735 0.54509804 0.71372549 0.60000000
v 0.03437282 -0.02125296 -0.01615412 0.54509804 0.71372549 0.60000000
v 0.03483635 -0.02055036 -0.01607499 0.54509804 0.71372549 0.60000000
v 0.03473335 -0.02025827 -0.01699209 0.54509804 0.71372549 0.60000000
v 0.03596548 -0.01746366 -0.01761787 0.54509804 0.71372549 0.60000000
v 0.03612396 -0.01674132 -0.01788671 0.54509804 0.71372549 0.60000000
v 0.03652014 -0.01592030 -0.01786513 0.54509804 0.71372549 0.60000000
v 0.03590209 -0.01645318 -0.01836594 0.54509804 0.71372549 0.60000000
v 0.03604076 -0.01584926 -0.01849721 0.54509804 0.71372549 0.60000000
v 0.03834655 -0.00520762 -0.01904566 0.54509804 0.71372549 0.60000000
v 0.03838617 -0.00432345 -0.01908433 0.54509804 0.71372549 0.60000000
v 0.03848522 -0.00212091 -0.01917873 0.54509804 0.71372549 0.60000000
v 0.03850899 -0.00077492 -0.01920211 0.54509804 0.71372549 0.60000000
v 0.03890121 -0.00031310 -0.01880111 0.54509804 0.71372549 0.60000000
v 0.03798206 -0.00343533 -0.01950241 0.54509804 0.71372549 0.60000000
v 0.03804149 -0.00166304 -0.01954827 0.54509804 0.71372549 0.60000000
v 0.03804149 -0.00077492 -0.01956266 0.54509804 0.71372549 0.60000000
v 0.03622696 -0.01485456 -0.01869951 0.54509804 0.71372549 0.60000000
v 0.03582682 -0.01453089 -0.01918143 0.54509804 0.71372549 0.60000000
v 0.03590605 -0.01407697 -0.01924527 0.54509804 0.71372549 0.60000000
v 0.03661919 -0.01247440 -0.01910411 0.54509804 0.71372549 0.60000000
v 0.03671823 -0.01188232 -0.01918413 0.54509804 0.71372549 0.60000000
v 0.03678955 -0.01141656 -0.01924257 0.54509804 0.71372549 0.60000000
v 0.03619131 -0.01137708 -0.01973169 0.54509804 0.71372549 0.60000000
v 0.03656372 -0.00875615 -0.01997805 0.54509804 0.71372549 0.60000000
v 0.03715404 -0.00786803 -0.01970112 0.54509804 0.71372549 0.60000000
v 0.03591002 -0.01052844 -0.02011471 0.54509804 0.71372549 0.60000000
v 0.03645675 -0.00964426 -0.01989623 0.54509804 0.71372549 0.60000000
v 0.03574362 -0.01164549 -0.02001491 0.54509804 0.71372549 0.60000000
v 0.03495521 -0.01369409 -0.02007695 0.54509804 0.71372549 0.60000000
v 0.03503445 -0.01318885 -0.02012550 0.54509804 0.71372549 0.60000000
v 0.03518103 -0.01230467 -0.02019833 0.54509804 0.71372549 0.60000000
v 0.03541875 -0.01137708 -0.02022260 0.54509804 0.71372549 0.60000000
v 0.03785925 -0.00609574 -0.01939632 0.54509804 0.71372549 0.60000000
v 0.03709065 -0.00705096 -0.01984498 0.54509804 0.71372549 0.60000000
v 0.03724516 -0.00609574 -0.01983958 0.54509804 0.71372549 0.60000000
v 0.00053466 -0.03065913 -0.02069104 0.54509804 0.71372549 0.60000000
v 0.03272073 -0.00031310 -0.02041771 0.54509804 0.71372549 0.60000000
v 0.00053466 -0.03180776 -0.02077556 0.54509804 0.71372549 0.60000000
v 0.00053466 -0.03091964 -0.02071082 0.54509804 0.71372549 0.60000000
v 0.01144163 -0.03909429 -0.01173048 0.54509804 0.71372549 0.60000000
v 0.01232909 -0.03876272 -0.01252709 0.54509804 0.71372549 0.60000000
v 0.00080010 -0.03926796 -0.01816543 0.54509804 0.71372549 0.60000000
v 0.00168756 -0.03927191 -0.01815824 0.54509804 0.71372549 0.60000000
v 0.00257105 -0.03923638 -0.01807642 0.54509804 0.71372549 0.60000000
v 0.00523341 -0.03909034 -0.01784715 0.54509804 0.71372549 0.60000000
v 0.00053466 -0.03926007 -0.01815285 0.54509804 0.71372549 0.60000000
v 0.00612087 -0.03900350 -0.01784715 0.54509804 0.71372549 0.60000000
v 0.00700832 -0.03886535 -0.01784715 0.54509804 0.71372549 0.60000000
v 0.00789182 -0.03901929 -0.01696062 0.54509804 0.71372549 0.60000000
v 0.00877927 -0.03857326 -0.01764395 0.54509804 0.71372549 0.60000000
v 0.00937751 -0.03849826 -0.01749110 0.54509804 0.71372549 0.60000000
v 0.01092659 -0.03844300 -0.01643913 0.54509804 0.71372549 0.60000000
v 0.01146937 -0.03838379 -0.01611635 0.54509804 0.71372549 0.60000000
v 0.01178235 -0.03843510 -0.01551035 0.54509804 0.71372549 0.60000000
v 0.01146937 -0.03856931 -0.01520465 0.54509804 0.71372549 0.60000000
v 0.01197252 -0.03849431 -0.01491963 0.54509804 0.71372549 0.60000000
v 0.01212307 -0.03854957 -0.01430104 0.54509804 0.71372549 0.60000000
v 0.03495917 -0.02164374 -0.01173048 0.54509804 0.71372549 0.60000000
v 0.03492748 -0.02168716 -0.01173048 0.54509804 0.71372549 0.60000000
v 0.03463826 -0.02208188 -0.01173048 0.54509804 0.71372549 0.60000000
v 0.03154010 -0.02624222 -0.01173048 0.54509804 0.71372549 0.60000000
v 0.03462242 -0.02196741 -0.01244527 0.54509804 0.71372549 0.60000000
v 0.03403606 -0.02248449 -0.01378855 0.54509804 0.71372549 0.60000000
v 0.03434508 -0.02213319 -0.01346127 0.54509804 0.71372549 0.60000000
v 0.03431735 -0.02197530 -0.01430104 0.54509804 0.71372549 0.60000000
v 0.03489182 -0.02153716 -0.01268624 0.54509804 0.71372549 0.60000000
v 0.03483635 -0.02143848 -0.01341452 0.54509804 0.71372549 0.60000000
v 0.03475712 -0.02132401 -0.01430104 0.54509804 0.71372549 0.60000000
v 0.03506218 -0.01919253 -0.01760798 0.54509804 0.71372549 0.60000000
v 0.03486805 -0.01881755 -0.01819960 0.54509804 0.71372549 0.60000000
v 0.03426585 -0.02104376 -0.01696062 0.54509804 0.71372549 0.60000000
v 0.03414699 -0.02086219 -0.01755134 0.54509804 0.71372549 0.60000000
v 0.03422227 -0.02184504 -0.01518757 0.54509804 0.71372549 0.60000000
v 0.03413114 -0.02172268 -0.01591136 0.54509804 0.71372549 0.60000000
v 0.03404398 -0.02160426 -0.01650117 0.54509804 0.71372549 0.60000000
v 0.03575550 -0.01704131 -0.01820859 0.54509804 0.71372549 0.60000000
v 0.03501464 -0.01822547 -0.01837043 0.54509804 0.71372549 0.60000000
v 0.03516519 -0.01762549 -0.01851609 0.54509804 0.71372549 0.60000000
v 0.03484428 -0.01698999 -0.01910231 0.54509804 0.71372549 0.60000000
v 0.03554949 -0.01584926 -0.01894047 0.54509804 0.71372549 0.60000000
v 0.03570796 -0.01512297 -0.01908163 0.54509804 0.71372549 0.60000000
v 0.03790283 -0.00520762 -0.01944038 0.54509804 0.71372549 0.60000000
v 0.03794245 -0.00432345 -0.01947724 0.54509804 0.71372549 0.60000000
v 0.03850106 -0.00031310 -0.01919312 0.54509804 0.71372549 0.60000000
v 0.03865162 -0.00031310 -0.01904566 0.54509804 0.71372549 0.60000000
v 0.03832278 -0.00031310 -0.01933158 0.54509804 0.71372549 0.60000000
v 0.03738778 -0.00343533 -0.01994568 0.54509804 0.71372549 0.60000000
v 0.03741552 -0.00254721 -0.01996096 0.54509804 0.71372549 0.60000000
v 0.03743533 -0.00166304 -0.01997355 0.54509804 0.71372549 0.60000000
v 0.03808111 -0.00031310 -0.01951770 0.54509804 0.71372549 0.60000000
v 0.03744325 -0.00077492 -0.01998164 0.54509804 0.71372549 0.60000000
v 0.03743929 -0.00031310 -0.01997984 0.54509804 0.71372549 0.60000000
v 0.03772454 -0.00031310 -0.01977844 0.54509804 0.71372549 0.60000000
v 0.03539894 -0.01488219 -0.01941160 0.54509804 0.71372549 0.60000000
v 0.03530385 -0.01402565 -0.01973259 0.54509804 0.71372549 0.60000000
v 0.03605660 -0.01318885 -0.01936665 0.54509804 0.71372549 0.60000000
v 0.03630224 -0.01222968 -0.01942869 0.54509804 0.71372549 0.60000000
v 0.03665880 -0.00786803 -0.02003559 0.54509804 0.71372549 0.60000000
v 0.03601302 -0.00964426 -0.02016776 0.54509804 0.71372549 0.60000000
v 0.03484428 -0.01428617 -0.02001221 0.54509804 0.71372549 0.60000000
v 0.03425000 -0.01496508 -0.02016686 0.54509804 0.71372549 0.60000000
v 0.03452733 -0.01402565 -0.02021991 0.54509804 0.71372549 0.60000000
v 0.03449168 -0.01318885 -0.02035837 0.54509804 0.71372549 0.60000000
v 0.03449168 -0.01230467 -0.02045547 0.54509804 0.71372549 0.60000000
v 0.03537913 -0.01052844 -0.02032780 0.54509804 0.71372549 0.60000000
v 0.03730062 -0.00520762 -0.01988364 0.54509804 0.71372549 0.60000000
v 0.03670238 -0.00739042 -0.02006166 0.54509804 0.71372549 0.60000000
v 0.03674993 -0.00680228 -0.02008774 0.54509804 0.71372549 0.60000000
v 0.03360818 -0.00031310 -0.02045727 0.54509804 0.71372549 0.60000000
v 0.00053466 -0.03269588 -0.02082951 0.54509804 0.71372549 0.60000000
v 0.01232909 -0.03885351 -0.01173048 0.54509804 0.71372549 0.60000000
v 0.01237663 -0.03860878 -0.01342261 0.54509804 0.71372549 0.60000000
v 0.01297091 -0.03854168 -0.01252709 0.54509804 0.71372549 0.60000000
v 0.00080010 -0.03882587 -0.01872198 0.54509804 0.71372549 0.60000000
v 0.00168756 -0.03882982 -0.01871569 0.54509804 0.71372549 0.60000000
v 0.00053466 -0.03912981 -0.01833177 0.54509804 0.71372549 0.60000000
v 0.00053466 -0.03871536 -0.01885415 0.54509804 0.71372549 0.60000000
v 0.00257105 -0.03879430 -0.01870400 0.54509804 0.71372549 0.60000000
v 0.00345851 -0.03875483 -0.01866894 0.54509804 0.71372549 0.60000000
v 0.00523341 -0.03867193 -0.01855205 0.54509804 0.71372549 0.60000000
v 0.00612087 -0.03861667 -0.01848911 0.54509804 0.71372549 0.60000000
v 0.00700832 -0.03854562 -0.01840370 0.54509804 0.71372549 0.60000000
v 0.00759468 -0.03849037 -0.01833267 0.54509804 0.71372549 0.60000000
v 0.00818499 -0.03842326 -0.01822837 0.54509804 0.71372549 0.60000000
v 0.00789182 -0.03865220 -0.01789840 0.54509804 0.71372549 0.60000000
v 0.00996782 -0.03842326 -0.01728250 0.54509804 0.71372549 0.60000000
v 0.00877927 -0.03880614 -0.01696062 0.54509804 0.71372549 0.60000000
v 0.00877927 -0.03835616 -0.01808721 0.54509804 0.71372549 0.60000000
v 0.00967068 -0.03826932 -0.01781118 0.54509804 0.71372549 0.60000000
v 0.01144956 -0.03777987 -0.01789480 0.54509804 0.71372549 0.60000000
v 0.01144163 -0.03816275 -0.01696062 0.54509804 0.71372549 0.60000000
v 0.01232909 -0.03789434 -0.01696062 0.54509804 0.71372549 0.60000000
v 0.01232909 -0.03813117 -0.01607499 0.54509804 0.71372549 0.60000000
v 0.01662769 -0.03682070 -0.01430104 0.54509804 0.71372549 0.60000000
v 0.01270546 -0.03843510 -0.01372471 0.54509804 0.71372549 0.60000000
v 0.01284016 -0.03849037 -0.01313309 0.54509804 0.71372549 0.60000000
v 0.03116768 -0.02668430 -0.01173048 0.54509804 0.71372549 0.60000000
v 0.03148067 -0.02616328 -0.01252709 0.54509804 0.71372549 0.60000000
v 0.03142916 -0.02609223 -0.01321941 0.54509804 0.71372549 0.60000000
v 0.03138162 -0.02603302 -0.01381013 0.54509804 0.71372549 0.60000000
v 0.03133804 -0.02597381 -0.01430104 0.54509804 0.71372549 0.60000000
v 0.03124692 -0.02585145 -0.01518757 0.54509804 0.71372549 0.60000000
v 0.03430547 -0.02026222 -0.01784715 0.54509804 0.71372549 0.60000000
v 0.03473731 -0.01945304 -0.01788131 0.54509804 0.71372549 0.60000000
v 0.03411530 -0.01995434 -0.01836234 0.54509804 0.71372549 0.60000000
v 0.03395682 -0.02148980 -0.01696062 0.54509804 0.71372549 0.60000000
v 0.03393305 -0.02053852 -0.01814206 0.54509804 0.71372549 0.60000000
v 0.03128654 -0.02501859 -0.01714854 0.54509804 0.71372549 0.60000000
v 0.03150444 -0.02443046 -0.01758101 0.54509804 0.71372549 0.60000000
v 0.03315257 -0.02159637 -0.01827782 0.54509804 0.71372549 0.60000000
v 0.03140539 -0.02517648 -0.01655692 0.54509804 0.71372549 0.60000000
v 0.03426981 -0.01939778 -0.01850530 0.54509804 0.71372549 0.60000000
v 0.03468580 -0.01762549 -0.01895935 0.54509804 0.71372549 0.60000000
v 0.03395286 -0.01876228 -0.01909691 0.54509804 0.71372549 0.60000000
v 0.03410341 -0.01817021 -0.01921829 0.54509804 0.71372549 0.60000000
v 0.03424208 -0.01762549 -0.01932079 0.54509804 0.71372549 0.60000000
v 0.03498294 -0.01639792 -0.01921470 0.54509804 0.71372549 0.60000000
v 0.03510576 -0.01584926 -0.01931180 0.54509804 0.71372549 0.60000000
v 0.03734817 -0.00432345 -0.01992050 0.54509804 0.71372549 0.60000000
v 0.03685690 -0.00520762 -0.02013899 0.54509804 0.71372549 0.60000000
v 0.03690444 -0.00432345 -0.02015967 0.54509804 0.71372549 0.60000000
v 0.03694406 -0.00343533 -0.02018035 0.54509804 0.71372549 0.60000000
v 0.03697179 -0.00254721 -0.02019563 0.54509804 0.71372549 0.60000000
v 0.03699160 -0.00166304 -0.02020103 0.54509804 0.71372549 0.60000000
v 0.03699952 -0.00077492 -0.02019383 0.54509804 0.71372549 0.60000000
v 0.03699556 -0.00031310 -0.02019024 0.54509804 0.71372549 0.60000000
v 0.03469373 -0.01496508 -0.01991061 0.54509804 0.71372549 0.60000000
v 0.03611999 -0.00875615 -0.02021451 0.54509804 0.71372549 0.60000000
v 0.03397663 -0.01614135 -0.02002120 0.54509804 0.71372549 0.60000000
v 0.03411530 -0.01555322 -0.02010122 0.54509804 0.71372549 0.60000000
v 0.03338236 -0.01673737 -0.02018125 0.54509804 0.71372549 0.60000000
v 0.03365176 -0.01584926 -0.02024868 0.54509804 0.71372549 0.60000000
v 0.03360818 -0.01496508 -0.02041681 0.54509804 0.71372549 0.60000000
v 0.03360818 -0.01407697 -0.02053100 0.54509804 0.71372549 0.60000000
v 0.03360818 -0.01318885 -0.02060383 0.54509804 0.71372549 0.60000000
v 0.03449168 -0.01141656 -0.02052021 0.54509804 0.71372549 0.60000000
v 0.03537913 -0.00964426 -0.02039344 0.54509804 0.71372549 0.60000000
v 0.03680143 -0.00609574 -0.02011381 0.54509804 0.71372549 0.60000000
v 0.03621508 -0.00786803 -0.02024508 0.54509804 0.71372549 0.60000000
v 0.03449168 -0.00031310 -0.02049324 0.54509804 0.71372549 0.60000000
v 0.00053466 -0.03331954 -0.02085918 0.54509804 0.71372549 0.60000000
v 0.01302637 -0.03861273 -0.01173048 0.54509804 0.71372549 0.60000000
v 0.01309372 -0.03858904 -0.01173048 0.54509804 0.71372549 0.60000000
v 0.01587494 -0.03726674 -0.01341452 0.54509804 0.71372549 0.60000000
v 0.01683767 -0.03688386 -0.01346487 0.54509804 0.71372549 0.60000000
v 0.01676240 -0.03704964 -0.01252709 0.54509804 0.71372549 0.60000000
v 0.01598984 -0.03745620 -0.01173048 0.54509804 0.71372549 0.60000000
v 0.00168756 -0.03844300 -0.01915895 0.54509804 0.71372549 0.60000000
v 0.00257105 -0.03843115 -0.01914726 0.54509804 0.71372549 0.60000000
v 0.00080010 -0.03844694 -0.01916525 0.54509804 0.71372549 0.60000000
v 0.00053466 -0.03844694 -0.01916615 0.54509804 0.71372549 0.60000000
v 0.00345851 -0.03839958 -0.01911220 0.54509804 0.71372549 0.60000000
v 0.00434596 -0.03834432 -0.01905466 0.54509804 0.71372549 0.60000000
v 0.00612087 -0.03822195 -0.01893238 0.54509804 0.71372549 0.60000000
v 0.00700832 -0.03815880 -0.01884696 0.54509804 0.71372549 0.60000000
v 0.00523341 -0.03828116 -0.01899621 0.54509804 0.71372549 0.60000000
v 0.00789182 -0.03813117 -0.01867073 0.54509804 0.71372549 0.60000000
v 0.00896151 -0.03751146 -0.01911759 0.54509804 0.71372549 0.60000000
v 0.00966672 -0.03780355 -0.01858442 0.54509804 0.71372549 0.60000000
v 0.01055418 -0.03769698 -0.01845405 0.54509804 0.71372549 0.60000000
v 0.01115638 -0.03761803 -0.01835155 0.54509804 0.71372549 0.60000000
v 0.01174670 -0.03752725 -0.01822208 0.54509804 0.71372549 0.60000000
v 0.01232909 -0.03766145 -0.01758101 0.54509804 0.71372549 0.60000000
v 0.01278074 -0.03757462 -0.01741198 0.54509804 0.71372549 0.60000000
v 0.01295506 -0.03765356 -0.01696062 0.54509804 0.71372549 0.60000000
v 0.01552234 -0.03672202 -0.01665043 0.54509804 0.71372549 0.60000000
v 0.01676240 -0.03637861 -0.01607499 0.54509804 0.71372549 0.60000000
v 0.01646130 -0.03674176 -0.01499426 0.54509804 0.71372549 0.60000000
v 0.01675843 -0.03656413 -0.01524961 0.54509804 0.71372549 0.60000000
v 0.01707142 -0.03662729 -0.01430104 0.54509804 0.71372549 0.60000000
v 0.01718235 -0.03667465 -0.01379394 0.54509804 0.71372549 0.60000000
v 0.03077150 -0.02709481 -0.01173048 0.54509804 0.71372549 0.60000000
v 0.03065264 -0.02707113 -0.01252709 0.54509804 0.71372549 0.60000000
v 0.03051794 -0.02694482 -0.01392971 0.54509804 0.71372549 0.60000000
v 0.03109637 -0.02660536 -0.01252709 0.54509804 0.71372549 0.60000000
v 0.03082696 -0.02655010 -0.01425609 0.54509804 0.71372549 0.60000000
v 0.03080319 -0.02636458 -0.01518757 0.54509804 0.71372549 0.60000000
v 0.03068037 -0.02623827 -0.01607499 0.54509804 0.71372549 0.60000000
v 0.03112410 -0.02570540 -0.01607499 0.54509804 0.71372549 0.60000000
v 0.03334274 -0.02100429 -0.01846124 0.54509804 0.71372549 0.60000000
v 0.03356460 -0.02022275 -0.01870760 0.54509804 0.71372549 0.60000000
v 0.03320011 -0.01989908 -0.01920481 0.54509804 0.71372549 0.60000000
v 0.03378250 -0.01939778 -0.01894856 0.54509804 0.71372549 0.60000000
v 0.03046247 -0.02600144 -0.01731307 0.54509804 0.71372549 0.60000000
v 0.03069226 -0.02540936 -0.01769160 0.54509804 0.71372549 0.60000000
v 0.03049417 -0.02514885 -0.01828322 0.54509804 0.71372549 0.60000000
v 0.03234039 -0.02258317 -0.01835335 0.54509804 0.71372549 0.60000000
v 0.03253848 -0.02205424 -0.01851249 0.54509804 0.71372549 0.60000000
v 0.03278016 -0.02124902 -0.01878852 0.54509804 0.71372549 0.60000000
v 0.03299806 -0.02048721 -0.01905286 0.54509804 0.71372549 0.60000000
v 0.03057736 -0.02612775 -0.01672236 0.54509804 0.71372549 0.60000000
v 0.03333878 -0.01939778 -0.01931000 0.54509804 0.71372549 0.60000000
v 0.03363591 -0.01848598 -0.01944577 0.54509804 0.71372549 0.60000000
v 0.03356064 -0.01762944 -0.01980092 0.54509804 0.71372549 0.60000000
v 0.03452733 -0.01670974 -0.01944128 0.54509804 0.71372549 0.60000000
v 0.03626658 -0.00609574 -0.02033230 0.54509804 0.71372549 0.60000000
v 0.03626658 -0.00520762 -0.02036826 0.54509804 0.71372549 0.60000000
v 0.03626658 -0.00432345 -0.02038804 0.54509804 0.71372549 0.60000000
v 0.03626658 -0.00343533 -0.02040423 0.54509804 0.71372549 0.60000000
v 0.03626658 -0.00254721 -0.02041501 0.54509804 0.71372549 0.60000000
v 0.03626658 -0.00166304 -0.02041142 0.54509804 0.71372549 0.60000000
v 0.03626658 -0.00031310 -0.02039164 0.54509804 0.71372549 0.60000000
v 0.03444413 -0.01584926 -0.01979193 0.54509804 0.71372549 0.60000000
v 0.03382608 -0.01673737 -0.01992320 0.54509804 0.71372549 0.60000000
v 0.03308918 -0.01792943 -0.02002570 0.54509804 0.71372549 0.60000000
v 0.03323577 -0.01733735 -0.02010572 0.54509804 0.71372549 0.60000000
v 0.03276431 -0.01762944 -0.02024868 0.54509804 0.71372549 0.60000000
v 0.03272073 -0.01673737 -0.02043749 0.54509804 0.71372549 0.60000000
v 0.03272073 -0.01584926 -0.02055168 0.54509804 0.71372549 0.60000000
v 0.03272073 -0.01496508 -0.02062631 0.54509804 0.71372549 0.60000000
v 0.03360818 -0.01230467 -0.02063260 0.54509804 0.71372549 0.60000000
v 0.03449168 -0.01052844 -0.02055797 0.54509804 0.71372549 0.60000000
v 0.03272073 -0.01407697 -0.02066946 0.54509804 0.71372549 0.60000000
v 0.03537913 -0.00786803 -0.02049504 0.54509804 0.71372549 0.60000000
v 0.03537913 -0.00875615 -0.02045008 0.54509804 0.71372549 0.60000000
v 0.03537913 -0.00031310 -0.02048964 0.54509804 0.71372549 0.60000000
v 0.03449168 -0.00520762 -0.02056786 0.54509804 0.71372549 0.60000000
v 0.03272073 -0.01230467 -0.02068295 0.54509804 0.71372549 0.60000000
v 0.02473760 -0.02471465 -0.02086097 0.54509804 0.71372549 0.60000000
v 0.00168756 -0.03446817 -0.02090593 0.54509804 0.71372549 0.60000000
v 0.00080010 -0.03446817 -0.02089784 0.54509804 0.71372549 0.60000000
v 0.00053466 -0.03446817 -0.02089514 0.54509804 0.71372549 0.60000000
v 0.00053466 -0.03420766 -0.02088885 0.54509804 0.71372549 0.60000000
v 0.00053466 -0.03358005 -0.02086997 0.54509804 0.71372549 0.60000000
v 0.01727744 -0.03672597 -0.01320233 0.54509804 0.71372549 0.60000000
v 0.01736856 -0.03676939 -0.01252709 0.54509804 0.71372549 0.60000000
v 0.01746364 -0.03682070 -0.01173048 0.54509804 0.71372549 0.60000000
v 0.01676240 -0.03714437 -0.01173048 0.54509804 0.71372549 0.60000000
v 0.00168756 -0.03799696 -0.01957075 0.54509804 0.71372549 0.60000000
v 0.00080010 -0.03800486 -0.01957704 0.54509804 0.71372549 0.60000000
v 0.00257105 -0.03798907 -0.01955276 0.54509804 0.71372549 0.60000000
v 0.00345851 -0.03795749 -0.01952310 0.54509804 0.71372549 0.60000000
v 0.00053466 -0.03831669 -0.01928843 0.54509804 0.71372549 0.60000000
v 0.00434596 -0.03789828 -0.01948263 0.54509804 0.71372549 0.60000000
v 0.00523341 -0.03783908 -0.01943138 0.54509804 0.71372549 0.60000000
v 0.00612087 -0.03777987 -0.01937294 0.54509804 0.71372549 0.60000000
v 0.00700832 -0.03771277 -0.01931000 0.54509804 0.71372549 0.60000000
v 0.00789182 -0.03762987 -0.01923178 0.54509804 0.71372549 0.60000000
v 0.00837120 -0.03757856 -0.01918413 0.54509804 0.71372549 0.60000000
v 0.00966672 -0.03698253 -0.01943408 0.54509804 0.71372549 0.60000000
v 0.01055418 -0.03686807 -0.01933698 0.54509804 0.71372549 0.60000000
v 0.00966672 -0.03742462 -0.01902858 0.54509804 0.71372549 0.60000000
v 0.01055418 -0.03731015 -0.01889731 0.54509804 0.71372549 0.60000000
v 0.01148917 -0.03714832 -0.01875345 0.54509804 0.71372549 0.60000000
v 0.01232909 -0.03698253 -0.01861499 0.54509804 0.71372549 0.60000000
v 0.01321258 -0.03681675 -0.01843876 0.54509804 0.71372549 0.60000000
v 0.01374347 -0.03671807 -0.01832997 0.54509804 0.71372549 0.60000000
v 0.01232909 -0.03742462 -0.01802427 0.54509804 0.71372549 0.60000000
v 0.01433378 -0.03660360 -0.01813127 0.54509804 0.71372549 0.60000000
v 0.01500333 -0.03648914 -0.01783995 0.54509804 0.71372549 0.60000000
v 0.01471808 -0.03674965 -0.01753965 0.54509804 0.71372549 0.60000000
v 0.01530840 -0.03663913 -0.01724204 0.54509804 0.71372549 0.60000000
v 0.01583929 -0.03651282 -0.01695163 0.54509804 0.71372549 0.60000000
v 0.01683371 -0.03607073 -0.01702805 0.54509804 0.71372549 0.60000000
v 0.01739233 -0.03590101 -0.01677720 0.54509804 0.71372549 0.60000000
v 0.01766966 -0.03596416 -0.01599587 0.54509804 0.71372549 0.60000000
v 0.01764985 -0.03614573 -0.01518757 0.54509804 0.71372549 0.60000000
v 0.02170282 -0.03406951 -0.01492773 0.54509804 0.71372549 0.60000000
v 0.02762579 -0.03025257 -0.01173048 0.54509804 0.71372549 0.60000000
v 0.03045851 -0.02688956 -0.01452133 0.54509804 0.71372549 0.60000000
v 0.02697208 -0.03049335 -0.01393151 0.54509804 0.71372549 0.60000000
v 0.03037531 -0.02681061 -0.01518757 0.54509804 0.71372549 0.60000000
v 0.03023665 -0.02668036 -0.01607499 0.54509804 0.71372549 0.60000000
v 0.03240774 -0.02090166 -0.01926685 0.54509804 0.71372549 0.60000000
v 0.03270884 -0.02023064 -0.01937924 0.54509804 0.71372549 0.60000000
v 0.03136577 -0.02068457 -0.02005177 0.54509804 0.71372549 0.60000000
v 0.03266130 -0.01935831 -0.01977035 0.54509804 0.71372549 0.60000000
v 0.02982462 -0.02623038 -0.01784715 0.54509804 0.71372549 0.60000000
v 0.02964237 -0.02606459 -0.01831289 0.54509804 0.71372549 0.60000000
v 0.03031192 -0.02566198 -0.01793166 0.54509804 0.71372549 0.60000000
v 0.02699982 -0.02963286 -0.01661806 0.54509804 0.71372549 0.60000000
v 0.02686115 -0.02950260 -0.01720878 0.54509804 0.71372549 0.60000000
v 0.02715829 -0.02891052 -0.01767721 0.54509804 0.71372549 0.60000000
v 0.03070811 -0.02455677 -0.01847473 0.54509804 0.71372549 0.60000000
v 0.02985235 -0.02559883 -0.01847563 0.54509804 0.71372549 0.60000000
v 0.02951163 -0.02502648 -0.01910681 0.54509804 0.71372549 0.60000000
v 0.03012176 -0.02479360 -0.01879032 0.54509804 0.71372549 0.60000000
v 0.03033965 -0.02406337 -0.01906634 0.54509804 0.71372549 0.60000000
v 0.03182535 -0.02290289 -0.01857902 0.54509804 0.71372549 0.60000000
v 0.03186893 -0.02213714 -0.01899711 0.54509804 0.71372549 0.60000000
v 0.03218984 -0.02149374 -0.01911490 0.54509804 0.71372549 0.60000000
v 0.02726130 -0.02989732 -0.01518757 0.54509804 0.71372549 0.60000000
v 0.02711471 -0.02973943 -0.01607499 0.54509804 0.71372549 0.60000000
v 0.03292278 -0.01850966 -0.01992590 0.54509804 0.71372549 0.60000000
v 0.03537913 -0.00698386 -0.02052381 0.54509804 0.71372549 0.60000000
v 0.03537913 -0.00609574 -0.02054269 0.54509804 0.71372549 0.60000000
v 0.03537913 -0.00520762 -0.02055258 0.54509804 0.71372549 0.60000000
v 0.03537913 -0.00432345 -0.02054808 0.54509804 0.71372549 0.60000000
v 0.03580701 -0.00031310 -0.02044379 0.54509804 0.71372549 0.60000000
v 0.03232454 -0.01903464 -0.02008953 0.54509804 0.71372549 0.60000000
v 0.03247905 -0.01850966 -0.02016147 0.54509804 0.71372549 0.60000000
v 0.03183327 -0.01850966 -0.02040962 0.54509804 0.71372549 0.60000000
v 0.03183327 -0.01762549 -0.02054988 0.54509804 0.71372549 0.60000000
v 0.03183327 -0.01673737 -0.02063440 0.54509804 0.71372549 0.60000000
v 0.03094582 -0.01762549 -0.02068924 0.54509804 0.71372549 0.60000000
v 0.03183327 -0.01584926 -0.02068025 0.54509804 0.71372549 0.60000000
v 0.03360818 -0.01141656 -0.02064249 0.54509804 0.71372549 0.60000000
v 0.03272073 -0.01318885 -0.02068924 0.54509804 0.71372549 0.60000000
v 0.03094582 -0.01673737 -0.02071892 0.54509804 0.71372549 0.60000000
v 0.03183327 -0.01496508 -0.02070633 0.54509804 0.71372549 0.60000000
v 0.03537913 -0.00343533 -0.02053550 0.54509804 0.71372549 0.60000000
v 0.02828742 -0.02028590 -0.02078545 0.54509804 0.71372549 0.60000000
v 0.02917091 -0.01939778 -0.02076567 0.54509804 0.71372549 0.60000000
v 0.02562505 -0.02382653 -0.02083940 0.54509804 0.71372549 0.60000000
v 0.02562505 -0.02471465 -0.02080883 0.54509804 0.71372549 0.60000000
v 0.02473760 -0.02559883 -0.02081962 0.54509804 0.71372549 0.60000000
v 0.02385014 -0.02559883 -0.02086907 0.54509804 0.71372549 0.60000000
v 0.01144163 -0.03269588 -0.02091492 0.54509804 0.71372549 0.60000000
v 0.00434596 -0.03446817 -0.02090323 0.54509804 0.71372549 0.60000000
v 0.00053466 -0.03535629 -0.02087176 0.54509804 0.71372549 0.60000000
v 0.02179791 -0.03412477 -0.01430104 0.54509804 0.71372549 0.60000000
v 0.02191676 -0.03419187 -0.01341452 0.54509804 0.71372549 0.60000000
v 0.02208316 -0.03434581 -0.01173048 0.54509804 0.71372549 0.60000000
v 0.01781229 -0.03653255 -0.01252709 0.54509804 0.71372549 0.60000000
v 0.01790737 -0.03658387 -0.01173048 0.54509804 0.71372549 0.60000000
v 0.00168756 -0.03751146 -0.02001401 0.54509804 0.71372549 0.60000000
v 0.00080010 -0.03751935 -0.02002030 0.54509804 0.71372549 0.60000000
v 0.00053466 -0.03800486 -0.01957884 0.54509804 0.71372549 0.60000000
v 0.00053466 -0.03786276 -0.01971011 0.54509804 0.71372549 0.60000000
v 0.00257105 -0.03748778 -0.01999603 0.54509804 0.71372549 0.60000000
v 0.00345851 -0.03744830 -0.01996636 0.54509804 0.71372549 0.60000000
v 0.00434596 -0.03740488 -0.01992590 0.54509804 0.71372549 0.60000000
v 0.00523341 -0.03734963 -0.01987465 0.54509804 0.71372549 0.60000000
v 0.00612087 -0.03727858 -0.01981620 0.54509804 0.71372549 0.60000000
v 0.00700832 -0.03719569 -0.01975327 0.54509804 0.71372549 0.60000000
v 0.00784427 -0.03704964 -0.01972989 0.54509804 0.71372549 0.60000000
v 0.00871192 -0.03717990 -0.01945656 0.54509804 0.71372549 0.60000000
v 0.00966672 -0.03646150 -0.01987735 0.54509804 0.71372549 0.60000000
v 0.01055418 -0.03635493 -0.01978114 0.54509804 0.71372549 0.60000000
v 0.01111676 -0.03583390 -0.02009223 0.54509804 0.71372549 0.60000000
v 0.01123165 -0.03676544 -0.01924976 0.54509804 0.71372549 0.60000000
v 0.01182197 -0.03666281 -0.01915626 0.54509804 0.71372549 0.60000000
v 0.01232909 -0.03657203 -0.01905825 0.54509804 0.71372549 0.60000000
v 0.01381478 -0.03586153 -0.01923628 0.54509804 0.71372549 0.60000000
v 0.01321258 -0.03641019 -0.01888203 0.54509804 0.71372549 0.60000000
v 0.01407626 -0.03623257 -0.01872558 0.54509804 0.71372549 0.60000000
v 0.01498749 -0.03602731 -0.01855745 0.54509804 0.71372549 0.60000000
v 0.01564912 -0.03589311 -0.01840729 0.54509804 0.71372549 0.60000000
v 0.01623943 -0.03576285 -0.01823107 0.54509804 0.71372549 0.60000000
v 0.01591456 -0.03608652 -0.01790019 0.54509804 0.71372549 0.60000000
v 0.01658411 -0.03593258 -0.01763945 0.54509804 0.71372549 0.60000000
v 0.01717443 -0.03578259 -0.01736882 0.54509804 0.71372549 0.60000000
v 0.01892160 -0.03488263 -0.01728610 0.54509804 0.71372549 0.60000000
v 0.02064501 -0.03396688 -0.01722496 0.54509804 0.71372549 0.60000000
v 0.02142549 -0.03391557 -0.01607499 0.54509804 0.71372549 0.60000000
v 0.02158001 -0.03399846 -0.01551934 0.54509804 0.71372549 0.60000000
v 0.01798265 -0.03573522 -0.01623953 0.54509804 0.71372549 0.60000000
v 0.02251500 -0.03313402 -0.01650387 0.54509804 0.71372549 0.60000000
v 0.02203166 -0.03377741 -0.01520915 0.54509804 0.71372549 0.60000000
v 0.02224163 -0.03383267 -0.01430104 0.54509804 0.71372549 0.60000000
v 0.02236049 -0.03392346 -0.01341452 0.54509804 0.71372549 0.60000000
v 0.02718206 -0.03067886 -0.01173048 0.54509804 0.71372549 0.60000000
v 0.02710679 -0.03061176 -0.01252709 0.54509804 0.71372549 0.60000000
v 0.02689681 -0.03043019 -0.01452223 0.54509804 0.71372549 0.60000000
v 0.02658778 -0.03112884 -0.01173048 0.54509804 0.71372549 0.60000000
v 0.02253085 -0.03403003 -0.01211710 0.54509804 0.71372549 0.60000000
v 0.02285572 -0.03339059 -0.01430104 0.54509804 0.71372549 0.60000000
v 0.03159952 -0.02189636 -0.01932439 0.54509804 0.71372549 0.60000000
v 0.03098148 -0.02210161 -0.01964717 0.54509804 0.71372549 0.60000000
v 0.03057736 -0.02171479 -0.02010752 0.54509804 0.71372549 0.60000000
v 0.03120730 -0.02116613 -0.01994388 0.54509804 0.71372549 0.60000000
v 0.03076357 -0.02116613 -0.02018844 0.54509804 0.71372549 0.60000000
v 0.03213437 -0.01962672 -0.01998883 0.54509804 0.71372549 0.60000000
v 0.02776049 -0.02685009 -0.01911759 0.54509804 0.71372549 0.60000000
v 0.02864795 -0.02595802 -0.01912029 0.54509804 0.71372549 0.60000000
v 0.02919864 -0.02563830 -0.01893687 0.54509804 0.71372549 0.60000000
v 0.02693643 -0.02868553 -0.01826883 0.54509804 0.71372549 0.60000000
v 0.02634611 -0.02895789 -0.01852508 0.54509804 0.71372549 0.60000000
v 0.02597766 -0.02861843 -0.01911580 0.54509804 0.71372549 0.60000000
v 0.02660759 -0.03018547 -0.01607499 0.54509804 0.71372549 0.60000000
v 0.02607274 -0.03048150 -0.01652635 0.54509804 0.71372549 0.60000000
v 0.02646893 -0.02999205 -0.01686801 0.54509804 0.71372549 0.60000000
v 0.02590238 -0.03035520 -0.01711797 0.54509804 0.71372549 0.60000000
v 0.02627084 -0.02976311 -0.01764575 0.54509804 0.71372549 0.60000000
v 0.02660363 -0.02923024 -0.01795774 0.54509804 0.71372549 0.60000000
v 0.02892131 -0.02536594 -0.01930011 0.54509804 0.71372549 0.60000000
v 0.02919864 -0.02472650 -0.01946735 0.54509804 0.71372549 0.60000000
v 0.02974538 -0.02443440 -0.01926415 0.54509804 0.71372549 0.60000000
v 0.03005044 -0.02379101 -0.01940081 0.54509804 0.71372549 0.60000000
v 0.03056944 -0.02347129 -0.01922369 0.54509804 0.71372549 0.60000000
v 0.03138162 -0.02248449 -0.01917244 0.54509804 0.71372549 0.60000000
v 0.03121126 -0.02293842 -0.01904656 0.54509804 0.71372549 0.60000000
v 0.02678191 -0.03033941 -0.01518757 0.54509804 0.71372549 0.60000000
v 0.03183723 -0.01935831 -0.02021361 0.54509804 0.71372549 0.60000000
v 0.03102109 -0.02034906 -0.02029184 0.54509804 0.71372549 0.60000000
v 0.03005836 -0.02116613 -0.02046087 0.54509804 0.71372549 0.60000000
v 0.03094582 -0.01939778 -0.02052111 0.54509804 0.71372549 0.60000000
v 0.03005836 -0.02028590 -0.02061102 0.54509804 0.71372549 0.60000000
v 0.03094582 -0.01850966 -0.02062810 0.54509804 0.71372549 0.60000000
v 0.03005836 -0.01939778 -0.02069644 0.54509804 0.71372549 0.60000000
v 0.02917091 -0.02028590 -0.02073959 0.54509804 0.71372549 0.60000000
v 0.03005836 -0.01850966 -0.02072970 0.54509804 0.71372549 0.60000000
v 0.02828742 -0.02116613 -0.02076657 0.54509804 0.71372549 0.60000000
v 0.02739996 -0.02205424 -0.02079084 0.54509804 0.71372549 0.60000000
v 0.02651251 -0.02382653 -0.02078095 0.54509804 0.71372549 0.60000000
v 0.02651251 -0.02471465 -0.02067845 0.54509804 0.71372549 0.60000000
v 0.02562505 -0.02559883 -0.02069104 0.54509804 0.71372549 0.60000000
v 0.02385014 -0.02648694 -0.02081782 0.54509804 0.71372549 0.60000000
v 0.02119174 -0.02825924 -0.02085918 0.54509804 0.71372549 0.60000000
v 0.01942080 -0.02914735 -0.02087626 0.54509804 0.71372549 0.60000000
v 0.01410003 -0.03180776 -0.02090323 0.54509804 0.71372549 0.60000000
v 0.01232909 -0.03269588 -0.02091133 0.54509804 0.71372549 0.60000000
v 0.01055418 -0.03358005 -0.02090503 0.54509804 0.71372549 0.60000000
v 0.00523341 -0.03446817 -0.02089964 0.54509804 0.71372549 0.60000000
v 0.00080010 -0.03535629 -0.02087087 0.54509804 0.71372549 0.60000000
v 0.00053466 -0.03624046 -0.02069644 0.54509804 0.71372549 0.60000000
v 0.02245161 -0.03398267 -0.01270781 0.54509804 0.71372549 0.60000000
v 0.02212674 -0.03421555 -0.01245876 0.54509804 0.71372549 0.60000000
v 0.02256651 -0.03405766 -0.01173048 0.54509804 0.71372549 0.60000000
v 0.00168756 -0.03706937 -0.02031342 0.54509804 0.71372549 0.60000000
v 0.00257105 -0.03704175 -0.02030442 0.54509804 0.71372549 0.60000000
v 0.00053466 -0.03751935 -0.02002210 0.54509804 0.71372549 0.60000000
v 0.00345851 -0.03700622 -0.02028195 0.54509804 0.71372549 0.60000000
v 0.00434596 -0.03696280 -0.02025587 0.54509804 0.71372549 0.60000000
v 0.00523341 -0.03690754 -0.02022620 0.54509804 0.71372549 0.60000000
v 0.00612087 -0.03683649 -0.02018125 0.54509804 0.71372549 0.60000000
v 0.00700832 -0.03675360 -0.02011741 0.54509804 0.71372549 0.60000000
v 0.00810972 -0.03663518 -0.02002570 0.54509804 0.71372549 0.60000000
v 0.00877927 -0.03656019 -0.01996456 0.54509804 0.71372549 0.60000000
v 0.01055418 -0.03591285 -0.02014618 0.54509804 0.71372549 0.60000000
v 0.01142182 -0.03540760 -0.02028374 0.54509804 0.71372549 0.60000000
v 0.01232909 -0.03517472 -0.02023789 0.54509804 0.71372549 0.60000000
v 0.01321258 -0.03501288 -0.02013719 0.54509804 0.71372549 0.60000000
v 0.01369989 -0.03492999 -0.02007695 0.54509804 0.71372549 0.60000000
v 0.01170708 -0.03573522 -0.02001581 0.54509804 0.71372549 0.60000000
v 0.01232909 -0.03612600 -0.01947724 0.54509804 0.71372549 0.60000000
v 0.01321258 -0.03596811 -0.01933608 0.54509804 0.71372549 0.60000000
v 0.01405249 -0.03533656 -0.01960941 0.54509804 0.71372549 0.60000000
v 0.01498749 -0.03517472 -0.01941430 0.54509804 0.71372549 0.60000000
v 0.01440906 -0.03573917 -0.01912119 0.54509804 0.71372549 0.60000000
v 0.01321258 -0.03545892 -0.01977934 0.54509804 0.71372549 0.60000000
v 0.01498749 -0.03561681 -0.01900071 0.54509804 0.71372549 0.60000000
v 0.01627905 -0.03489447 -0.01916165 0.54509804 0.71372549 0.60000000
v 0.01676240 -0.03478395 -0.01905106 0.54509804 0.71372549 0.60000000
v 0.01676240 -0.03519051 -0.01860690 0.54509804 0.71372549 0.60000000
v 0.01742799 -0.03502867 -0.01843337 0.54509804 0.71372549 0.60000000
v 0.01801830 -0.03487079 -0.01822477 0.54509804 0.71372549 0.60000000
v 0.01683371 -0.03566023 -0.01790019 0.54509804 0.71372549 0.60000000
v 0.01769343 -0.03522603 -0.01789660 0.54509804 0.71372549 0.60000000
v 0.01832733 -0.03503657 -0.01763316 0.54509804 0.71372549 0.60000000
v 0.02005469 -0.03412477 -0.01760169 0.54509804 0.71372549 0.60000000
v 0.02175036 -0.03320902 -0.01754325 0.54509804 0.71372549 0.60000000
v 0.02194053 -0.03332349 -0.01696062 0.54509804 0.71372549 0.60000000
v 0.02114420 -0.03378136 -0.01694174 0.54509804 0.71372549 0.60000000
v 0.02238426 -0.03304718 -0.01696062 0.54509804 0.71372549 0.60000000
v 0.02616387 -0.03054861 -0.01607499 0.54509804 0.71372549 0.60000000
v 0.02633819 -0.03067097 -0.01518757 0.54509804 0.71372549 0.60000000
v 0.02261009 -0.03320507 -0.01591405 0.54509804 0.71372549 0.60000000
v 0.02272102 -0.03329191 -0.01518757 0.54509804 0.71372549 0.60000000
v 0.03076754 -0.02293842 -0.01936305 0.54509804 0.71372549 0.60000000
v 0.03035154 -0.02230687 -0.01996995 0.54509804 0.71372549 0.60000000
v 0.02976122 -0.02267790 -0.02013989 0.54509804 0.71372549 0.60000000
v 0.03005836 -0.02202662 -0.02023160 0.54509804 0.71372549 0.60000000
v 0.02805763 -0.02625801 -0.01931450 0.54509804 0.71372549 0.60000000
v 0.02627876 -0.02802635 -0.01931180 0.54509804 0.71372549 0.60000000
v 0.02716621 -0.02714218 -0.01931450 0.54509804 0.71372549 0.60000000
v 0.02601331 -0.02954602 -0.01823736 0.54509804 0.71372549 0.60000000
v 0.02570033 -0.02921446 -0.01880021 0.54509804 0.71372549 0.60000000
v 0.02503078 -0.02947102 -0.01907534 0.54509804 0.71372549 0.60000000
v 0.02538734 -0.02888289 -0.01930281 0.54509804 0.71372549 0.60000000
v 0.02531207 -0.03057229 -0.01754684 0.54509804 0.71372549 0.60000000
v 0.02334303 -0.03219853 -0.01725823 0.54509804 0.71372549 0.60000000
v 0.02432161 -0.03138541 -0.01743625 0.54509804 0.71372549 0.60000000
v 0.02253481 -0.03226169 -0.01830120 0.54509804 0.71372549 0.60000000
v 0.02699189 -0.02608038 -0.02008324 0.54509804 0.71372549 0.60000000
v 0.02758221 -0.02575277 -0.01990612 0.54509804 0.71372549 0.60000000
v 0.02784369 -0.02516069 -0.02006616 0.54509804 0.71372549 0.60000000
v 0.02848155 -0.02471465 -0.01991780 0.54509804 0.71372549 0.60000000
v 0.02951955 -0.02326998 -0.02000772 0.54509804 0.71372549 0.60000000
v 0.03005836 -0.02295815 -0.01982430 0.54509804 0.71372549 0.60000000
v 0.02868756 -0.02422125 -0.02004188 0.54509804 0.71372549 0.60000000
v 0.02917091 -0.02205424 -0.02053819 0.54509804 0.71372549 0.60000000
v 0.02917091 -0.02116613 -0.02067036 0.54509804 0.71372549 0.60000000
v 0.02828742 -0.02205424 -0.02071082 0.54509804 0.71372549 0.60000000
v 0.02739996 -0.02293842 -0.02074769 0.54509804 0.71372549 0.60000000
v 0.02739996 -0.02382653 -0.02064609 0.54509804 0.71372549 0.60000000
v 0.02739996 -0.02471465 -0.02042131 0.54509804 0.71372549 0.60000000
v 0.02651251 -0.02559883 -0.02045008 0.54509804 0.71372549 0.60000000
v 0.02562505 -0.02648694 -0.02044559 0.54509804 0.71372549 0.60000000
v 0.02473760 -0.02648694 -0.02068565 0.54509804 0.71372549 0.60000000
v 0.02296665 -0.02737506 -0.02080703 0.54509804 0.71372549 0.60000000
v 0.02030825 -0.02914735 -0.02084569 0.54509804 0.71372549 0.60000000
v 0.01853334 -0.03003547 -0.02086727 0.54509804 0.71372549 0.60000000
v 0.01144163 -0.03358005 -0.02088525 0.54509804 0.71372549 0.60000000
v 0.01498749 -0.03180776 -0.02088345 0.54509804 0.71372549 0.60000000
v 0.01321258 -0.03269588 -0.02088975 0.54509804 0.71372549 0.60000000
v 0.00966672 -0.03446817 -0.02082321 0.54509804 0.71372549 0.60000000
v 0.00434596 -0.03535629 -0.02083670 0.54509804 0.71372549 0.60000000
v 0.00612087 -0.03446817 -0.02089154 0.54509804 0.71372549 0.60000000
v 0.00168756 -0.03535629 -0.02086727 0.54509804 0.71372549 0.60000000
v 0.00080010 -0.03624046 -0.02069554 0.54509804 0.71372549 0.60000000
v 0.00053466 -0.03682859 -0.02042580 0.54509804 0.71372549 0.60000000
v 0.00168756 -0.03624046 -0.02069014 0.54509804 0.71372549 0.60000000
v 0.00257105 -0.03624046 -0.02067306 0.54509804 0.71372549 0.60000000
v 0.00053466 -0.03707727 -0.02030982 0.54509804 0.71372549 0.60000000
v 0.00345851 -0.03624046 -0.02064519 0.54509804 0.71372549 0.60000000
v 0.00434596 -0.03624046 -0.02061012 0.54509804 0.71372549 0.60000000
v 0.00523341 -0.03624046 -0.02056067 0.54509804 0.71372549 0.60000000
v 0.00612087 -0.03624046 -0.02049324 0.54509804 0.71372549 0.60000000
v 0.00700832 -0.03624046 -0.02040872 0.54509804 0.71372549 0.60000000
v 0.00877927 -0.03611810 -0.02027655 0.54509804 0.71372549 0.60000000
v 0.00966672 -0.03601942 -0.02021721 0.54509804 0.71372549 0.60000000
v 0.01055418 -0.03535629 -0.02044828 0.54509804 0.71372549 0.60000000
v 0.01232909 -0.03446817 -0.02059394 0.54509804 0.71372549 0.60000000
v 0.01321258 -0.03446817 -0.02043929 0.54509804 0.71372549 0.60000000
v 0.01404061 -0.03449185 -0.02024778 0.54509804 0.71372549 0.60000000
v 0.01498749 -0.03421950 -0.02018844 0.54509804 0.71372549 0.60000000
v 0.01558969 -0.03409713 -0.02011561 0.54509804 0.71372549 0.60000000
v 0.01429416 -0.03480368 -0.01998164 0.54509804 0.71372549 0.60000000
v 0.01232909 -0.03562075 -0.01992050 0.54509804 0.71372549 0.60000000
v 0.01498749 -0.03466158 -0.01985756 0.54509804 0.71372549 0.60000000
v 0.01593437 -0.03449580 -0.01964537 0.54509804 0.71372549 0.60000000
v 0.01568873 -0.03502473 -0.01927943 0.54509804 0.71372549 0.60000000
v 0.01676240 -0.03434186 -0.01945206 0.54509804 0.71372549 0.60000000
v 0.01764985 -0.03413661 -0.01927404 0.54509804 0.71372549 0.60000000
v 0.01810150 -0.03403003 -0.01918233 0.54509804 0.71372549 0.60000000
v 0.01917120 -0.03412871 -0.01842168 0.54509804 0.71372549 0.60000000
v 0.01976548 -0.03396688 -0.01819241 0.54509804 0.71372549 0.60000000
v 0.01858881 -0.03475632 -0.01789660 0.54509804 0.71372549 0.60000000
v 0.01944853 -0.03430634 -0.01787682 0.54509804 0.71372549 0.60000000
v 0.02118382 -0.03336690 -0.01784265 0.54509804 0.71372549 0.60000000
v 0.02147304 -0.03304718 -0.01813486 0.54509804 0.71372549 0.60000000
v 0.02205939 -0.03284193 -0.01784265 0.54509804 0.71372549 0.60000000
v 0.02270121 -0.03239195 -0.01784715 0.54509804 0.71372549 0.60000000
v 0.02892924 -0.02363312 -0.02016506 0.54509804 0.71372549 0.60000000
v 0.02920260 -0.02295815 -0.02027925 0.54509804 0.71372549 0.60000000
v 0.02737619 -0.02646326 -0.01961031 0.54509804 0.71372549 0.60000000
v 0.02558544 -0.02821976 -0.01960222 0.54509804 0.71372549 0.60000000
v 0.02578353 -0.02754874 -0.01990252 0.54509804 0.71372549 0.60000000
v 0.02648478 -0.02734743 -0.01960851 0.54509804 0.71372549 0.60000000
v 0.02542300 -0.02977496 -0.01848372 0.54509804 0.71372549 0.60000000
v 0.02347377 -0.03052887 -0.01921650 0.54509804 0.71372549 0.60000000
v 0.02444046 -0.02970786 -0.01926325 0.54509804 0.71372549 0.60000000
v 0.02473760 -0.02916314 -0.01947724 0.54509804 0.71372549 0.60000000
v 0.02428199 -0.02868948 -0.02005807 0.54509804 0.71372549 0.60000000
v 0.02473760 -0.02848028 -0.01993129 0.54509804 0.71372549 0.60000000
v 0.02249519 -0.03134594 -0.01916255 0.54509804 0.71372549 0.60000000
v 0.02088272 -0.03320902 -0.01837762 0.54509804 0.71372549 0.60000000
v 0.02207920 -0.03241168 -0.01845225 0.54509804 0.71372549 0.60000000
v 0.02215051 -0.03183145 -0.01894317 0.54509804 0.71372549 0.60000000
v 0.02668683 -0.02666852 -0.01990612 0.54509804 0.71372549 0.60000000
v 0.02609651 -0.02695666 -0.02007965 0.54509804 0.71372549 0.60000000
v 0.02644120 -0.02641984 -0.02016686 0.54509804 0.71372549 0.60000000
v 0.02733261 -0.02551593 -0.02015697 0.54509804 0.71372549 0.60000000
v 0.02803782 -0.02471465 -0.02015877 0.54509804 0.71372549 0.60000000
v 0.02835081 -0.02388574 -0.02031971 0.54509804 0.71372549 0.60000000
v 0.02828742 -0.02293842 -0.02059574 0.54509804 0.71372549 0.60000000
v 0.02554186 -0.02730402 -0.02015697 0.54509804 0.71372549 0.60000000
v 0.02473760 -0.02737506 -0.02042760 0.54509804 0.71372549 0.60000000
v 0.02385014 -0.02737506 -0.02067126 0.54509804 0.71372549 0.60000000
v 0.02207920 -0.02825924 -0.02078725 0.54509804 0.71372549 0.60000000
v 0.02119174 -0.02914735 -0.02075398 0.54509804 0.71372549 0.60000000
v 0.01942080 -0.03003547 -0.02080703 0.54509804 0.71372549 0.60000000
v 0.01764985 -0.03091964 -0.02083580 0.54509804 0.71372549 0.60000000
v 0.01587494 -0.03180776 -0.02084749 0.54509804 0.71372549 0.60000000
v 0.01410003 -0.03269588 -0.02084929 0.54509804 0.71372549 0.60000000
v 0.01232909 -0.03358005 -0.02084389 0.54509804 0.71372549 0.60000000
v 0.01055418 -0.03446817 -0.02078365 0.54509804 0.71372549 0.60000000
v 0.00700832 -0.03535629 -0.02075488 0.54509804 0.71372549 0.60000000
v 0.00345851 -0.03535629 -0.02085019 0.54509804 0.71372549 0.60000000
v 0.00257105 -0.03535629 -0.02085918 0.54509804 0.71372549 0.60000000
v 0.00789182 -0.03535629 -0.02070723 0.54509804 0.71372549 0.60000000
v 0.00877927 -0.03535629 -0.02063620 0.54509804 0.71372549 0.60000000
v 0.00966672 -0.03535629 -0.02055168 0.54509804 0.71372549 0.60000000
v 0.01144163 -0.03446817 -0.02070813 0.54509804 0.71372549 0.60000000
v 0.01321258 -0.03358005 -0.02076567 0.54509804 0.71372549 0.60000000
v 0.01410003 -0.03358005 -0.02064878 0.54509804 0.71372549 0.60000000
v 0.01498749 -0.03358005 -0.02050493 0.54509804 0.71372549 0.60000000
v 0.01588287 -0.03362742 -0.02028824 0.54509804 0.71372549 0.60000000
v 0.01676240 -0.03336296 -0.02020282 0.54509804 0.71372549 0.60000000
v 0.01735271 -0.03321691 -0.02011831 0.54509804 0.71372549 0.60000000
v 0.01618000 -0.03395109 -0.02001131 0.54509804 0.71372549 0.60000000
v 0.01845014 -0.03357611 -0.01939272 0.54509804 0.71372549 0.60000000
v 0.01921874 -0.03327217 -0.01929472 0.54509804 0.71372549 0.60000000
v 0.01980906 -0.03310244 -0.01914637 0.54509804 0.71372549 0.60000000
v 0.01869182 -0.03386425 -0.01901240 0.54509804 0.71372549 0.60000000
v 0.01676240 -0.03380504 -0.01989533 0.54509804 0.71372549 0.60000000
v 0.01764985 -0.03354058 -0.01975147 0.54509804 0.71372549 0.60000000
v 0.02518925 -0.02782504 -0.02006886 0.54509804 0.71372549 0.60000000
v 0.02296665 -0.03072623 -0.01935586 0.54509804 0.71372549 0.60000000
v 0.02380260 -0.03001574 -0.01940261 0.54509804 0.71372549 0.60000000
v 0.02393334 -0.02919077 -0.01990702 0.54509804 0.71372549 0.60000000
v 0.02473760 -0.02803425 -0.02016326 0.54509804 0.71372549 0.60000000
v 0.02331529 -0.02951444 -0.02001940 0.54509804 0.71372549 0.60000000
v 0.02272498 -0.02973943 -0.02015068 0.54509804 0.71372549 0.60000000
v 0.02368771 -0.02892631 -0.02017675 0.54509804 0.71372549 0.60000000
v 0.02393334 -0.02834213 -0.02033320 0.54509804 0.71372549 0.60000000
v 0.02146511 -0.03213933 -0.01908613 0.54509804 0.71372549 0.60000000
v 0.02190488 -0.03155120 -0.01932169 0.54509804 0.71372549 0.60000000
v 0.02077179 -0.03137752 -0.02007335 0.54509804 0.71372549 0.60000000
v 0.02030825 -0.03294850 -0.01899711 0.54509804 0.71372549 0.60000000
v 0.02117194 -0.03268799 -0.01873187 0.54509804 0.71372549 0.60000000
v 0.02296665 -0.02825924 -0.02063889 0.54509804 0.71372549 0.60000000
v 0.02030825 -0.03003547 -0.02068565 0.54509804 0.71372549 0.60000000
v 0.01853334 -0.03091964 -0.02074949 0.54509804 0.71372549 0.60000000
v 0.02207920 -0.02914735 -0.02058495 0.54509804 0.71372549 0.60000000
v 0.01676240 -0.03180776 -0.02078275 0.54509804 0.71372549 0.60000000
v 0.01498749 -0.03269588 -0.02077826 0.54509804 0.71372549 0.60000000
v 0.01587494 -0.03269588 -0.02067216 0.54509804 0.71372549 0.60000000
v 0.01676240 -0.03269588 -0.02052561 0.54509804 0.71372549 0.60000000
v 0.01764985 -0.03273140 -0.02029004 0.54509804 0.71372549 0.60000000
v 0.01853334 -0.03245116 -0.02018394 0.54509804 0.71372549 0.60000000
v 0.01907612 -0.03230511 -0.02009943 0.54509804 0.71372549 0.60000000
v 0.01794303 -0.03305113 -0.02000682 0.54509804 0.71372549 0.60000000
v 0.01853334 -0.03289324 -0.01988723 0.54509804 0.71372549 0.60000000
v 0.01966643 -0.03213538 -0.01998164 0.54509804 0.71372549 0.60000000
v 0.02030825 -0.03250641 -0.01938553 0.54509804 0.71372549 0.60000000
v 0.02087083 -0.03232879 -0.01924167 0.54509804 0.71372549 0.60000000
v 0.02299835 -0.03003547 -0.01982520 0.54509804 0.71372549 0.60000000
v 0.02174640 -0.03056440 -0.02011651 0.54509804 0.71372549 0.60000000
v 0.02299835 -0.02919077 -0.02029903 0.54509804 0.71372549 0.60000000
v 0.02205543 -0.03003547 -0.02025048 0.54509804 0.71372549 0.60000000
v 0.02030825 -0.03150778 -0.02014528 0.54509804 0.71372549 0.60000000
v 0.02030825 -0.03091964 -0.02039523 0.54509804 0.71372549 0.60000000
v 0.02111251 -0.03088412 -0.02018125 0.54509804 0.71372549 0.60000000
v 0.02119174 -0.03003547 -0.02050672 0.54509804 0.71372549 0.60000000
v 0.01942080 -0.03091964 -0.02059933 0.54509804 0.71372549 0.60000000
v 0.01764985 -0.03180776 -0.02066587 0.54509804 0.71372549 0.60000000
v 0.01853334 -0.03180776 -0.02047885 0.54509804 0.71372549 0.60000000
v 0.01939306 -0.03182750 -0.02024508 0.54509804 0.71372549 0.60000000
f 1 2 3
f 1 3 9
f 1 9 13
f 1 13 27
f 1 27 39
f 1 39 40
f 1 40 57
f 1 57 52
f 1 52 51
f 1 51 56
f 1 56 85
f 1 85 128
f 1 128 177
f 1 177 233
f 1 233 305
f 1 305 304
f 1 304 306
f 1 306 310
f 1 310 313
f 1 313 312
f 1 312 386
f 1 386 462
f 1 462 549
f 1 549 476
f 1 476 400
f 1 400 329
f 1 329 257
f 1 257 196
f 1 196 195
f 1 195 143
f 1 143 98
f 1 98 66
f 1 66 41
f 1 41 22
f 1 22 10
f 1 10 4
f 1 4 11
f 1 11 26
f 1 26 43
f 1 43 70
f 1 70 101
f 1 101 146
f 1 146 198
f 1 198 260
f 1 260 331
f 1 331 402
f 1 402 403
f 1 403 407
f 1 407 488
f 1 488 487
f 1 487 575
f 1 575 573
f 1 573 669
f 1 669 615
f 1 615 612
f 1 612 519
f 1 519 432
f 1 432 357
f 1 357 281
f 1 281 280
f 1 280 279
f 1 279 278
f 1 278 212
f 1 212 157
f 1 157 113
f 1 113 112
f 1 112 115
f 1 115 111
f 1 111 72
f 1 72 45
f 1 45 44
f 1 44 28
f 1 28 14
f 1 14 6
f 1 6 2
f 2 5 3
f 2 6 7
f 2 7 8
f 2 8 5
f 3 5 9
f 4 10 11
f 5 12 13
f 5 13 9
f 5 8 12
f 6 14 7
f 7 14 15
f 7 15 16
f 7 16 8
f 8 16 17
f 8 17 18
f 8 18 19
f 8 19 20
f 8 20 21
f 8 21 12
f 10 22 23
f 10 23 11
f 11 23 24
f 11 24 25
f 11 25 41
f 11 41 66
f 11 66 97
f 11 97 142
f 11 142 194
f 11 194 256
f 11 256 259
f 11 259 258
f 11 258 330
f 11 330 401
f 11 401 484
f 11 484 483
f 11 483 482
f 11 482 570
f 11 570 666
f 11 666 752
f 11 752 755
f 11 755 672
f 11 672 579
f 11 579 578
f 11 578 493
f 11 493 411
f 11 411 337
f 11 337 336
f 11 336 266
f 11 266 203
f 11 203 202
f 11 202 197
f 11 197 144
f 11 144 99
f 11 99 67
f 11 67 42
f 11 42 26
f 12 21 27
f 12 27 13
f 14 28 15
f 15 28 29
f 15 29 16
f 16 30 17
f 16 29 31
f 16 31 30
f 17 30 31
f 17 31 32
f 17 32 18
f 18 33 34
f 18 34 20
f 18 20 19
f 18 32 35
f 18 35 36
f 18 36 37
f 18 37 38
f 18 38 33
f 20 39 27
f 20 27 21
f 20 34 40
f 20 40 39
f 22 41 25
f 22 25 24
f 22 24 23
f 26 42 43
f 28 44 29
f 29 44 45
f 29 45 46
f 29 46 47
f 29 47 48
f 29 48 31
f 31 48 49
f 31 49 50
f 31 50 35
f 31 35 32
f 33 51 52
f 33 52 34
f 33 38 53
f 33 53 54
f 33 54 55
f 33 55 56
f 33 56 51
f 34 52 57
f 34 57 40
f 35 50 58
f 35 58 59
f 35 59 60
f 35 60 36
f 36 60 37
f 37 61 62
f 37 62 53
f 37 53 38
f 37 60 63
f 37 63 64
f 37 64 65
f 37 65 61
f 42 67 68
f 42 68 69
f 42 69 43
f 43 69 71
f 43 71 70
f 45 72 46
f 46 72 47
f 47 73 74
f 47 74 48
f 47 72 75
f 47 75 73
f 48 74 76
f 48 76 49
f 49 76 77
f 49 77 78
f 49 78 79
f 49 79 80
f 49 80 50
f 50 81 82
f 50 82 58
f 50 80 81
f 53 55 54
f 53 62 83
f 53 83 84
f 53 84 55
f 55 85 56
f 55 84 86
f 55 86 87
f 55 87 88
f 55 88 85
f 58 82 89
f 58 89 90
f 58 90 59
f 59 65 64
f 59 64 60
f 59 90 65
f 60 64 63
f 61 65 91
f 61 91 92
f 61 92 93
f 61 93 94
f 61 94 95
f 61 95 62
f 62 95 96
f 62 96 83
f 65 90 92
f 65 92 91
f 66 98 97
f 67 99 100
f 67 100 68
f 68 100 71
f 68 71 69
f 70 71 102
f 70 102 101
f 71 103 104
f 71 104 102
f 71 100 105
f 71 105 106
f 71 106 107
f 71 107 108
f 71 108 109
f 71 109 110
f 71 110 103
f 72 111 75
f 73 112 113
f 73 113 114
f 73 114 74
f 73 75 115
f 73 115 112
f 74 114 116
f 74 116 117
f 74 117 118
f 74 118 76
f 75 111 115
f 76 118 77
f 77 118 80
f 77 80 78
f 78 80 79
f 80 118 119
f 80 119 120
f 80 120 121
f 80 121 122
f 80 122 81
f 81 123 82
f 81 122 123
f 82 123 89
f 83 96 124
f 83 124 84
f 84 124 125
f 84 125 126
f 84 126 127
f 84 127 86
f 85 88 128
f 86 127 87
f 87 127 88
f 88 127 129
f 88 129 130
f 88 130 128
f 89 93 90
f 89 123 131
f 89 131 132
f 89 132 93
f 90 93 133
f 90 133 92
f 92 133 93
f 93 132 134
f 93 134 135
f 93 135 136
f 93 136 137
f 93 137 138
f 93 138 139
f 93 139 94
f 94 139 95
f 95 139 140
f 95 140 141
f 95 141 96
f 96 141 124
f 97 98 143
f 97 143 142
f 99 144 145
f 99 145 100
f 100 145 105
f 101 110 146
f 101 102 104
f 101 104 110
f 103 110 104
f 105 145 147
f 105 147 148
f 105 148 149
f 105 149 150
f 105 150 107
f 105 107 106
f 107 150 151
f 107 151 152
f 107 152 153
f 107 153 108
f 108 153 154
f 108 154 155
f 108 155 156
f 108 156 146
f 108 146 109
f 109 146 110
f 113 157 158
f 113 158 114
f 114 158 159
f 114 159 160
f 114 160 117
f 114 117 116
f 117 160 118
f 118 160 161
f 118 161 119
f 119 161 120
f 120 162 163
f 120 163 164
f 120 164 121
f 120 161 165
f 120 165 166
f 120 166 167
f 120 167 168
f 120 168 162
f 121 164 169
f 121 169 122
f 122 169 123
f 123 169 170
f 123 170 171
f 123 171 131
f 124 141 172
f 124 172 173
f 124 173 125
f 125 173 126
f 126 173 127
f 127 173 174
f 127 174 175
f 127 175 176
f 127 176 129
f 128 130 177
f 129 176 130
f 130 176 178
f 130 178 179
f 130 179 177
f 131 180 135
f 131 135 132
f 131 171 180
f 132 135 134
f 135 180 181
f 135 181 182
f 135 182 183
f 135 183 184
f 135 184 185
f 135 185 136
f 136 185 186
f 136 186 137
f 137 186 187
f 137 187 188
f 137 188 138
f 138 189 139
f 138 188 190
f 138 190 191
f 138 191 189
f 139 189 140
f 140 189 192
f 140 192 193
f 140 193 141
f 141 193 172
f 142 143 195
f 142 195 196
f 142 196 194
f 144 197 145
f 145 197 147
f 146 156 199
f 146 199 198
f 147 200 201
f 147 201 148
f 147 197 202
f 147 202 203
f 147 203 200
f 148 201 204
f 148 204 205
f 148 205 206
f 148 206 149
f 149 206 151
f 149 151 150
f 151 207 208
f 151 208 152
f 151 206 207
f 152 208 209
f 152 209 153
f 153 209 210
f 153 210 211
f 153 211 154
f 154 211 199
f 154 199 155
f 155 199 156
f 157 212 213
f 157 213 158
f 158 213 214
f 158 214 215
f 158 215 216
f 158 216 159
f 159 216 215
f 159 215 217
f 159 217 160
f 160 217 161
f 161 217 165
f 162 218 163
f 162 168 219
f 162 219 218
f 163 218 164
f 164 218 169
f 165 167 166
f 165 217 220
f 165 220 221
f 165 221 222
f 165 222 167
f 167 222 168
f 168 222 223
f 168 223 219
f 169 218 224
f 169 224 225
f 169 225 226
f 169 226 170
f 170 226 171
f 171 226 227
f 171 227 228
f 171 228 181
f 171 181 180
f 172 193 229
f 172 229 173
f 173 229 230
f 173 230 231
f 173 231 174
f 174 231 175
f 175 231 176
f 176 231 178
f 177 179 232
f 177 232 233
f 178 232 179
f 178 231 234
f 178 234 235
f 178 235 236
f 178 236 232
f 181 228 237
f 181 237 182
f 182 237 183
f 183 237 238
f 183 238 184
f 184 238 239
f 184 239 240
f 184 240 185
f 185 240 241
f 185 241 242
f 185 242 186
f 186 242 187
f 187 242 243
f 187 243 190
f 187 190 188
f 189 191 244
f 189 244 245
f 189 245 192
f 190 246 244
f 190 244 247
f 190 247 191
f 190 243 248
f 190 248 249
f 190 249 250
f 190 250 251
f 190 251 252
f 190 252 246
f 191 247 244
f 192 253 193
f 192 245 254
f 192 254 255
f 192 255 253
f 193 253 229
f 194 196 256
f 196 257 258
f 196 258 259
f 196 259 256
f 198 199 260
f 199 211 261
f 199 261 331
f 199 331 260
f 200 262 263
f 200 263 201
f 200 203 262
f 201 263 264
f 201 264 265
f 201 265 204
f 203 266 262
f 204 265 267
f 204 267 205
f 205 267 206
f 206 267 268
f 206 268 207
f 207 269 208
f 207 268 270
f 207 270 271
f 207 271 269
f 208 269 272
f 208 272 209
f 209 272 273
f 209 273 274
f 209 274 275
f 209 275 210
f 210 275 274
f 210 274 276
f 210 276 211
f 211 276 277
f 211 277 261
f 212 278 213
f 213 215 214
f 213 278 279
f 213 279 280
f 213 280 281
f 213 281 282
f 213 282 283
f 213 283 284
f 213 284 285
f 213 285 286
f 213 286 215
f 215 286 287
f 215 287 217
f 217 287 288
f 217 288 220
f 218 219 289
f 218 289 290
f 218 290 224
f 219 223 291
f 219 291 292
f 219 292 289
f 220 288 293
f 220 293 294
f 220 294 221
f 221 291 222
f 221 294 295
f 221 295 291
f 222 291 223
f 224 296 225
f 224 290 296
f 225 296 226
f 226 296 227
f 227 296 297
f 227 297 298
f 227 298 299
f 227 299 228
f 228 300 301
f 228 301 237
f 228 299 300
f 229 253 302
f 229 302 230
f 230 302 231
f 231 302 303
f 231 303 234
f 232 304 305
f 232 305 233
f 232 236 306
f 232 306 304
f 234 303 379
f 234 379 307
f 234 307 235
f 235 307 308
f 235 308 309
f 235 309 236
f 236 310 306
f 236 309 311
f 236 311 312
f 236 312 313
f 236 313 310
f 237 301 238
f 238 301 314
f 238 314 315
f 238 315 239
f 239 315 316
f 239 316 240
f 240 316 317
f 240 317 241
f 241 317 243
f 241 243 242
f 243 317 248
f 244 318 245
f 244 246 319
f 244 319 318
f 245 318 254
f 246 252 319
f 248 317 315
f 248 315 320
f 248 320 249
f 249 320 321
f 249 321 322
f 249 322 250
f 250 322 251
f 251 322 323
f 251 323 252
f 252 323 324
f 252 324 325
f 252 325 319
f 253 255 326
f 253 326 302
f 254 318 327
f 254 327 255
f 255 327 328
f 255 328 326
f 257 329 330
f 257 330 258
f 261 277 332
f 261 332 333
f 261 333 331
f 262 334 335
f 262 335 263
f 262 266 336
f 262 336 337
f 262 337 334
f 263 335 338
f 263 338 339
f 263 339 340
f 263 340 264
f 264 340 267
f 264 267 265
f 267 340 341
f 267 341 342
f 267 342 268
f 268 342 343
f 268 343 344
f 268 344 345
f 268 345 270
f 269 271 346
f 269 346 347
f 269 347 272
f 270 348 349
f 270 349 271
f 270 345 348
f 271 349 350
f 271 350 351
f 271 351 346
f 272 347 346
f 272 346 351
f 272 351 273
f 273 351 352
f 273 352 353
f 273 353 274
f 274 353 276
f 276 353 354
f 276 354 355
f 276 355 277
f 277 355 356
f 277 356 332
f 281 357 358
f 281 358 282
f 282 358 283
f 283 285 284
f 283 358 359
f 283 359 360
f 283 360 361
f 283 361 285
f 285 293 288
f 285 288 287
f 285 287 286
f 285 361 362
f 285 362 293
f 289 292 363
f 289 363 364
f 289 364 290
f 290 297 296
f 290 364 365
f 290 365 297
f 291 295 366
f 291 366 292
f 292 367 363
f 292 366 368
f 292 368 369
f 292 369 370
f 292 370 367
f 293 362 371
f 293 371 294
f 294 371 295
f 295 371 366
f 297 365 372
f 297 372 298
f 298 372 373
f 298 373 299
f 299 373 374
f 299 374 375
f 299 375 376
f 299 376 377
f 299 377 300
f 300 377 301
f 301 377 378
f 301 378 314
f 302 326 379
f 302 379 303
f 307 379 380
f 307 380 381
f 307 381 382
f 307 382 383
f 307 383 308
f 308 383 309
f 309 383 384
f 309 384 311
f 311 384 385
f 311 385 312
f 312 385 386
f 314 378 387
f 314 387 320
f 314 320 315
f 315 317 316
f 318 319 388
f 318 388 327
f 319 325 388
f 320 387 389
f 320 389 390
f 320 390 321
f 321 390 391
f 321 391 392
f 321 392 322
f 322 392 393
f 322 393 323
f 323 393 394
f 323 394 324
f 324 394 395
f 324 395 396
f 324 396 397
f 324 397 325
f 325 397 388
f 326 328 398
f 326 398 379
f 327 388 399
f 327 399 328
f 328 399 398
f 329 400 330
f 330 400 401
f 331 333 402
f 332 356 333
f 333 403 402
f 333 356 404
f 333 404 405
f 333 405 406
f 333 406 407
f 333 407 403
f 334 337 335
f 335 408 409
f 335 409 338
f 335 337 410
f 335 410 408
f 337 411 410
f 338 409 412
f 338 412 339
f 339 412 340
f 340 413 341
f 340 412 413
f 341 414 415
f 341 415 342
f 341 413 416
f 341 416 414
f 342 415 343
f 343 415 417
f 343 417 418
f 343 418 419
f 343 419 420
f 343 420 344
f 344 420 421
f 344 421 348
f 344 348 345
f 348 421 350
f 348 350 349
f 350 421 422
f 350 422 423
f 350 423 351
f 351 423 352
f 352 423 424
f 352 424 425
f 352 425 353
f 353 425 426
f 353 426 427
f 353 427 428
f 353 428 354
f 354 428 429
f 354 429 430
f 354 430 431
f 354 431 405
f 354 405 404
f 354 404 356
f 354 356 355
f 357 432 433
f 357 433 434
f 357 434 435
f 357 435 360
f 357 360 359
f 357 359 358
f 360 435 436
f 360 436 361
f 361 436 437
f 361 437 362
f 362 437 438
f 362 438 439
f 362 439 371
f 363 367 365
f 363 365 364
f 365 367 370
f 365 370 440
f 365 440 441
f 365 441 442
f 365 442 443
f 365 443 372
f 366 371 368
f 368 371 444
f 368 444 369
f 369 444 445
f 369 445 446
f 369 446 370
f 370 446 447
f 370 447 448
f 370 448 449
f 370 449 450
f 370 450 440
f 371 439 451
f 371 451 444
f 372 443 374
f 372 374 373
f 374 443 442
f 374 442 452
f 374 452 375
f 375 452 453
f 375 453 376
f 376 453 454
f 376 454 455
f 376 455 377
f 377 455 378
f 378 455 387
f 379 398 380
f 380 398 456
f 380 456 381
f 381 456 457
f 381 457 382
f 382 457 383
f 383 457 458
f 383 458 459
f 383 459 384
f 384 459 460
f 384 460 461
f 384 461 385
f 385 461 386
f 386 461 462
f 387 455 463
f 387 463 389
f 388 397 399
f 389 463 455
f 389 455 464
f 389 464 465
f 389 465 466
f 389 466 390
f 390 466 391
f 391 466 467
f 391 467 392
f 392 467 468
f 392 468 393
f 393 468 469
f 393 469 394
f 394 469 470
f 394 470 395
f 395 471 472
f 395 472 396
f 395 470 473
f 395 473 471
f 396 472 474
f 396 474 475
f 396 475 397
f 397 475 399
f 398 399 456
f 399 475 456
f 400 476 477
f 400 477 478
f 400 478 479
f 400 479 480
f 400 480 481
f 400 481 482
f 400 482 483
f 400 483 484
f 400 484 401
f 405 431 485
f 405 485 406
f 406 485 486
f 406 486 487
f 406 487 488
f 406 488 407
f 408 489 409
f 408 410 490
f 408 490 489
f 409 491 492
f 409 492 412
f 409 489 491
f 410 411 493
f 410 493 490
f 412 492 494
f 412 494 495
f 412 495 413
f 413 495 496
f 413 496 416
f 414 496 497
f 414 497 415
f 414 416 496
f 415 497 498
f 415 498 499
f 415 499 417
f 417 499 418
f 418 499 500
f 418 500 501
f 418 501 502
f 418 502 419
f 419 502 420
f 420 502 503
f 420 503 421
f 421 504 505
f 421 505 422
f 421 503 504
f 422 505 506
f 422 506 507
f 422 507 508
f 422 508 423
f 423 508 509
f 423 509 424
f 424 509 510
f 424 510 511
f 424 511 512
f 424 512 425
f 425 512 513
f 425 513 426
f 426 513 427
f 427 430 429
f 427 429 428
f 427 513 514
f 427 514 515
f 427 515 516
f 427 516 430
f 430 517 431
f 430 516 517
f 431 517 518
f 431 518 485
f 432 519 433
f 433 519 434
f 434 520 436
f 434 436 435
f 434 519 521
f 434 521 520
f 436 520 437
f 437 520 522
f 437 522 438
f 438 451 439
f 438 522 523
f 438 523 451
f 440 450 441
f 441 450 442
f 442 450 524
f 442 524 525
f 442 525 526
f 442 526 527
f 442 527 452
f 444 528 529
f 444 529 530
f 444 530 445
f 444 451 531
f 444 531 532
f 444 532 533
f 444 533 528
f 445 530 446
f 446 534 447
f 446 530 529
f 446 529 535
f 446 535 536
f 446 536 537
f 446 537 538
f 446 538 534
f 447 534 539
f 447 539 448
f 448 539 540
f 448 540 449
f 449 540 541
f 449 541 450
f 450 541 524
f 451 523 542
f 451 542 543
f 451 543 531
f 452 527 544
f 452 544 453
f 453 544 465
f 453 465 454
f 454 464 455
f 454 465 464
f 456 475 474
f 456 474 457
f 457 474 545
f 457 545 458
f 458 545 546
f 458 546 459
f 459 546 460
f 460 546 547
f 460 547 461
f 461 547 548
f 461 548 549
f 461 549 462
f 465 544 550
f 465 550 551
f 465 551 466
f 466 551 467
f 467 551 552
f 467 552 468
f 468 552 553
f 468 553 469
f 469 553 554
f 469 554 470
f 470 554 555
f 470 555 556
f 470 556 473
f 471 557 547
f 471 547 546
f 471 546 545
f 471 545 472
f 471 473 558
f 471 558 557
f 472 545 474
f 473 556 652
f 473 652 559
f 473 559 560
f 473 560 558
f 476 549 561
f 476 561 477
f 477 561 478
f 478 561 548
f 478 548 558
f 478 558 479
f 479 558 562
f 479 562 563
f 479 563 564
f 479 564 565
f 479 565 566
f 479 566 567
f 479 567 480
f 480 568 569
f 480 569 570
f 480 570 481
f 480 567 568
f 481 570 482
f 485 518 571
f 485 571 572
f 485 572 573
f 485 573 574
f 485 574 486
f 486 574 575
f 486 575 487
f 489 576 491
f 489 490 577
f 489 577 576
f 490 493 578
f 490 578 579
f 490 579 577
f 491 580 492
f 491 576 580
f 492 581 582
f 492 582 494
f 492 580 581
f 494 582 583
f 494 583 495
f 495 583 496
f 496 584 497
f 496 583 584
f 497 585 498
f 497 584 585
f 498 585 586
f 498 586 587
f 498 587 499
f 499 587 500
f 500 588 589
f 500 589 501
f 500 587 588
f 501 589 590
f 501 590 591
f 501 591 503
f 501 503 502
f 503 591 504
f 504 592 505
f 504 591 592
f 505 592 593
f 505 593 594
f 505 594 595
f 505 595 506
f 506 595 594
f 506 594 596
f 506 596 507
f 507 596 597
f 507 597 598
f 507 598 509
f 507 509 508
f 509 598 599
f 509 599 600
f 509 600 510
f 510 600 511
f 511 600 601
f 511 601 512
f 512 601 514
f 512 514 513
f 514 602 515
f 514 601 602
f 515 602 603
f 515 603 604
f 515 604 605
f 515 605 606
f 515 606 607
f 515 607 516
f 516 607 606
f 516 606 518
f 516 518 517
f 518 606 608
f 518 608 609
f 518 609 610
f 518 610 611
f 518 611 571
f 519 612 613
f 519 613 521
f 520 521 614
f 520 614 522
f 521 613 615
f 521 615 616
f 521 616 611
f 521 611 617
f 521 617 614
f 522 614 542
f 522 542 523
f 524 541 618
f 524 618 619
f 524 619 620
f 524 620 621
f 524 621 525
f 525 621 526
f 526 621 620
f 526 620 622
f 526 622 550
f 526 550 623
f 526 623 527
f 527 623 544
f 528 533 529
f 529 624 625
f 529 625 626
f 529 626 535
f 529 533 627
f 529 627 628
f 529 628 629
f 529 629 624
f 531 543 630
f 531 630 631
f 531 631 632
f 531 632 532
f 532 632 633
f 532 633 634
f 532 634 533
f 533 634 635
f 533 635 627
f 534 538 539
f 535 626 536
f 536 626 625
f 536 625 636
f 536 636 637
f 536 637 638
f 536 638 538
f 536 538 537
f 538 638 639
f 538 639 640
f 538 640 641
f 538 641 642
f 538 642 539
f 539 642 540
f 540 642 641
f 540 641 541
f 541 641 618
f 542 614 643
f 542 643 543
f 543 643 630
f 544 623 550
f 547 557 558
f 547 558 548
f 548 561 549
f 550 622 644
f 550 644 551
f 551 644 552
f 552 644 645
f 552 645 646
f 552 646 647
f 552 647 553
f 553 647 648
f 553 648 649
f 553 649 554
f 554 649 650
f 554 650 555
f 555 650 651
f 555 651 556
f 556 651 652
f 558 560 563
f 558 563 562
f 559 652 563
f 559 563 560
f 563 652 651
f 563 651 653
f 563 653 654
f 563 654 564
f 564 654 565
f 565 654 653
f 565 653 651
f 565 651 655
f 565 655 656
f 565 656 657
f 565 657 566
f 566 658 567
f 566 657 658
f 567 658 659
f 567 659 660
f 567 660 661
f 567 661 662
f 567 662 568
f 568 662 663
f 568 663 569
f 569 664 750
f 569 750 665
f 569 665 570
f 569 663 664
f 570 665 751
f 570 751 666
f 571 611 667
f 571 667 616
f 571 616 572
f 572 616 668
f 572 668 573
f 573 575 574
f 573 668 616
f 573 616 669
f 576 670 671
f 576 671 580
f 576 577 670
f 577 579 672
f 577 672 670
f 580 671 673
f 580 673 674
f 580 674 581
f 581 674 675
f 581 675 582
f 582 675 583
f 583 675 676
f 583 676 584
f 584 676 585
f 585 677 678
f 585 678 586
f 585 676 677
f 586 678 679
f 586 679 587
f 587 679 588
f 588 680 589
f 588 679 680
f 589 680 590
f 590 681 682
f 590 682 683
f 590 683 684
f 590 684 685
f 590 685 591
f 590 680 681
f 591 685 686
f 591 686 592
f 592 686 687
f 592 687 594
f 592 594 593
f 594 684 688
f 594 688 689
f 594 689 690
f 594 690 596
f 594 687 691
f 594 691 684
f 596 690 597
f 597 690 692
f 597 692 598
f 598 693 694
f 598 694 695
f 598 695 696
f 598 696 599
f 598 692 693
f 599 696 697
f 599 697 698
f 599 698 601
f 599 601 600
f 601 698 699
f 601 699 602
f 602 699 700
f 602 700 701
f 602 701 603
f 603 701 604
f 604 701 702
f 604 702 703
f 604 703 704
f 604 704 605
f 605 704 703
f 605 703 608
f 605 608 606
f 608 705 631
f 608 631 706
f 608 706 707
f 608 707 614
f 608 614 708
f 608 708 609
f 608 703 705
f 609 708 709
f 609 709 610
f 610 709 617
f 610 617 611
f 611 616 667
f 612 615 613
f 614 617 709
f 614 709 708
f 614 707 643
f 615 669 616
f 618 641 619
f 619 641 710
f 619 710 711
f 619 711 620
f 620 711 712
f 620 712 713
f 620 713 622
f 622 645 644
f 622 713 646
f 622 646 645
f 624 714 625
f 624 629 715
f 624 715 716
f 624 716 714
f 625 714 636
f 627 635 717
f 627 717 628
f 628 717 718
f 628 718 629
f 629 718 719
f 629 719 720
f 629 720 715
f 630 643 631
f 631 633 632
f 631 643 706
f 631 705 633
f 633 721 634
f 633 705 722
f 633 722 723
f 633 723 721
f 634 717 635
f 634 721 724
f 634 724 717
f 636 714 725
f 636 725 726
f 636 726 727
f 636 727 728
f 636 728 637
f 637 729 730
f 637 730 639
f 637 639 638
f 637 728 731
f 637 731 729
f 639 730 711
f 639 711 640
f 640 710 641
f 640 711 710
f 643 707 706
f 646 713 732
f 646 732 648
f 646 648 647
f 648 732 733
f 648 733 650
f 648 650 649
f 650 733 651
f 651 733 734
f 651 734 735
f 651 735 655
f 655 735 736
f 655 736 656
f 656 736 737
f 656 737 738
f 656 738 657
f 657 738 739
f 657 739 740
f 657 740 658
f 658 740 741
f 658 741 659
f 659 742 743
f 659 743 660
f 659 741 742
f 660 743 661
f 661 743 662
f 662 744 663
f 662 743 745
f 662 745 746
f 662 746 744
f 663 744 747
f 663 747 748
f 663 748 749
f 663 749 664
f 664 749 750
f 665 750 751
f 666 751 670
f 666 670 752
f 670 753 754
f 670 754 671
f 670 672 755
f 670 755 752
f 670 751 753
f 671 754 756
f 671 756 757
f 671 757 673
f 673 757 674
f 674 757 758
f 674 758 675
f 675 758 759
f 675 759 676
f 676 759 760
f 676 760 761
f 676 761 677
f 677 761 762
f 677 762 678
f 678 762 680
f 678 680 679
f 680 763 681
f 680 762 763
f 681 764 765
f 681 765 682
f 681 763 764
f 682 765 766
f 682 766 683
f 683 766 684
f 684 766 767
f 684 767 768
f 684 768 769
f 684 769 688
f 684 691 770
f 684 770 685
f 685 770 686
f 686 770 687
f 687 770 691
f 688 769 771
f 688 771 689
f 689 771 772
f 689 772 773
f 689 773 690
f 690 773 693
f 690 693 692
f 693 773 772
f 693 772 774
f 693 774 775
f 693 775 776
f 693 776 694
f 694 776 695
f 695 776 696
f 696 776 777
f 696 777 697
f 697 777 778
f 697 778 779
f 697 779 699
f 697 699 698
f 699 779 700
f 700 779 780
f 700 780 701
f 701 780 778
f 701 778 781
f 701 781 702
f 702 781 782
f 702 782 783
f 702 783 784
f 702 784 705
f 702 705 703
f 705 784 722
f 711 730 729
f 711 729 712
f 712 729 731
f 712 731 785
f 712 785 786
f 712 786 713
f 713 786 732
f 714 716 787
f 714 787 725
f 715 720 788
f 715 788 789
f 715 789 790
f 715 790 787
f 715 787 716
f 717 791 718
f 717 724 791
f 718 791 719
f 719 791 724
f 719 724 792
f 719 792 793
f 719 793 720
f 720 793 794
f 720 794 795
f 720 795 796
f 720 796 788
f 721 723 784
f 721 784 724
f 722 784 723
f 724 797 792
f 724 784 783
f 724 783 782
f 724 782 798
f 724 798 799
f 724 799 800
f 724 800 797
f 725 801 802
f 725 802 803
f 725 803 738
f 725 738 804
f 725 804 727
f 725 727 726
f 725 787 801
f 727 805 731
f 727 731 728
f 727 804 805
f 731 805 785
f 732 806 737
f 732 737 807
f 732 807 733
f 732 786 806
f 733 807 736
f 733 736 734
f 734 736 735
f 736 807 737
f 737 804 738
f 737 806 805
f 737 805 804
f 738 803 739
f 739 803 808
f 739 808 809
f 739 809 810
f 739 810 740
f 740 810 741
f 741 810 811
f 741 811 742
f 742 811 812
f 742 812 813
f 742 813 814
f 742 814 743
f 743 814 815
f 743 815 745
f 744 746 816
f 744 816 817
f 744 817 818
f 744 818 747
f 745 815 746
f 746 815 816
f 747 818 819
f 747 819 748
f 748 819 754
f 748 754 753
f 748 753 820
f 748 820 749
f 749 820 821
f 749 821 750
f 750 821 753
f 750 753 751
f 753 821 820
f 754 819 756
f 756 819 757
f 757 819 822
f 757 822 758
f 758 822 759
f 759 822 823
f 759 823 824
f 759 824 760
f 760 824 761
f 761 824 763
f 761 763 762
f 763 824 825
f 763 825 764
f 764 825 826
f 764 826 827
f 764 827 828
f 764 828 765
f 765 828 767
f 765 767 766
f 767 828 829
f 767 829 768
f 768 829 830
f 768 830 831
f 768 831 832
f 768 832 772
f 768 772 771
f 768 771 769
f 772 832 774
f 774 832 775
f 775 832 776
f 776 833 834
f 776 834 835
f 776 835 836
f 776 836 777
f 776 832 837
f 776 837 838
f 776 838 833
f 777 836 798
f 777 798 778
f 778 780 779
f 778 798 782
f 778 782 781
f 785 805 806
f 785 806 786
f 787 790 801
f 788 796 789
f 789 802 801
f 789 801 790
f 789 796 839
f 789 839 802
f 792 797 840
f 792 840 841
f 792 841 793
f 793 841 842
f 793 842 794
f 794 842 795
f 795 843 808
f 795 808 839
f 795 839 796
f 795 842 844
f 795 844 845
f 795 845 846
f 795 846 847
f 795 847 843
f 797 800 848
f 797 848 849
f 797 849 850
f 797 850 840
f 798 851 852
f 798 852 799
f 798 836 835
f 798 835 851
f 799 852 848
f 799 848 800
f 802 839 808
f 802 808 803
f 808 843 809
f 809 843 847
f 809 847 853
f 809 853 810
f 810 853 811
f 811 853 812
f 812 854 855
f 812 855 813
f 812 853 856
f 812 856 854
f 813 855 857
f 813 857 814
f 814 857 815
f 815 857 816
f 816 857 858
f 816 858 817
f 817 825 818
f 817 858 826
f 817 826 825
f 818 823 822
f 818 822 819
f 818 825 823
f 823 825 824
f 826 858 859
f 826 859 827
f 827 859 828
f 828 859 860
f 828 860 829
f 829 860 830
f 830 860 861
f 830 861 831
f 831 861 862
f 831 862 863
f 831 863 864
f 831 864 838
f 831 838 832
f 832 838 837
f 833 865 834
f 833 838 865
f 834 866 850
f 834 850 835
f 834 865 866
f 835 850 867
f 835 867 868
f 835 868 848
f 835 848 851
f 838 864 865
f 840 869 841
f 840 850 869
f 841 869 844
f 841 844 842
f 844 869 850
f 844 850 870
f 844 870 845
f 845 871 846
f 845 870 872
f 845 872 871
f 846 871 847
f 847 871 856
f 847 856 853
f 848 852 851
f 848 868 850
f 848 850 849
f 850 868 867
f 850 866 863
f 850 863 873
f 850 873 874
f 850 874 875
f 850 875 870
f 854 856 876
f 854 876 877
f 854 877 878
f 854 878 855
f 855 878 857
f 856 871 876
f 857 878 859
f 857 859 858
f 859 878 860
f 860 878 879
f 860 879 861
f 861 879 880
f 861 880 862
f 862 880 873
f 862 873 863
f 863 866 865
f 863 865 864
f 870 875 872
f 871 872 876
f 872 875 876
f 873 880 879
f 873 879 874
f 874 876 875
f 874 879 877
f 874 877 876
f 877 879 878

o geometry_1
v 0.00053466 0.04029487 -0.01167548 0.54117647 0.42352941 0.64313725
v 0.00053466 0.03376666 -0.01167548 0.54117647 0.42352941 0.64313725
v 0.00053466 0.04020745 -0.01226472 0.54117647 0.42352941 0.64313725
v -0.00360377 0.03998494 -0.01167548 0.54117647 0.42352941 0.64313725
v -0.00009069 0.00100243 -0.01170740 0.54117647 0.42352941 0.64313725
v 0.00053466 0.00100243 -0.01177469 0.54117647 0.42352941 0.64313725
v -0.03346097 -0.00029685 -0.01167548 0.54117647 0.42352941 0.64313725
v 0.00053466 0.04006044 -0.01315160 0.54117647 0.42352941 0.64313725
v -0.00363961 0.03983396 -0.01252785 0.54117647 0.42352941 0.64313725
v -0.00363961 0.03998097 -0.01167548 0.54117647 0.42352941 0.64313725
v 0.00053466 0.03986177 -0.01430075 0.54117647 0.42352941 0.64313725
v -0.00275139 0.03990548 -0.01252785 0.54117647 0.42352941 0.64313725
v -0.00009069 -0.00029685 -0.01186269 0.54117647 0.42352941 0.64313725
v 0.00053466 -0.00029685 -0.01190324 0.54117647 0.42352941 0.64313725
v -0.03990958 -0.00029685 -0.01167548 0.54117647 0.42352941 0.64313725
v -0.00333690 0.03959953 -0.01398326 0.54117647 0.42352941 0.64313725
v -0.00807279 0.03901545 -0.01341473 0.54117647 0.42352941 0.64313725
v -0.00807279 0.03917438 -0.01252785 0.54117647 0.42352941 0.64313725
v -0.00807279 0.03930947 -0.01167548 0.54117647 0.42352941 0.64313725
v 0.00053466 0.03969489 -0.01517900 0.54117647 0.42352941 0.64313725
v 0.00053466 -0.00029685 -0.01780512 0.54117647 0.42352941 0.64313725
v -0.04012069 0.00188849 -0.01167548 0.54117647 0.42352941 0.64313725
v -0.04004501 0.00188849 -0.01252785 0.54117647 0.42352941 0.64313725
v -0.03982196 -0.00029685 -0.01252785 0.54117647 0.42352941 0.64313725
v 0.00053466 0.03958761 -0.01566644 0.54117647 0.42352941 0.64313725
v -0.00275139 0.03938099 -0.01518762 0.54117647 0.42352941 0.64313725
v -0.00363961 0.03928166 -0.01518762 0.54117647 0.42352941 0.64313725
v -0.00788957 0.03872937 -0.01491845 0.54117647 0.42352941 0.64313725
v -0.00814050 0.03880883 -0.01437321 0.54117647 0.42352941 0.64313725
v -0.00848304 0.03868169 -0.01471658 0.54117647 0.42352941 0.64313725
v -0.00870610 0.03874129 -0.01412561 0.54117647 0.42352941 0.64313725
v -0.00896101 0.03897174 -0.01252785 0.54117647 0.42352941 0.64313725
v -0.00896101 0.03910683 -0.01167548 0.54117647 0.42352941 0.64313725
v 0.00053466 0.03203825 -0.02002146 0.54117647 0.42352941 0.64313725
v -0.03023865 -0.00029685 -0.02034671 0.54117647 0.42352941 0.64313725
v -0.04015653 0.00277852 -0.01167548 0.54117647 0.42352941 0.64313725
v -0.04008085 0.00277852 -0.01252785 0.54117647 0.42352941 0.64313725
v -0.03994145 0.00188849 -0.01341473 0.54117647 0.42352941 0.64313725
v -0.03963077 -0.00029685 -0.01430075 0.54117647 0.42352941 0.64313725
v -0.03968255 -0.00029685 -0.01382539 0.54117647 0.42352941 0.64313725
v -0.03977814 -0.00029685 -0.01293851 0.54117647 0.42352941 0.64313725
v 0.00053466 0.03945252 -0.01610211 0.54117647 0.42352941 0.64313725
v -0.00275139 0.03915849 -0.01607450 0.54117647 0.42352941 0.64313725
v -0.00363961 0.03904326 -0.01607450 0.54117647 0.42352941 0.64313725
v -0.00712481 0.03856646 -0.01599858 0.54117647 0.42352941 0.64313725
v -0.00737575 0.03865784 -0.01550942 0.54117647 0.42352941 0.64313725
v -0.00807279 0.03840753 -0.01607450 0.54117647 0.42352941 0.64313725
v -0.00814050 0.03861811 -0.01520315 0.54117647 0.42352941 0.64313725
v -0.00896101 0.03819694 -0.01607450 0.54117647 0.42352941 0.64313725
v -0.01398767 0.03696520 -0.01580706 0.54117647 0.42352941 0.64313725
v -0.01339419 0.03727910 -0.01518762 0.54117647 0.42352941 0.64313725
v -0.01427843 0.03725923 -0.01430075 0.54117647 0.42352941 0.64313725
v -0.01339419 0.03748968 -0.01430075 0.54117647 0.42352941 0.64313725
v -0.01387216 0.03781152 -0.01214566 0.54117647 0.42352941 0.64313725
v -0.00898491 0.03880486 -0.01341645 0.54117647 0.42352941 0.64313725
v -0.01399165 0.03784728 -0.01167548 0.54117647 0.42352941 0.64313725
v 0.00053466 0.03262630 -0.02005769 0.54117647 0.42352941 0.64313725
v -0.03071264 -0.00029685 -0.02038035 0.54117647 0.42352941 0.64313725
v -0.03936390 0.00809883 -0.01167548 0.54117647 0.42352941 0.64313725
v -0.03997331 0.00277852 -0.01341473 0.54117647 0.42352941 0.64313725
v -0.03916076 0.00809883 -0.01341473 0.54117647 0.42352941 0.64313725
v -0.03980602 0.00188849 -0.01430075 0.54117647 0.42352941 0.64313725
v -0.03949932 -0.00029685 -0.01528684 0.54117647 0.42352941 0.64313725
v -0.03956704 -0.00029685 -0.01484340 0.54117647 0.42352941 0.64313725
v -0.03959890 -0.00029685 -0.01457250 0.54117647 0.42352941 0.64313725
v 0.00053466 0.03916643 -0.01696052 0.54117647 0.42352941 0.64313725
v -0.00186714 0.03895585 -0.01696052 0.54117647 0.42352941 0.64313725
v -0.00281910 0.03884062 -0.01704334 0.54117647 0.42352941 0.64313725
v -0.00363961 0.03880089 -0.01683888 0.54117647 0.42352941 0.64313725
v -0.00718456 0.03823667 -0.01696052 0.54117647 0.42352941 0.64313725
v -0.00816042 0.03803403 -0.01704852 0.54117647 0.42352941 0.64313725
v -0.00896101 0.03793867 -0.01682076 0.54117647 0.42352941 0.64313725
v -0.01365707 0.03687779 -0.01639716 0.54117647 0.42352941 0.64313725
v -0.01428242 0.03677051 -0.01609090 0.54117647 0.42352941 0.64313725
v -0.01458115 0.03686189 -0.01544730 0.54117647 0.42352941 0.64313725
v -0.01428242 0.03704467 -0.01516606 0.54117647 0.42352941 0.64313725
v -0.01427843 0.03744200 -0.01341473 0.54117647 0.42352941 0.64313725
v -0.01480420 0.03694533 -0.01485634 0.54117647 0.42352941 0.64313725
v -0.01496751 0.03700891 -0.01430075 0.54117647 0.42352941 0.64313725
v -0.01421072 0.03764067 -0.01247609 0.54117647 0.42352941 0.64313725
v -0.01443377 0.03770822 -0.01167548 0.54117647 0.42352941 0.64313725
v 0.00053466 0.03307132 -0.02007840 0.54117647 0.42352941 0.64313725
v -0.03112688 -0.00029685 -0.02040796 0.54117647 0.42352941 0.64313725
v -0.03918068 0.00894913 -0.01167548 0.54117647 0.42352941 0.64313725
v -0.03982992 0.00277852 -0.01430075 0.54117647 0.42352941 0.64313725
v -0.03902932 0.00809883 -0.01430075 0.54117647 0.42352941 0.64313725
v -0.03917271 0.00898489 -0.01167548 0.54117647 0.42352941 0.64313725
v -0.03895364 0.00898489 -0.01341473 0.54117647 0.42352941 0.64313725
v -0.03957899 0.00208318 -0.01572941 0.54117647 0.42352941 0.64313725
v -0.03935992 -0.00029685 -0.01607450 0.54117647 0.42352941 0.64313725
v 0.00053466 0.03884459 -0.01763517 0.54117647 0.42352941 0.64313725
v -0.00009069 0.03881678 -0.01760670 0.54117647 0.42352941 0.64313725
v -0.00097891 0.03878102 -0.01755666 0.54117647 0.42352941 0.64313725
v -0.00186714 0.03874526 -0.01750145 0.54117647 0.42352941 0.64313725
v -0.00256816 0.03871347 -0.01744710 0.54117647 0.42352941 0.64313725
v -0.00315766 0.03868169 -0.01739361 0.54117647 0.42352941 0.64313725
v -0.00792541 0.03786318 -0.01750835 0.54117647 0.42352941 0.64313725
v -0.00851491 0.03779960 -0.01740310 0.54117647 0.42352941 0.64313725
v -0.01337427 0.03670693 -0.01690444 0.54117647 0.42352941 0.64313725
v -0.01427843 0.03641291 -0.01696052 0.54117647 0.42352941 0.64313725
v -0.01508700 0.03613080 -0.01689581 0.54117647 0.42352941 0.64313725
v -0.01564861 0.03604736 -0.01655676 0.54117647 0.42352941 0.64313725
v -0.01516666 0.03642880 -0.01607450 0.54117647 0.42352941 0.64313725
v -0.01512683 0.03672680 -0.01516606 0.54117647 0.42352941 0.64313725
v -0.01522641 0.03708440 -0.01343544 0.54117647 0.42352941 0.64313725
v -0.01516666 0.03728307 -0.01252785 0.54117647 0.42352941 0.64313725
v -0.01540963 0.03683011 -0.01430075 0.54117647 0.42352941 0.64313725
v -0.01556099 0.03689368 -0.01374602 0.54117647 0.42352941 0.64313725
v -0.01512683 0.03743803 -0.01167548 0.54117647 0.42352941 0.64313725
v 0.00053466 0.03381036 -0.02011118 0.54117647 0.42352941 0.64313725
v -0.03160087 -0.00029685 -0.02042694 0.54117647 0.42352941 0.64313725
v -0.03960687 0.00345796 -0.01502630 0.54117647 0.42352941 0.64313725
v -0.03954712 0.00319572 -0.01561812 0.54117647 0.42352941 0.64313725
v -0.03964670 0.00285004 -0.01526872 0.54117647 0.42352941 0.64313725
v -0.03957899 0.00260369 -0.01572941 0.54117647 0.42352941 0.64313725
v -0.03879830 0.00904051 -0.01433612 0.54117647 0.42352941 0.64313725
v -0.03872660 0.00875443 -0.01518762 0.54117647 0.42352941 0.64313725
v -0.03867483 0.00858358 -0.01569318 0.54117647 0.42352941 0.64313725
v -0.03886601 0.00809883 -0.01518762 0.54117647 0.42352941 0.64313725
v -0.03774279 0.01374098 -0.01167548 0.54117647 0.42352941 0.64313725
v -0.03769897 0.01359397 -0.01252785 0.54117647 0.42352941 0.64313725
v -0.03779457 0.01304168 -0.01309638 0.54117647 0.42352941 0.64313725
v -0.03765516 0.01336749 -0.01340093 0.54117647 0.42352941 0.64313725
v -0.03918466 0.00188849 -0.01696052 0.54117647 0.42352941 0.64313725
v -0.03914085 -0.00029685 -0.01696052 0.54117647 0.42352941 0.64313725
v 0.00053466 0.03851083 -0.01807861 0.54117647 0.42352941 0.64313725
v -0.00009069 0.03849891 -0.01805014 0.54117647 0.42352941 0.64313725
v -0.00097891 0.03847507 -0.01800010 0.54117647 0.42352941 0.64313725
v -0.00186714 0.03844329 -0.01794489 0.54117647 0.42352941 0.64313725
v -0.00281910 0.03845918 -0.01778442 0.54117647 0.42352941 0.64313725
v -0.00363961 0.03829627 -0.01784740 0.54117647 0.42352941 0.64313725
v -0.00718456 0.03763272 -0.01805273 0.54117647 0.42352941 0.64313725
v -0.00718456 0.03792278 -0.01760929 0.54117647 0.42352941 0.64313725
v -0.00816042 0.03759696 -0.01782152 0.54117647 0.42352941 0.64313725
v -0.00948280 0.03693739 -0.01832017 0.54117647 0.42352941 0.64313725
v -0.00980543 0.03713208 -0.01787932 0.54117647 0.42352941 0.64313725
v -0.01134688 0.03696123 -0.01747729 0.54117647 0.42352941 0.64313725
v -0.01194036 0.03688176 -0.01732459 0.54117647 0.42352941 0.64313725
v -0.01427843 0.03611093 -0.01751611 0.54117647 0.42352941 0.64313725
v -0.01474047 0.03603544 -0.01741345 0.54117647 0.42352941 0.64313725
v -0.01581590 0.03613477 -0.01607450 0.54117647 0.42352941 0.64313725
v -0.01930907 0.03431498 -0.01665080 0.54117647 0.42352941 0.64313725
v -0.01989458 0.03418386 -0.01632124 0.54117647 0.42352941 0.64313725
v -0.02008577 0.03428716 -0.01573114 0.54117647 0.42352941 0.64313725
v -0.01566853 0.03694931 -0.01315419 0.54117647 0.42352941 0.64313725
v -0.01516666 0.03742213 -0.01167548 0.54117647 0.42352941 0.64313725
v -0.01959983 0.03465669 -0.01518762 0.54117647 0.42352941 0.64313725
v -0.01951619 0.03491098 -0.01421879 0.54117647 0.42352941 0.64313725
v -0.01969145 0.03498647 -0.01341473 0.54117647 0.42352941 0.64313725
v 0.00053466 0.03469642 -0.02012067 0.54117647 0.42352941 0.64313725
v -0.03201113 -0.00029685 -0.02044074 0.54117647 0.42352941 0.64313725
v -0.03337334 -0.00029685 -0.02047784 0.54117647 0.42352941 0.64313725
v -0.03378758 -0.00029685 -0.02048905 0.54117647 0.42352941 0.64313725
v -0.03945950 0.00285004 -0.01604517 0.54117647 0.42352941 0.64313725
v -0.03866686 0.00767766 -0.01652830 0.54117647 0.42352941 0.64313725
v -0.03864694 0.00937825 -0.01465532 0.54117647 0.42352941 0.64313725
v -0.03733651 0.01341914 -0.01518762 0.54117647 0.42352941 0.64313725
v -0.03849559 0.00892131 -0.01602274 0.54117647 0.42352941 0.64313725
v -0.03861508 0.00826968 -0.01628328 0.54117647 0.42352941 0.64313725
v -0.03709354 0.01350258 -0.01615474 0.54117647 0.42352941 0.64313725
v -0.03871067 0.00802334 -0.01602274 0.54117647 0.42352941 0.64313725
v -0.03752372 0.01427739 -0.01167548 0.54117647 0.42352941 0.64313725
v -0.03742015 0.01430520 -0.01252785 0.54117647 0.42352941 0.64313725
v -0.03731659 0.01430520 -0.01341473 0.54117647 0.42352941 0.64313725
v -0.03749583 0.01341914 -0.01430075 0.54117647 0.42352941 0.64313725
v -0.03914483 0.00277852 -0.01696052 0.54117647 0.42352941 0.64313725
v -0.03881424 0.00277852 -0.01765846 0.54117647 0.42352941 0.64313725
v -0.03883415 0.00188849 -0.01768866 0.54117647 0.42352941 0.64313725
v -0.03883415 0.00100243 -0.01770677 0.54117647 0.42352941 0.64313725
v -0.03883415 0.00011638 -0.01771713 0.54117647 0.42352941 0.64313725
v -0.03883415 -0.00029685 -0.01771799 0.54117647 0.42352941 0.64313725
v 0.00053466 0.03806979 -0.01855656 0.54117647 0.42352941 0.64313725
v -0.00009069 0.03805787 -0.01855224 0.54117647 0.42352941 0.64313725
v -0.00097891 0.03803006 -0.01853413 0.54117647 0.42352941 0.64313725
v -0.00186714 0.03800224 -0.01850738 0.54117647 0.42352941 0.64313725
v -0.00275139 0.03795854 -0.01846683 0.54117647 0.42352941 0.64313725
v -0.00363961 0.03789894 -0.01840558 0.54117647 0.42352941 0.64313725
v -0.00435657 0.03784331 -0.01834346 0.54117647 0.42352941 0.64313725
v -0.00630031 0.03770027 -0.01814245 0.54117647 0.42352941 0.64313725
v -0.00718456 0.03718771 -0.01858071 0.54117647 0.42352941 0.64313725
v -0.00807279 0.03710427 -0.01848926 0.54117647 0.42352941 0.64313725
v -0.00896101 0.03700493 -0.01838919 0.54117647 0.42352941 0.64313725
v -0.01004043 0.03595994 -0.01912337 0.54117647 0.42352941 0.64313725
v -0.01073349 0.03586061 -0.01903192 0.54117647 0.42352941 0.64313725
v -0.01073349 0.03630960 -0.01858848 0.54117647 0.42352941 0.64313725
v -0.01162172 0.03617451 -0.01845217 0.54117647 0.42352941 0.64313725
v -0.01223511 0.03608312 -0.01835037 0.54117647 0.42352941 0.64313725
v -0.01339419 0.03624205 -0.01769470 0.54117647 0.42352941 0.64313725
v -0.01282859 0.03598378 -0.01824339 0.54117647 0.42352941 0.64313725
v -0.01339419 0.03588842 -0.01813814 0.54117647 0.42352941 0.64313725
v -0.01427843 0.03572949 -0.01795955 0.54117647 0.42352941 0.64313725
v -0.01481217 0.03517719 -0.01832880 0.54117647 0.42352941 0.64313725
v -0.01540166 0.03505005 -0.01819162 0.54117647 0.42352941 0.64313725
v -0.01724185 0.03418386 -0.01821319 0.54117647 0.42352941 0.64313725
v -0.01837703 0.03429908 -0.01746435 0.54117647 0.42352941 0.64313725
v -0.01897051 0.03416002 -0.01724263 0.54117647 0.42352941 0.64313725
v -0.01960382 0.03441034 -0.01604603 0.54117647 0.42352941 0.64313725
v -0.01960382 0.03400903 -0.01695189 0.54117647 0.42352941 0.64313725
v -0.02044823 0.03354415 -0.01689840 0.54117647 0.42352941 0.64313725
v -0.02095408 0.03338521 -0.01656194 0.54117647 0.42352941 0.64313725
v -0.02018933 0.03435471 -0.01518762 0.54117647 0.42352941 0.64313725
v -0.02361080 0.03160913 -0.01655331 0.54117647 0.42352941 0.64313725
v -0.02373029 0.03168860 -0.01607450 0.54117647 0.42352941 0.64313725
v -0.02436759 0.03151377 -0.01518762 0.54117647 0.42352941 0.64313725
v -0.02445920 0.03158131 -0.01469328 0.54117647 0.42352941 0.64313725
v -0.01575616 0.03700891 -0.01252785 0.54117647 0.42352941 0.64313725
v -0.01984280 0.03505402 -0.01252785 0.54117647 0.42352941 0.64313725
v -0.01997026 0.03510965 -0.01167548 0.54117647 0.42352941 0.64313725
v -0.02034865 0.03445404 -0.01430075 0.54117647 0.42352941 0.64313725
v -0.02055179 0.03450173 -0.01342163 0.54117647 0.42352941 0.64313725
v -0.00097891 0.03469642 -0.02012585 0.54117647 0.42352941 0.64313725
v 0.00053466 0.03526858 -0.02008703 0.54117647 0.42352941 0.64313725
v -0.03426157 -0.00029685 -0.02047870 0.54117647 0.42352941 0.64313725
v -0.03467183 0.00100243 -0.02045886 0.54117647 0.42352941 0.64313725
v -0.03378758 0.00100243 -0.02047784 0.54117647 0.42352941 0.64313725
v -0.00186714 0.03469642 -0.02012757 0.54117647 0.42352941 0.64313725
v -0.03845177 0.00802334 -0.01687856 0.54117647 0.42352941 0.64313725
v -0.03851152 0.00720880 -0.01701401 0.54117647 0.42352941 0.64313725
v -0.03876644 0.00366457 -0.01757823 0.54117647 0.42352941 0.64313725
v -0.03902932 0.00366457 -0.01696052 0.54117647 0.42352941 0.64313725
v -0.03717719 0.01430520 -0.01430075 0.54117647 0.42352941 0.64313725
v -0.03701388 0.01431315 -0.01511084 0.54117647 0.42352941 0.64313725
v -0.03695812 0.01402706 -0.01591404 0.54117647 0.42352941 0.64313725
v -0.03698600 0.01326021 -0.01677848 0.54117647 0.42352941 0.64313725
v -0.03687447 0.01291850 -0.01736945 0.54117647 0.42352941 0.64313725
v -0.03816499 0.00898489 -0.01696052 0.54117647 0.42352941 0.64313725
v -0.03688642 0.01385224 -0.01650414 0.54117647 0.42352941 0.64313725
v -0.03751177 0.01430520 -0.01167548 0.54117647 0.42352941 0.64313725
v -0.03550031 0.01873945 -0.01167548 0.54117647 0.42352941 0.64313725
v -0.03540471 0.01873945 -0.01252785 0.54117647 0.42352941 0.64313725
v -0.03693820 0.01482968 -0.01430075 0.54117647 0.42352941 0.64313725
v -0.03512988 0.01920434 -0.01304290 0.54117647 0.42352941 0.64313725
v -0.03853144 0.00277852 -0.01810190 0.54117647 0.42352941 0.64313725
v -0.03855533 0.00188849 -0.01813210 0.54117647 0.42352941 0.64313725
v -0.03857127 0.00100243 -0.01815021 0.54117647 0.42352941 0.64313725
v -0.03857923 0.00011638 -0.01816057 0.54117647 0.42352941 0.64313725
v -0.03857923 -0.00029685 -0.01816143 0.54117647 0.42352941 0.64313725
v 0.00053466 0.03759299 -0.01900000 0.54117647 0.42352941 0.64313725
v -0.00009069 0.03759299 -0.01899568 0.54117647 0.42352941 0.64313725
v -0.00097891 0.03758504 -0.01897757 0.54117647 0.42352941 0.64313725
v -0.00186714 0.03756120 -0.01895082 0.54117647 0.42352941 0.64313725
v -0.00275139 0.03751750 -0.01891027 0.54117647 0.42352941 0.64313725
v -0.00508946 0.03693341 -0.01919497 0.54117647 0.42352941 0.64313725
v -0.00630031 0.03725526 -0.01866095 0.54117647 0.42352941 0.64313725
v -0.00568294 0.03688176 -0.01915270 0.54117647 0.42352941 0.64313725
v -0.00630031 0.03682613 -0.01910438 0.54117647 0.42352941 0.64313725
v -0.00718456 0.03674269 -0.01902329 0.54117647 0.42352941 0.64313725
v -0.00807279 0.03665131 -0.01893270 0.54117647 0.42352941 0.64313725
v -0.00896101 0.03654403 -0.01883263 0.54117647 0.42352941 0.64313725
v -0.01073349 0.03541560 -0.01937614 0.54117647 0.42352941 0.64313725
v -0.01162172 0.03528050 -0.01928556 0.54117647 0.42352941 0.64313725
v -0.00944695 0.03603941 -0.01918721 0.54117647 0.42352941 0.64313725
v -0.01219130 0.03518514 -0.01921309 0.54117647 0.42352941 0.64313725
v -0.01162172 0.03572154 -0.01889561 0.54117647 0.42352941 0.64313725
v -0.01339419 0.03544738 -0.01859020 0.54117647 0.42352941 0.64313725
v -0.01427843 0.03528448 -0.01843405 0.54117647 0.42352941 0.64313725
v -0.01506708 0.03465271 -0.01869977 0.54117647 0.42352941 0.64313725
v -0.01605489 0.03445802 -0.01848581 0.54117647 0.42352941 0.64313725
v -0.01664837 0.03432690 -0.01836158 0.54117647 0.42352941 0.64313725
v -0.01427843 0.03479575 -0.01887749 0.54117647 0.42352941 0.64313725
v -0.01842084 0.03344482 -0.01836331 0.54117647 0.42352941 0.64313725
v -0.01782736 0.03403684 -0.01805618 0.54117647 0.42352941 0.64313725
v -0.01869567 0.03380242 -0.01783877 0.54117647 0.42352941 0.64313725
v -0.01959983 0.03355607 -0.01760842 0.54117647 0.42352941 0.64313725
v -0.02012560 0.03341303 -0.01745917 0.54117647 0.42352941 0.64313725
v -0.02071908 0.03323423 -0.01715291 0.54117647 0.42352941 0.64313725
v -0.02282215 0.03166873 -0.01749023 0.54117647 0.42352941 0.64313725
v -0.02312885 0.03177204 -0.01689323 0.54117647 0.42352941 0.64313725
v -0.02089035 0.03422756 -0.01372186 0.54117647 0.42352941 0.64313725
v -0.02341165 0.03144225 -0.01714428 0.54117647 0.42352941 0.64313725
v -0.02457869 0.03080254 -0.01665770 0.54117647 0.42352941 0.64313725
v -0.02417640 0.03137073 -0.01607450 0.54117647 0.42352941 0.64313725
v -0.02471013 0.03092571 -0.01607450 0.54117647 0.42352941 0.64313725
v -0.02805194 0.02807285 -0.01570698 0.54117647 0.42352941 0.64313725
v -0.02813957 0.02815231 -0.01518762 0.54117647 0.42352941 0.64313725
v -0.02453488 0.03164091 -0.01410146 0.54117647 0.42352941 0.64313725
v -0.02825906 0.02825960 -0.01430075 0.54117647 0.42352941 0.64313725
v -0.02048408 0.03468847 -0.01252785 0.54117647 0.42352941 0.64313725
v -0.02046018 0.03481165 -0.01167548 0.54117647 0.42352941 0.64313725
v -0.02096205 0.03428716 -0.01313089 0.54117647 0.42352941 0.64313725
v 0.00053466 0.03539970 -0.02006459 0.54117647 0.42352941 0.64313725
v -0.00097891 0.03527653 -0.02008616 0.54117647 0.42352941 0.64313725
v -0.00097891 0.03571757 -0.02001111 0.54117647 0.42352941 0.64313725
v -0.03467183 -0.00029685 -0.02046921 0.54117647 0.42352941 0.64313725
v -0.03467183 0.00277852 -0.02044333 0.54117647 0.42352941 0.64313725
v -0.03556005 0.00188849 -0.02035792 0.54117647 0.42352941 0.64313725
v -0.03378758 0.00277852 -0.02046231 0.54117647 0.42352941 0.64313725
v -0.02580548 0.02228368 -0.02027855 0.54117647 0.42352941 0.64313725
v -0.00275139 0.03469642 -0.02012326 0.54117647 0.42352941 0.64313725
v -0.00186714 0.03526461 -0.02008444 0.54117647 0.42352941 0.64313725
v -0.02491725 0.02316974 -0.02026820 0.54117647 0.42352941 0.64313725
v -0.02403301 0.02405579 -0.02025784 0.54117647 0.42352941 0.64313725
v -0.02048408 0.02760399 -0.02021126 0.54117647 0.42352941 0.64313725
v -0.01959983 0.02849005 -0.02019832 0.54117647 0.42352941 0.64313725
v -0.03787025 0.00898489 -0.01756184 0.54117647 0.42352941 0.64313725
v -0.03799372 0.00809883 -0.01775768 0.54117647 0.42352941 0.64313725
v -0.03803355 0.00727635 -0.01793108 0.54117647 0.42352941 0.64313725
v -0.03777067 0.00761408 -0.01828307 0.54117647 0.42352941 0.64313725
v -0.03847567 0.00366457 -0.01802167 0.54117647 0.42352941 0.64313725
v -0.03689439 0.01475419 -0.01476403 0.54117647 0.42352941 0.64313725
v -0.03683066 0.01461512 -0.01535499 0.54117647 0.42352941 0.64313725
v -0.03677091 0.01431315 -0.01615474 0.54117647 0.42352941 0.64313725
v -0.03630489 0.01341914 -0.01789571 0.54117647 0.42352941 0.64313725
v -0.03665540 0.01258474 -0.01781462 0.54117647 0.42352941 0.64313725
v -0.03683862 0.01103513 -0.01822096 0.54117647 0.42352941 0.64313725
v -0.03758745 0.00898489 -0.01800528 0.54117647 0.42352941 0.64313725
v -0.03679880 0.01350258 -0.01702867 0.54117647 0.42352941 0.64313725
v -0.03603404 0.01482173 -0.01745658 0.54117647 0.42352941 0.64313725
v -0.03614955 0.01430520 -0.01761446 0.54117647 0.42352941 0.64313725
v -0.03648811 0.01430520 -0.01696052 0.54117647 0.42352941 0.64313725
v -0.03510598 0.01827457 -0.01558534 0.54117647 0.42352941 0.64313725
v -0.03514582 0.01747196 -0.01659386 0.54117647 0.42352941 0.64313725
v -0.03526531 0.01693953 -0.01691825 0.54117647 0.42352941 0.64313725
v -0.03521751 0.01930367 -0.01167548 0.54117647 0.42352941 0.64313725
v -0.03516175 0.01925202 -0.01252785 0.54117647 0.42352941 0.64313725
v -0.03259266 0.02295518 -0.01430075 0.54117647 0.42352941 0.64313725
v -0.03507014 0.01909308 -0.01363472 0.54117647 0.42352941 0.64313725
v -0.03516175 0.01838583 -0.01499437 0.54117647 0.42352941 0.64313725
v -0.03522548 0.01851695 -0.01430075 0.54117647 0.42352941 0.64313725
v -0.03255282 0.02372601 -0.01167548 0.54117647 0.42352941 0.64313725
v -0.03250105 0.02367435 -0.01235876 0.54117647 0.42352941 0.64313725
v -0.03245325 0.02360681 -0.01294972 0.54117647 0.42352941 0.64313725
v -0.03240943 0.02354323 -0.01341473 0.54117647 0.42352941 0.64313725
v -0.03781448 0.00702205 -0.01833484 0.54117647 0.42352941 0.64313725
v -0.03785829 0.00632274 -0.01839005 0.54117647 0.42352941 0.64313725
v -0.03802957 0.00366457 -0.01857899 0.54117647 0.42352941 0.64313725
v -0.03808931 0.00277852 -0.01863506 0.54117647 0.42352941 0.64313725
v -0.03810923 0.00188849 -0.01866267 0.54117647 0.42352941 0.64313725
v -0.03812516 0.00100243 -0.01867820 0.54117647 0.42352941 0.64313725
v -0.03813711 0.00011638 -0.01868338 0.54117647 0.42352941 0.64313725
v -0.03837610 -0.00029685 -0.01840472 0.54117647 0.42352941 0.64313725
v 0.00053466 0.03715195 -0.01935112 0.54117647 0.42352941 0.64313725
v -0.00009069 0.03714797 -0.01935199 0.54117647 0.42352941 0.64313725
v -0.00097891 0.03714003 -0.01935026 0.54117647 0.42352941 0.64313725
v -0.00186714 0.03712016 -0.01933732 0.54117647 0.42352941 0.64313725
v -0.00275139 0.03707248 -0.01930799 0.54117647 0.42352941 0.64313725
v -0.00452386 0.03696917 -0.01922517 0.54117647 0.42352941 0.64313725
v -0.00452386 0.03647251 -0.01954869 0.54117647 0.42352941 0.64313725
v -0.00539615 0.03654005 -0.01941842 0.54117647 0.42352941 0.64313725
v -0.00630031 0.03638509 -0.01942187 0.54117647 0.42352941 0.64313725
v -0.00718456 0.03629768 -0.01937183 0.54117647 0.42352941 0.64313725
v -0.00807279 0.03620629 -0.01931230 0.54117647 0.42352941 0.64313725
v -0.00896101 0.03610298 -0.01923552 0.54117647 0.42352941 0.64313725
v -0.00978551 0.03563015 -0.01939685 0.54117647 0.42352941 0.64313725
v -0.00896101 0.03558247 -0.01955559 0.54117647 0.42352941 0.64313725
v -0.01073349 0.03469642 -0.01974539 0.54117647 0.42352941 0.64313725
v -0.01162172 0.03469642 -0.01960649 0.54117647 0.42352941 0.64313725
v -0.01249401 0.03474807 -0.01941238 0.54117647 0.42352941 0.64313725
v -0.01339419 0.03452556 -0.01936320 0.54117647 0.42352941 0.64313725
v -0.01278478 0.03508183 -0.01912854 0.54117647 0.42352941 0.64313725
v -0.01339419 0.03496661 -0.01903364 0.54117647 0.42352941 0.64313725
v -0.01473250 0.03425935 -0.01918117 0.54117647 0.42352941 0.64313725
v -0.01532598 0.03412426 -0.01907074 0.54117647 0.42352941 0.64313725
v -0.01605489 0.03395340 -0.01892925 0.54117647 0.42352941 0.64313725
v -0.01715024 0.03325409 -0.01908972 0.54117647 0.42352941 0.64313725
v -0.01782736 0.03359580 -0.01850048 0.54117647 0.42352941 0.64313725
v -0.01782736 0.03307927 -0.01894392 0.54117647 0.42352941 0.64313725
v -0.01959983 0.03268590 -0.01846511 0.54117647 0.42352941 0.64313725
v -0.02014153 0.03253889 -0.01834088 0.54117647 0.42352941 0.64313725
v -0.01901034 0.03328588 -0.01821319 0.54117647 0.42352941 0.64313725
v -0.01959983 0.03312695 -0.01805186 0.54117647 0.42352941 0.64313725
v -0.02042832 0.03288457 -0.01781375 0.54117647 0.42352941 0.64313725
v -0.02225655 0.03137073 -0.01810880 0.54117647 0.42352941 0.64313725
v -0.02334792 0.03052838 -0.01813296 0.54117647 0.42352941 0.64313725
v -0.02431581 0.02969000 -0.01817523 0.54117647 0.42352941 0.64313725
v -0.02373826 0.03085022 -0.01754113 0.54117647 0.42352941 0.64313725
v -0.02433174 0.03058401 -0.01724953 0.54117647 0.42352941 0.64313725
v -0.02073501 0.03235214 -0.01816833 0.54117647 0.42352941 0.64313725
v -0.02620379 0.02889533 -0.01733925 0.54117647 0.42352941 0.64313725
v -0.02792050 0.02795365 -0.01629795 0.54117647 0.42352941 0.64313725
v -0.02832677 0.02763578 -0.01603137 0.54117647 0.42352941 0.64313725
v -0.02890432 0.02715500 -0.01561726 0.54117647 0.42352941 0.64313725
v -0.02864542 0.02757618 -0.01526786 0.54117647 0.42352941 0.64313725
v -0.02870517 0.02781458 -0.01430075 0.54117647 0.42352941 0.64313725
v -0.02505666 0.03130716 -0.01341473 0.54117647 0.42352941 0.64313725
v -0.02461454 0.03170052 -0.01341473 0.54117647 0.42352941 0.64313725
v -0.02879678 0.02791391 -0.01341473 0.54117647 0.42352941 0.64313725
v -0.02835067 0.02834304 -0.01341473 0.54117647 0.42352941 0.64313725
v -0.02515225 0.03139059 -0.01252785 0.54117647 0.42352941 0.64313725
v -0.02101781 0.03433087 -0.01252785 0.54117647 0.42352941 0.64313725
v -0.02048408 0.03479575 -0.01167548 0.54117647 0.42352941 0.64313725
v -0.02470615 0.03177204 -0.01252785 0.54117647 0.42352941 0.64313725
v 0.00053466 0.03571359 -0.02000852 0.54117647 0.42352941 0.64313725
v -0.00186714 0.03570565 -0.02000593 0.54117647 0.42352941 0.64313725
v -0.00097891 0.03647251 -0.01974021 0.54117647 0.42352941 0.64313725
v -0.00009069 0.03647251 -0.01974021 0.54117647 0.42352941 0.64313725
v 0.00053466 0.03594008 -0.01992915 0.54117647 0.42352941 0.64313725
v -0.03514980 -0.00029685 -0.02041486 0.54117647 0.42352941 0.64313725
v -0.03556005 0.00100243 -0.02036223 0.54117647 0.42352941 0.64313725
v -0.03467183 0.00366457 -0.02043557 0.54117647 0.42352941 0.64313725
v -0.03625311 0.00100243 -0.02018106 0.54117647 0.42352941 0.64313725
v -0.03623320 0.00188849 -0.02018020 0.54117647 0.42352941 0.64313725
v -0.03556005 0.00277852 -0.02034584 0.54117647 0.42352941 0.64313725
v -0.03378758 0.00543669 -0.02043902 0.54117647 0.42352941 0.64313725
v -0.03289935 0.01075700 -0.02037431 0.54117647 0.42352941 0.64313725
v -0.02668973 0.02139365 -0.02028200 0.54117647 0.42352941 0.64313725
v -0.02580548 0.02316974 -0.02025698 0.54117647 0.42352941 0.64313725
v -0.02491725 0.02405579 -0.02025267 0.54117647 0.42352941 0.64313725
v -0.00363961 0.03469642 -0.02011463 0.54117647 0.42352941 0.64313725
v -0.01605489 0.03026216 -0.02017071 0.54117647 0.42352941 0.64313725
v -0.01427843 0.03114822 -0.02015691 0.54117647 0.42352941 0.64313725
v -0.01073349 0.03292431 -0.02012412 0.54117647 0.42352941 0.64313725
v -0.00807279 0.03381036 -0.02011204 0.54117647 0.42352941 0.64313725
v -0.00363961 0.03518117 -0.02007236 0.54117647 0.42352941 0.64313725
v -0.02137231 0.02760399 -0.02018710 0.54117647 0.42352941 0.64313725
v -0.02048408 0.02849005 -0.02016295 0.54117647 0.42352941 0.64313725
v -0.01871559 0.02937611 -0.02017157 0.54117647 0.42352941 0.64313725
v -0.01693913 0.03026216 -0.02016208 0.54117647 0.42352941 0.64313725
v -0.03771092 0.00809883 -0.01820111 0.54117647 0.42352941 0.64313725
v -0.03714532 0.00898489 -0.01855052 0.54117647 0.42352941 0.64313725
v -0.03670320 0.00898489 -0.01899309 0.54117647 0.42352941 0.64313725
v -0.03681473 0.00809883 -0.01910352 0.54117647 0.42352941 0.64313725
v -0.03687447 0.00757832 -0.01916305 0.54117647 0.42352941 0.64313725
v -0.03693422 0.00698629 -0.01921654 0.54117647 0.42352941 0.64313725
v -0.03743210 0.00632274 -0.01883349 0.54117647 0.42352941 0.64313725
v -0.03594243 0.01371714 -0.01822354 0.54117647 0.42352941 0.64313725
v -0.03606192 0.01312511 -0.01835295 0.54117647 0.42352941 0.64313725
v -0.03616548 0.01253309 -0.01846856 0.54117647 0.42352941 0.64313725
v -0.03693023 0.01044311 -0.01833484 0.54117647 0.42352941 0.64313725
v -0.03502234 0.01721766 -0.01718483 0.54117647 0.42352941 0.64313725
v -0.03516573 0.01662563 -0.01747815 0.54117647 0.42352941 0.64313725
v -0.03498251 0.01607731 -0.01810622 0.54117647 0.42352941 0.64313725
v -0.03509802 0.01559256 -0.01826668 0.54117647 0.42352941 0.64313725
v -0.03581895 0.01430520 -0.01805790 0.54117647 0.42352941 0.64313725
v -0.03424165 0.01920434 -0.01654641 0.54117647 0.42352941 0.64313725
v -0.03501836 0.01810769 -0.01607450 0.54117647 0.42352941 0.64313725
v -0.03499844 0.01896196 -0.01430075 0.54117647 0.42352941 0.64313725
v -0.03493471 0.01870369 -0.01524888 0.54117647 0.42352941 0.64313725
v -0.03244926 0.02271280 -0.01559828 0.54117647 0.42352941 0.64313725
v -0.03483912 0.01780174 -0.01691825 0.54117647 0.42352941 0.64313725
v -0.03520556 0.01932354 -0.01167548 0.54117647 0.42352941 0.64313725
v -0.03231782 0.02339622 -0.01430075 0.54117647 0.42352941 0.64313725
v -0.03254486 0.02373793 -0.01167548 0.54117647 0.42352941 0.64313725
v -0.03253291 0.02375382 -0.01167548 0.54117647 0.42352941 0.64313725
v -0.03219036 0.02417897 -0.01167548 0.54117647 0.42352941 0.64313725
v -0.03158494 0.02451273 -0.01390907 0.54117647 0.42352941 0.64313725
v -0.03181994 0.02409155 -0.01424294 0.54117647 0.42352941 0.64313725
v -0.03763126 0.00366457 -0.01902243 0.54117647 0.42352941 0.64313725
v -0.03767507 0.00277852 -0.01907850 0.54117647 0.42352941 0.64313725
v -0.03770295 0.00188849 -0.01910525 0.54117647 0.42352941 0.64313725
v -0.03771888 0.00100243 -0.01912164 0.54117647 0.42352941 0.64313725
v -0.03813711 -0.00029685 -0.01868510 0.54117647 0.42352941 0.64313725
v -0.03772685 -0.00029685 -0.01912854 0.54117647 0.42352941 0.64313725
v 0.00053466 0.03647251 -0.01973849 0.54117647 0.42352941 0.64313725
v -0.00186714 0.03647251 -0.01972296 0.54117647 0.42352941 0.64313725
v -0.00275139 0.03647251 -0.01968068 0.54117647 0.42352941 0.64313725
v -0.00363961 0.03647251 -0.01962029 0.54117647 0.42352941 0.64313725
v -0.00718456 0.03558247 -0.01976005 0.54117647 0.42352941 0.64313725
v -0.00807279 0.03558247 -0.01967378 0.54117647 0.42352941 0.64313725
v -0.00984526 0.03469642 -0.01986013 0.54117647 0.42352941 0.64313725
v -0.01250596 0.03381036 -0.01986789 0.54117647 0.42352941 0.64313725
v -0.01339419 0.03381036 -0.01974625 0.54117647 0.42352941 0.64313725
v -0.01427843 0.03381036 -0.01956594 0.54117647 0.42352941 0.64313725
v -0.01427843 0.03435074 -0.01924846 0.54117647 0.42352941 0.64313725
v -0.01508302 0.03381831 -0.01935975 0.54117647 0.42352941 0.64313725
v -0.01605489 0.03351236 -0.01927865 0.54117647 0.42352941 0.64313725
v -0.01656074 0.03339713 -0.01919928 0.54117647 0.42352941 0.64313725
v -0.01782736 0.03263823 -0.01928124 0.54117647 0.42352941 0.64313725
v -0.01831330 0.03250313 -0.01919583 0.54117647 0.42352941 0.64313725
v -0.02045620 0.03205017 -0.01855828 0.54117647 0.42352941 0.64313725
v -0.02116519 0.03176012 -0.01841766 0.54117647 0.42352941 0.64313725
v -0.01890678 0.03232830 -0.01906384 0.54117647 0.42352941 0.64313725
v -0.01965161 0.03203427 -0.01894564 0.54117647 0.42352941 0.64313725
v -0.02175468 0.03154953 -0.01825719 0.54117647 0.42352941 0.64313725
v -0.02275842 0.03074691 -0.01832190 0.54117647 0.42352941 0.64313725
v -0.02372631 0.02993635 -0.01837711 0.54117647 0.42352941 0.64313725
v -0.02466632 0.02909797 -0.01841507 0.54117647 0.42352941 0.64313725
v -0.02525581 0.02883970 -0.01820629 0.54117647 0.42352941 0.64313725
v -0.02467030 0.02999197 -0.01758427 0.54117647 0.42352941 0.64313725
v -0.02561031 0.02913771 -0.01761533 0.54117647 0.42352941 0.64313725
v -0.02589311 0.02856952 -0.01792332 0.54117647 0.42352941 0.64313725
v -0.02649854 0.02830330 -0.01764121 0.54117647 0.42352941 0.64313725
v -0.02799618 0.02713117 -0.01737463 0.54117647 0.42352941 0.64313725
v -0.02766160 0.02768346 -0.01706577 0.54117647 0.42352941 0.64313725
v -0.02820728 0.02736162 -0.01678366 0.54117647 0.42352941 0.64313725
v -0.02882466 0.02704772 -0.01607450 0.54117647 0.42352941 0.64313725
v -0.02898797 0.02726229 -0.01502543 0.54117647 0.42352941 0.64313725
v -0.03164867 0.02371011 -0.01582776 0.54117647 0.42352941 0.64313725
v -0.03175621 0.02384123 -0.01518762 0.54117647 0.42352941 0.64313725
v -0.02886051 0.02798941 -0.01269953 0.54117647 0.42352941 0.64313725
v -0.02891229 0.02804901 -0.01210857 0.54117647 0.42352941 0.64313725
v -0.02852593 0.02834304 -0.01245366 0.54117647 0.42352941 0.64313725
v -0.02522395 0.03145814 -0.01167548 0.54117647 0.42352941 0.64313725
v -0.02106163 0.03439842 -0.01167548 0.54117647 0.42352941 0.64313725
v -0.02478183 0.03183164 -0.01167548 0.54117647 0.42352941 0.64313725
v -0.02479776 0.03181972 -0.01167548 0.54117647 0.42352941 0.64313725
v -0.00275139 0.03566592 -0.01999385 0.54117647 0.42352941 0.64313725
v -0.00419725 0.03515335 -0.02006718 0.54117647 0.42352941 0.64313725
v -0.03556005 -0.00029685 -0.02036310 0.54117647 0.42352941 0.64313725
v -0.03556005 0.00011638 -0.02036396 0.54117647 0.42352941 0.64313725
v -0.03467183 0.00455063 -0.02041831 0.54117647 0.42352941 0.64313725
v -0.03378758 0.00987094 -0.02036569 0.54117647 0.42352941 0.64313725
v -0.03378758 0.00898489 -0.02038208 0.54117647 0.42352941 0.64313725
v -0.03378758 0.00632274 -0.02042694 0.54117647 0.42352941 0.64313725
v -0.03626904 0.00011638 -0.02017847 0.54117647 0.42352941 0.64313725
v -0.03671515 0.00011638 -0.01997056 0.54117647 0.42352941 0.64313725
v -0.03620531 0.00277852 -0.02017157 0.54117647 0.42352941 0.64313725
v -0.03556005 0.00366457 -0.02031651 0.54117647 0.42352941 0.64313725
v -0.03467183 0.00720880 -0.02033808 0.54117647 0.42352941 0.64313725
v -0.03201113 0.01341914 -0.02034325 0.54117647 0.42352941 0.64313725
v -0.03023865 0.01696337 -0.02030788 0.54117647 0.42352941 0.64313725
v -0.02757795 0.02050759 -0.02028459 0.54117647 0.42352941 0.64313725
v -0.02580548 0.02405579 -0.02019573 0.54117647 0.42352941 0.64313725
v -0.02935043 0.01873945 -0.02028373 0.54117647 0.42352941 0.64313725
v -0.02846618 0.02050759 -0.02025181 0.54117647 0.42352941 0.64313725
v -0.00450394 0.03475602 -0.02009565 0.54117647 0.42352941 0.64313725
v -0.00984526 0.03365540 -0.02009910 0.54117647 0.42352941 0.64313725
v -0.00888932 0.03388188 -0.02009738 0.54117647 0.42352941 0.64313725
v -0.01516666 0.03114822 -0.02014828 0.54117647 0.42352941 0.64313725
v -0.01339419 0.03203825 -0.02013016 0.54117647 0.42352941 0.64313725
v -0.02224859 0.02760002 -0.02012067 0.54117647 0.42352941 0.64313725
v -0.02129264 0.02845032 -0.02010514 0.54117647 0.42352941 0.64313725
v -0.02048408 0.02908605 -0.02009306 0.54117647 0.42352941 0.64313725
v -0.01958788 0.02940392 -0.02012240 0.54117647 0.42352941 0.64313725
v -0.01784728 0.03031382 -0.02012499 0.54117647 0.42352941 0.64313725
v -0.01607480 0.03120385 -0.02011550 0.54117647 0.42352941 0.64313725
v -0.03701388 0.00987094 -0.01842456 0.54117647 0.42352941 0.64313725
v -0.03597828 0.01111063 -0.01915270 0.54117647 0.42352941 0.64313725
v -0.03605794 0.01051860 -0.01922775 0.54117647 0.42352941 0.64313725
v -0.03614158 0.00987094 -0.01930626 0.54117647 0.42352941 0.64313725
v -0.03626108 0.00898489 -0.01940720 0.54117647 0.42352941 0.64313725
v -0.03637260 0.00809883 -0.01948830 0.54117647 0.42352941 0.64313725
v -0.03652396 0.00725251 -0.01949692 0.54117647 0.42352941 0.64313725
v -0.03698998 0.00632274 -0.01927003 0.54117647 0.42352941 0.64313725
v -0.03522548 0.01500054 -0.01840127 0.54117647 0.42352941 0.64313725
v -0.03537285 0.01430520 -0.01855311 0.54117647 0.42352941 0.64313725
v -0.03505818 0.01372509 -0.01912164 0.54117647 0.42352941 0.64313725
v -0.03556005 0.01342709 -0.01873686 0.54117647 0.42352941 0.64313725
v -0.03518166 0.01313306 -0.01923638 0.54117647 0.42352941 0.64313725
v -0.03573531 0.01253309 -0.01891200 0.54117647 0.42352941 0.64313725
v -0.03589065 0.01164306 -0.01906815 0.54117647 0.42352941 0.64313725
v -0.03630489 0.01164306 -0.01862471 0.54117647 0.42352941 0.64313725
v -0.03427352 0.01837788 -0.01747039 0.54117647 0.42352941 0.64313725
v -0.03441292 0.01785340 -0.01766105 0.54117647 0.42352941 0.64313725
v -0.03469174 0.01700310 -0.01787501 0.54117647 0.42352941 0.64313725
v -0.03421377 0.01738057 -0.01827186 0.54117647 0.42352941 0.64313725
v -0.03436513 0.01678854 -0.01843750 0.54117647 0.42352941 0.64313725
v -0.03453640 0.01607731 -0.01860573 0.54117647 0.42352941 0.64313725
v -0.03409030 0.01607731 -0.01904917 0.54117647 0.42352941 0.64313725
v -0.03471564 0.01529059 -0.01877828 0.54117647 0.42352941 0.64313725
v -0.03329766 0.02087314 -0.01634367 0.54117647 0.42352941 0.64313725
v -0.03251698 0.02193800 -0.01665080 0.54117647 0.42352941 0.64313725
v -0.03347292 0.02028111 -0.01680437 0.54117647 0.42352941 0.64313725
v -0.03333749 0.02005861 -0.01739533 0.54117647 0.42352941 0.64313725
v -0.03410225 0.01896594 -0.01713738 0.54117647 0.42352941 0.64313725
v -0.03436911 0.01869972 -0.01688978 0.54117647 0.42352941 0.64313725
v -0.03224613 0.02313795 -0.01525664 0.54117647 0.42352941 0.64313725
v -0.03189163 0.02322537 -0.01610297 0.54117647 0.42352941 0.64313725
v -0.03235367 0.02256976 -0.01607450 0.54117647 0.42352941 0.64313725
v -0.02894017 0.02808477 -0.01167548 0.54117647 0.42352941 0.64313725
v -0.03712142 0.00455063 -0.01939685 0.54117647 0.42352941 0.64313725
v -0.03718515 0.00366457 -0.01944430 0.54117647 0.42352941 0.64313725
v -0.03723295 0.00277852 -0.01947277 0.54117647 0.42352941 0.64313725
v -0.03726083 0.00188849 -0.01949520 0.54117647 0.42352941 0.64313725
v -0.03727676 0.00100243 -0.01951245 0.54117647 0.42352941 0.64313725
v -0.03728075 0.00011638 -0.01952712 0.54117647 0.42352941 0.64313725
v -0.03728075 -0.00029685 -0.01952712 0.54117647 0.42352941 0.64313725
v -0.00363961 0.03562221 -0.01997401 0.54117647 0.42352941 0.64313725
v -0.00541209 0.03558247 -0.01989291 0.54117647 0.42352941 0.64313725
v -0.00630031 0.03558247 -0.01982907 0.54117647 0.42352941 0.64313725
v -0.00888932 0.03460901 -0.01996452 0.54117647 0.42352941 0.64313725
v -0.00914025 0.03422359 -0.02006114 0.54117647 0.42352941 0.64313725
v -0.00984526 0.03410042 -0.02003699 0.54117647 0.42352941 0.64313725
v -0.01201604 0.03334945 -0.02006201 0.54117647 0.42352941 0.64313725
v -0.01250596 0.03322628 -0.02004475 0.54117647 0.42352941 0.64313725
v -0.01339419 0.03303556 -0.02000334 0.54117647 0.42352941 0.64313725
v -0.01425453 0.03284881 -0.01995934 0.54117647 0.42352941 0.64313725
v -0.01516666 0.03292431 -0.01980750 0.54117647 0.42352941 0.64313725
v -0.01605489 0.03292431 -0.01960821 0.54117647 0.42352941 0.64313725
v -0.01688735 0.03294417 -0.01937442 0.54117647 0.42352941 0.64313725
v -0.01782736 0.03203825 -0.01961080 0.54117647 0.42352941 0.64313725
v -0.01865186 0.03203427 -0.01935803 0.54117647 0.42352941 0.64313725
v -0.01939271 0.03173628 -0.01927348 0.54117647 0.42352941 0.64313725
v -0.01997823 0.03155350 -0.01915011 0.54117647 0.42352941 0.64313725
v -0.02048408 0.03138662 -0.01903105 0.54117647 0.42352941 0.64313725
v -0.02160731 0.03056811 -0.01907678 0.54117647 0.42352941 0.64313725
v -0.02230435 0.03027011 -0.01893615 0.54117647 0.42352941 0.64313725
v -0.02263096 0.02976549 -0.01914062 0.54117647 0.42352941 0.64313725
v -0.02308902 0.03024627 -0.01851601 0.54117647 0.42352941 0.64313725
v -0.02314478 0.02955888 -0.01899309 0.54117647 0.42352941 0.64313725
v -0.02359088 0.02893507 -0.01917858 0.54117647 0.42352941 0.64313725
v -0.02395335 0.02931253 -0.01869114 0.54117647 0.42352941 0.64313725
v -0.02418038 0.02867680 -0.01900603 0.54117647 0.42352941 0.64313725
v -0.02511242 0.02783047 -0.01903019 0.54117647 0.42352941 0.64313725
v -0.02558243 0.02824768 -0.01843923 0.54117647 0.42352941 0.64313725
v -0.02617192 0.02797351 -0.01823217 0.54117647 0.42352941 0.64313725
v -0.02706812 0.02709143 -0.01823821 0.54117647 0.42352941 0.64313725
v -0.02767753 0.02681727 -0.01794057 0.54117647 0.42352941 0.64313725
v -0.02794838 0.02619743 -0.01823390 0.54117647 0.42352941 0.64313725
v -0.02825906 0.02654311 -0.01764293 0.54117647 0.42352941 0.64313725
v -0.02909949 0.02561335 -0.01761015 0.54117647 0.42352941 0.64313725
v -0.02885254 0.02620537 -0.01731510 0.54117647 0.42352941 0.64313725
v -0.02901983 0.02642391 -0.01672327 0.54117647 0.42352941 0.64313725
v -0.03152519 0.02355912 -0.01641787 0.54117647 0.42352941 0.64313725
v -0.02892822 0.02809669 -0.01167548 0.54117647 0.42352941 0.64313725
v -0.00478674 0.03508978 -0.02005942 0.54117647 0.42352941 0.64313725
v -0.03594243 -0.00029685 -0.02026388 0.54117647 0.42352941 0.64313725
v -0.03467183 0.00809883 -0.02030529 0.54117647 0.42352941 0.64313725
v -0.03378758 0.01075700 -0.02033118 0.54117647 0.42352941 0.64313725
v -0.03201113 0.01430520 -0.02031910 0.54117647 0.42352941 0.64313725
v -0.03626904 -0.00029685 -0.02017675 0.54117647 0.42352941 0.64313725
v -0.03671116 -0.00029685 -0.01997056 0.54117647 0.42352941 0.64313725
v -0.03701786 -0.00029685 -0.01973245 0.54117647 0.42352941 0.64313725
v -0.03669523 0.00100243 -0.01995589 0.54117647 0.42352941 0.64313725
v -0.03615752 0.00366457 -0.02014655 0.54117647 0.42352941 0.64313725
v -0.03667532 0.00188849 -0.01993778 0.54117647 0.42352941 0.64313725
v -0.03664744 0.00277852 -0.01991621 0.54117647 0.42352941 0.64313725
v -0.03556005 0.00455063 -0.02026992 0.54117647 0.42352941 0.64313725
v -0.03023865 0.01785340 -0.02027769 0.54117647 0.42352941 0.64313725
v -0.02645472 0.02405579 -0.02010428 0.54117647 0.42352941 0.64313725
v -0.02580548 0.02470742 -0.02010859 0.54117647 0.42352941 0.64313725
v -0.02473801 0.02562129 -0.02011118 0.54117647 0.42352941 0.64313725
v -0.02498895 0.02501337 -0.02016122 0.54117647 0.42352941 0.64313725
v -0.02194587 0.02813245 -0.02008789 0.54117647 0.42352941 0.64313725
v -0.02846220 0.02139365 -0.02014828 0.54117647 0.42352941 0.64313725
v -0.02935043 0.01962551 -0.02023283 0.54117647 0.42352941 0.64313725
v -0.02933051 0.02046786 -0.02013793 0.54117647 0.42352941 0.64313725
v -0.01168146 0.03299980 -0.02010428 0.54117647 0.42352941 0.64313725
v -0.01073349 0.03348852 -0.02008789 0.54117647 0.42352941 0.64313725
v -0.01425453 0.03208196 -0.02010342 0.54117647 0.42352941 0.64313725
v -0.02094213 0.02894301 -0.02006805 0.54117647 0.42352941 0.64313725
v -0.01987068 0.02971781 -0.02004561 0.54117647 0.42352941 0.64313725
v -0.01928517 0.02989264 -0.02007754 0.54117647 0.42352941 0.64313725
v -0.01871559 0.03004760 -0.02010428 0.54117647 0.42352941 0.64313725
v -0.01693913 0.03094955 -0.02010083 0.54117647 0.42352941 0.64313725
v -0.01453733 0.03240777 -0.02005683 0.54117647 0.42352941 0.64313725
v -0.01516666 0.03181574 -0.02009134 0.54117647 0.42352941 0.64313725
v -0.03529319 0.01253309 -0.01932783 0.54117647 0.42352941 0.64313725
v -0.03544853 0.01164306 -0.01943912 0.54117647 0.42352941 0.64313725
v -0.03563175 0.01079276 -0.01948657 0.54117647 0.42352941 0.64313725
v -0.03564370 0.00898489 -0.01985064 0.54117647 0.42352941 0.64313725
v -0.03644430 0.00632274 -0.01968759 0.54117647 0.42352941 0.64313725
v -0.03574726 0.00809883 -0.01993174 0.54117647 0.42352941 0.64313725
v -0.03493073 0.01430520 -0.01899654 0.54117647 0.42352941 0.64313725
v -0.03420182 0.01558462 -0.01915529 0.54117647 0.42352941 0.64313725
v -0.03433725 0.01499259 -0.01926917 0.54117647 0.42352941 0.64313725
v -0.03448860 0.01430520 -0.01938649 0.54117647 0.42352941 0.64313725
v -0.03472759 0.01342709 -0.01948312 0.54117647 0.42352941 0.64313725
v -0.03351275 0.01947055 -0.01763344 0.54117647 0.42352941 0.64313725
v -0.03328571 0.01908514 -0.01822527 0.54117647 0.42352941 0.64313725
v -0.03407835 0.01785340 -0.01810449 0.54117647 0.42352941 0.64313725
v -0.03345300 0.01849311 -0.01840989 0.54117647 0.42352941 0.64313725
v -0.03363623 0.01785340 -0.01859020 0.54117647 0.42352941 0.64313725
v -0.03384733 0.01708257 -0.01879984 0.54117647 0.42352941 0.64313725
v -0.03332156 0.01737660 -0.01916132 0.54117647 0.42352941 0.64313725
v -0.03347690 0.01678457 -0.01928383 0.54117647 0.42352941 0.64313725
v -0.03216248 0.02225189 -0.01695189 0.54117647 0.42352941 0.64313725
v -0.03237359 0.02171152 -0.01724177 0.54117647 0.42352941 0.64313725
v -0.03270817 0.02140557 -0.01695189 0.54117647 0.42352941 0.64313725
v -0.03319808 0.02055130 -0.01704420 0.54117647 0.42352941 0.64313725
v -0.03256478 0.02111949 -0.01755580 0.54117647 0.42352941 0.64313725
v -0.03273206 0.02047978 -0.01784912 0.54117647 0.42352941 0.64313725
v -0.03316622 0.01970895 -0.01789657 0.54117647 0.42352941 0.64313725
v -0.03653989 0.00455063 -0.01984029 0.54117647 0.42352941 0.64313725
v -0.03660362 0.00366457 -0.01988774 0.54117647 0.42352941 0.64313725
v -0.00450394 0.03550301 -0.01996538 0.54117647 0.42352941 0.64313725
v -0.00807279 0.03472423 -0.01998264 0.54117647 0.42352941 0.64313725
v -0.01250596 0.03278127 -0.02009824 0.54117647 0.42352941 0.64313725
v -0.01516666 0.03225678 -0.02002664 0.54117647 0.42352941 0.64313725
v -0.01693913 0.03139457 -0.02002664 0.54117647 0.42352941 0.64313725
v -0.01693913 0.03203825 -0.01981268 0.54117647 0.42352941 0.64313725
v -0.01871559 0.03114822 -0.01979111 0.54117647 0.42352941 0.64313725
v -0.01965161 0.03121577 -0.01948140 0.54117647 0.42352941 0.64313725
v -0.02048408 0.03094558 -0.01932869 0.54117647 0.42352941 0.64313725
v -0.02101781 0.03076678 -0.01921913 0.54117647 0.42352941 0.64313725
v -0.02203748 0.02998006 -0.01927779 0.54117647 0.42352941 0.64313725
v -0.02314478 0.02911784 -0.01928383 0.54117647 0.42352941 0.64313725
v -0.02394538 0.02842648 -0.01929332 0.54117647 0.42352941 0.64313725
v -0.02452293 0.02808874 -0.01920360 0.54117647 0.42352941 0.64313725
v -0.02545098 0.02723844 -0.01922862 0.54117647 0.42352941 0.64313725
v -0.02604048 0.02698018 -0.01904658 0.54117647 0.42352941 0.64313725
v -0.02647862 0.02738149 -0.01845475 0.54117647 0.42352941 0.64313725
v -0.02671761 0.02674178 -0.01875067 0.54117647 0.42352941 0.64313725
v -0.02735888 0.02649940 -0.01845475 0.54117647 0.42352941 0.64313725
v -0.02695659 0.02607425 -0.01904658 0.54117647 0.42352941 0.64313725
v -0.02758990 0.02583983 -0.01874549 0.54117647 0.42352941 0.64313725
v -0.02821923 0.02560540 -0.01844440 0.54117647 0.42352941 0.64313725
v -0.02880873 0.02527561 -0.01820111 0.54117647 0.42352941 0.64313725
v -0.03047764 0.02335251 -0.01806998 0.54117647 0.42352941 0.64313725
v -0.03158095 0.02274459 -0.01742121 0.54117647 0.42352941 0.64313725
v -0.03136587 0.02336443 -0.01696052 0.54117647 0.42352941 0.64313725
v -0.03170443 0.02291942 -0.01696052 0.54117647 0.42352941 0.64313725
v -0.03530514 0.00809883 -0.02014483 0.54117647 0.42352941 0.64313725
v -0.03467183 0.00898489 -0.02025267 0.54117647 0.42352941 0.64313725
v -0.03448462 0.01075700 -0.02017071 0.54117647 0.42352941 0.64313725
v -0.03378758 0.01164306 -0.02026130 0.54117647 0.42352941 0.64313725
v -0.03289935 0.01341914 -0.02027941 0.54117647 0.42352941 0.64313725
v -0.03201113 0.01519126 -0.02026475 0.54117647 0.42352941 0.64313725
v -0.03609777 0.00455063 -0.02011291 0.54117647 0.42352941 0.64313725
v -0.03112688 0.01696337 -0.02023628 0.54117647 0.42352941 0.64313725
v -0.03031035 0.01880700 -0.02017847 0.54117647 0.42352941 0.64313725
v -0.02625955 0.02450876 -0.02006718 0.54117647 0.42352941 0.64313725
v -0.02902381 0.02109962 -0.02009910 0.54117647 0.42352941 0.64313725
v -0.02347538 0.02706759 -0.02004734 0.54117647 0.42352941 0.64313725
v -0.02253935 0.02789007 -0.02003181 0.54117647 0.42352941 0.64313725
v -0.03003950 0.01962551 -0.02012412 0.54117647 0.42352941 0.64313725
v -0.02985628 0.02014205 -0.02008444 0.54117647 0.42352941 0.64313725
v -0.02048408 0.02953107 -0.01997660 0.54117647 0.42352941 0.64313725
v -0.02153561 0.02872448 -0.01999989 0.54117647 0.42352941 0.64313725
v -0.01958788 0.03021846 -0.01994468 0.54117647 0.42352941 0.64313725
v -0.01871559 0.03049262 -0.02002232 0.54117647 0.42352941 0.64313725
v -0.01815397 0.03064360 -0.02005338 0.54117647 0.42352941 0.64313725
v -0.01756049 0.03079459 -0.02008099 0.54117647 0.42352941 0.64313725
v -0.01638150 0.03153364 -0.02005683 0.54117647 0.42352941 0.64313725
v -0.03460411 0.01250925 -0.01981095 0.54117647 0.42352941 0.64313725
v -0.03479530 0.01164306 -0.01988256 0.54117647 0.42352941 0.64313725
v -0.03492675 0.01075700 -0.01996970 0.54117647 0.42352941 0.64313725
v -0.03513386 0.00948553 -0.02007322 0.54117647 0.42352941 0.64313725
v -0.03599819 0.00586184 -0.02006287 0.54117647 0.42352941 0.64313725
v -0.03520158 0.00898489 -0.02010428 0.54117647 0.42352941 0.64313725
v -0.03583489 0.00720880 -0.01999040 0.54117647 0.42352941 0.64313725
v -0.03364817 0.01607731 -0.01940289 0.54117647 0.42352941 0.64313725
v -0.03385928 0.01525086 -0.01951763 0.54117647 0.42352941 0.64313725
v -0.03375173 0.01435288 -0.01986876 0.54117647 0.42352941 0.64313725
v -0.03400665 0.01341914 -0.01995934 0.54117647 0.42352941 0.64313725
v -0.03268427 0.01962551 -0.01852118 0.54117647 0.42352941 0.64313725
v -0.03233375 0.02075791 -0.01814676 0.54117647 0.42352941 0.64313725
v -0.03252096 0.02016986 -0.01835554 0.54117647 0.42352941 0.64313725
v -0.03292325 0.01878714 -0.01876706 0.54117647 0.42352941 0.64313725
v -0.03318614 0.01785340 -0.01903364 0.54117647 0.42352941 0.64313725
v -0.03238952 0.01908116 -0.01912509 0.54117647 0.42352941 0.64313725
v -0.03256478 0.01848913 -0.01925795 0.54117647 0.42352941 0.64313725
v -0.03274401 0.01785340 -0.01938046 0.54117647 0.42352941 0.64313725
v -0.03297503 0.01703489 -0.01952281 0.54117647 0.42352941 0.64313725
v -0.03174028 0.02228368 -0.01761274 0.54117647 0.42352941 0.64313725
v -0.03205892 0.02145722 -0.01790606 0.54117647 0.42352941 0.64313725
v -0.01784728 0.03111643 -0.01996711 0.54117647 0.42352941 0.64313725
v -0.02048408 0.03026216 -0.01968413 0.54117647 0.42352941 0.64313725
v -0.02133646 0.03027011 -0.01938132 0.54117647 0.42352941 0.64313725
v -0.02230435 0.02943173 -0.01946155 0.54117647 0.42352941 0.64313725
v -0.02314478 0.02849005 -0.01960563 0.54117647 0.42352941 0.64313725
v -0.02403301 0.02760399 -0.01967292 0.54117647 0.42352941 0.64313725
v -0.02485751 0.02756029 -0.01933818 0.54117647 0.42352941 0.64313725
v -0.02576963 0.02669807 -0.01937183 0.54117647 0.42352941 0.64313725
v -0.02636311 0.02638815 -0.01924760 0.54117647 0.42352941 0.64313725
v -0.02722744 0.02548223 -0.01923379 0.54117647 0.42352941 0.64313725
v -0.02781694 0.02516038 -0.01903537 0.54117647 0.42352941 0.64313725
v -0.02844627 0.02492198 -0.01872910 0.54117647 0.42352941 0.64313725
v -0.02905568 0.02468358 -0.01842197 0.54117647 0.42352941 0.64313725
v -0.02988814 0.02372601 -0.01837193 0.54117647 0.42352941 0.64313725
v -0.03071264 0.02276048 -0.01831672 0.54117647 0.42352941 0.64313725
v -0.03134197 0.02228368 -0.01805618 0.54117647 0.42352941 0.64313725
v -0.03153316 0.02179099 -0.01825719 0.54117647 0.42352941 0.64313725
v -0.03435318 0.01164306 -0.02012067 0.54117647 0.42352941 0.64313725
v -0.03356054 0.01341914 -0.02013879 0.54117647 0.42352941 0.64313725
v -0.03295910 0.01435288 -0.02017761 0.54117647 0.42352941 0.64313725
v -0.03113883 0.01782161 -0.02014828 0.54117647 0.42352941 0.64313725
v -0.03085205 0.01855668 -0.02011463 0.54117647 0.42352941 0.64313725
v -0.02710396 0.02357502 -0.02005856 0.54117647 0.42352941 0.64313725
v -0.02689685 0.02405579 -0.01998781 0.54117647 0.42352941 0.64313725
v -0.02661006 0.02485841 -0.01980837 0.54117647 0.42352941 0.64313725
v -0.02580548 0.02582791 -0.01975229 0.54117647 0.42352941 0.64313725
v -0.02580548 0.02515244 -0.01999126 0.54117647 0.42352941 0.64313725
v -0.02498895 0.02588353 -0.01999730 0.54117647 0.42352941 0.64313725
v -0.02407682 0.02674973 -0.01998350 0.54117647 0.42352941 0.64313725
v -0.02794838 0.02263731 -0.02004993 0.54117647 0.42352941 0.64313725
v -0.02316470 0.02760002 -0.01995675 0.54117647 0.42352941 0.64313725
v -0.02224859 0.02845032 -0.01991362 0.54117647 0.42352941 0.64313725
v -0.03065289 0.01914871 -0.02005683 0.54117647 0.42352941 0.64313725
v -0.03048162 0.01962551 -0.01999213 0.54117647 0.42352941 0.64313725
v -0.02961331 0.02073408 -0.02000507 0.54117647 0.42352941 0.64313725
v -0.02129264 0.02929267 -0.01984978 0.54117647 0.42352941 0.64313725
v -0.03413809 0.01278738 -0.02003267 0.54117647 0.42352941 0.64313725
v -0.03426157 0.01219933 -0.02008099 0.54117647 0.42352941 0.64313725
v -0.03329766 0.01467869 -0.02005079 0.54117647 0.42352941 0.64313725
v -0.03174426 0.02119896 -0.01844958 0.54117647 0.42352941 0.64313725
v -0.03138578 0.02069831 -0.01904141 0.54117647 0.42352941 0.64313725
v -0.03159689 0.02010629 -0.01919842 0.54117647 0.42352941 0.64313725
v -0.03176417 0.01962551 -0.01930712 0.54117647 0.42352941 0.64313725
v -0.03206291 0.01876727 -0.01946759 0.54117647 0.42352941 0.64313725
v -0.03195536 0.01782161 -0.01984546 0.54117647 0.42352941 0.64313725
v -0.03222223 0.01696337 -0.01997228 0.54117647 0.42352941 0.64313725
v -0.03285554 0.01610910 -0.01987997 0.54117647 0.42352941 0.64313725
v -0.02491725 0.02671396 -0.01972296 0.54117647 0.42352941 0.64313725
v -0.02667379 0.02580009 -0.01937614 0.54117647 0.42352941 0.64313725
v -0.02754609 0.02489417 -0.01935544 0.54117647 0.42352941 0.64313725
v -0.02808380 0.02456836 -0.01921740 0.54117647 0.42352941 0.64313725
v -0.02867728 0.02423459 -0.01901294 0.54117647 0.42352941 0.64313725
v -0.02893220 0.02364257 -0.01919670 0.54117647 0.42352941 0.64313725
v -0.02929068 0.02398030 -0.01869287 0.54117647 0.42352941 0.64313725
v -0.03020679 0.02310219 -0.01851169 0.54117647 0.42352941 0.64313725
v -0.03089984 0.02228368 -0.01846770 0.54117647 0.42352941 0.64313725
v -0.03116273 0.02144530 -0.01877137 0.54117647 0.42352941 0.64313725
v -0.03342911 0.01408666 -0.02010255 0.54117647 0.42352941 0.64313725
v -0.03270020 0.01519126 -0.02013448 0.54117647 0.42352941 0.64313725
v -0.03253291 0.01583494 -0.02009393 0.54117647 0.42352941 0.64313725
v -0.03162078 0.01750772 -0.02008358 0.54117647 0.42352941 0.64313725
v -0.03144154 0.01809975 -0.02002060 0.54117647 0.42352941 0.64313725
v -0.02762177 0.02323331 -0.01998436 0.54117647 0.42352941 0.64313725
v -0.02757795 0.02405579 -0.01971260 0.54117647 0.42352941 0.64313725
v -0.02846220 0.02231944 -0.01995158 0.54117647 0.42352941 0.64313725
v -0.03113883 0.01880700 -0.01994726 0.54117647 0.42352941 0.64313725
v -0.03018687 0.02046786 -0.01984460 0.54117647 0.42352941 0.64313725
v -0.03112688 0.01962551 -0.01967809 0.54117647 0.42352941 0.64313725
v -0.02933051 0.02139365 -0.01990327 0.54117647 0.42352941 0.64313725
v -0.03238554 0.01642299 -0.02004734 0.54117647 0.42352941 0.64313725
v -0.03056925 0.02168768 -0.01909231 0.54117647 0.42352941 0.64313725
v -0.03079628 0.02109962 -0.01925450 0.54117647 0.42352941 0.64313725
v -0.03110298 0.02044402 -0.01936061 0.54117647 0.42352941 0.64313725
v -0.02841440 0.02398427 -0.01932352 0.54117647 0.42352941 0.64313725
v -0.02911542 0.02316974 -0.01931144 0.54117647 0.42352941 0.64313725
v -0.02997975 0.02207707 -0.01930195 0.54117647 0.42352941 0.64313725
v -0.03026255 0.02233533 -0.01894306 0.54117647 0.42352941 0.64313725
v -0.02955755 0.02316974 -0.01899051 0.54117647 0.42352941 0.64313725
v -0.02846618 0.02316974 -0.01965998 0.54117647 0.42352941 0.64313725
v -0.03026255 0.02139365 -0.01943998 0.54117647 0.42352941 0.64313725
v -0.02941416 0.02233533 -0.01950296 0.54117647 0.42352941 0.64313725
f 881 882 886
f 881 886 894
f 881 894 901
f 881 901 914
f 881 914 937
f 881 937 962
f 881 962 990
f 881 990 1030
f 881 1030 1092
f 881 1092 1161
f 881 1161 1263
f 881 1263 1267
f 881 1267 1324
f 881 1324 1212
f 881 1212 1118
f 881 1118 1052
f 881 1052 1006
f 881 1006 971
f 881 971 946
f 881 946 922
f 881 922 905
f 881 905 900
f 881 900 891
f 881 891 888
f 881 888 883
f 881 883 884
f 881 884 890
f 881 890 899
f 881 899 913
f 881 913 936
f 881 936 961
f 881 961 989
f 881 989 1026
f 881 1026 1088
f 881 1088 1159
f 881 1159 1261
f 881 1261 1364
f 881 1364 1365
f 881 1365 1366
f 881 1366 1363
f 881 1363 1475
f 881 1475 1430
f 881 1430 1315
f 881 1315 1314
f 881 1314 1313
f 881 1313 1200
f 881 1200 1311
f 881 1311 1194
f 881 1194 1109
f 881 1109 1108
f 881 1108 1042
f 881 1042 1000
f 881 1000 967
f 881 967 964
f 881 964 939
f 881 939 916
f 881 916 902
f 881 902 895
f 881 895 887
f 881 887 882
f 882 885 886
f 882 887 885
f 883 888 884
f 884 889 890
f 884 888 891
f 884 891 892
f 884 892 889
f 885 893 894
f 885 894 886
f 885 887 893
f 887 895 904
f 887 904 921
f 887 921 920
f 887 920 919
f 887 919 945
f 887 945 944
f 887 944 943
f 887 943 970
f 887 970 1005
f 887 1005 1051
f 887 1051 1117
f 887 1117 1211
f 887 1211 1322
f 887 1322 1323
f 887 1323 1437
f 887 1437 1483
f 887 1483 1482
f 887 1482 1481
f 887 1481 1477
f 887 1477 1369
f 887 1369 1268
f 887 1268 1164
f 887 1164 1093
f 887 1093 1033
f 887 1033 1032
f 887 1032 1031
f 887 1031 991
f 887 991 963
f 887 963 938
f 887 938 915
f 887 915 901
f 887 901 894
f 887 894 893
f 889 892 891
f 889 891 896
f 889 896 897
f 889 897 898
f 889 898 890
f 890 898 899
f 891 900 896
f 895 902 903
f 895 903 904
f 896 900 905
f 896 905 906
f 896 906 907
f 896 907 908
f 896 908 909
f 896 909 897
f 897 909 910
f 897 910 911
f 897 911 912
f 897 912 898
f 898 912 913
f 898 913 899
f 901 915 914
f 902 916 917
f 902 917 903
f 903 917 918
f 903 918 919
f 903 919 920
f 903 920 921
f 903 921 904
f 905 922 923
f 905 923 906
f 906 923 907
f 907 923 924
f 907 924 925
f 907 925 926
f 907 926 908
f 908 926 927
f 908 927 928
f 908 928 910
f 908 910 909
f 910 928 927
f 910 927 929
f 910 929 930
f 910 930 931
f 910 931 932
f 910 932 933
f 910 933 934
f 910 934 911
f 911 935 912
f 911 934 935
f 912 935 934
f 912 934 913
f 913 934 936
f 914 915 937
f 915 938 937
f 916 939 917
f 917 940 918
f 917 939 941
f 917 941 940
f 918 940 942
f 918 942 943
f 918 943 944
f 918 944 945
f 918 945 919
f 922 946 947
f 922 947 923
f 923 947 948
f 923 948 949
f 923 949 924
f 924 949 927
f 924 927 925
f 925 927 926
f 927 949 950
f 927 950 951
f 927 951 952
f 927 952 929
f 929 952 953
f 929 953 930
f 930 953 954
f 930 954 955
f 930 955 956
f 930 956 931
f 931 956 932
f 932 957 934
f 932 934 933
f 932 956 958
f 932 958 959
f 932 959 957
f 934 957 960
f 934 960 961
f 934 961 936
f 937 938 963
f 937 963 962
f 939 964 941
f 940 965 942
f 940 941 966
f 940 966 965
f 941 964 967
f 941 967 968
f 941 968 966
f 942 965 969
f 942 969 943
f 943 969 970
f 946 971 972
f 946 972 973
f 946 973 974
f 946 974 975
f 946 975 976
f 946 976 947
f 947 976 948
f 948 976 949
f 949 976 950
f 950 976 977
f 950 977 951
f 951 977 978
f 951 978 952
f 952 978 953
f 953 979 980
f 953 980 954
f 953 978 979
f 954 981 982
f 954 982 983
f 954 983 955
f 954 980 981
f 955 983 984
f 955 984 958
f 955 958 956
f 957 959 985
f 957 985 986
f 957 986 961
f 957 961 960
f 958 984 987
f 958 987 959
f 959 987 988
f 959 988 985
f 961 986 989
f 962 963 990
f 963 991 990
f 965 992 993
f 965 993 994
f 965 994 995
f 965 995 969
f 965 966 992
f 966 968 996
f 966 996 997
f 966 997 998
f 966 998 999
f 966 999 993
f 966 993 992
f 967 1000 1001
f 967 1001 1002
f 967 1002 968
f 968 1002 1003
f 968 1003 996
f 969 995 1004
f 969 1004 1005
f 969 1005 970
f 971 1006 1007
f 971 1007 1008
f 971 1008 972
f 972 1008 1009
f 972 1009 973
f 973 1009 974
f 974 1009 1010
f 974 1010 975
f 975 1010 976
f 976 1010 1011
f 976 1011 1012
f 976 1012 1013
f 976 1013 977
f 977 1014 978
f 977 1013 1012
f 977 1012 1014
f 978 1014 1015
f 978 1015 1016
f 978 1016 1017
f 978 1017 1018
f 978 1018 979
f 979 1019 1020
f 979 1020 980
f 979 1018 1019
f 980 1020 981
f 981 1020 982
f 982 1021 983
f 982 1020 1022
f 982 1022 1023
f 982 1023 1021
f 983 1021 984
f 984 1021 1024
f 984 1024 987
f 985 988 986
f 986 988 1025
f 986 1025 1026
f 986 1026 989
f 987 1024 1027
f 987 1027 988
f 988 1027 1028
f 988 1028 1029
f 988 1029 1025
f 990 991 1031
f 990 1031 1032
f 990 1032 1033
f 990 1033 1030
f 993 1034 995
f 993 995 994
f 993 999 1035
f 993 1035 1034
f 995 1034 1004
f 996 1036 997
f 996 1003 1036
f 997 1036 1037
f 997 1037 998
f 998 1038 1039
f 998 1039 999
f 998 1037 1040
f 998 1040 1038
f 999 1039 1041
f 999 1041 1035
f 1000 1042 1043
f 1000 1043 1044
f 1000 1044 1001
f 1001 1044 1003
f 1001 1003 1002
f 1003 1044 1045
f 1003 1045 1036
f 1004 1046 1047
f 1004 1047 1048
f 1004 1048 1049
f 1004 1049 1050
f 1004 1050 1051
f 1004 1051 1005
f 1004 1034 1046
f 1006 1052 1053
f 1006 1053 1054
f 1006 1054 1055
f 1006 1055 1007
f 1007 1055 1008
f 1008 1055 1009
f 1009 1055 1056
f 1009 1056 1010
f 1010 1057 1058
f 1010 1058 1011
f 1010 1056 1057
f 1011 1058 1059
f 1011 1059 1012
f 1012 1060 1061
f 1012 1061 1062
f 1012 1062 1014
f 1012 1059 1060
f 1014 1062 1015
f 1015 1017 1016
f 1015 1062 1063
f 1015 1063 1064
f 1015 1064 1065
f 1015 1065 1066
f 1015 1066 1067
f 1015 1067 1068
f 1015 1068 1019
f 1015 1019 1017
f 1017 1019 1018
f 1019 1068 1067
f 1019 1067 1069
f 1019 1069 1070
f 1019 1070 1071
f 1019 1071 1020
f 1020 1071 1072
f 1020 1072 1073
f 1020 1073 1074
f 1020 1074 1075
f 1020 1075 1076
f 1020 1076 1022
f 1021 1023 1077
f 1021 1077 1024
f 1022 1076 1078
f 1022 1078 1023
f 1023 1078 1079
f 1023 1079 1080
f 1023 1080 1024
f 1023 1024 1077
f 1024 1081 1027
f 1024 1080 1082
f 1024 1082 1083
f 1024 1083 1084
f 1024 1084 1085
f 1024 1085 1081
f 1025 1086 1026
f 1025 1029 1086
f 1026 1086 1087
f 1026 1087 1088
f 1027 1081 1028
f 1028 1081 1029
f 1029 1081 1089
f 1029 1089 1090
f 1029 1090 1087
f 1029 1087 1086
f 1030 1091 1092
f 1030 1033 1091
f 1033 1093 1094
f 1033 1094 1095
f 1033 1095 1096
f 1033 1096 1091
f 1034 1035 1046
f 1035 1041 1039
f 1035 1039 1097
f 1035 1097 1098
f 1035 1098 1099
f 1035 1099 1100
f 1035 1100 1046
f 1036 1045 1037
f 1037 1045 1101
f 1037 1101 1102
f 1037 1102 1103
f 1037 1103 1040
f 1038 1040 1039
f 1039 1040 1104
f 1039 1104 1105
f 1039 1105 1106
f 1039 1106 1097
f 1040 1103 1107
f 1040 1107 1104
f 1042 1108 1043
f 1043 1108 1109
f 1043 1109 1110
f 1043 1110 1044
f 1044 1111 1101
f 1044 1101 1045
f 1044 1110 1112
f 1044 1112 1111
f 1046 1100 1099
f 1046 1099 1047
f 1047 1099 1113
f 1047 1113 1114
f 1047 1114 1048
f 1048 1114 1115
f 1048 1115 1116
f 1048 1116 1049
f 1049 1116 1050
f 1050 1116 1117
f 1050 1117 1051
f 1052 1118 1119
f 1052 1119 1053
f 1053 1119 1120
f 1053 1120 1054
f 1054 1120 1121
f 1054 1121 1055
f 1055 1121 1122
f 1055 1122 1056
f 1056 1122 1123
f 1056 1123 1057
f 1057 1123 1124
f 1057 1124 1058
f 1058 1124 1060
f 1058 1060 1059
f 1060 1124 1125
f 1060 1125 1126
f 1060 1126 1127
f 1060 1127 1061
f 1061 1128 1062
f 1061 1127 1128
f 1062 1129 1063
f 1062 1128 1129
f 1063 1130 1131
f 1063 1131 1064
f 1063 1129 1132
f 1063 1132 1130
f 1064 1131 1133
f 1064 1133 1134
f 1064 1134 1066
f 1064 1066 1065
f 1066 1134 1067
f 1067 1135 1069
f 1067 1134 1135
f 1069 1135 1070
f 1070 1135 1136
f 1070 1136 1071
f 1071 1136 1072
f 1072 1137 1138
f 1072 1138 1139
f 1072 1139 1073
f 1072 1136 1140
f 1072 1140 1137
f 1073 1139 1074
f 1074 1141 1142
f 1074 1142 1075
f 1074 1139 1141
f 1075 1142 1143
f 1075 1143 1144
f 1075 1144 1145
f 1075 1145 1076
f 1076 1145 1078
f 1078 1145 1079
f 1079 1145 1146
f 1079 1146 1080
f 1080 1146 1147
f 1080 1147 1148
f 1080 1148 1082
f 1081 1149 1089
f 1081 1085 1149
f 1082 1148 1150
f 1082 1150 1151
f 1082 1151 1152
f 1082 1152 1083
f 1083 1152 1084
f 1084 1152 1153
f 1084 1153 1154
f 1084 1154 1155
f 1084 1155 1085
f 1085 1156 1149
f 1085 1155 1157
f 1085 1157 1156
f 1087 1090 1158
f 1087 1158 1088
f 1088 1158 1159
f 1089 1149 1090
f 1090 1149 1160
f 1090 1160 1158
f 1091 1096 1092
f 1092 1096 1162
f 1092 1162 1163
f 1092 1163 1161
f 1093 1164 1094
f 1094 1165 1167
f 1094 1167 1095
f 1094 1164 1166
f 1094 1166 1165
f 1095 1167 1168
f 1095 1168 1096
f 1096 1169 1170
f 1096 1170 1162
f 1096 1168 1171
f 1096 1171 1172
f 1096 1172 1173
f 1096 1173 1174
f 1096 1174 1169
f 1097 1106 1175
f 1097 1175 1176
f 1097 1176 1098
f 1098 1176 1177
f 1098 1177 1099
f 1099 1177 1178
f 1099 1178 1179
f 1099 1179 1113
f 1101 1111 1180
f 1101 1180 1102
f 1102 1180 1181
f 1102 1181 1103
f 1103 1181 1182
f 1103 1182 1107
f 1104 1107 1105
f 1105 1183 1184
f 1105 1184 1185
f 1105 1185 1186
f 1105 1186 1175
f 1105 1175 1106
f 1105 1107 1187
f 1105 1187 1188
f 1105 1188 1189
f 1105 1189 1183
f 1107 1190 1187
f 1107 1182 1191
f 1107 1191 1192
f 1107 1192 1193
f 1107 1193 1190
f 1109 1194 1195
f 1109 1195 1112
f 1109 1112 1110
f 1111 1112 1180
f 1112 1196 1197
f 1112 1197 1191
f 1112 1191 1198
f 1112 1198 1199
f 1112 1199 1180
f 1112 1195 1200
f 1112 1200 1201
f 1112 1201 1202
f 1112 1202 1203
f 1112 1203 1196
f 1113 1179 1204
f 1113 1204 1205
f 1113 1205 1206
f 1113 1206 1207
f 1113 1207 1114
f 1114 1207 1208
f 1114 1208 1115
f 1115 1208 1209
f 1115 1209 1116
f 1116 1209 1210
f 1116 1210 1211
f 1116 1211 1117
f 1118 1212 1213
f 1118 1213 1119
f 1119 1213 1214
f 1119 1214 1120
f 1120 1214 1215
f 1120 1215 1121
f 1121 1215 1216
f 1121 1216 1122
f 1122 1216 1217
f 1122 1217 1123
f 1123 1217 1218
f 1123 1218 1219
f 1123 1219 1220
f 1123 1220 1221
f 1123 1221 1125
f 1123 1125 1124
f 1125 1221 1222
f 1125 1222 1126
f 1126 1222 1127
f 1127 1222 1223
f 1127 1223 1128
f 1128 1223 1132
f 1128 1132 1129
f 1130 1132 1223
f 1130 1223 1224
f 1130 1224 1225
f 1130 1225 1226
f 1130 1226 1227
f 1130 1227 1131
f 1131 1227 1228
f 1131 1228 1229
f 1131 1229 1133
f 1133 1229 1230
f 1133 1230 1134
f 1134 1230 1135
f 1135 1230 1231
f 1135 1231 1136
f 1136 1231 1140
f 1137 1140 1232
f 1137 1232 1233
f 1137 1233 1138
f 1138 1234 1139
f 1138 1233 1234
f 1139 1234 1235
f 1139 1235 1236
f 1139 1236 1141
f 1140 1231 1232
f 1141 1143 1142
f 1141 1236 1237
f 1141 1237 1238
f 1141 1238 1239
f 1141 1239 1240
f 1141 1240 1143
f 1143 1240 1144
f 1144 1240 1241
f 1144 1241 1145
f 1145 1241 1239
f 1145 1239 1242
f 1145 1242 1147
f 1145 1147 1146
f 1147 1243 1244
f 1147 1244 1245
f 1147 1245 1246
f 1147 1246 1247
f 1147 1247 1150
f 1147 1150 1148
f 1147 1242 1248
f 1147 1248 1243
f 1149 1156 1160
f 1150 1247 1151
f 1151 1153 1152
f 1151 1247 1249
f 1151 1249 1250
f 1151 1250 1153
f 1153 1250 1154
f 1154 1250 1251
f 1154 1251 1252
f 1154 1252 1253
f 1154 1253 1155
f 1155 1253 1254
f 1155 1254 1157
f 1156 1255 1256
f 1156 1256 1160
f 1156 1157 1255
f 1157 1254 1257
f 1157 1257 1258
f 1157 1258 1259
f 1157 1259 1255
f 1158 1160 1260
f 1158 1260 1261
f 1158 1261 1159
f 1160 1256 1262
f 1160 1262 1260
f 1161 1163 1263
f 1162 1170 1163
f 1163 1170 1264
f 1163 1264 1265
f 1163 1265 1266
f 1163 1266 1267
f 1163 1267 1263
f 1164 1268 1269
f 1164 1269 1166
f 1165 1166 1270
f 1165 1270 1274
f 1165 1274 1167
f 1166 1269 1271
f 1166 1271 1272
f 1166 1272 1273
f 1166 1273 1270
f 1167 1274 1168
f 1168 1274 1275
f 1168 1275 1276
f 1168 1276 1277
f 1168 1277 1278
f 1168 1278 1172
f 1168 1172 1171
f 1169 1279 1170
f 1169 1174 1280
f 1169 1280 1281
f 1169 1281 1282
f 1169 1282 1283
f 1169 1283 1279
f 1170 1279 1284
f 1170 1284 1264
f 1172 1278 1173
f 1173 1278 1174
f 1174 1278 1285
f 1174 1285 1286
f 1174 1286 1287
f 1174 1287 1288
f 1174 1288 1389
f 1174 1389 1280
f 1175 1186 1289
f 1175 1289 1176
f 1176 1289 1178
f 1176 1178 1177
f 1178 1289 1290
f 1178 1290 1291
f 1178 1291 1292
f 1178 1292 1293
f 1178 1293 1294
f 1178 1294 1295
f 1178 1295 1204
f 1178 1204 1179
f 1180 1199 1198
f 1180 1198 1191
f 1180 1191 1181
f 1181 1191 1182
f 1183 1189 1296
f 1183 1296 1297
f 1183 1297 1184
f 1184 1297 1298
f 1184 1298 1185
f 1185 1299 1289
f 1185 1289 1186
f 1185 1298 1299
f 1187 1190 1188
f 1188 1300 1301
f 1188 1301 1302
f 1188 1302 1303
f 1188 1303 1189
f 1188 1190 1300
f 1189 1303 1304
f 1189 1304 1296
f 1190 1193 1300
f 1191 1305 1306
f 1191 1306 1192
f 1191 1197 1307
f 1191 1307 1308
f 1191 1308 1309
f 1191 1309 1305
f 1192 1306 1310
f 1192 1310 1300
f 1192 1300 1193
f 1194 1311 1195
f 1195 1311 1200
f 1196 1203 1312
f 1196 1312 1309
f 1196 1309 1197
f 1197 1309 1307
f 1200 1313 1201
f 1201 1313 1314
f 1201 1314 1315
f 1201 1315 1316
f 1201 1316 1202
f 1202 1316 1203
f 1203 1316 1317
f 1203 1317 1312
f 1204 1295 1318
f 1204 1318 1205
f 1205 1318 1206
f 1206 1318 1207
f 1207 1318 1319
f 1207 1319 1320
f 1207 1320 1208
f 1208 1320 1321
f 1208 1321 1209
f 1209 1321 1210
f 1210 1322 1211
f 1210 1321 1323
f 1210 1323 1322
f 1212 1324 1266
f 1212 1266 1265
f 1212 1265 1213
f 1213 1265 1214
f 1214 1265 1325
f 1214 1325 1215
f 1215 1325 1326
f 1215 1326 1216
f 1216 1326 1327
f 1216 1327 1218
f 1216 1218 1217
f 1218 1327 1328
f 1218 1328 1329
f 1218 1329 1220
f 1218 1220 1219
f 1220 1329 1221
f 1221 1329 1222
f 1222 1329 1225
f 1222 1225 1224
f 1222 1224 1223
f 1225 1329 1226
f 1226 1329 1330
f 1226 1330 1331
f 1226 1331 1332
f 1226 1332 1227
f 1227 1332 1229
f 1227 1229 1228
f 1229 1332 1333
f 1229 1333 1334
f 1229 1334 1230
f 1230 1334 1231
f 1231 1334 1232
f 1232 1335 1336
f 1232 1336 1337
f 1232 1337 1233
f 1232 1334 1335
f 1233 1337 1235
f 1233 1235 1234
f 1235 1338 1339
f 1235 1339 1237
f 1235 1237 1236
f 1235 1337 1338
f 1237 1339 1239
f 1237 1239 1238
f 1239 1340 1341
f 1239 1341 1248
f 1239 1248 1242
f 1239 1241 1240
f 1239 1339 1342
f 1239 1342 1343
f 1239 1343 1340
f 1243 1344 1345
f 1243 1345 1244
f 1243 1248 1344
f 1244 1345 1346
f 1244 1346 1245
f 1245 1347 1348
f 1245 1348 1246
f 1245 1346 1347
f 1246 1348 1349
f 1246 1349 1249
f 1246 1249 1247
f 1248 1341 1344
f 1249 1349 1350
f 1249 1350 1351
f 1249 1351 1352
f 1249 1352 1353
f 1249 1353 1354
f 1249 1354 1355
f 1249 1355 1250
f 1250 1355 1356
f 1250 1356 1251
f 1251 1356 1252
f 1252 1357 1253
f 1252 1356 1358
f 1252 1358 1359
f 1252 1359 1316
f 1252 1316 1357
f 1253 1357 1254
f 1254 1357 1316
f 1254 1316 1257
f 1255 1259 1256
f 1256 1259 1262
f 1257 1360 1258
f 1257 1316 1360
f 1258 1360 1361
f 1258 1361 1362
f 1258 1362 1259
f 1259 1363 1262
f 1259 1362 1361
f 1259 1361 1363
f 1260 1364 1261
f 1260 1262 1365
f 1260 1365 1364
f 1262 1363 1366
f 1262 1366 1365
f 1264 1367 1325
f 1264 1325 1265
f 1264 1284 1368
f 1264 1368 1367
f 1266 1324 1267
f 1268 1369 1370
f 1268 1370 1269
f 1269 1370 1271
f 1270 1273 1371
f 1270 1371 1372
f 1270 1372 1373
f 1270 1373 1374
f 1270 1374 1274
f 1271 1370 1375
f 1271 1375 1376
f 1271 1376 1272
f 1272 1377 1273
f 1272 1376 1377
f 1273 1377 1378
f 1273 1378 1379
f 1273 1379 1371
f 1274 1374 1275
f 1275 1374 1373
f 1275 1373 1372
f 1275 1372 1380
f 1275 1380 1276
f 1276 1380 1381
f 1276 1381 1382
f 1276 1382 1277
f 1277 1383 1278
f 1277 1382 1384
f 1277 1384 1385
f 1277 1385 1383
f 1278 1383 1285
f 1279 1386 1368
f 1279 1368 1284
f 1279 1283 1387
f 1279 1387 1388
f 1279 1388 1386
f 1280 1389 1281
f 1281 1389 1282
f 1282 1387 1283
f 1282 1389 1390
f 1282 1390 1387
f 1285 1383 1391
f 1285 1391 1286
f 1286 1392 1393
f 1286 1393 1394
f 1286 1394 1287
f 1286 1391 1392
f 1287 1395 1396
f 1287 1396 1288
f 1287 1394 1395
f 1288 1396 1389
f 1289 1299 1397
f 1289 1397 1290
f 1290 1397 1398
f 1290 1398 1291
f 1291 1398 1399
f 1291 1399 1292
f 1292 1399 1400
f 1292 1400 1401
f 1292 1401 1293
f 1293 1401 1402
f 1293 1402 1294
f 1294 1402 1403
f 1294 1403 1404
f 1294 1404 1295
f 1295 1404 1318
f 1296 1304 1303
f 1296 1303 1405
f 1296 1405 1406
f 1296 1406 1407
f 1296 1407 1408
f 1296 1408 1297
f 1297 1408 1409
f 1297 1409 1410
f 1297 1410 1298
f 1298 1410 1411
f 1298 1411 1412
f 1298 1412 1299
f 1299 1412 1398
f 1299 1398 1397
f 1300 1310 1413
f 1300 1413 1301
f 1301 1413 1414
f 1301 1414 1415
f 1301 1415 1302
f 1302 1415 1416
f 1302 1416 1303
f 1303 1416 1417
f 1303 1417 1418
f 1303 1418 1419
f 1303 1419 1420
f 1303 1420 1405
f 1305 1421 1422
f 1305 1422 1423
f 1305 1423 1424
f 1305 1424 1425
f 1305 1425 1426
f 1305 1426 1310
f 1305 1310 1306
f 1305 1309 1421
f 1307 1309 1308
f 1309 1312 1427
f 1309 1427 1359
f 1309 1359 1358
f 1309 1358 1428
f 1309 1428 1429
f 1309 1429 1421
f 1310 1426 1413
f 1312 1317 1359
f 1312 1359 1427
f 1315 1430 1361
f 1315 1361 1316
f 1316 1359 1317
f 1316 1361 1360
f 1318 1404 1431
f 1318 1431 1432
f 1318 1432 1319
f 1319 1432 1433
f 1319 1433 1320
f 1320 1433 1434
f 1320 1434 1435
f 1320 1435 1321
f 1321 1435 1436
f 1321 1436 1323
f 1323 1436 1437
f 1325 1367 1438
f 1325 1438 1326
f 1326 1438 1439
f 1326 1439 1327
f 1327 1439 1440
f 1327 1440 1328
f 1328 1440 1330
f 1328 1330 1329
f 1330 1440 1441
f 1330 1441 1442
f 1330 1442 1443
f 1330 1443 1444
f 1330 1444 1331
f 1331 1445 1446
f 1331 1446 1447
f 1331 1447 1332
f 1331 1444 1445
f 1332 1447 1448
f 1332 1448 1333
f 1333 1448 1449
f 1333 1449 1335
f 1333 1335 1334
f 1335 1449 1336
f 1336 1449 1450
f 1336 1450 1337
f 1337 1450 1338
f 1338 1450 1451
f 1338 1451 1452
f 1338 1452 1339
f 1339 1452 1453
f 1339 1453 1342
f 1340 1343 1454
f 1340 1454 1455
f 1340 1455 1456
f 1340 1456 1341
f 1341 1456 1457
f 1341 1457 1344
f 1342 1453 1454
f 1342 1454 1343
f 1344 1457 1345
f 1345 1457 1458
f 1345 1458 1459
f 1345 1459 1346
f 1346 1459 1458
f 1346 1458 1460
f 1346 1460 1461
f 1346 1461 1462
f 1346 1462 1347
f 1347 1462 1461
f 1347 1461 1463
f 1347 1463 1464
f 1347 1464 1465
f 1347 1465 1348
f 1348 1465 1466
f 1348 1466 1351
f 1348 1351 1350
f 1348 1350 1349
f 1351 1466 1352
f 1352 1466 1467
f 1352 1467 1353
f 1353 1467 1468
f 1353 1468 1469
f 1353 1469 1470
f 1353 1470 1471
f 1353 1471 1472
f 1353 1472 1355
f 1353 1355 1354
f 1355 1472 1473
f 1355 1473 1356
f 1356 1473 1474
f 1356 1474 1358
f 1358 1474 1428
f 1361 1430 1475
f 1361 1475 1363
f 1367 1368 1438
f 1368 1476 1438
f 1368 1386 1388
f 1368 1388 1442
f 1368 1442 1476
f 1369 1477 1370
f 1370 1477 1375
f 1371 1379 1372
f 1372 1379 1478
f 1372 1478 1479
f 1372 1479 1480
f 1372 1480 1380
f 1375 1477 1481
f 1375 1481 1376
f 1376 1482 1483
f 1376 1483 1437
f 1376 1437 1436
f 1376 1436 1435
f 1376 1435 1434
f 1376 1434 1484
f 1376 1484 1377
f 1376 1481 1482
f 1377 1485 1378
f 1377 1484 1486
f 1377 1486 1487
f 1377 1487 1485
f 1378 1485 1488
f 1378 1488 1478
f 1378 1478 1379
f 1380 1480 1381
f 1381 1480 1489
f 1381 1489 1384
f 1381 1384 1382
f 1383 1490 1491
f 1383 1491 1492
f 1383 1492 1493
f 1383 1493 1494
f 1383 1494 1391
f 1383 1385 1495
f 1383 1495 1490
f 1384 1489 1385
f 1385 1489 1496
f 1385 1496 1497
f 1385 1497 1495
f 1387 1442 1388
f 1387 1390 1498
f 1387 1498 1499
f 1387 1499 1444
f 1387 1444 1442
f 1389 1396 1500
f 1389 1500 1390
f 1390 1500 1498
f 1391 1494 1392
f 1392 1494 1393
f 1393 1494 1501
f 1393 1501 1502
f 1393 1502 1503
f 1393 1503 1504
f 1393 1504 1394
f 1394 1504 1395
f 1395 1504 1505
f 1395 1505 1396
f 1396 1506 1507
f 1396 1507 1500
f 1396 1505 1506
f 1398 1411 1508
f 1398 1508 1509
f 1398 1509 1399
f 1398 1412 1411
f 1399 1509 1400
f 1400 1509 1510
f 1400 1510 1401
f 1401 1510 1511
f 1401 1511 1402
f 1402 1512 1403
f 1402 1511 1513
f 1402 1513 1512
f 1403 1512 1404
f 1404 1512 1431
f 1405 1420 1514
f 1405 1514 1407
f 1405 1407 1406
f 1407 1409 1408
f 1407 1514 1515
f 1407 1515 1516
f 1407 1516 1409
f 1409 1516 1517
f 1409 1517 1518
f 1409 1518 1508
f 1409 1508 1411
f 1409 1411 1410
f 1413 1426 1425
f 1413 1425 1424
f 1413 1424 1519
f 1413 1519 1520
f 1413 1520 1521
f 1413 1521 1416
f 1413 1416 1414
f 1414 1416 1415
f 1416 1521 1520
f 1416 1520 1522
f 1416 1522 1523
f 1416 1523 1524
f 1416 1524 1417
f 1417 1524 1419
f 1417 1419 1418
f 1419 1524 1525
f 1419 1525 1526
f 1419 1526 1515
f 1419 1515 1420
f 1420 1515 1514
f 1421 1429 1422
f 1422 1429 1474
f 1422 1474 1527
f 1422 1527 1528
f 1422 1528 1529
f 1422 1529 1530
f 1422 1530 1423
f 1423 1530 1424
f 1424 1530 1529
f 1424 1529 1528
f 1424 1528 1531
f 1424 1531 1532
f 1424 1532 1533
f 1424 1533 1519
f 1428 1474 1429
f 1431 1512 1534
f 1431 1534 1535
f 1431 1535 1432
f 1432 1535 1433
f 1433 1535 1487
f 1433 1487 1434
f 1434 1487 1486
f 1434 1486 1484
f 1438 1476 1536
f 1438 1536 1439
f 1439 1536 1537
f 1439 1537 1441
f 1439 1441 1440
f 1441 1537 1442
f 1442 1444 1443
f 1442 1537 1536
f 1442 1536 1476
f 1444 1499 1498
f 1444 1498 1538
f 1444 1538 1500
f 1444 1500 1506
f 1444 1506 1445
f 1445 1506 1446
f 1446 1506 1447
f 1447 1506 1539
f 1447 1539 1448
f 1448 1539 1540
f 1448 1540 1541
f 1448 1541 1449
f 1449 1541 1451
f 1449 1451 1450
f 1451 1541 1542
f 1451 1542 1543
f 1451 1543 1452
f 1452 1543 1453
f 1453 1543 1544
f 1453 1544 1454
f 1454 1544 1545
f 1454 1545 1455
f 1455 1545 1456
f 1456 1546 1458
f 1456 1458 1457
f 1456 1545 1546
f 1458 1547 1461
f 1458 1461 1460
f 1458 1546 1547
f 1461 1548 1549
f 1461 1549 1463
f 1461 1547 1548
f 1463 1549 1464
f 1464 1549 1550
f 1464 1550 1551
f 1464 1551 1465
f 1465 1551 1552
f 1465 1552 1466
f 1466 1552 1467
f 1467 1553 1554
f 1467 1554 1469
f 1467 1469 1468
f 1467 1552 1553
f 1469 1554 1555
f 1469 1555 1556
f 1469 1556 1557
f 1469 1557 1558
f 1469 1558 1470
f 1470 1558 1471
f 1471 1558 1559
f 1471 1559 1560
f 1471 1560 1472
f 1472 1560 1561
f 1472 1561 1474
f 1472 1474 1473
f 1474 1561 1560
f 1474 1560 1562
f 1474 1562 1527
f 1478 1488 1563
f 1478 1563 1564
f 1478 1564 1479
f 1479 1564 1565
f 1479 1565 1566
f 1479 1566 1567
f 1479 1567 1480
f 1480 1568 1489
f 1480 1567 1568
f 1485 1569 1563
f 1485 1563 1488
f 1485 1487 1535
f 1485 1535 1569
f 1489 1568 1570
f 1489 1570 1571
f 1489 1571 1496
f 1490 1572 1491
f 1490 1495 1497
f 1490 1497 1573
f 1490 1573 1572
f 1491 1572 1574
f 1491 1574 1492
f 1492 1574 1494
f 1492 1494 1493
f 1494 1574 1575
f 1494 1575 1501
f 1496 1571 1497
f 1497 1571 1576
f 1497 1576 1577
f 1497 1577 1573
f 1498 1500 1538
f 1500 1507 1506
f 1501 1578 1502
f 1501 1575 1579
f 1501 1579 1578
f 1502 1580 1581
f 1502 1581 1503
f 1502 1578 1580
f 1503 1581 1582
f 1503 1582 1504
f 1504 1582 1583
f 1504 1583 1505
f 1505 1583 1584
f 1505 1584 1506
f 1506 1584 1539
f 1508 1518 1585
f 1508 1585 1509
f 1509 1511 1510
f 1509 1585 1586
f 1509 1586 1511
f 1511 1586 1587
f 1511 1587 1588
f 1511 1588 1513
f 1512 1513 1589
f 1512 1589 1534
f 1513 1588 1590
f 1513 1590 1591
f 1513 1591 1589
f 1515 1526 1516
f 1516 1526 1592
f 1516 1592 1517
f 1517 1592 1593
f 1517 1593 1594
f 1517 1594 1518
f 1518 1594 1595
f 1518 1595 1585
f 1519 1533 1520
f 1520 1596 1522
f 1520 1533 1597
f 1520 1597 1598
f 1520 1598 1596
f 1522 1596 1599
f 1522 1599 1523
f 1523 1599 1600
f 1523 1600 1525
f 1523 1525 1524
f 1525 1600 1601
f 1525 1601 1602
f 1525 1602 1526
f 1526 1602 1603
f 1526 1603 1604
f 1526 1604 1592
f 1527 1562 1560
f 1527 1560 1528
f 1528 1560 1531
f 1531 1560 1605
f 1531 1605 1606
f 1531 1606 1597
f 1531 1597 1532
f 1532 1597 1533
f 1534 1589 1535
f 1535 1589 1569
f 1539 1584 1540
f 1540 1582 1581
f 1540 1581 1607
f 1540 1607 1541
f 1540 1584 1582
f 1541 1607 1542
f 1542 1607 1581
f 1542 1581 1580
f 1542 1580 1608
f 1542 1608 1543
f 1543 1608 1609
f 1543 1609 1544
f 1544 1609 1546
f 1544 1546 1545
f 1546 1610 1547
f 1546 1609 1610
f 1547 1610 1611
f 1547 1611 1548
f 1548 1611 1612
f 1548 1612 1613
f 1548 1613 1549
f 1549 1613 1550
f 1550 1614 1615
f 1550 1615 1551
f 1550 1613 1614
f 1551 1615 1553
f 1551 1553 1552
f 1553 1555 1554
f 1553 1615 1555
f 1555 1616 1617
f 1555 1617 1556
f 1555 1615 1616
f 1556 1617 1557
f 1557 1618 1619
f 1557 1619 1558
f 1557 1617 1618
f 1558 1619 1620
f 1558 1620 1559
f 1559 1620 1621
f 1559 1621 1622
f 1559 1622 1560
f 1560 1622 1623
f 1560 1623 1605
f 1563 1590 1565
f 1563 1565 1564
f 1563 1569 1589
f 1563 1589 1590
f 1565 1590 1624
f 1565 1624 1566
f 1566 1625 1626
f 1566 1626 1567
f 1566 1624 1625
f 1567 1626 1568
f 1568 1627 1570
f 1568 1626 1627
f 1570 1627 1571
f 1571 1628 1576
f 1571 1627 1628
f 1572 1573 1629
f 1572 1629 1630
f 1572 1630 1631
f 1572 1631 1632
f 1572 1632 1633
f 1572 1633 1634
f 1572 1634 1635
f 1572 1635 1574
f 1573 1577 1636
f 1573 1636 1629
f 1574 1637 1575
f 1574 1635 1637
f 1575 1637 1638
f 1575 1638 1579
f 1576 1628 1577
f 1577 1628 1639
f 1577 1639 1640
f 1577 1640 1641
f 1577 1641 1636
f 1578 1579 1638
f 1578 1638 1642
f 1578 1642 1608
f 1578 1608 1580
f 1582 1584 1583
f 1585 1595 1643
f 1585 1643 1586
f 1586 1643 1644
f 1586 1644 1587
f 1587 1644 1588
f 1588 1644 1624
f 1588 1624 1590
f 1589 1591 1590
f 1592 1604 1645
f 1592 1645 1594
f 1592 1594 1593
f 1594 1645 1595
f 1595 1645 1643
f 1596 1598 1601
f 1596 1601 1599
f 1597 1606 1623
f 1597 1623 1646
f 1597 1646 1598
f 1598 1646 1601
f 1599 1601 1600
f 1601 1646 1647
f 1601 1647 1648
f 1601 1648 1649
f 1601 1649 1602
f 1602 1649 1650
f 1602 1650 1603
f 1603 1650 1604
f 1604 1650 1651
f 1604 1651 1652
f 1604 1652 1653
f 1604 1653 1645
f 1605 1623 1606
f 1608 1642 1638
f 1608 1638 1610
f 1608 1610 1609
f 1610 1638 1611
f 1611 1638 1612
f 1612 1638 1637
f 1612 1637 1635
f 1612 1635 1654
f 1612 1654 1614
f 1612 1614 1613
f 1614 1654 1632
f 1614 1632 1615
f 1615 1632 1655
f 1615 1655 1616
f 1616 1656 1657
f 1616 1657 1617
f 1616 1655 1656
f 1617 1657 1658
f 1617 1658 1618
f 1618 1658 1619
f 1619 1658 1659
f 1619 1659 1660
f 1619 1660 1620
f 1620 1661 1621
f 1620 1660 1661
f 1621 1661 1662
f 1621 1662 1623
f 1621 1623 1622
f 1623 1662 1663
f 1623 1663 1646
f 1624 1644 1664
f 1624 1664 1625
f 1625 1664 1626
f 1626 1665 1627
f 1626 1664 1665
f 1627 1666 1667
f 1627 1667 1628
f 1627 1665 1666
f 1628 1667 1668
f 1628 1668 1639
f 1629 1636 1630
f 1630 1636 1669
f 1630 1669 1670
f 1630 1670 1631
f 1631 1655 1632
f 1631 1670 1655
f 1632 1654 1635
f 1632 1635 1634
f 1632 1634 1633
f 1636 1671 1669
f 1636 1641 1671
f 1639 1668 1672
f 1639 1672 1640
f 1640 1673 1641
f 1640 1672 1674
f 1640 1674 1673
f 1641 1673 1675
f 1641 1675 1671
f 1643 1645 1664
f 1643 1664 1644
f 1645 1653 1676
f 1645 1676 1664
f 1646 1663 1647
f 1647 1663 1677
f 1647 1677 1678
f 1647 1678 1648
f 1648 1678 1679
f 1648 1679 1649
f 1649 1679 1674
f 1649 1674 1650
f 1650 1674 1651
f 1651 1674 1672
f 1651 1672 1668
f 1651 1668 1652
f 1652 1668 1676
f 1652 1676 1653
f 1655 1670 1656
f 1656 1670 1680
f 1656 1680 1657
f 1657 1680 1659
f 1657 1659 1658
f 1659 1681 1682
f 1659 1682 1678
f 1659 1678 1677
f 1659 1677 1683
f 1659 1683 1684
f 1659 1684 1662
f 1659 1662 1661
f 1659 1661 1660
f 1659 1680 1681
f 1662 1684 1683
f 1662 1683 1663
f 1663 1683 1677
f 1664 1676 1666
f 1664 1666 1665
f 1666 1676 1667
f 1667 1676 1668
f 1669 1671 1685
f 1669 1685 1670
f 1670 1685 1680
f 1671 1675 1685
f 1673 1674 1686
f 1673 1686 1685
f 1673 1685 1675
f 1674 1679 1686
f 1678 1682 1686
f 1678 1686 1679
f 1680 1685 1681
f 1681 1685 1687
f 1681 1687 1686
f 1681 1686 1682
f 1685 1686 1687

o geometry_2
v 0.00053466 -0.00029685 -0.01190307 0.43529412 0.89019608 0.96078431
v 0.00053466 -0.00029685 -0.01780484 0.43529412 0.89019608 0.96078431
v -0.00009092 -0.00029685 -0.01186190 0.43529412 0.89019608 0.96078431
v 0.00053466 -0.00166214 -0.01183236 0.43529412 0.89019608 0.96078431
v 0.00053466 -0.02737377 -0.02042457 0.43529412 0.89019608 0.96078431
v -0.03023836 -0.00029685 -0.02034670 0.43529412 0.89019608 0.96078431
v -0.00009092 -0.00166214 -0.01179835 0.43529412 0.89019608 0.96078431
v -0.00363721 -0.00029685 -0.01184758 0.43529412 0.89019608 0.96078431
v 0.00053466 -0.03431465 -0.01176613 0.43529412 0.89019608 0.96078431
v 0.00053466 -0.02799722 -0.02048185 0.43529412 0.89019608 0.96078431
v -0.03071253 -0.00029685 -0.02038071 0.43529412 0.89019608 0.96078431
v 0.00053466 -0.02826160 -0.02050602 0.43529412 0.89019608 0.96078431
v -0.03340611 -0.00029685 -0.01176613 0.43529412 0.89019608 0.96078431
v 0.00053466 -0.04060839 -0.01176613 0.43529412 0.89019608 0.96078431
v -0.03112692 -0.00029685 -0.02040756 0.43529412 0.89019608 0.96078431
v 0.00053466 -0.02888506 -0.02055524 0.43529412 0.89019608 0.96078431
v -0.03990100 -0.00029685 -0.01176613 0.43529412 0.89019608 0.96078431
v 0.00053466 -0.04028877 -0.01456128 0.43529412 0.89019608 0.96078431
v -0.00363721 -0.04040320 -0.01176613 0.43529412 0.89019608 0.96078431
v -0.00412333 -0.04024142 -0.01303259 0.43529412 0.89019608 0.96078431
v -0.03160109 -0.00029685 -0.02042636 0.43529412 0.89019608 0.96078431
v 0.00053466 -0.02977289 -0.02062326 0.43529412 0.89019608 0.96078431
v 0.00053466 -0.03092115 -0.02071098 0.43529412 0.89019608 0.96078431
v 0.00053466 -0.03180899 -0.02077542 0.43529412 0.89019608 0.96078431
v 0.00053466 -0.03269682 -0.02083002 0.43529412 0.89019608 0.96078431
v -0.03972966 -0.00029685 -0.01341476 0.43529412 0.89019608 0.96078431
v -0.04008429 -0.00166214 -0.01176613 0.43529412 0.89019608 0.96078431
v 0.00053466 -0.04024931 -0.01485664 0.43529412 0.89019608 0.96078431
v 0.00027566 -0.04024536 -0.01481368 0.43529412 0.89019608 0.96078431
v -0.00373284 -0.04039531 -0.01176613 0.43529412 0.89019608 0.96078431
v -0.00456960 -0.04031639 -0.01176613 0.43529412 0.89019608 0.96078431
v -0.00466125 -0.04030455 -0.01176613 0.43529412 0.89019608 0.96078431
v -0.00493220 -0.04022564 -0.01203464 0.43529412 0.89019608 0.96078431
v -0.00452577 -0.04001256 -0.01430083 0.43529412 0.89019608 0.96078431
v -0.00452577 -0.03989812 -0.01518780 0.43529412 0.89019608 0.96078431
v -0.00363721 -0.03999677 -0.01518780 0.43529412 0.89019608 0.96078431
v -0.03201150 -0.00029685 -0.02044068 0.43529412 0.89019608 0.96078431
v 0.00053466 -0.03332027 -0.02085955 0.43529412 0.89019608 0.96078431
v -0.03963403 -0.00029685 -0.01430083 0.43529412 0.89019608 0.96078431
v -0.04000061 -0.00166214 -0.01252779 0.43529412 0.89019608 0.96078431
v -0.04017195 -0.00254997 -0.01176613 0.43529412 0.89019608 0.96078431
v -0.00363721 -0.03985472 -0.01607476 0.43529412 0.89019608 0.96078431
v 0.00053466 -0.04017434 -0.01528088 0.43529412 0.89019608 0.96078431
v -0.00951050 -0.03937332 -0.01176613 0.43529412 0.89019608 0.96078431
v -0.00942682 -0.03934964 -0.01213130 0.43529412 0.89019608 0.96078431
v -0.00896063 -0.03906159 -0.01518780 0.43529412 0.89019608 0.96078431
v -0.00452577 -0.03974818 -0.01607476 0.43529412 0.89019608 0.96078431
v -0.03378465 -0.00029685 -0.02048901 0.43529412 0.89019608 0.96078431
v 0.00053466 -0.03358070 -0.02087029 0.43529412 0.89019608 0.96078431
v -0.03989303 -0.00166214 -0.01341476 0.43529412 0.89019608 0.96078431
v -0.03956629 -0.00029685 -0.01484321 0.43529412 0.89019608 0.96078431
v -0.04007234 -0.00343386 -0.01176613 0.43529412 0.89019608 0.96078431
v -0.04007632 -0.00254997 -0.01252779 0.43529412 0.89019608 0.96078431
v -0.00363721 -0.03964558 -0.01696084 0.43529412 0.89019608 0.96078431
v -0.00275263 -0.03968899 -0.01696084 0.43529412 0.89019608 0.96078431
v 0.00053466 -0.04002439 -0.01607476 0.43529412 0.89019608 0.96078431
v 0.00053466 -0.04012304 -0.01556013 0.43529412 0.89019608 0.96078431
v -0.00984122 -0.03929440 -0.01176613 0.43529412 0.89019608 0.96078431
v -0.00977348 -0.03923126 -0.01246693 0.43529412 0.89019608 0.96078431
v -0.00984521 -0.03899451 -0.01430083 0.43529412 0.89019608 0.96078431
v -0.00984521 -0.03886824 -0.01518780 0.43529412 0.89019608 0.96078431
v -0.00896063 -0.03890770 -0.01607476 0.43529412 0.89019608 0.96078431
v -0.00458554 -0.03949959 -0.01702975 0.43529412 0.89019608 0.96078431
v -0.02846522 -0.01851123 -0.02079511 0.43529412 0.89019608 0.96078431
v -0.02935378 -0.01762340 -0.02077094 0.43529412 0.89019608 0.96078431
v -0.03467321 -0.00029685 -0.02046932 0.43529412 0.89019608 0.96078431
v 0.00053466 -0.03420811 -0.02088909 0.43529412 0.89019608 0.96078431
v 0.00053466 -0.03446854 -0.02089535 0.43529412 0.89019608 0.96078431
v -0.03978146 -0.00166214 -0.01430083 0.43529412 0.89019608 0.96078431
v -0.03949855 -0.00029685 -0.01528625 0.43529412 0.89019608 0.96078431
v -0.03941488 -0.00786908 -0.01252779 0.43529412 0.89019608 0.96078431
v -0.03949457 -0.00788091 -0.01176613 0.43529412 0.89019608 0.96078431
v -0.03985717 -0.00343386 -0.01341476 0.43529412 0.89019608 0.96078431
v -0.03920370 -0.00786908 -0.01430083 0.43529412 0.89019608 0.96078431
v -0.03931925 -0.00786908 -0.01341476 0.43529412 0.89019608 0.96078431
v -0.03995678 -0.00254997 -0.01341476 0.43529412 0.89019608 0.96078431
v -0.00363721 -0.03943645 -0.01759004 0.43529412 0.89019608 0.96078431
v -0.00433451 -0.03939699 -0.01751664 0.43529412 0.89019608 0.96078431
v 0.00053466 -0.03979947 -0.01696084 0.43529412 0.89019608 0.96078431
v 0.00053466 -0.03996126 -0.01633701 0.43529412 0.89019608 0.96078431
v -0.00995279 -0.03926678 -0.01176613 0.43529412 0.89019608 0.96078431
v -0.00984521 -0.03910105 -0.01341476 0.43529412 0.89019608 0.96078431
v -0.01481001 -0.03760949 -0.01341476 0.43529412 0.89019608 0.96078431
v -0.01473032 -0.03757398 -0.01387122 0.43529412 0.89019608 0.96078431
v -0.00984521 -0.03870251 -0.01607476 0.43529412 0.89019608 0.96078431
v -0.01383777 -0.03757398 -0.01563441 0.43529412 0.89019608 0.96078431
v -0.01365049 -0.03752268 -0.01622602 0.43529412 0.89019608 0.96078431
v -0.00975755 -0.03851705 -0.01688207 0.43529412 0.89019608 0.96078431
v -0.00896063 -0.03867489 -0.01696084 0.43529412 0.89019608 0.96078431
v -0.00492423 -0.03933780 -0.01737165 0.43529412 0.89019608 0.96078431
v -0.02757665 -0.02028295 -0.02081927 0.43529412 0.89019608 0.96078431
v -0.02846522 -0.01939906 -0.02080585 0.43529412 0.89019608 0.96078431
v -0.02935378 -0.01851123 -0.02076557 0.43529412 0.89019608 0.96078431
v -0.03023836 -0.01673556 -0.02072351 0.43529412 0.89019608 0.96078431
v -0.03378465 -0.00786908 -0.02055077 0.43529412 0.89019608 0.96078431
v -0.03378465 -0.00698124 -0.02054898 0.43529412 0.89019608 0.96078431
v -0.03467321 -0.00077431 -0.02047380 0.43529412 0.89019608 0.96078431
v -0.03514738 -0.00029685 -0.02041472 0.43529412 0.89019608 0.96078431
v 0.00053466 -0.03535637 -0.02087119 0.43529412 0.89019608 0.96078431
v -0.00009092 -0.03535637 -0.02087298 0.43529412 0.89019608 0.96078431
v -0.00363721 -0.03446854 -0.02090699 0.43529412 0.89019608 0.96078431
v -0.03963403 -0.00165030 -0.01521196 0.43529412 0.89019608 0.96078431
v -0.03957426 -0.00193836 -0.01573645 0.43529412 0.89019608 0.96078431
v -0.03983326 -0.00254997 -0.01430083 0.43529412 0.89019608 0.96078431
v -0.03936308 -0.00029685 -0.01607476 0.43529412 0.89019608 0.96078431
v -0.03947465 -0.00796378 -0.01176613 0.43529412 0.89019608 0.96078431
v -0.03973763 -0.00343386 -0.01430083 0.43529412 0.89019608 0.96078431
v -0.03906423 -0.00786908 -0.01518780 0.43529412 0.89019608 0.96078431
v -0.03880523 -0.00881610 -0.01520928 0.43529412 0.89019608 0.96078431
v -0.03896063 -0.00875691 -0.01430083 0.43529412 0.89019608 0.96078431
v -0.03908017 -0.00875691 -0.01341476 0.43529412 0.89019608 0.96078431
v -0.03961012 -0.00339835 -0.01517258 0.43529412 0.89019608 0.96078431
v -0.03919174 -0.00875691 -0.01252779 0.43529412 0.89019608 0.96078431
v -0.03928339 -0.00875691 -0.01176613 0.43529412 0.89019608 0.96078431
v -0.00363721 -0.03919575 -0.01803397 0.43529412 0.89019608 0.96078431
v -0.00275263 -0.03945618 -0.01761510 0.43529412 0.89019608 0.96078431
v -0.00697231 -0.03850916 -0.01836423 0.43529412 0.89019608 0.96078431
v -0.00458554 -0.03919575 -0.01782632 0.43529412 0.89019608 0.96078431
v -0.00940292 -0.03845786 -0.01740477 0.43529412 0.89019608 0.96078431
v -0.00756602 -0.03844208 -0.01825772 0.43529412 0.89019608 0.96078431
v 0.00053466 -0.03972056 -0.01717296 0.43529412 0.89019608 0.96078431
v -0.01428006 -0.03792911 -0.01176613 0.43529412 0.89019608 0.96078431
v -0.01494947 -0.03765684 -0.01252779 0.43529412 0.89019608 0.96078431
v -0.01549935 -0.03752662 -0.01176613 0.43529412 0.89019608 0.96078431
v -0.01539176 -0.03747533 -0.01252779 0.43529412 0.89019608 0.96078431
v -0.01525230 -0.03741219 -0.01341476 0.43529412 0.89019608 0.96078431
v -0.01508096 -0.03736484 -0.01422028 0.43529412 0.89019608 0.96078431
v -0.01516862 -0.03715965 -0.01518780 0.43529412 0.89019608 0.96078431
v -0.01438764 -0.03745954 -0.01518780 0.43529412 0.89019608 0.96078431
v -0.01030343 -0.03846181 -0.01653391 0.43529412 0.89019608 0.96078431
v -0.01419240 -0.03738457 -0.01598795 0.43529412 0.89019608 0.96078431
v -0.01428006 -0.03712020 -0.01696084 0.43529412 0.89019608 0.96078431
v -0.01337157 -0.03742798 -0.01693309 0.43529412 0.89019608 0.96078431
v -0.00999662 -0.03837894 -0.01712463 0.43529412 0.89019608 0.96078431
v -0.02225722 -0.02560205 -0.02084881 0.43529412 0.89019608 0.96078431
v -0.02314578 -0.02560205 -0.02084165 0.43529412 0.89019608 0.96078431
v -0.02757665 -0.02116683 -0.02080585 0.43529412 0.89019608 0.96078431
v -0.00452577 -0.03446854 -0.02090878 0.43529412 0.89019608 0.96078431
v -0.00984521 -0.03269682 -0.02089804 0.43529412 0.89019608 0.96078431
v -0.02846522 -0.02028295 -0.02077452 0.43529412 0.89019608 0.96078431
v -0.02935378 -0.01939906 -0.02071545 0.43529412 0.89019608 0.96078431
v -0.03023836 -0.01762340 -0.02069755 0.43529412 0.89019608 0.96078431
v -0.03112692 -0.01585168 -0.02065907 0.43529412 0.89019608 0.96078431
v -0.03201150 -0.01407601 -0.02061700 0.43529412 0.89019608 0.96078431
v -0.03201150 -0.01318818 -0.02062953 0.43529412 0.89019608 0.96078431
v -0.03378465 -0.00875691 -0.02054361 0.43529412 0.89019608 0.96078431
v -0.03467321 -0.00609341 -0.02048812 0.43529412 0.89019608 0.96078431
v -0.03467321 -0.00254997 -0.02048185 0.43529412 0.89019608 0.96078431
v -0.03467321 -0.00166214 -0.02048006 0.43529412 0.89019608 0.96078431
v -0.03555779 -0.00029685 -0.02036371 0.43529412 0.89019608 0.96078431
v 0.00053466 -0.03624025 -0.02069666 0.43529412 0.89019608 0.96078431
v -0.00009092 -0.03624025 -0.02069845 0.43529412 0.89019608 0.96078431
v -0.00097949 -0.03624025 -0.02069755 0.43529412 0.89019608 0.96078431
v -0.00097949 -0.03535637 -0.02087119 0.43529412 0.89019608 0.96078431
v -0.03948262 -0.00254997 -0.01619917 0.43529412 0.89019608 0.96078431
v -0.03957426 -0.00254997 -0.01575614 0.43529412 0.89019608 0.96078431
v -0.03968583 -0.00254997 -0.01518780 0.43529412 0.89019608 0.96078431
v -0.03913994 -0.00029685 -0.01696084 0.43529412 0.89019608 0.96078431
v -0.03956231 -0.00308267 -0.01569259 0.43529412 0.89019608 0.96078431
v -0.03886102 -0.00786908 -0.01607476 0.43529412 0.89019608 0.96078431
v -0.03866577 -0.00831891 -0.01652586 0.43529412 0.89019608 0.96078431
v -0.03872554 -0.00850437 -0.01607476 0.43529412 0.89019608 0.96078431
v -0.03945074 -0.00339835 -0.01602285 0.43529412 0.89019608 0.96078431
v -0.03755407 -0.01318818 -0.01518780 0.43529412 0.89019608 0.96078431
v -0.03777323 -0.01271467 -0.01471433 0.43529412 0.89019608 0.96078431
v -0.03782104 -0.01289618 -0.01412362 0.43529412 0.89019608 0.96078431
v -0.03777323 -0.01362223 -0.01294845 0.43529412 0.89019608 0.96078431
v -0.03784495 -0.01380769 -0.01176613 0.43529412 0.89019608 0.96078431
v -0.03780908 -0.01371693 -0.01235684 0.43529412 0.89019608 0.96078431
v -0.00541434 -0.03865516 -0.01854234 0.43529412 0.89019608 0.96078431
v -0.00452577 -0.03872224 -0.01860141 0.43529412 0.89019608 0.96078431
v -0.00363721 -0.03875381 -0.01864795 0.43529412 0.89019608 0.96078431
v -0.00097949 -0.03880905 -0.01872582 0.43529412 0.89019608 0.96078431
v -0.00097949 -0.03925099 -0.01810378 0.43529412 0.89019608 0.96078431
v 0.00053466 -0.03950748 -0.01770907 0.43529412 0.89019608 0.96078431
v -0.00629892 -0.03821322 -0.01889766 0.43529412 0.89019608 0.96078431
v -0.00629892 -0.03857624 -0.01845463 0.43529412 0.89019608 0.96078431
v -0.00984521 -0.03773576 -0.01850117 0.43529412 0.89019608 0.96078431
v -0.00896063 -0.03784230 -0.01862200 0.43529412 0.89019608 0.96078431
v -0.00723530 -0.03818165 -0.01869002 0.43529412 0.89019608 0.96078431
v -0.01276193 -0.03751873 -0.01721055 0.43529412 0.89019608 0.96078431
v -0.01217221 -0.03760160 -0.01747547 0.43529412 0.89019608 0.96078431
v -0.01161835 -0.03768841 -0.01765537 0.43529412 0.89019608 0.96078431
v -0.01078956 -0.03781862 -0.01791672 0.43529412 0.89019608 0.96078431
v -0.00975755 -0.03818954 -0.01775919 0.43529412 0.89019608 0.96078431
v -0.00896063 -0.03828424 -0.01794268 0.43529412 0.89019608 0.96078431
v -0.01053454 -0.03764500 -0.01838750 0.43529412 0.89019608 0.96078431
v -0.01505706 -0.03768841 -0.01176613 0.43529412 0.89019608 0.96078431
v -0.01543559 -0.03755030 -0.01176613 0.43529412 0.89019608 0.96078431
v -0.01959949 -0.03542345 -0.01176613 0.43529412 0.89019608 0.96078431
v -0.01959949 -0.03532480 -0.01252779 0.43529412 0.89019608 0.96078431
v -0.01952777 -0.03512750 -0.01430083 0.43529412 0.89019608 0.96078431
v -0.01585397 -0.03682820 -0.01518780 0.43529412 0.89019608 0.96078431
v -0.01572647 -0.03674928 -0.01588860 0.43529412 0.89019608 0.96078431
v -0.01524433 -0.03691895 -0.01614100 0.43529412 0.89019608 0.96078431
v -0.01499729 -0.03681636 -0.01696084 0.43529412 0.89019608 0.96078431
v -0.01481400 -0.03672955 -0.01748711 0.43529412 0.89019608 0.96078431
v -0.01428006 -0.03683609 -0.01767327 0.43529412 0.89019608 0.96078431
v -0.01073377 -0.03269682 -0.02089446 0.43529412 0.89019608 0.96078431
v -0.02225722 -0.02648593 -0.02084254 0.43529412 0.89019608 0.96078431
v -0.02314578 -0.02648593 -0.02079511 0.43529412 0.89019608 0.96078431
v -0.02403036 -0.02560205 -0.02079242 0.43529412 0.89019608 0.96078431
v -0.02669207 -0.02293855 -0.02076199 0.43529412 0.89019608 0.96078431
v -0.02757665 -0.02205467 -0.02074588 0.43529412 0.89019608 0.96078431
v -0.02491893 -0.02471422 -0.02078437 0.43529412 0.89019608 0.96078431
v -0.00275263 -0.03535637 -0.02086582 0.43529412 0.89019608 0.96078431
v -0.00363721 -0.03535637 -0.02085955 0.43529412 0.89019608 0.96078431
v -0.00541434 -0.03446854 -0.02090072 0.43529412 0.89019608 0.96078431
v -0.02846522 -0.02116683 -0.02069845 0.43529412 0.89019608 0.96078431
v -0.02935378 -0.02028295 -0.02061163 0.43529412 0.89019608 0.96078431
v -0.03023836 -0.01851123 -0.02062685 0.43529412 0.89019608 0.96078431
v -0.03112692 -0.01673556 -0.02060357 0.43529412 0.89019608 0.96078431
v -0.03201150 -0.01496384 -0.02057762 0.43529412 0.89019608 0.96078431
v -0.03290007 -0.01318818 -0.02052571 0.43529412 0.89019608 0.96078431
v -0.03290007 -0.01230429 -0.02056151 0.43529412 0.89019608 0.96078431
v -0.03378465 -0.00964080 -0.02053018 0.43529412 0.89019608 0.96078431
v -0.03467321 -0.00698124 -0.02048096 0.43529412 0.89019608 0.96078431
v -0.03555779 -0.00254997 -0.02035565 0.43529412 0.89019608 0.96078431
v -0.03555779 -0.00166214 -0.02036013 0.43529412 0.89019608 0.96078431
v -0.03555779 -0.00077431 -0.02036281 0.43529412 0.89019608 0.96078431
v -0.03594031 -0.00029685 -0.02026436 0.43529412 0.89019608 0.96078431
v 0.00053466 -0.03682820 -0.02042547 0.43529412 0.89019608 0.96078431
v -0.00009092 -0.03708073 -0.02030643 0.43529412 0.89019608 0.96078431
v -0.00097949 -0.03708073 -0.02030374 0.43529412 0.89019608 0.96078431
v -0.00186407 -0.03707679 -0.02030016 0.43529412 0.89019608 0.96078431
v -0.00186407 -0.03624025 -0.02068860 0.43529412 0.89019608 0.96078431
v -0.03926346 -0.00254997 -0.01696084 0.43529412 0.89019608 0.96078431
v -0.03919174 -0.00343386 -0.01696084 0.43529412 0.89019608 0.96078431
v -0.03900048 -0.00029685 -0.01731258 0.43529412 0.89019608 0.96078431
v -0.03870164 -0.00786908 -0.01663415 0.43529412 0.89019608 0.96078431
v -0.03862194 -0.00698124 -0.01728573 0.43529412 0.89019608 0.96078431
v -0.03854225 -0.00786908 -0.01707808 0.43529412 0.89019608 0.96078431
v -0.03842670 -0.00867405 -0.01687670 0.43529412 0.89019608 0.96078431
v -0.03779315 -0.01014193 -0.01743520 0.43529412 0.89019608 0.96078431
v -0.03696037 -0.01297115 -0.01752380 0.43529412 0.89019608 0.96078431
v -0.03686474 -0.01356304 -0.01733854 0.43529412 0.89019608 0.96078431
v -0.03707592 -0.01323553 -0.01701006 0.43529412 0.89019608 0.96078431
v -0.03736281 -0.01318818 -0.01607476 0.43529412 0.89019608 0.96078431
v -0.03704405 -0.01411153 -0.01606850 0.43529412 0.89019608 0.96078431
v -0.03723132 -0.01407601 -0.01518780 0.43529412 0.89019608 0.96078431
v -0.03773736 -0.01351569 -0.01341476 0.43529412 0.89019608 0.96078431
v -0.03768955 -0.01319213 -0.01437154 0.43529412 0.89019608 0.96078431
v -0.03769752 -0.01417466 -0.01176613 0.43529412 0.89019608 0.96078431
v -0.03737078 -0.01407601 -0.01430083 0.43529412 0.89019608 0.96078431
v -0.03558967 -0.01851123 -0.01341476 0.43529412 0.89019608 0.96078431
v -0.03571718 -0.01851123 -0.01252779 0.43529412 0.89019608 0.96078431
v -0.00541434 -0.03828030 -0.01898537 0.43529412 0.89019608 0.96078431
v -0.00452577 -0.03833159 -0.01904445 0.43529412 0.89019608 0.96078431
v -0.00363721 -0.03837894 -0.01909099 0.43529412 0.89019608 0.96078431
v -0.00275263 -0.03841051 -0.01912142 0.43529412 0.89019608 0.96078431
v -0.00186407 -0.03843419 -0.01914916 0.43529412 0.89019608 0.96078431
v -0.00097949 -0.03844997 -0.01916885 0.43529412 0.89019608 0.96078431
v 0.00053466 -0.03871435 -0.01885381 0.43529412 0.89019608 0.96078431
v 0.00053466 -0.03912867 -0.01833111 0.43529412 0.89019608 0.96078431
v 0.00053466 -0.03926283 -0.01815300 0.43529412 0.89019608 0.96078431
v 0.00053466 -0.03943645 -0.01784064 0.43529412 0.89019608 0.96078431
v -0.00777322 -0.03760949 -0.01921271 0.43529412 0.89019608 0.96078431
v -0.00718748 -0.03768051 -0.01927984 0.43529412 0.89019608 0.96078431
v -0.00629892 -0.03777127 -0.01936218 0.43529412 0.89019608 0.96078431
v -0.00984521 -0.03734511 -0.01894510 0.43529412 0.89019608 0.96078431
v -0.00896063 -0.03745560 -0.01906503 0.43529412 0.89019608 0.96078431
v -0.00836294 -0.03753452 -0.01913932 0.43529412 0.89019608 0.96078431
v -0.01345923 -0.03697814 -0.01792477 0.43529412 0.89019608 0.96078431
v -0.01112426 -0.03755424 -0.01825862 0.43529412 0.89019608 0.96078431
v -0.01125575 -0.03670982 -0.01920197 0.43529412 0.89019608 0.96078431
v -0.01320422 -0.03676901 -0.01839735 0.43529412 0.89019608 0.96078431
v -0.01250692 -0.03688344 -0.01853518 0.43529412 0.89019608 0.96078431
v -0.01184547 -0.03661117 -0.01910173 0.43529412 0.89019608 0.96078431
v -0.01968317 -0.03537610 -0.01176613 0.43529412 0.89019608 0.96078431
v -0.02017327 -0.03500518 -0.01252779 0.43529412 0.89019608 0.96078431
v -0.02009757 -0.03495389 -0.01322949 0.43529412 0.89019608 0.96078431
v -0.01968317 -0.03515118 -0.01348099 0.43529412 0.89019608 0.96078431
v -0.02002983 -0.03490653 -0.01382110 0.43529412 0.89019608 0.96078431
v -0.01997006 -0.03486313 -0.01430083 0.43529412 0.89019608 0.96078431
v -0.01938433 -0.03504464 -0.01518780 0.43529412 0.89019608 0.96078431
v -0.01559099 -0.03667431 -0.01647931 0.43529412 0.89019608 0.96078431
v -0.01924885 -0.03496572 -0.01584653 0.43529412 0.89019608 0.96078431
v -0.01911736 -0.03489075 -0.01643635 0.43529412 0.89019608 0.96078431
v -0.01543958 -0.03660328 -0.01696084 0.43529412 0.89019608 0.96078431
v -0.01602133 -0.03596404 -0.01781200 0.43529412 0.89019608 0.96078431
v -0.01629228 -0.03568782 -0.01808409 0.43529412 0.89019608 0.96078431
v -0.01570256 -0.03584172 -0.01834454 0.43529412 0.89019608 0.96078431
v -0.01428006 -0.03658749 -0.01811720 0.43529412 0.89019608 0.96078431
v -0.01834434 -0.03494994 -0.01748174 0.43529412 0.89019608 0.96078431
v -0.01657519 -0.03583777 -0.01749337 0.43529412 0.89019608 0.96078431
v -0.01379792 -0.03667431 -0.01827115 0.43529412 0.89019608 0.96078431
v -0.00629892 -0.03446854 -0.02088998 0.43529412 0.89019608 0.96078431
v -0.00896063 -0.03358070 -0.02088461 0.43529412 0.89019608 0.96078431
v -0.00984521 -0.03358070 -0.02086403 0.43529412 0.89019608 0.96078431
v -0.01161835 -0.03269682 -0.02087298 0.43529412 0.89019608 0.96078431
v -0.01339548 -0.03180899 -0.02086671 0.43529412 0.89019608 0.96078431
v -0.02137264 -0.02737377 -0.02083180 0.43529412 0.89019608 0.96078431
v -0.02225722 -0.02737377 -0.02078437 0.43529412 0.89019608 0.96078431
v -0.02403036 -0.02648593 -0.02067697 0.43529412 0.89019608 0.96078431
v -0.02491893 -0.02560205 -0.02067428 0.43529412 0.89019608 0.96078431
v -0.02580350 -0.02471422 -0.02066891 0.43529412 0.89019608 0.96078431
v -0.02669207 -0.02382638 -0.02064833 0.43529412 0.89019608 0.96078431
v -0.02757665 -0.02293855 -0.02061431 0.43529412 0.89019608 0.96078431
v -0.00452577 -0.03535637 -0.02084254 0.43529412 0.89019608 0.96078431
v -0.02846522 -0.02205467 -0.02055614 0.43529412 0.89019608 0.96078431
v -0.03023836 -0.01939906 -0.02049707 0.43529412 0.89019608 0.96078431
v -0.03112692 -0.01762340 -0.02050691 0.43529412 0.89019608 0.96078431
v -0.03201150 -0.01585168 -0.02048991 0.43529412 0.89019608 0.96078431
v -0.03290007 -0.01407601 -0.02045321 0.43529412 0.89019608 0.96078431
v -0.03378465 -0.01141646 -0.02044247 0.43529412 0.89019608 0.96078431
v -0.03378465 -0.01052863 -0.02049886 0.43529412 0.89019608 0.96078431
v -0.03467321 -0.00786908 -0.02044694 0.43529412 0.89019608 0.96078431
v -0.03555779 -0.00609341 -0.02026973 0.43529412 0.89019608 0.96078431
v -0.03555779 -0.00520953 -0.02029927 0.43529412 0.89019608 0.96078431
v -0.03555779 -0.00343386 -0.02034312 0.43529412 0.89019608 0.96078431
v -0.03621923 -0.00254997 -0.02016591 0.43529412 0.89019608 0.96078431
v -0.03626705 -0.00077431 -0.02017396 0.43529412 0.89019608 0.96078431
v -0.03626705 -0.00029685 -0.02017665 0.43529412 0.89019608 0.96078431
v 0.00053466 -0.03707679 -0.02030911 0.43529412 0.89019608 0.96078431
v -0.00097949 -0.03752662 -0.02002808 0.43529412 0.89019608 0.96078431
v -0.00186407 -0.03751873 -0.02002360 0.43529412 0.89019608 0.96078431
v -0.00275263 -0.03705311 -0.02028853 0.43529412 0.89019608 0.96078431
v -0.00275263 -0.03624025 -0.02066891 0.43529412 0.89019608 0.96078431
v -0.03883711 -0.00029685 -0.01771802 0.43529412 0.89019608 0.96078431
v -0.03888891 -0.00254997 -0.01776725 0.43529412 0.89019608 0.96078431
v -0.03885305 -0.00343386 -0.01770549 0.43529412 0.89019608 0.96078431
v -0.03866179 -0.00633017 -0.01739403 0.43529412 0.89019608 0.96078431
v -0.03875742 -0.00698124 -0.01684180 0.43529412 0.89019608 0.96078431
v -0.03814778 -0.00786908 -0.01784780 0.43529412 0.89019608 0.96078431
v -0.03795652 -0.00868983 -0.01785944 0.43529412 0.89019608 0.96078431
v -0.03786487 -0.00964080 -0.01755334 0.43529412 0.89019608 0.96078431
v -0.03676114 -0.01230429 -0.01811720 0.43529412 0.89019608 0.96078431
v -0.03666152 -0.01323553 -0.01783080 0.43529412 0.89019608 0.96078431
v -0.03778518 -0.00834653 -0.01830337 0.43529412 0.89019608 0.96078431
v -0.03676512 -0.01411153 -0.01701006 0.43529412 0.89019608 0.96078431
v -0.03696834 -0.01383926 -0.01674782 0.43529412 0.89019608 0.96078431
v -0.03629494 -0.01408785 -0.01789345 0.43529412 0.89019608 0.96078431
v -0.03611962 -0.01496384 -0.01758556 0.43529412 0.89019608 0.96078431
v -0.03601204 -0.01542552 -0.01742088 0.43529412 0.89019608 0.96078431
v -0.03685278 -0.01443115 -0.01635849 0.43529412 0.89019608 0.96078431
v -0.03692052 -0.01457714 -0.01576867 0.43529412 0.89019608 0.96078431
v -0.03589250 -0.01833366 -0.01176613 0.43529412 0.89019608 0.96078431
v -0.03537450 -0.01859804 -0.01438854 0.43529412 0.89019608 0.96078431
v -0.03517527 -0.01904393 -0.01415047 0.43529412 0.89019608 0.96078431
v -0.03524301 -0.01914652 -0.01341476 0.43529412 0.89019608 0.96078431
v -0.03531473 -0.01925306 -0.01252779 0.43529412 0.89019608 0.96078431
v -0.03532270 -0.01941090 -0.01176613 0.43529412 0.89019608 0.96078431
v -0.03583671 -0.01845993 -0.01176613 0.43529412 0.89019608 0.96078431
v -0.00541434 -0.03783835 -0.01942215 0.43529412 0.89019608 0.96078431
v -0.00452577 -0.03788965 -0.01947495 0.43529412 0.89019608 0.96078431
v -0.00363721 -0.03793700 -0.01952507 0.43529412 0.89019608 0.96078431
v -0.00275263 -0.03796857 -0.01956266 0.43529412 0.89019608 0.96078431
v -0.00186407 -0.03799224 -0.01957967 0.43529412 0.89019608 0.96078431
v -0.00097949 -0.03800803 -0.01958504 0.43529412 0.89019608 0.96078431
v -0.00009092 -0.03844997 -0.01916975 0.43529412 0.89019608 0.96078431
v 0.00053466 -0.03844997 -0.01916617 0.43529412 0.89019608 0.96078431
v -0.00984521 -0.03690317 -0.01938455 0.43529412 0.89019608 0.96078431
v -0.00896063 -0.03701365 -0.01949017 0.43529412 0.89019608 0.96078431
v -0.00825137 -0.03661512 -0.02001196 0.43529412 0.89019608 0.96078431
v -0.00766165 -0.03669403 -0.02007014 0.43529412 0.89019608 0.96078431
v -0.00629892 -0.03725830 -0.01980522 0.43529412 0.89019608 0.96078431
v -0.00541434 -0.03733327 -0.01986608 0.43529412 0.89019608 0.96078431
v -0.01073377 -0.03678479 -0.01927268 0.43529412 0.89019608 0.96078431
v -0.01157850 -0.03628761 -0.01947853 0.43529412 0.89019608 0.96078431
v -0.01077362 -0.03619290 -0.01977389 0.43529412 0.89019608 0.96078431
v -0.01388559 -0.03581804 -0.01919481 0.43529412 0.89019608 0.96078431
v -0.01339548 -0.03590485 -0.01927268 0.43529412 0.89019608 0.96078431
v -0.01250692 -0.03605480 -0.01941051 0.43529412 0.89019608 0.96078431
v -0.01250692 -0.03650068 -0.01897911 0.43529412 0.89019608 0.96078431
v -0.02024101 -0.03505253 -0.01176613 0.43529412 0.89019608 0.96078431
v -0.02440093 -0.03220752 -0.01180909 0.43529412 0.89019608 0.96078431
v -0.01982263 -0.03476843 -0.01518780 0.43529412 0.89019608 0.96078431
v -0.02418178 -0.03206942 -0.01341476 0.43529412 0.89019608 0.96078431
v -0.02469180 -0.03154855 -0.01430083 0.43529412 0.89019608 0.96078431
v -0.02458023 -0.03145385 -0.01518780 0.43529412 0.89019608 0.96078431
v -0.01851568 -0.03503675 -0.01696084 0.43529412 0.89019608 0.96078431
v -0.01956762 -0.03469345 -0.01611504 0.43529412 0.89019608 0.96078431
v -0.01967122 -0.03434621 -0.01701275 0.43529412 0.89019608 0.96078431
v -0.01896196 -0.03480788 -0.01696084 0.43529412 0.89019608 0.96078431
v -0.01804949 -0.03479210 -0.01807335 0.43529412 0.89019608 0.96078431
v -0.01745578 -0.03494994 -0.01833380 0.43529412 0.89019608 0.96078431
v -0.01807738 -0.03392005 -0.01907846 0.43529412 0.89019608 0.96078431
v -0.01694177 -0.03465399 -0.01891825 0.43529412 0.89019608 0.96078431
v -0.01629228 -0.03481183 -0.01908472 0.43529412 0.89019608 0.96078431
v -0.01516862 -0.03552604 -0.01892362 0.43529412 0.89019608 0.96078431
v -0.01516862 -0.03596404 -0.01847969 0.43529412 0.89019608 0.96078431
v -0.02000991 -0.03400292 -0.01734301 0.43529412 0.89019608 0.96078431
v -0.01936440 -0.03416470 -0.01784780 0.43529412 0.89019608 0.96078431
v -0.01867108 -0.03459481 -0.01780574 0.43529412 0.89019608 0.96078431
v -0.01422029 -0.03608636 -0.01876431 0.43529412 0.89019608 0.96078431
v -0.01345923 -0.03640598 -0.01870971 0.43529412 0.89019608 0.96078431
v -0.00718748 -0.03446854 -0.02087119 0.43529412 0.89019608 0.96078431
v -0.01073377 -0.03358070 -0.02083002 0.43529412 0.89019608 0.96078431
v -0.01339548 -0.03269682 -0.02081390 0.43529412 0.89019608 0.96078431
v -0.01250692 -0.03269682 -0.02084523 0.43529412 0.89019608 0.96078431
v -0.00807206 -0.03446854 -0.02084344 0.43529412 0.89019608 0.96078431
v -0.01428006 -0.03180899 -0.02084434 0.43529412 0.89019608 0.96078431
v -0.01959949 -0.02914943 -0.02079779 0.43529412 0.89019608 0.96078431
v -0.02137264 -0.02826160 -0.02076378 0.43529412 0.89019608 0.96078431
v -0.02314578 -0.02737377 -0.02066444 0.43529412 0.89019608 0.96078431
v -0.02491893 -0.02648593 -0.02046574 0.43529412 0.89019608 0.96078431
v -0.02580350 -0.02560205 -0.02046932 0.43529412 0.89019608 0.96078431
v -0.02669207 -0.02471422 -0.02044068 0.43529412 0.89019608 0.96078431
v -0.00363721 -0.03624025 -0.02064027 0.43529412 0.89019608 0.96078431
v -0.00541434 -0.03535637 -0.02081032 0.43529412 0.89019608 0.96078431
v -0.02850108 -0.02296223 -0.02028763 0.43529412 0.89019608 0.96078431
v -0.02934182 -0.02199942 -0.02021961 0.43529412 0.89019608 0.96078431
v -0.02935378 -0.02116683 -0.02043799 0.43529412 0.89019608 0.96078431
v -0.03098746 -0.01939906 -0.02021155 0.43529412 0.89019608 0.96078431
v -0.03121459 -0.01859804 -0.02030106 0.43529412 0.89019608 0.96078431
v -0.03201150 -0.01673556 -0.02035476 0.43529412 0.89019608 0.96078431
v -0.03290007 -0.01496384 -0.02032701 0.43529412 0.89019608 0.96078431
v -0.03362925 -0.01407601 -0.02020439 0.43529412 0.89019608 0.96078431
v -0.03384840 -0.01320791 -0.02023751 0.43529412 0.89019608 0.96078431
v -0.03378465 -0.01230429 -0.02036371 0.43529412 0.89019608 0.96078431
v -0.03451781 -0.01141646 -0.02020887 0.43529412 0.89019608 0.96078431
v -0.03467321 -0.00964080 -0.02031359 0.43529412 0.89019608 0.96078431
v -0.03467321 -0.00875691 -0.02038519 0.43529412 0.89019608 0.96078431
v -0.03543029 -0.00786908 -0.02020976 0.43529412 0.89019608 0.96078431
v -0.03561756 -0.00691416 -0.02020439 0.43529412 0.89019608 0.96078431
v -0.03610368 -0.00520953 -0.02011937 0.43529412 0.89019608 0.96078431
v -0.03614751 -0.00432169 -0.02013995 0.43529412 0.89019608 0.96078431
v -0.03618736 -0.00343386 -0.02015696 0.43529412 0.89019608 0.96078431
v -0.03670934 -0.00077431 -0.01996990 0.43529412 0.89019608 0.96078431
v -0.03671332 -0.00029685 -0.01997079 0.43529412 0.89019608 0.96078431
v 0.00053466 -0.03751873 -0.02002181 0.43529412 0.89019608 0.96078431
v -0.00009092 -0.03752268 -0.02002539 0.43529412 0.89019608 0.96078431
v -0.00009092 -0.03800803 -0.01958235 0.43529412 0.89019608 0.96078431
v -0.00275263 -0.03749506 -0.02000570 0.43529412 0.89019608 0.96078431
v -0.00363721 -0.03700576 -0.02026884 0.43529412 0.89019608 0.96078431
v -0.00452577 -0.03624025 -0.02060447 0.43529412 0.89019608 0.96078431
v -0.03858210 -0.00029685 -0.01816196 0.43529412 0.89019608 0.96078431
v -0.03859405 -0.00166214 -0.01819239 0.43529412 0.89019608 0.96078431
v -0.03859804 -0.00254997 -0.01821118 0.43529412 0.89019608 0.96078431
v -0.03855421 -0.00343386 -0.01814942 0.43529412 0.89019608 0.96078431
v -0.03828724 -0.00698124 -0.01784780 0.43529412 0.89019608 0.96078431
v -0.03684880 -0.01172030 -0.01823535 0.43529412 0.89019608 0.96078431
v -0.03617939 -0.01318818 -0.01846805 0.43529412 0.89019608 0.96078431
v -0.03607180 -0.01379980 -0.01836155 0.43529412 0.89019608 0.96078431
v -0.03782503 -0.00786908 -0.01834812 0.43529412 0.89019608 0.96078431
v -0.03726718 -0.00789275 -0.01885739 0.43529412 0.89019608 0.96078431
v -0.03686872 -0.00820448 -0.01915901 0.43529412 0.89019608 0.96078431
v -0.03680895 -0.00875691 -0.01910620 0.43529412 0.89019608 0.96078431
v -0.03669738 -0.00964080 -0.01899612 0.43529412 0.89019608 0.96078431
v -0.03604391 -0.01111262 -0.01921719 0.43529412 0.89019608 0.96078431
v -0.03644636 -0.01141646 -0.01873566 0.43529412 0.89019608 0.96078431
v -0.03631885 -0.01230429 -0.01860410 0.43529412 0.89019608 0.96078431
v -0.03692849 -0.01112841 -0.01833738 0.43529412 0.89019608 0.96078431
v -0.03513542 -0.01810480 -0.01657061 0.43529412 0.89019608 0.96078431
v -0.03594430 -0.01438774 -0.01821924 0.43529412 0.89019608 0.96078431
v -0.03509956 -0.01626205 -0.01827115 0.43529412 0.89019608 0.96078431
v -0.03499198 -0.01673556 -0.01810020 0.43529412 0.89019608 0.96078431
v -0.03515136 -0.01726037 -0.01746563 0.43529412 0.89019608 0.96078431
v -0.03501190 -0.01785226 -0.01716222 0.43529412 0.89019608 0.96078431
v -0.03519519 -0.01822712 -0.01607476 0.43529412 0.89019608 0.96078431
v -0.03529879 -0.01841653 -0.01518780 0.43529412 0.89019608 0.96078431
v -0.03511550 -0.01895317 -0.01474208 0.43529412 0.89019608 0.96078431
v -0.03246973 -0.02340417 -0.01392045 0.43529412 0.89019608 0.96078431
v -0.03251356 -0.02347914 -0.01341476 0.43529412 0.89019608 0.96078431
v -0.03258927 -0.02359358 -0.01252779 0.43529412 0.89019608 0.96078431
v -0.03264904 -0.02367644 -0.01176613 0.43529412 0.89019608 0.96078431
v -0.00452577 -0.03739641 -0.01991888 0.43529412 0.89019608 0.96078431
v -0.00363721 -0.03745165 -0.01996900 0.43529412 0.89019608 0.96078431
v 0.00053466 -0.03800408 -0.01957877 0.43529412 0.89019608 0.96078431
v -0.00984521 -0.03640204 -0.01982759 0.43529412 0.89019608 0.96078431
v -0.00896063 -0.03652436 -0.01993320 0.43529412 0.89019608 0.96078431
v -0.01050266 -0.03586539 -0.02011131 0.43529412 0.89019608 0.96078431
v -0.00984521 -0.03596009 -0.02017396 0.43529412 0.89019608 0.96078431
v -0.00896063 -0.03608242 -0.02024109 0.43529412 0.89019608 0.96078431
v -0.00800432 -0.03628761 -0.02025273 0.43529412 0.89019608 0.96078431
v -0.00718748 -0.03624025 -0.02037892 0.43529412 0.89019608 0.96078431
v -0.00718748 -0.03673744 -0.02010236 0.43529412 0.89019608 0.96078431
v -0.00629892 -0.03681636 -0.02016143 0.43529412 0.89019608 0.96078431
v -0.00541434 -0.03689133 -0.02021245 0.43529412 0.89019608 0.96078431
v -0.01109637 -0.03577069 -0.02004508 0.43529412 0.89019608 0.96078431
v -0.01250692 -0.03553394 -0.01985444 0.43529412 0.89019608 0.96078431
v -0.01161835 -0.03568388 -0.01997885 0.43529412 0.89019608 0.96078431
v -0.01447530 -0.03568782 -0.01908025 0.43529412 0.89019608 0.96078431
v -0.01516862 -0.03508016 -0.01931206 0.43529412 0.89019608 0.96078431
v -0.01422029 -0.03537610 -0.01942304 0.43529412 0.89019608 0.96078431
v -0.01369432 -0.03484340 -0.02001644 0.43529412 0.89019608 0.96078431
v -0.01339946 -0.03530507 -0.01975778 0.43529412 0.89019608 0.96078431
v -0.02434116 -0.03224303 -0.01176613 0.43529412 0.89019608 0.96078431
v -0.02450851 -0.03212071 -0.01176613 0.43529412 0.89019608 0.96078431
v -0.02490697 -0.03178136 -0.01176613 0.43529412 0.89019608 0.96078431
v -0.02487111 -0.03170244 -0.01252779 0.43529412 0.89019608 0.96078431
v -0.02479142 -0.03162747 -0.01341476 0.43529412 0.89019608 0.96078431
v -0.02450054 -0.03138677 -0.01570423 0.43529412 0.89019608 0.96078431
v -0.02859670 -0.02843917 -0.01252779 0.43529412 0.89019608 0.96078431
v -0.02841342 -0.02840760 -0.01346667 0.43529412 0.89019608 0.96078431
v -0.02831380 -0.02809193 -0.01518780 0.43529412 0.89019608 0.96078431
v -0.02014140 -0.03410551 -0.01675230 0.43529412 0.89019608 0.96078431
v -0.01916916 -0.03403054 -0.01829889 0.43529412 0.89019608 0.96078431
v -0.01871491 -0.03416075 -0.01844478 0.43529412 0.89019608 0.96078431
v -0.01780244 -0.03360833 -0.01946063 0.43529412 0.89019608 0.96078431
v -0.01748766 -0.03407789 -0.01922256 0.43529412 0.89019608 0.96078431
v -0.01871491 -0.03372670 -0.01888782 0.43529412 0.89019608 0.96078431
v -0.01915720 -0.03313876 -0.01917781 0.43529412 0.89019608 0.96078431
v -0.01871491 -0.03328081 -0.01928968 0.43529412 0.89019608 0.96078431
v -0.01570256 -0.03495389 -0.01921271 0.43529412 0.89019608 0.96078431
v -0.01980669 -0.03386087 -0.01784780 0.43529412 0.89019608 0.96078431
v -0.02437304 -0.03129207 -0.01629583 0.43529412 0.89019608 0.96078431
v -0.02361198 -0.03138282 -0.01744236 0.43529412 0.89019608 0.96078431
v -0.02339283 -0.03121709 -0.01803307 0.43529412 0.89019608 0.96078431
v -0.00896063 -0.03446854 -0.02080495 0.43529412 0.89019608 0.96078431
v -0.01161835 -0.03358070 -0.02078616 0.43529412 0.89019608 0.96078431
v -0.01250692 -0.03358070 -0.02073514 0.43529412 0.89019608 0.96078431
v -0.01428006 -0.03269682 -0.02076289 0.43529412 0.89019608 0.96078431
v -0.01516862 -0.03180899 -0.02080585 0.43529412 0.89019608 0.96078431
v -0.01871491 -0.03003332 -0.02077363 0.43529412 0.89019608 0.96078431
v -0.02225722 -0.02826160 -0.02063758 0.43529412 0.89019608 0.96078431
v -0.02048407 -0.02914943 -0.02073335 0.43529412 0.89019608 0.96078431
v -0.02403036 -0.02737377 -0.02044694 0.43529412 0.89019608 0.96078431
v -0.02575171 -0.02644253 -0.02019544 0.43529412 0.89019608 0.96078431
v -0.02664824 -0.02554286 -0.02019007 0.43529412 0.89019608 0.96078431
v -0.02736945 -0.02471422 -0.02017754 0.43529412 0.89019608 0.96078431
v -0.02765236 -0.02390136 -0.02032612 0.43529412 0.89019608 0.96078431
v -0.00629892 -0.03535637 -0.02076915 0.43529412 0.89019608 0.96078431
v -0.02822614 -0.02365276 -0.02017038 0.43529412 0.89019608 0.96078431
v -0.02903899 -0.02268601 -0.02014443 0.43529412 0.89019608 0.96078431
v -0.02983591 -0.02166797 -0.02009073 0.43529412 0.89019608 0.96078431
v -0.02999928 -0.02116683 -0.02016680 0.43529412 0.89019608 0.96078431
v -0.03029016 -0.02031057 -0.02027152 0.43529412 0.89019608 0.96078431
v -0.03156921 -0.01895317 -0.02006388 0.43529412 0.89019608 0.96078431
v -0.03171664 -0.01836128 -0.02014622 0.43529412 0.89019608 0.96078431
v -0.03079620 -0.02003435 -0.02012384 0.43529412 0.89019608 0.96078431
v -0.03201150 -0.01755237 -0.02019723 0.43529412 0.89019608 0.96078431
v -0.03258130 -0.01673556 -0.02013458 0.43529412 0.89019608 0.96078431
v -0.03290405 -0.01576487 -0.02018828 0.43529412 0.89019608 0.96078431
v -0.03344197 -0.01496384 -0.02011668 0.43529412 0.89019608 0.96078431
v -0.03418311 -0.01351175 -0.02003792 0.43529412 0.89019608 0.96078431
v -0.03428671 -0.01291986 -0.02009968 0.43529412 0.89019608 0.96078431
v -0.03438234 -0.01230429 -0.02015069 0.43529412 0.89019608 0.96078431
v -0.03505573 -0.01075355 -0.02003255 0.43529412 0.89019608 0.96078431
v -0.03513542 -0.01016166 -0.02007462 0.43529412 0.89019608 0.96078431
v -0.03520316 -0.00964080 -0.02010952 0.43529412 0.89019608 0.96078431
v -0.03531872 -0.00875691 -0.02016591 0.43529412 0.89019608 0.96078431
v -0.03595227 -0.00716276 -0.02003792 0.43529412 0.89019608 0.96078431
v -0.03600805 -0.00657087 -0.02006746 0.43529412 0.89019608 0.96078431
v -0.03604391 -0.00609341 -0.02008804 0.43529412 0.89019608 0.96078431
v -0.03659379 -0.00432169 -0.01987413 0.43529412 0.89019608 0.96078431
v -0.03663363 -0.00343386 -0.01990277 0.43529412 0.89019608 0.96078431
v -0.03666152 -0.00254997 -0.01992783 0.43529412 0.89019608 0.96078431
v -0.03668543 -0.00166214 -0.01995110 0.43529412 0.89019608 0.96078431
v -0.03727515 -0.00166214 -0.01950717 0.43529412 0.89019608 0.96078431
v -0.03728312 -0.00077431 -0.01952686 0.43529412 0.89019608 0.96078431
v -0.03728312 -0.00029685 -0.01952686 0.43529412 0.89019608 0.96078431
v 0.00053466 -0.03786203 -0.01970945 0.43529412 0.89019608 0.96078431
v -0.00452577 -0.03695052 -0.02024646 0.43529412 0.89019608 0.96078431
v -0.00541434 -0.03624025 -0.02054808 0.43529412 0.89019608 0.96078431
v -0.00718748 -0.03535637 -0.02072172 0.43529412 0.89019608 0.96078431
v -0.03813582 -0.00029685 -0.01868465 0.43529412 0.89019608 0.96078431
v -0.03794855 -0.00029685 -0.01889050 0.43529412 0.89019608 0.96078431
v -0.03772940 -0.00077431 -0.01913037 0.43529412 0.89019608 0.96078431
v -0.03771744 -0.00166214 -0.01912321 0.43529412 0.89019608 0.96078431
v -0.03815575 -0.00254997 -0.01865601 0.43529412 0.89019608 0.96078431
v -0.03811192 -0.00343386 -0.01862289 0.43529412 0.89019608 0.96078431
v -0.03788479 -0.00698124 -0.01841435 0.43529412 0.89019608 0.96078431
v -0.03585265 -0.01230429 -0.01904713 0.43529412 0.89019608 0.96078431
v -0.03569725 -0.01318818 -0.01891198 0.43529412 0.89019608 0.96078431
v -0.03515933 -0.01373666 -0.01921361 0.43529412 0.89019608 0.96078431
v -0.03503980 -0.01432855 -0.01910710 0.43529412 0.89019608 0.96078431
v -0.03490432 -0.01496384 -0.01898895 0.43529412 0.89019608 0.96078431
v -0.03522707 -0.01567016 -0.01840451 0.43529412 0.89019608 0.96078431
v -0.03742657 -0.00698124 -0.01885828 0.43529412 0.89019608 0.96078431
v -0.03698428 -0.00698124 -0.01926015 0.43529412 0.89019608 0.96078431
v -0.03692849 -0.00761259 -0.01920913 0.43529412 0.89019608 0.96078431
v -0.03636666 -0.00875691 -0.01947853 0.43529412 0.89019608 0.96078431
v -0.03625509 -0.00964080 -0.01939798 0.43529412 0.89019608 0.96078431
v -0.03612759 -0.01052863 -0.01929595 0.43529412 0.89019608 0.96078431
v -0.03561756 -0.01141252 -0.01948032 0.43529412 0.89019608 0.96078431
v -0.03540638 -0.01230429 -0.01942125 0.43529412 0.89019608 0.96078431
v -0.03595227 -0.01170451 -0.01913305 0.43529412 0.89019608 0.96078431
v -0.03481666 -0.01844415 -0.01690445 0.43529412 0.89019608 0.96078431
v -0.03437437 -0.01917414 -0.01696084 0.43529412 0.89019608 0.96078431
v -0.03496010 -0.01866907 -0.01607476 0.43529412 0.89019608 0.96078431
v -0.03454969 -0.01673556 -0.01860499 0.43529412 0.89019608 0.96078431
v -0.03433851 -0.01762340 -0.01840540 0.43529412 0.89019608 0.96078431
v -0.03423092 -0.01806534 -0.01829084 0.43529412 0.89019608 0.96078431
v -0.03478877 -0.01758394 -0.01779589 0.43529412 0.89019608 0.96078431
v -0.03436640 -0.01842047 -0.01779410 0.43529412 0.89019608 0.96078431
v -0.03426678 -0.01900841 -0.01746294 0.43529412 0.89019608 0.96078431
v -0.03506370 -0.01886242 -0.01518780 0.43529412 0.89019608 0.96078431
v -0.03447796 -0.01945036 -0.01605865 0.43529412 0.89019608 0.96078431
v -0.03233027 -0.02317136 -0.01518780 0.43529412 0.89019608 0.96078431
v -0.03240598 -0.02330158 -0.01451116 0.43529412 0.89019608 0.96078431
v -0.03214698 -0.02375141 -0.01424981 0.43529412 0.89019608 0.96078431
v -0.03219479 -0.02392109 -0.01341476 0.43529412 0.89019608 0.96078431
v -0.03227449 -0.02403946 -0.01252779 0.43529412 0.89019608 0.96078431
v -0.03233426 -0.02412233 -0.01176613 0.43529412 0.89019608 0.96078431
v -0.01250692 -0.03508805 -0.02017844 0.43529412 0.89019608 0.96078431
v -0.01161835 -0.03523799 -0.02025720 0.43529412 0.89019608 0.96078431
v -0.00984521 -0.03535637 -0.02048006 0.43529412 0.89019608 0.96078431
v -0.00896063 -0.03535637 -0.02058478 0.43529412 0.89019608 0.96078431
v -0.00629892 -0.03624025 -0.02047022 0.43529412 0.89019608 0.96078431
v -0.01310461 -0.03497756 -0.02011042 0.43529412 0.89019608 0.96078431
v -0.01602133 -0.03449616 -0.01945884 0.43529412 0.89019608 0.96078431
v -0.01605320 -0.03386876 -0.01994573 0.43529412 0.89019608 0.96078431
v -0.01553521 -0.03398713 -0.02003971 0.43529412 0.89019608 0.96078431
v -0.02867241 -0.02849836 -0.01176613 0.43529412 0.89019608 0.96078431
v -0.02531340 -0.03131574 -0.01252779 0.43529412 0.89019608 0.96078431
v -0.02817434 -0.02795776 -0.01607476 0.43529412 0.89019608 0.96078431
v -0.02807074 -0.02786306 -0.01661625 0.43529412 0.89019608 0.96078431
v -0.02874015 -0.02843522 -0.01176613 0.43529412 0.89019608 0.96078431
v -0.02906689 -0.02799328 -0.01252779 0.43529412 0.89019608 0.96078431
v -0.02897923 -0.02789858 -0.01341476 0.43529412 0.89019608 0.96078431
v -0.02891946 -0.02783149 -0.01391150 0.43529412 0.89019608 0.96078431
v -0.02884773 -0.02774469 -0.01450221 0.43529412 0.89019608 0.96078431
v -0.02876007 -0.02763420 -0.01518780 0.43529412 0.89019608 0.96078431
v -0.02279912 -0.03143018 -0.01836423 0.43529412 0.89019608 0.96078431
v -0.02016531 -0.03323741 -0.01839824 0.43529412 0.89019608 0.96078431
v -0.01975091 -0.03293357 -0.01898985 0.43529412 0.89019608 0.96078431
v -0.01782635 -0.03296119 -0.01994126 0.43529412 0.89019608 0.96078431
v -0.01733624 -0.03311114 -0.02004687 0.43529412 0.89019608 0.96078431
v -0.01871890 -0.03266130 -0.01976404 0.43529412 0.89019608 0.96078431
v -0.01700154 -0.03356887 -0.01982312 0.43529412 0.89019608 0.96078431
v -0.01694177 -0.03421205 -0.01933264 0.43529412 0.89019608 0.96078431
v -0.01951183 -0.03266130 -0.01936755 0.43529412 0.89019608 0.96078431
v -0.02007366 -0.03139072 -0.02007999 0.43529412 0.89019608 0.96078431
v -0.01959949 -0.03198260 -0.01985802 0.43529412 0.89019608 0.96078431
v -0.02177110 -0.03133547 -0.01915185 0.43529412 0.89019608 0.96078431
v -0.02016531 -0.03234168 -0.01925657 0.43529412 0.89019608 0.96078431
v -0.01901774 -0.03216412 -0.02000570 0.43529412 0.89019608 0.96078431
v -0.02471173 -0.03070807 -0.01696084 0.43529412 0.89019608 0.96078431
v -0.02419771 -0.03115001 -0.01696084 0.43529412 0.89019608 0.96078431
v -0.02456430 -0.03056207 -0.01752918 0.43529412 0.89019608 0.96078431
v -0.02397856 -0.03088958 -0.01778157 0.43529412 0.89019608 0.96078431
v -0.02434116 -0.03035688 -0.01812078 0.43529412 0.89019608 0.96078431
v -0.02375144 -0.03062521 -0.01843852 0.43529412 0.89019608 0.96078431
v -0.00984521 -0.03446854 -0.02074499 0.43529412 0.89019608 0.96078431
v -0.01339548 -0.03358070 -0.02065638 0.43529412 0.89019608 0.96078431
v -0.01073377 -0.03446854 -0.02066981 0.43529412 0.89019608 0.96078431
v -0.01516862 -0.03269682 -0.02067070 0.43529412 0.89019608 0.96078431
v -0.01605320 -0.03180899 -0.02075036 0.43529412 0.89019608 0.96078431
v -0.01782635 -0.03092115 -0.02073156 0.43529412 0.89019608 0.96078431
v -0.02137264 -0.02914943 -0.02059641 0.43529412 0.89019608 0.96078431
v -0.01959949 -0.03003332 -0.02068860 0.43529412 0.89019608 0.96078431
v -0.02403036 -0.02804852 -0.02018023 0.43529412 0.89019608 0.96078431
v -0.02484720 -0.02731852 -0.02018112 0.43529412 0.89019608 0.96078431
v -0.02230503 -0.02920468 -0.02031269 0.43529412 0.89019608 0.96078431
v -0.02322547 -0.02834052 -0.02034133 0.43529412 0.89019608 0.96078431
v -0.02542098 -0.02698312 -0.02009520 0.43529412 0.89019608 0.96078431
v -0.02632549 -0.02611897 -0.02010415 0.43529412 0.89019608 0.96078431
v -0.02717421 -0.02520746 -0.02008804 0.43529412 0.89019608 0.96078431
v -0.02799902 -0.02424465 -0.02005224 0.43529412 0.89019608 0.96078431
v -0.02881984 -0.02327396 -0.02000749 0.43529412 0.89019608 0.96078431
v -0.02963270 -0.02225985 -0.01994484 0.43529412 0.89019608 0.96078431
v -0.03023039 -0.02204283 -0.01961458 0.43529412 0.89019608 0.96078431
v -0.03044157 -0.02116683 -0.01989561 0.43529412 0.89019608 0.96078431
v -0.03061689 -0.02061835 -0.02002718 0.43529412 0.89019608 0.96078431
v -0.03230636 -0.01780491 -0.01997258 0.43529412 0.89019608 0.96078431
v -0.03247371 -0.01721302 -0.02007462 0.43529412 0.89019608 0.96078431
v -0.03142975 -0.01939906 -0.01997706 0.43529412 0.89019608 0.96078431
v -0.03272873 -0.01851123 -0.01938992 0.43529412 0.89019608 0.96078431
v -0.03346986 -0.01742215 -0.01927894 0.43529412 0.89019608 0.96078431
v -0.03289210 -0.01761156 -0.01962621 0.43529412 0.89019608 0.96078431
v -0.03334634 -0.01541368 -0.02006567 0.43529412 0.89019608 0.96078431
v -0.03461743 -0.01320791 -0.01978910 0.43529412 0.89019608 0.96078431
v -0.03482463 -0.01230429 -0.01986429 0.43529412 0.89019608 0.96078431
v -0.03407154 -0.01407601 -0.01996542 0.43529412 0.89019608 0.96078431
v -0.03496010 -0.01141646 -0.01996990 0.43529412 0.89019608 0.96078431
v -0.03564545 -0.00964080 -0.01984102 0.43529412 0.89019608 0.96078431
v -0.03576101 -0.00875691 -0.01992157 0.43529412 0.89019608 0.96078431
v -0.03587258 -0.00786908 -0.01999138 0.43529412 0.89019608 0.96078431
v -0.03652206 -0.00789275 -0.01949285 0.43529412 0.89019608 0.96078431
v -0.03635869 -0.00691416 -0.01976046 0.43529412 0.89019608 0.96078431
v -0.03648620 -0.00609341 -0.01977210 0.43529412 0.89019608 0.96078431
v -0.03654597 -0.00520953 -0.01983207 0.43529412 0.89019608 0.96078431
v -0.03716757 -0.00432169 -0.01943110 0.43529412 0.89019608 0.96078431
v -0.03721140 -0.00343386 -0.01945884 0.43529412 0.89019608 0.96078431
v -0.03724327 -0.00254997 -0.01948390 0.43529412 0.89019608 0.96078431
v -0.03752220 -0.00029685 -0.01931206 0.43529412 0.89019608 0.96078431
v -0.00807206 -0.03535637 -0.02066175 0.43529412 0.89019608 0.96078431
v -0.03772541 -0.00029685 -0.01912858 0.43529412 0.89019608 0.96078431
v -0.03768556 -0.00254997 -0.01909904 0.43529412 0.89019608 0.96078431
v -0.03765369 -0.00343386 -0.01906593 0.43529412 0.89019608 0.96078431
v -0.03760986 -0.00432169 -0.01902028 0.43529412 0.89019608 0.96078431
v -0.03755806 -0.00520953 -0.01896658 0.43529412 0.89019608 0.96078431
v -0.03749829 -0.00609341 -0.01891288 0.43529412 0.89019608 0.96078431
v -0.03525496 -0.01318818 -0.01929684 0.43529412 0.89019608 0.96078431
v -0.03471306 -0.01404839 -0.01947495 0.43529412 0.89019608 0.96078431
v -0.03446203 -0.01496384 -0.01938187 0.43529412 0.89019608 0.96078431
v -0.03432257 -0.01562281 -0.01926015 0.43529412 0.89019608 0.96078431
v -0.03471306 -0.01594243 -0.01877594 0.43529412 0.89019608 0.96078431
v -0.03419506 -0.01621470 -0.01914737 0.43529412 0.89019608 0.96078431
v -0.03705600 -0.00609341 -0.01932906 0.43529412 0.89019608 0.96078431
v -0.03548209 -0.01048522 -0.01978463 0.43529412 0.89019608 0.96078431
v -0.03418709 -0.01978181 -0.01634238 0.43529412 0.89019608 0.96078431
v -0.03188798 -0.02299774 -0.01700022 0.43529412 0.89019608 0.96078431
v -0.03166484 -0.02349887 -0.01673082 0.43529412 0.89019608 0.96078431
v -0.03225456 -0.02290698 -0.01610967 0.43529412 0.89019608 0.96078431
v -0.03407552 -0.01673556 -0.01904803 0.43529412 0.89019608 0.96078431
v -0.03377269 -0.01768258 -0.01890035 0.43529412 0.89019608 0.96078431
v -0.03291600 -0.01942668 -0.01875714 0.43529412 0.89019608 0.96078431
v -0.03345791 -0.01914652 -0.01840540 0.43529412 0.89019608 0.96078431
v -0.03327860 -0.01973841 -0.01820492 0.43529412 0.89019608 0.96078431
v -0.03405162 -0.01865723 -0.01805366 0.43529412 0.89019608 0.96078431
v -0.03331446 -0.01801404 -0.01915364 0.43529412 0.89019608 0.96078431
v -0.03317102 -0.01851123 -0.01902386 0.43529412 0.89019608 0.96078431
v -0.03237410 -0.01970684 -0.01910799 0.43529412 0.89019608 0.96078431
v -0.03153733 -0.02244926 -0.01825235 0.43529412 0.89019608 0.96078431
v -0.03172860 -0.02274126 -0.01766164 0.43529412 0.89019608 0.96078431
v -0.03152538 -0.02333314 -0.01732242 0.43529412 0.89019608 0.96078431
v -0.03177641 -0.02364487 -0.01607476 0.43529412 0.89019608 0.96078431
v -0.03184017 -0.02387768 -0.01516453 0.43529412 0.89019608 0.96078431
v -0.03159710 -0.02429989 -0.01485306 0.43529412 0.89019608 0.96078431
v -0.03166086 -0.02436697 -0.01430083 0.43529412 0.89019608 0.96078431
v -0.02911869 -0.02805641 -0.01176613 0.43529412 0.89019608 0.96078431
v -0.01339946 -0.03451589 -0.02028674 0.43529412 0.89019608 0.96078431
v -0.01250692 -0.03446854 -0.02047559 0.43529412 0.89019608 0.96078431
v -0.01161835 -0.03446854 -0.02058388 0.43529412 0.89019608 0.96078431
v -0.01494549 -0.03412130 -0.02013011 0.43529412 0.89019608 0.96078431
v -0.01428006 -0.03426729 -0.02021693 0.43529412 0.89019608 0.96078431
v -0.01674652 -0.03326108 -0.02014353 0.43529412 0.89019608 0.96078431
v -0.02862061 -0.02746847 -0.01607476 0.43529412 0.89019608 0.96078431
v -0.02891149 -0.02693182 -0.01652049 0.43529412 0.89019608 0.96078431
v -0.02841740 -0.02731852 -0.01686417 0.43529412 0.89019608 0.96078431
v -0.02791932 -0.02770523 -0.01720786 0.43529412 0.89019608 0.96078431
v -0.03151741 -0.02420914 -0.01544467 0.43529412 0.89019608 0.96078431
v -0.02308601 -0.03087380 -0.01869718 0.43529412 0.89019608 0.96078431
v -0.02225722 -0.03116185 -0.01899164 0.43529412 0.89019608 0.96078431
v -0.01842404 -0.03234168 -0.02012205 0.43529412 0.89019608 0.96078431
v -0.01782635 -0.03251925 -0.02021066 0.43529412 0.89019608 0.96078431
v -0.02041633 -0.03176163 -0.01958862 0.43529412 0.89019608 0.96078431
v -0.01959949 -0.03153671 -0.02016591 0.43529412 0.89019608 0.96078431
v -0.02066736 -0.03116975 -0.01992157 0.43529412 0.89019608 0.96078431
v -0.02165554 -0.03035688 -0.01998243 0.43529412 0.89019608 0.96078431
v -0.02106184 -0.03057785 -0.02012295 0.43529412 0.89019608 0.96078431
v -0.02041633 -0.03089353 -0.02020171 0.43529412 0.89019608 0.96078431
v -0.02277521 -0.03053445 -0.01922166 0.43529412 0.89019608 0.96078431
v -0.02118138 -0.03154066 -0.01932996 0.43529412 0.89019608 0.96078431
v -0.02732961 -0.02799722 -0.01766253 0.43529412 0.89019608 0.96078431
v -0.02710248 -0.02778809 -0.01825325 0.43529412 0.89019608 0.96078431
v -0.02651276 -0.02805247 -0.01851101 0.43529412 0.89019608 0.96078431
v -0.02430530 -0.02944538 -0.01905250 0.43529412 0.89019608 0.96078431
v -0.02336892 -0.03029770 -0.01902923 0.43529412 0.89019608 0.96078431
v -0.01428006 -0.03358070 -0.02053018 0.43529412 0.89019608 0.96078431
v -0.01605320 -0.03269682 -0.02053824 0.43529412 0.89019608 0.96078431
v -0.01694177 -0.03180899 -0.02065817 0.43529412 0.89019608 0.96078431
v -0.01871491 -0.03092115 -0.02062685 0.43529412 0.89019608 0.96078431
v -0.02048407 -0.03003332 -0.02052839 0.43529412 0.89019608 0.96078431
v -0.02450054 -0.02784333 -0.02007909 0.43529412 0.89019608 0.96078431
v -0.02298241 -0.02894424 -0.02018381 0.43529412 0.89019608 0.96078431
v -0.02357213 -0.02869171 -0.02005672 0.43529412 0.89019608 0.96078431
v -0.02136467 -0.03004910 -0.02026615 0.43529412 0.89019608 0.96078431
v -0.02204205 -0.02976500 -0.02015964 0.43529412 0.89019608 0.96078431
v -0.02601070 -0.02671085 -0.01991799 0.43529412 0.89019608 0.96078431
v -0.02668410 -0.02647804 -0.01961905 0.43529412 0.89019608 0.96078431
v -0.02691521 -0.02579935 -0.01991172 0.43529412 0.89019608 0.96078431
v -0.02845724 -0.02468659 -0.01945526 0.43529412 0.89019608 0.96078431
v -0.02781174 -0.02471422 -0.01991530 0.43529412 0.89019608 0.96078431
v -0.02850108 -0.02390136 -0.01988756 0.43529412 0.89019608 0.96078431
v -0.02934182 -0.02296223 -0.01979358 0.43529412 0.89019608 0.96078431
v -0.02982396 -0.02341601 -0.01919839 0.43529412 0.89019608 0.96078431
v -0.02999530 -0.02293855 -0.01932548 0.43529412 0.89019608 0.96078431
v -0.03062486 -0.02241375 -0.01913126 0.43529412 0.89019608 0.96078431
v -0.03082011 -0.02182186 -0.01928521 0.43529412 0.89019608 0.96078431
v -0.03111895 -0.02111159 -0.01941409 0.43529412 0.89019608 0.96078431
v -0.03110302 -0.02031057 -0.01981148 0.43529412 0.89019608 0.96078431
v -0.03302757 -0.01673556 -0.01984997 0.43529412 0.89019608 0.96078431
v -0.03205135 -0.01940301 -0.01950986 0.43529412 0.89019608 0.96078431
v -0.03254942 -0.01911495 -0.01925746 0.43529412 0.89019608 0.96078431
v -0.03363323 -0.01673556 -0.01940604 0.43529412 0.89019608 0.96078431
v -0.03388426 -0.01496384 -0.01982580 0.43529412 0.89019608 0.96078431
v -0.03711577 -0.00520953 -0.01938813 0.43529412 0.89019608 0.96078431
v -0.03069659 -0.02428411 -0.01742177 0.43529412 0.89019608 0.96078431
v -0.03140983 -0.02136807 -0.01903997 0.43529412 0.89019608 0.96078431
v -0.03171664 -0.02185737 -0.01844926 0.43529412 0.89019608 0.96078431
v -0.03175649 -0.02028295 -0.01933354 0.43529412 0.89019608 0.96078431
v -0.03160508 -0.02077619 -0.01920555 0.43529412 0.89019608 0.96078431
v -0.03117872 -0.02213753 -0.01879026 0.43529412 0.89019608 0.96078431
v -0.02958488 -0.02400790 -0.01897105 0.43529412 0.89019608 0.96078431
v -0.02905493 -0.02533373 -0.01844210 0.43529412 0.89019608 0.96078431
v -0.02881187 -0.02592562 -0.01815032 0.43529412 0.89019608 0.96078431
v -0.02964465 -0.02496281 -0.01807872 0.43529412 0.89019608 0.96078431
v -0.03135803 -0.02299774 -0.01791314 0.43529412 0.89019608 0.96078431
v -0.01521246 -0.03364778 -0.02030643 0.43529412 0.89019608 0.96078431
v -0.01605320 -0.03342681 -0.02023125 0.43529412 0.89019608 0.96078431
v -0.01700154 -0.03276784 -0.02030732 0.43529412 0.89019608 0.96078431
v -0.02817035 -0.02711334 -0.01762226 0.43529412 0.89019608 0.96078431
v -0.02764837 -0.02744874 -0.01793820 0.43529412 0.89019608 0.96078431
v -0.01871890 -0.03184450 -0.02027868 0.43529412 0.89019608 0.96078431
v -0.01959949 -0.03092115 -0.02043621 0.43529412 0.89019608 0.96078431
v -0.02225722 -0.03071991 -0.01937113 0.43529412 0.89019608 0.96078431
v -0.02230503 -0.03004910 -0.01984460 0.43529412 0.89019608 0.96078431
v -0.02263575 -0.02953613 -0.02003076 0.43529412 0.89019608 0.96078431
v -0.02371558 -0.02970581 -0.01925836 0.43529412 0.89019608 0.96078431
v -0.02310195 -0.03001359 -0.01940962 0.43529412 0.89019608 0.96078431
v -0.02796315 -0.02686474 -0.01821387 0.43529412 0.89019608 0.96078431
v -0.02737343 -0.02719620 -0.01851549 0.43529412 0.89019608 0.96078431
v -0.02704271 -0.02683318 -0.01910620 0.43529412 0.89019608 0.96078431
v -0.02677575 -0.02745663 -0.01880906 0.43529412 0.89019608 0.96078431
v -0.02614220 -0.02772101 -0.01910262 0.43529412 0.89019608 0.96078431
v -0.02522574 -0.02858122 -0.01907846 0.43529412 0.89019608 0.96078431
v -0.02463602 -0.02885349 -0.01928342 0.43529412 0.89019608 0.96078431
v -0.01782635 -0.03180899 -0.02051049 0.43529412 0.89019608 0.96078431
v -0.02509425 -0.02757501 -0.01989651 0.43529412 0.89019608 0.96078431
v -0.02403036 -0.02849046 -0.01991620 0.43529412 0.89019608 0.96078431
v -0.02401841 -0.02914943 -0.01946153 0.43529412 0.89019608 0.96078431
v -0.02322547 -0.02920468 -0.01991083 0.43529412 0.89019608 0.96078431
v -0.02644901 -0.02712912 -0.01932727 0.43529412 0.89019608 0.96078431
v -0.02554849 -0.02798933 -0.01930579 0.43529412 0.89019608 0.96078431
v -0.02730570 -0.02624129 -0.01932101 0.43529412 0.89019608 0.96078431
v -0.02753680 -0.02555470 -0.01959936 0.43529412 0.89019608 0.96078431
v -0.02815441 -0.02531005 -0.01928700 0.43529412 0.89019608 0.96078431
v -0.02899118 -0.02437487 -0.01924762 0.43529412 0.89019608 0.96078431
v -0.02931393 -0.02375930 -0.01937560 0.43529412 0.89019608 0.96078431
v -0.02874414 -0.02496281 -0.01903371 0.43529412 0.89019608 0.96078431
v -0.02821817 -0.02627286 -0.01848416 0.43529412 0.89019608 0.96078431
v -0.02763642 -0.02655302 -0.01879563 0.43529412 0.89019608 0.96078431
v -0.02789940 -0.02590194 -0.01907488 0.43529412 0.89019608 0.96078431
f 1688 1689 1693
f 1688 1693 1698
f 1688 1698 1702
f 1688 1702 1708
f 1688 1708 1724
f 1688 1724 1735
f 1688 1735 1753
f 1688 1753 1785
f 1688 1785 1837
f 1688 1837 1908
f 1688 1908 2000
f 1688 2000 2107
f 1688 2107 2229
f 1688 2229 2354
f 1688 2354 2356
f 1688 2356 2235
f 1688 2235 2234
f 1688 2234 2114
f 1688 2114 2006
f 1688 2006 1916
f 1688 1916 1845
f 1688 1845 1792
f 1688 1792 1757
f 1688 1757 1738
f 1688 1738 1726
f 1688 1726 1713
f 1688 1713 1704
f 1688 1704 1700
f 1688 1700 1695
f 1688 1695 1690
f 1688 1690 1691
f 1688 1691 1696
f 1688 1696 1701
f 1688 1701 1705
f 1688 1705 1715
f 1688 1715 1730
f 1688 1730 1744
f 1688 1744 1743
f 1688 1743 1767
f 1688 1767 1766
f 1688 1766 1808
f 1688 1808 1862
f 1688 1862 1943
f 1688 1943 1942
f 1688 1942 1941
f 1688 1941 1940
f 1688 1940 2038
f 1688 2038 2146
f 1688 2146 2230
f 1688 2230 2108
f 1688 2108 2001
f 1688 2001 1909
f 1688 1909 1838
f 1688 1838 1786
f 1688 1786 1755
f 1688 1755 1754
f 1688 1754 1736
f 1688 1736 1725
f 1688 1725 1712
f 1688 1712 1711
f 1688 1711 1710
f 1688 1710 1709
f 1688 1709 1703
f 1688 1703 1699
f 1688 1699 1697
f 1688 1697 1692
f 1688 1692 1689
f 1689 1692 1693
f 1690 1694 1691
f 1690 1695 1694
f 1691 1694 1696
f 1692 1697 1693
f 1693 1697 1699
f 1693 1699 1698
f 1694 1695 1700
f 1694 1700 1696
f 1696 1700 1704
f 1696 1704 1714
f 1696 1714 1728
f 1696 1728 1739
f 1696 1739 1759
f 1696 1759 1793
f 1696 1793 1801
f 1696 1801 1855
f 1696 1855 1930
f 1696 1930 2024
f 1696 2024 2030
f 1696 2030 2029
f 1696 2029 2143
f 1696 2143 2272
f 1696 2272 2390
f 1696 2390 2286
f 1696 2286 2282
f 1696 2282 2167
f 1696 2167 2166
f 1696 2166 2165
f 1696 2165 2052
f 1696 2052 1956
f 1696 1956 1877
f 1696 1877 1811
f 1696 1811 1876
f 1696 1876 1875
f 1696 1875 1809
f 1696 1809 1768
f 1696 1768 1745
f 1696 1745 1731
f 1696 1731 1719
f 1696 1719 1718
f 1696 1718 1717
f 1696 1717 1706
f 1696 1706 1701
f 1698 1699 1703
f 1698 1703 1702
f 1701 1706 1707
f 1701 1707 1705
f 1702 1703 1709
f 1702 1709 1710
f 1702 1710 1711
f 1702 1711 1712
f 1702 1712 1708
f 1704 1713 1714
f 1705 1707 1716
f 1705 1716 1715
f 1706 1717 1707
f 1707 1717 1718
f 1707 1718 1719
f 1707 1719 1720
f 1707 1720 1721
f 1707 1721 1722
f 1707 1722 1723
f 1707 1723 1716
f 1708 1712 1725
f 1708 1725 1724
f 1713 1726 1714
f 1714 1727 1728
f 1714 1726 1727
f 1715 1716 1729
f 1715 1729 1730
f 1716 1723 1729
f 1719 1731 1720
f 1720 1731 1732
f 1720 1732 1733
f 1720 1733 1721
f 1721 1733 1722
f 1722 1734 1729
f 1722 1729 1723
f 1722 1733 1734
f 1724 1725 1736
f 1724 1736 1735
f 1726 1737 1727
f 1726 1738 1737
f 1727 1737 1728
f 1728 1737 1740
f 1728 1740 1739
f 1729 1734 1741
f 1729 1741 1742
f 1729 1742 1743
f 1729 1743 1744
f 1729 1744 1730
f 1731 1745 1746
f 1731 1746 1732
f 1732 1746 1747
f 1732 1747 1733
f 1733 1747 1748
f 1733 1748 1749
f 1733 1749 1734
f 1734 1750 1741
f 1734 1749 1750
f 1735 1751 1752
f 1735 1752 1753
f 1735 1736 1754
f 1735 1754 1755
f 1735 1755 1751
f 1737 1738 1756
f 1737 1756 1740
f 1738 1757 1756
f 1739 1758 1759
f 1739 1740 1760
f 1739 1760 1761
f 1739 1761 1762
f 1739 1762 1758
f 1740 1756 1763
f 1740 1763 1760
f 1741 1764 1742
f 1741 1750 1765
f 1741 1765 1764
f 1742 1764 1766
f 1742 1766 1767
f 1742 1767 1743
f 1745 1768 1746
f 1746 1768 1769
f 1746 1769 1747
f 1747 1769 1770
f 1747 1770 1771
f 1747 1771 1748
f 1748 1772 1749
f 1748 1771 1773
f 1748 1773 1774
f 1748 1774 1772
f 1749 1772 1775
f 1749 1775 1776
f 1749 1776 1750
f 1750 1777 1765
f 1750 1776 1777
f 1751 1778 1779
f 1751 1779 1752
f 1751 1755 1778
f 1752 1779 1780
f 1752 1780 1781
f 1752 1781 1782
f 1752 1782 1783
f 1752 1783 1784
f 1752 1784 1753
f 1753 1784 1785
f 1755 1786 1787
f 1755 1787 1788
f 1755 1788 1778
f 1756 1789 1790
f 1756 1790 1791
f 1756 1791 1763
f 1756 1757 1789
f 1757 1790 1789
f 1757 1792 1790
f 1758 1762 1759
f 1759 1762 1793
f 1760 1763 1794
f 1760 1794 1761
f 1761 1795 1796
f 1761 1796 1797
f 1761 1797 1798
f 1761 1798 1762
f 1761 1794 1799
f 1761 1799 1795
f 1762 1798 1800
f 1762 1800 1801
f 1762 1801 1793
f 1763 1791 1794
f 1764 1802 1803
f 1764 1803 1766
f 1764 1765 1802
f 1765 1804 1805
f 1765 1805 1802
f 1765 1777 1806
f 1765 1806 1807
f 1765 1807 1804
f 1766 1803 1808
f 1768 1809 1810
f 1768 1810 1770
f 1768 1770 1769
f 1770 1810 1811
f 1770 1811 1812
f 1770 1812 1813
f 1770 1813 1814
f 1770 1814 1771
f 1771 1814 1815
f 1771 1815 1816
f 1771 1816 1773
f 1772 1817 1775
f 1772 1774 1817
f 1773 1816 1818
f 1773 1818 1774
f 1774 1818 1819
f 1774 1819 1820
f 1774 1820 1817
f 1775 1806 1776
f 1775 1817 1821
f 1775 1821 1806
f 1776 1806 1777
f 1778 1822 1823
f 1778 1823 1824
f 1778 1824 1779
f 1778 1788 1825
f 1778 1825 1826
f 1778 1826 1822
f 1779 1824 1827
f 1779 1827 1780
f 1780 1827 1828
f 1780 1828 1829
f 1780 1829 1830
f 1780 1830 1831
f 1780 1831 1781
f 1781 1831 1832
f 1781 1832 1833
f 1781 1833 1782
f 1782 1833 1904
f 1782 1904 1834
f 1782 1834 1835
f 1782 1835 1836
f 1782 1836 1783
f 1783 1836 1784
f 1784 1836 1785
f 1785 1836 1837
f 1786 1838 1839
f 1786 1839 1787
f 1787 1839 1840
f 1787 1840 1841
f 1787 1841 1825
f 1787 1825 1788
f 1790 1842 1843
f 1790 1843 1844
f 1790 1844 1791
f 1790 1792 1845
f 1790 1845 1842
f 1791 1844 1846
f 1791 1846 1799
f 1791 1799 1794
f 1795 1847 1848
f 1795 1848 1849
f 1795 1849 1796
f 1795 1799 1846
f 1795 1846 1850
f 1795 1850 1847
f 1796 1849 1851
f 1796 1851 1852
f 1796 1852 1853
f 1796 1853 1797
f 1797 1853 1798
f 1798 1853 1854
f 1798 1854 1800
f 1800 1854 1801
f 1801 1854 1856
f 1801 1856 1855
f 1802 1805 1857
f 1802 1857 1858
f 1802 1858 1859
f 1802 1859 1860
f 1802 1860 1861
f 1802 1861 1803
f 1803 1861 1862
f 1803 1862 1808
f 1804 1863 1864
f 1804 1864 1805
f 1804 1807 1865
f 1804 1865 1866
f 1804 1866 1867
f 1804 1867 1863
f 1805 1864 1857
f 1806 1821 1868
f 1806 1868 1869
f 1806 1869 1870
f 1806 1870 1871
f 1806 1871 1872
f 1806 1872 1873
f 1806 1873 1807
f 1807 1873 1874
f 1807 1874 1865
f 1809 1875 1810
f 1810 1875 1876
f 1810 1876 1811
f 1811 1877 1878
f 1811 1878 1879
f 1811 1879 1812
f 1812 1879 1813
f 1813 1880 1814
f 1813 1879 1880
f 1814 1880 1815
f 1815 1880 1881
f 1815 1881 1882
f 1815 1882 1818
f 1815 1818 1816
f 1817 1820 1821
f 1818 1882 1819
f 1819 1882 1883
f 1819 1883 1884
f 1819 1884 1885
f 1819 1885 1868
f 1819 1868 1820
f 1820 1868 1821
f 1822 1826 1886
f 1822 1886 1823
f 1823 1886 1887
f 1823 1887 1888
f 1823 1888 1889
f 1823 1889 1824
f 1824 1890 1891
f 1824 1891 1827
f 1824 1889 1892
f 1824 1892 1890
f 1825 1841 1893
f 1825 1893 1894
f 1825 1894 1895
f 1825 1895 1886
f 1825 1886 1826
f 1827 1891 1896
f 1827 1896 1828
f 1828 1896 1897
f 1828 1897 1898
f 1828 1898 1829
f 1829 1898 1899
f 1829 1899 1900
f 1829 1900 1830
f 1830 1900 1831
f 1831 1900 1901
f 1831 1901 1902
f 1831 1902 1903
f 1831 1903 1833
f 1831 1833 1832
f 1833 1903 1904
f 1834 1904 1905
f 1834 1905 1906
f 1834 1906 1907
f 1834 1907 1837
f 1834 1837 1835
f 1835 1837 1836
f 1837 1907 1908
f 1838 1909 1839
f 1839 1909 1840
f 1840 1909 1910
f 1840 1910 1911
f 1840 1911 1912
f 1840 1912 1913
f 1840 1913 1894
f 1840 1894 1893
f 1840 1893 1841
f 1842 1850 1846
f 1842 1846 1843
f 1842 1845 1914
f 1842 1914 1915
f 1842 1915 1850
f 1843 1846 1844
f 1845 1916 1914
f 1847 1915 1917
f 1847 1917 1848
f 1847 1850 1915
f 1848 1917 1918
f 1848 1918 1919
f 1848 1919 1920
f 1848 1920 1921
f 1848 1921 1922
f 1848 1922 1923
f 1848 1923 1924
f 1848 1924 1925
f 1848 1925 1849
f 1849 1925 1851
f 1851 1925 1926
f 1851 1926 1927
f 1851 1927 1928
f 1851 1928 1929
f 1851 1929 1853
f 1851 1853 1852
f 1853 1929 1928
f 1853 1928 1854
f 1854 1930 1856
f 1854 1928 1927
f 1854 1927 1931
f 1854 1931 1932
f 1854 1932 1933
f 1854 1933 1930
f 1855 1856 1930
f 1857 1864 1863
f 1857 1863 1934
f 1857 1934 1858
f 1858 1935 1936
f 1858 1936 1859
f 1858 1934 1935
f 1859 1936 1937
f 1859 1937 1938
f 1859 1938 1860
f 1860 1938 1939
f 1860 1939 1940
f 1860 1940 1941
f 1860 1941 1942
f 1860 1942 1861
f 1861 1942 1943
f 1861 1943 1862
f 1863 1867 1944
f 1863 1944 1945
f 1863 1945 1946
f 1863 1946 1934
f 1865 1874 1947
f 1865 1947 1948
f 1865 1948 1949
f 1865 1949 1866
f 1866 1949 1944
f 1866 1944 1867
f 1868 1885 1869
f 1869 1885 1950
f 1869 1950 1951
f 1869 1951 1870
f 1870 1951 1871
f 1871 1951 1872
f 1872 1951 1874
f 1872 1874 1873
f 1874 1952 1947
f 1874 1951 1953
f 1874 1953 1954
f 1874 1954 1955
f 1874 1955 1952
f 1877 1956 1957
f 1877 1957 1878
f 1878 1957 1958
f 1878 1958 1959
f 1878 1959 1879
f 1879 1959 1958
f 1879 1958 1960
f 1879 1960 1961
f 1879 1961 1962
f 1879 1962 1880
f 1880 1962 1881
f 1881 1963 1882
f 1881 1962 1964
f 1881 1964 1965
f 1881 1965 1963
f 1882 1963 1883
f 1883 1963 1966
f 1883 1966 1884
f 1884 1967 1968
f 1884 1968 1969
f 1884 1969 1970
f 1884 1970 1885
f 1884 1966 1971
f 1884 1971 1972
f 1884 1972 1967
f 1885 1970 1973
f 1885 1973 1950
f 1886 1895 1974
f 1886 1974 1975
f 1886 1975 1976
f 1886 1976 1977
f 1886 1977 1978
f 1886 1978 1887
f 1887 1979 1888
f 1887 1978 1979
f 1888 1979 1980
f 1888 1980 1981
f 1888 1981 1982
f 1888 1982 1889
f 1889 1982 1983
f 1889 1983 1892
f 1890 1892 1983
f 1890 1983 1891
f 1891 1983 1984
f 1891 1984 1985
f 1891 1985 1896
f 1894 1986 1974
f 1894 1974 1895
f 1894 1913 1986
f 1896 1985 1987
f 1896 1987 1897
f 1897 1988 1898
f 1897 1987 1988
f 1898 1988 1989
f 1898 1989 1990
f 1898 1990 1899
f 1899 1990 1900
f 1900 1990 1991
f 1900 1991 1901
f 1901 1991 1992
f 1901 1992 1993
f 1901 1993 1902
f 1902 1993 1903
f 1903 1993 1904
f 1904 1994 1995
f 1904 1995 1996
f 1904 1996 1997
f 1904 1997 1905
f 1904 1993 1994
f 1905 1908 1906
f 1905 1997 1998
f 1905 1998 1999
f 1905 1999 2000
f 1905 2000 1908
f 1906 1908 1907
f 1909 2001 1910
f 1910 2002 1911
f 1910 2001 2002
f 1911 2002 1912
f 1912 2002 2003
f 1912 2003 2004
f 1912 2004 2005
f 1912 2005 1913
f 1913 2005 1986
f 1914 1916 2006
f 1914 2006 2007
f 1914 2007 2008
f 1914 2008 1915
f 1915 2008 2009
f 1915 2009 1918
f 1915 1918 2010
f 1915 2010 1917
f 1917 2010 1918
f 1918 2009 2011
f 1918 2011 1919
f 1919 2011 2012
f 1919 2012 2013
f 1919 2013 1921
f 1919 1921 1920
f 1921 2013 2012
f 1921 2012 1922
f 1922 2014 2015
f 1922 2015 1923
f 1922 2012 2016
f 1922 2016 2014
f 1923 2017 2018
f 1923 2018 1924
f 1923 2015 2019
f 1923 2019 2020
f 1923 2020 2021
f 1923 2021 2017
f 1924 2018 1925
f 1925 2018 1926
f 1926 2018 2022
f 1926 2022 2023
f 1926 2023 1927
f 1927 2023 1932
f 1927 1932 1931
f 1930 1933 2024
f 1932 2025 2026
f 1932 2026 2027
f 1932 2027 2028
f 1932 2028 1933
f 1932 2023 2025
f 1933 2028 2029
f 1933 2029 2030
f 1933 2030 2024
f 1934 1946 2031
f 1934 2031 1935
f 1935 2032 2033
f 1935 2033 1936
f 1935 2031 2032
f 1936 2033 2034
f 1936 2034 1937
f 1937 2034 1938
f 1938 2035 1939
f 1938 2034 2035
f 1939 2036 2037
f 1939 2037 1940
f 1939 2035 2036
f 1940 2037 2038
f 1944 1949 2039
f 1944 2039 2040
f 1944 2040 1945
f 1945 2040 2041
f 1945 2041 2042
f 1945 2042 1946
f 1946 2043 2044
f 1946 2044 2031
f 1946 2042 2043
f 1947 1952 2045
f 1947 2045 1948
f 1948 2045 2039
f 1948 2039 1949
f 1950 1973 1951
f 1951 1973 1953
f 1952 2046 2047
f 1952 2047 2045
f 1952 1955 2048
f 1952 2048 2049
f 1952 2049 2050
f 1952 2050 2046
f 1953 1973 2051
f 1953 2051 1954
f 1954 2051 1955
f 1955 2051 2048
f 1956 2052 1957
f 1957 2052 2053
f 1957 2053 1958
f 1958 2053 1960
f 1960 2053 1961
f 1961 2054 1962
f 1961 2053 2055
f 1961 2055 2056
f 1961 2056 2057
f 1961 2057 2054
f 1962 2054 1964
f 1963 1965 2058
f 1963 2058 1966
f 1964 2054 2059
f 1964 2059 1965
f 1965 2059 2060
f 1965 2060 2061
f 1965 2061 2058
f 1966 2058 1971
f 1967 1972 1971
f 1967 1971 1968
f 1968 1971 2062
f 1968 2062 2063
f 1968 2063 1969
f 1969 2063 2064
f 1969 2064 2065
f 1969 2065 2066
f 1969 2066 2067
f 1969 2067 2068
f 1969 2068 1970
f 1970 2068 1973
f 1971 2058 2061
f 1971 2061 2069
f 1971 2069 2070
f 1971 2070 2071
f 1971 2071 2062
f 1973 2068 2072
f 1973 2072 2073
f 1973 2073 2051
f 1974 1986 2074
f 1974 2074 1975
f 1975 2074 1976
f 1976 2075 2076
f 1976 2076 2077
f 1976 2077 1977
f 1976 2074 2078
f 1976 2078 2075
f 1977 2077 2079
f 1977 2079 1978
f 1978 2079 1979
f 1979 2080 1980
f 1979 2079 2080
f 1980 2080 2081
f 1980 2081 2082
f 1980 2082 1981
f 1981 2083 2084
f 1981 2084 1982
f 1981 2082 2083
f 1982 2084 1983
f 1983 2084 1984
f 1984 2085 1985
f 1984 2084 2085
f 1985 2085 1987
f 1986 2005 2086
f 1986 2086 2087
f 1986 2087 2078
f 1986 2078 2074
f 1987 2088 2089
f 1987 2089 2090
f 1987 2090 1988
f 1987 2085 2088
f 1988 2090 2091
f 1988 2091 2092
f 1988 2092 1989
f 1989 2092 2093
f 1989 2093 1990
f 1990 2093 2094
f 1990 2094 1991
f 1991 2094 2095
f 1991 2095 2096
f 1991 2096 2097
f 1991 2097 1992
f 1992 2097 2098
f 1992 2098 2099
f 1992 2099 2100
f 1992 2100 1994
f 1992 1994 1993
f 1994 2100 2101
f 1994 2101 1995
f 1995 2102 2103
f 1995 2103 2104
f 1995 2104 2105
f 1995 2105 1996
f 1995 2101 2102
f 1996 2105 1997
f 1997 2105 1998
f 1998 2105 2106
f 1998 2106 1999
f 1999 2106 2107
f 1999 2107 2000
f 2001 2108 2109
f 2001 2109 2002
f 2002 2109 2110
f 2002 2110 2036
f 2002 2036 2003
f 2003 2036 2035
f 2003 2035 2034
f 2003 2034 2111
f 2003 2111 2004
f 2004 2111 2112
f 2004 2112 2113
f 2004 2113 2086
f 2004 2086 2005
f 2006 2114 2007
f 2007 2114 2115
f 2007 2115 2116
f 2007 2116 2008
f 2008 2116 2117
f 2008 2117 2118
f 2008 2118 2009
f 2009 2118 2011
f 2011 2118 2016
f 2011 2016 2012
f 2014 2016 2119
f 2014 2119 2120
f 2014 2120 2121
f 2014 2121 2015
f 2015 2121 2019
f 2016 2118 2122
f 2016 2122 2123
f 2016 2123 2124
f 2016 2124 2125
f 2016 2125 2126
f 2016 2126 2127
f 2016 2127 2128
f 2016 2128 2129
f 2016 2129 2130
f 2016 2130 2119
f 2017 2022 2018
f 2017 2021 2131
f 2017 2131 2022
f 2019 2121 2132
f 2019 2132 2133
f 2019 2133 2020
f 2020 2133 2134
f 2020 2134 2135
f 2020 2135 2021
f 2021 2135 2136
f 2021 2136 2131
f 2022 2131 2137
f 2022 2137 2023
f 2023 2137 2138
f 2023 2138 2025
f 2025 2138 2139
f 2025 2139 2026
f 2026 2139 2140
f 2026 2140 2141
f 2026 2141 2027
f 2027 2141 2142
f 2027 2142 2028
f 2028 2142 2143
f 2028 2143 2029
f 2031 2044 2144
f 2031 2144 2145
f 2031 2145 2032
f 2032 2145 2033
f 2033 2145 2111
f 2033 2111 2034
f 2036 2110 2037
f 2037 2110 2038
f 2038 2110 2146
f 2039 2045 2147
f 2039 2147 2148
f 2039 2148 2040
f 2040 2148 2041
f 2041 2148 2149
f 2041 2149 2150
f 2041 2150 2042
f 2042 2150 2151
f 2042 2151 2152
f 2042 2152 2153
f 2042 2153 2154
f 2042 2154 2043
f 2043 2155 2044
f 2043 2154 2155
f 2044 2155 2156
f 2044 2156 2144
f 2045 2047 2147
f 2046 2157 2047
f 2046 2050 2158
f 2046 2158 2159
f 2046 2159 2157
f 2047 2157 2147
f 2048 2072 2160
f 2048 2160 2161
f 2048 2161 2162
f 2048 2162 2163
f 2048 2163 2164
f 2048 2164 2158
f 2048 2158 2049
f 2048 2051 2073
f 2048 2073 2072
f 2049 2158 2050
f 2052 2165 2053
f 2053 2165 2166
f 2053 2166 2167
f 2053 2167 2168
f 2053 2168 2169
f 2053 2169 2056
f 2053 2056 2055
f 2054 2057 2170
f 2054 2170 2059
f 2056 2169 2171
f 2056 2171 2172
f 2056 2172 2057
f 2057 2172 2173
f 2057 2173 2170
f 2059 2174 2060
f 2059 2170 2174
f 2060 2174 2069
f 2060 2069 2061
f 2062 2071 2175
f 2062 2175 2063
f 2063 2175 2176
f 2063 2176 2064
f 2064 2177 2178
f 2064 2178 2065
f 2064 2176 2179
f 2064 2179 2180
f 2064 2180 2181
f 2064 2181 2177
f 2065 2178 2066
f 2066 2182 2160
f 2066 2160 2067
f 2066 2178 2182
f 2067 2160 2068
f 2068 2160 2072
f 2069 2183 2070
f 2069 2174 2184
f 2069 2184 2185
f 2069 2185 2186
f 2069 2186 2183
f 2070 2183 2175
f 2070 2175 2071
f 2075 2078 2187
f 2075 2187 2076
f 2076 2187 2188
f 2076 2188 2189
f 2076 2189 2190
f 2076 2190 2191
f 2076 2191 2079
f 2076 2079 2077
f 2078 2087 2187
f 2079 2191 2080
f 2080 2192 2081
f 2080 2191 2192
f 2081 2193 2082
f 2081 2192 2194
f 2081 2194 2193
f 2082 2193 2195
f 2082 2195 2083
f 2083 2195 2196
f 2083 2196 2084
f 2084 2196 2197
f 2084 2197 2085
f 2085 2198 2199
f 2085 2199 2088
f 2085 2197 2198
f 2086 2113 2087
f 2087 2113 2200
f 2087 2200 2187
f 2088 2199 2198
f 2088 2198 2201
f 2088 2201 2202
f 2088 2202 2089
f 2089 2202 2203
f 2089 2203 2204
f 2089 2204 2090
f 2090 2204 2205
f 2090 2205 2091
f 2091 2206 2207
f 2091 2207 2092
f 2091 2205 2208
f 2091 2208 2206
f 2092 2207 2209
f 2092 2209 2093
f 2093 2209 2210
f 2093 2210 2211
f 2093 2211 2094
f 2094 2211 2095
f 2095 2211 2212
f 2095 2212 2213
f 2095 2213 2214
f 2095 2214 2215
f 2095 2215 2096
f 2096 2215 2098
f 2096 2098 2097
f 2098 2215 2216
f 2098 2216 2217
f 2098 2217 2218
f 2098 2218 2219
f 2098 2219 2101
f 2098 2101 2099
f 2099 2101 2100
f 2101 2219 2220
f 2101 2220 2221
f 2101 2221 2102
f 2102 2221 2222
f 2102 2222 2103
f 2103 2222 2223
f 2103 2223 2224
f 2103 2224 2104
f 2104 2224 2225
f 2104 2225 2105
f 2105 2225 2226
f 2105 2226 2106
f 2106 2226 2227
f 2106 2227 2228
f 2106 2228 2107
f 2107 2228 2229
f 2108 2230 2109
f 2109 2230 2110
f 2110 2230 2146
f 2111 2145 2231
f 2111 2231 2112
f 2112 2231 2113
f 2113 2231 2232
f 2113 2232 2233
f 2113 2233 2200
f 2114 2234 2115
f 2115 2234 2116
f 2116 2234 2235
f 2116 2235 2236
f 2116 2236 2237
f 2116 2237 2238
f 2116 2238 2239
f 2116 2239 2117
f 2117 2239 2240
f 2117 2240 2122
f 2117 2122 2118
f 2119 2130 2129
f 2119 2129 2120
f 2120 2241 2242
f 2120 2242 2121
f 2120 2129 2241
f 2121 2242 2243
f 2121 2243 2244
f 2121 2244 2245
f 2121 2245 2246
f 2121 2246 2133
f 2121 2133 2132
f 2122 2240 2247
f 2122 2247 2123
f 2123 2248 2249
f 2123 2249 2124
f 2123 2247 2248
f 2124 2249 2250
f 2124 2250 2125
f 2125 2250 2251
f 2125 2251 2126
f 2126 2251 2252
f 2126 2252 2127
f 2127 2252 2253
f 2127 2253 2254
f 2127 2254 2255
f 2127 2255 2129
f 2127 2129 2128
f 2129 2255 2241
f 2131 2136 2256
f 2131 2256 2257
f 2131 2257 2258
f 2131 2258 2137
f 2133 2246 2259
f 2133 2259 2260
f 2133 2260 2261
f 2133 2261 2134
f 2134 2262 2135
f 2134 2261 2262
f 2135 2262 2263
f 2135 2263 2264
f 2135 2264 2136
f 2136 2264 2256
f 2137 2258 2265
f 2137 2265 2138
f 2138 2265 2139
f 2139 2265 2266
f 2139 2266 2267
f 2139 2267 2268
f 2139 2268 2140
f 2140 2268 2269
f 2140 2269 2270
f 2140 2270 2141
f 2141 2270 2271
f 2141 2271 2142
f 2142 2271 2272
f 2142 2272 2143
f 2144 2156 2145
f 2145 2156 2231
f 2147 2157 2149
f 2147 2149 2148
f 2149 2157 2273
f 2149 2273 2274
f 2149 2274 2150
f 2150 2275 2151
f 2150 2274 2275
f 2151 2153 2152
f 2151 2275 2153
f 2153 2275 2276
f 2153 2276 2277
f 2153 2277 2156
f 2153 2156 2155
f 2153 2155 2154
f 2156 2277 2232
f 2156 2232 2231
f 2157 2159 2278
f 2157 2278 2273
f 2158 2164 2278
f 2158 2278 2159
f 2160 2182 2161
f 2161 2182 2279
f 2161 2279 2280
f 2161 2280 2162
f 2162 2280 2281
f 2162 2281 2163
f 2163 2278 2164
f 2163 2281 2278
f 2167 2282 2168
f 2168 2282 2283
f 2168 2283 2169
f 2169 2283 2282
f 2169 2282 2171
f 2170 2184 2174
f 2170 2173 2284
f 2170 2284 2285
f 2170 2285 2184
f 2171 2282 2286
f 2171 2286 2287
f 2171 2287 2288
f 2171 2288 2172
f 2172 2288 2173
f 2173 2288 2289
f 2173 2289 2290
f 2173 2290 2291
f 2173 2291 2284
f 2175 2183 2186
f 2175 2186 2292
f 2175 2292 2293
f 2175 2293 2294
f 2175 2294 2180
f 2175 2180 2179
f 2175 2179 2176
f 2177 2295 2296
f 2177 2296 2178
f 2177 2181 2297
f 2177 2297 2295
f 2178 2296 2298
f 2178 2298 2299
f 2178 2299 2182
f 2180 2300 2301
f 2180 2301 2302
f 2180 2302 2181
f 2180 2294 2303
f 2180 2303 2304
f 2180 2304 2300
f 2181 2302 2305
f 2181 2305 2297
f 2182 2299 2279
f 2184 2306 2307
f 2184 2307 2185
f 2184 2285 2306
f 2185 2307 2308
f 2185 2308 2309
f 2185 2309 2186
f 2186 2309 2310
f 2186 2310 2311
f 2186 2311 2292
f 2187 2200 2233
f 2187 2233 2355
f 2187 2355 2312
f 2187 2312 2189
f 2187 2189 2188
f 2189 2313 2190
f 2189 2312 2314
f 2189 2314 2313
f 2190 2315 2421
f 2190 2421 2316
f 2190 2316 2191
f 2190 2313 2315
f 2191 2316 2192
f 2192 2317 2194
f 2192 2316 2317
f 2193 2194 2318
f 2193 2318 2195
f 2194 2317 2319
f 2194 2319 2318
f 2195 2320 2321
f 2195 2321 2196
f 2195 2318 2322
f 2195 2322 2323
f 2195 2323 2320
f 2196 2324 2325
f 2196 2325 2197
f 2196 2321 2324
f 2197 2325 2326
f 2197 2326 2198
f 2198 2326 2201
f 2201 2326 2202
f 2202 2326 2327
f 2202 2327 2328
f 2202 2328 2329
f 2202 2329 2203
f 2203 2329 2330
f 2203 2330 2331
f 2203 2331 2332
f 2203 2332 2208
f 2203 2208 2204
f 2204 2208 2205
f 2206 2333 2334
f 2206 2334 2207
f 2206 2208 2332
f 2206 2332 2335
f 2206 2335 2336
f 2206 2336 2337
f 2206 2337 2338
f 2206 2338 2333
f 2207 2334 2210
f 2207 2210 2209
f 2210 2334 2339
f 2210 2339 2212
f 2210 2212 2211
f 2212 2339 2213
f 2213 2340 2341
f 2213 2341 2214
f 2213 2339 2342
f 2213 2342 2340
f 2214 2341 2343
f 2214 2343 2216
f 2214 2216 2215
f 2216 2343 2344
f 2216 2344 2345
f 2216 2345 2346
f 2216 2346 2217
f 2217 2346 2218
f 2218 2346 2219
f 2219 2346 2220
f 2220 2346 2347
f 2220 2347 2348
f 2220 2348 2349
f 2220 2349 2221
f 2221 2349 2350
f 2221 2350 2222
f 2222 2350 2223
f 2223 2350 2351
f 2223 2351 2352
f 2223 2352 2224
f 2224 2352 2353
f 2224 2353 2227
f 2224 2227 2225
f 2225 2227 2226
f 2227 2353 2237
f 2227 2237 2228
f 2228 2237 2236
f 2228 2236 2229
f 2229 2236 2354
f 2232 2277 2276
f 2232 2276 2355
f 2232 2355 2233
f 2235 2356 2236
f 2236 2356 2354
f 2237 2353 2357
f 2237 2357 2238
f 2238 2357 2358
f 2238 2358 2239
f 2239 2358 2359
f 2239 2359 2360
f 2239 2360 2240
f 2240 2360 2361
f 2240 2361 2247
f 2241 2255 2254
f 2241 2254 2362
f 2241 2362 2243
f 2241 2243 2242
f 2243 2363 2364
f 2243 2364 2244
f 2243 2362 2363
f 2244 2364 2365
f 2244 2365 2245
f 2245 2366 2246
f 2245 2365 2367
f 2245 2367 2366
f 2246 2366 2259
f 2247 2361 2368
f 2247 2368 2248
f 2248 2368 2348
f 2248 2348 2347
f 2248 2347 2249
f 2249 2347 2250
f 2250 2347 2346
f 2250 2346 2345
f 2250 2345 2251
f 2251 2345 2344
f 2251 2344 2369
f 2251 2369 2343
f 2251 2343 2253
f 2251 2253 2252
f 2253 2343 2341
f 2253 2341 2254
f 2254 2341 2340
f 2254 2340 2362
f 2256 2264 2257
f 2257 2370 2258
f 2257 2264 2371
f 2257 2371 2372
f 2257 2372 2373
f 2257 2373 2370
f 2258 2370 2266
f 2258 2266 2265
f 2259 2366 2374
f 2259 2374 2260
f 2260 2374 2375
f 2260 2375 2261
f 2261 2376 2377
f 2261 2377 2378
f 2261 2378 2379
f 2261 2379 2264
f 2261 2264 2263
f 2261 2263 2262
f 2261 2375 2380
f 2261 2380 2381
f 2261 2381 2382
f 2261 2382 2376
f 2264 2379 2378
f 2264 2378 2383
f 2264 2383 2384
f 2264 2384 2385
f 2264 2385 2371
f 2266 2370 2373
f 2266 2373 2267
f 2267 2373 2386
f 2267 2386 2387
f 2267 2387 2268
f 2268 2387 2269
f 2269 2387 2388
f 2269 2388 2270
f 2270 2388 2389
f 2270 2389 2271
f 2271 2389 2288
f 2271 2288 2287
f 2271 2287 2272
f 2272 2287 2390
f 2273 2278 2391
f 2273 2391 2392
f 2273 2392 2274
f 2274 2392 2275
f 2275 2392 2393
f 2275 2393 2276
f 2276 2393 2314
f 2276 2314 2355
f 2278 2281 2394
f 2278 2394 2395
f 2278 2395 2391
f 2279 2299 2298
f 2279 2298 2280
f 2280 2298 2296
f 2280 2296 2396
f 2280 2396 2281
f 2281 2396 2394
f 2284 2291 2397
f 2284 2397 2285
f 2285 2397 2398
f 2285 2398 2399
f 2285 2399 2400
f 2285 2400 2308
f 2285 2308 2306
f 2286 2390 2287
f 2288 2389 2388
f 2288 2388 2289
f 2289 2388 2290
f 2290 2388 2291
f 2291 2388 2401
f 2291 2401 2397
f 2292 2311 2402
f 2292 2402 2403
f 2292 2403 2294
f 2292 2294 2293
f 2294 2403 2303
f 2295 2297 2305
f 2295 2305 2296
f 2296 2305 2404
f 2296 2404 2405
f 2296 2405 2396
f 2300 2304 2406
f 2300 2406 2301
f 2301 2407 2404
f 2301 2404 2305
f 2301 2305 2302
f 2301 2406 2408
f 2301 2408 2409
f 2301 2409 2410
f 2301 2410 2411
f 2301 2411 2407
f 2303 2403 2412
f 2303 2412 2413
f 2303 2413 2304
f 2304 2413 2406
f 2306 2308 2307
f 2308 2310 2309
f 2308 2400 2414
f 2308 2414 2310
f 2310 2414 2415
f 2310 2415 2311
f 2311 2416 2417
f 2311 2417 2418
f 2311 2418 2402
f 2311 2415 2416
f 2312 2355 2314
f 2313 2314 2393
f 2313 2393 2392
f 2313 2392 2419
f 2313 2419 2315
f 2315 2419 2420
f 2315 2420 2421
f 2316 2421 2317
f 2317 2421 2422
f 2317 2422 2319
f 2318 2319 2422
f 2318 2422 2423
f 2318 2423 2322
f 2320 2424 2321
f 2320 2323 2425
f 2320 2425 2426
f 2320 2426 2424
f 2321 2424 2324
f 2322 2423 2427
f 2322 2427 2428
f 2322 2428 2425
f 2322 2425 2323
f 2324 2429 2325
f 2324 2424 2429
f 2325 2429 2430
f 2325 2430 2431
f 2325 2431 2326
f 2326 2431 2432
f 2326 2432 2433
f 2326 2433 2327
f 2327 2434 2328
f 2327 2433 2434
f 2328 2435 2329
f 2328 2434 2436
f 2328 2436 2435
f 2329 2437 2438
f 2329 2438 2330
f 2329 2435 2437
f 2330 2438 2439
f 2330 2439 2331
f 2331 2439 2440
f 2331 2440 2441
f 2331 2441 2332
f 2332 2441 2335
f 2333 2338 2334
f 2334 2338 2337
f 2334 2337 2442
f 2334 2442 2339
f 2335 2441 2443
f 2335 2443 2336
f 2336 2444 2380
f 2336 2380 2337
f 2336 2443 2444
f 2337 2380 2375
f 2337 2375 2374
f 2337 2374 2445
f 2337 2445 2442
f 2339 2446 2342
f 2339 2442 2446
f 2340 2342 2363
f 2340 2363 2362
f 2342 2446 2364
f 2342 2364 2363
f 2343 2369 2344
f 2348 2368 2349
f 2349 2368 2350
f 2350 2368 2447
f 2350 2447 2351
f 2351 2447 2359
f 2351 2359 2358
f 2351 2358 2352
f 2352 2358 2357
f 2352 2357 2353
f 2359 2447 2360
f 2360 2447 2361
f 2361 2447 2368
f 2364 2446 2445
f 2364 2445 2365
f 2365 2445 2367
f 2366 2367 2374
f 2367 2445 2374
f 2371 2385 2372
f 2372 2386 2373
f 2372 2385 2448
f 2372 2448 2398
f 2372 2398 2386
f 2376 2382 2449
f 2376 2449 2377
f 2377 2449 2450
f 2377 2450 2383
f 2377 2383 2378
f 2380 2444 2382
f 2380 2382 2381
f 2382 2451 2452
f 2382 2452 2449
f 2382 2444 2451
f 2383 2450 2453
f 2383 2453 2438
f 2383 2438 2436
f 2383 2436 2454
f 2383 2454 2455
f 2383 2455 2456
f 2383 2456 2457
f 2383 2457 2458
f 2383 2458 2385
f 2383 2385 2384
f 2385 2458 2448
f 2386 2401 2387
f 2386 2398 2397
f 2386 2397 2401
f 2387 2401 2388
f 2391 2395 2459
f 2391 2459 2419
f 2391 2419 2392
f 2394 2396 2460
f 2394 2460 2395
f 2395 2460 2459
f 2396 2405 2461
f 2396 2461 2460
f 2398 2448 2399
f 2399 2448 2400
f 2400 2448 2462
f 2400 2462 2463
f 2400 2463 2414
f 2402 2412 2403
f 2402 2418 2412
f 2404 2407 2464
f 2404 2464 2405
f 2405 2464 2461
f 2406 2413 2408
f 2407 2411 2465
f 2407 2465 2464
f 2408 2413 2466
f 2408 2466 2412
f 2408 2412 2409
f 2409 2412 2467
f 2409 2467 2468
f 2409 2468 2410
f 2410 2427 2411
f 2410 2468 2428
f 2410 2428 2427
f 2411 2427 2465
f 2412 2418 2469
f 2412 2469 2470
f 2412 2470 2468
f 2412 2468 2467
f 2412 2466 2413
f 2414 2463 2415
f 2415 2463 2471
f 2415 2471 2472
f 2415 2472 2473
f 2415 2473 2474
f 2415 2474 2416
f 2416 2475 2476
f 2416 2476 2417
f 2416 2474 2475
f 2417 2476 2477
f 2417 2477 2469
f 2417 2469 2418
f 2419 2459 2460
f 2419 2460 2420
f 2420 2460 2461
f 2420 2461 2478
f 2420 2478 2421
f 2421 2478 2422
f 2422 2465 2423
f 2422 2478 2465
f 2423 2465 2427
f 2424 2479 2429
f 2424 2426 2480
f 2424 2480 2481
f 2424 2481 2479
f 2425 2468 2426
f 2425 2428 2468
f 2426 2468 2482
f 2426 2482 2480
f 2429 2483 2430
f 2429 2479 2477
f 2429 2477 2484
f 2429 2484 2483
f 2430 2483 2473
f 2430 2473 2485
f 2430 2485 2431
f 2431 2485 2486
f 2431 2486 2432
f 2432 2487 2488
f 2432 2488 2433
f 2432 2486 2487
f 2433 2488 2489
f 2433 2489 2434
f 2434 2489 2436
f 2435 2436 2437
f 2436 2438 2437
f 2436 2489 2488
f 2436 2488 2490
f 2436 2490 2454
f 2438 2453 2449
f 2438 2449 2452
f 2438 2452 2439
f 2439 2452 2440
f 2440 2452 2451
f 2440 2451 2441
f 2441 2451 2443
f 2442 2445 2446
f 2443 2451 2444
f 2448 2458 2457
f 2448 2457 2456
f 2448 2456 2462
f 2449 2453 2450
f 2454 2490 2455
f 2455 2490 2491
f 2455 2491 2471
f 2455 2471 2456
f 2456 2471 2462
f 2461 2464 2478
f 2462 2471 2463
f 2464 2465 2478
f 2468 2470 2482
f 2469 2481 2480
f 2469 2480 2482
f 2469 2482 2470
f 2469 2477 2481
f 2471 2491 2472
f 2472 2491 2492
f 2472 2492 2473
f 2473 2492 2493
f 2473 2493 2485
f 2473 2483 2475
f 2473 2475 2474
f 2475 2483 2484
f 2475 2484 2477
f 2475 2477 2476
f 2477 2479 2481
f 2485 2493 2487
f 2485 2487 2486
f 2487 2490 2488
f 2487 2493 2490
f 2490 2493 2491
f 2491 2493 2492

o geometry_3
v 0.00053466 -0.00031310 -0.01780515 0.38039216 0.78823529 0.52549020
v 0.03006082 -0.00031310 -0.02023198 0.38039216 0.78823529 0.52549020
v 0.00053466 -0.00031310 -0.01190412 0.38039216 0.78823529 0.52549020
v 0.00053466 0.03203554 -0.02002182 0.38039216 0.78823529 0.52549020
v 0.03048460 -0.00031310 -0.02026658 0.38039216 0.78823529 0.52549020
v 0.00257436 -0.00031310 -0.01177179 0.38039216 0.78823529 0.52549020
v 0.00053466 0.00100238 -0.01177439 0.38039216 0.78823529 0.52549020
v 0.00053466 0.03262949 -0.02005728 0.38039216 0.78823529 0.52549020
v 0.03094403 -0.00031310 -0.02030117 0.38039216 0.78823529 0.52549020
v 0.00966777 -0.00031310 -0.01173114 0.38039216 0.78823529 0.52549020
v 0.00434474 0.00189131 -0.01172336 0.38039216 0.78823529 0.52549020
v 0.00168719 0.00366521 -0.01172595 0.38039216 0.78823529 0.52549020
v 0.00053466 0.03377754 -0.01165849 0.38039216 0.78823529 0.52549020
v 0.00053466 0.03330318 -0.02008928 0.38039216 0.78823529 0.52549020
v 0.03183120 -0.00031310 -0.02036517 0.38039216 0.78823529 0.52549020
v 0.03459569 -0.00031310 -0.01165849 0.38039216 0.78823529 0.52549020
v 0.00789343 0.00366521 -0.01169136 0.38039216 0.78823529 0.52549020
v 0.00053466 0.04029511 -0.01165849 0.38039216 0.78823529 0.52549020
v 0.00053466 0.03380943 -0.02011176 0.38039216 0.78823529 0.52549020
v 0.03271837 -0.00031310 -0.02041793 0.38039216 0.78823529 0.52549020
v 0.04099600 -0.00031310 -0.01165849 0.38039216 0.78823529 0.52549020
v 0.00079210 0.04033098 -0.01165849 0.38039216 0.78823529 0.52549020
v 0.00053466 0.04020741 -0.01226477 0.38039216 0.78823529 0.52549020
v 0.00053466 0.03469837 -0.02012041 0.38039216 0.78823529 0.52549020
v 0.03449272 -0.00031310 -0.02049317 0.38039216 0.78823529 0.52549020
v 0.03403329 -0.00031310 -0.02047501 0.38039216 0.78823529 0.52549020
v 0.03360554 -0.00031310 -0.02045685 0.38039216 0.78823529 0.52549020
v 0.04085341 -0.00031310 -0.01298694 0.38039216 0.78823529 0.52549020
v 0.04097619 0.00011742 -0.01165849 0.38039216 0.78823529 0.52549020
v 0.00167927 0.04040672 -0.01165849 0.38039216 0.78823529 0.52549020
v 0.00168719 0.04029511 -0.01252769 0.38039216 0.78823529 0.52549020
v 0.00080002 0.04020342 -0.01252769 0.38039216 0.78823529 0.52549020
v 0.00053466 0.04005992 -0.01315213 0.38039216 0.78823529 0.52549020
v 0.00053466 0.03527240 -0.02008668 0.38039216 0.78823529 0.52549020
v 0.00168719 0.03529233 -0.02009533 0.38039216 0.78823529 0.52549020
v 0.00257436 0.03528834 -0.02010052 0.38039216 0.78823529 0.52549020
v 0.00168719 0.03469837 -0.02012214 0.38039216 0.78823529 0.52549020
v 0.03271837 0.01253069 -0.02040669 0.38039216 0.78823529 0.52549020
v 0.03360554 0.00987184 -0.02042917 0.38039216 0.78823529 0.52549020
v 0.03449272 0.00011742 -0.02049144 0.38039216 0.78823529 0.52549020
v 0.03537989 -0.00031310 -0.02048971 0.38039216 0.78823529 0.52549020
v 0.04075044 -0.00031310 -0.01387343 0.38039216 0.78823529 0.52549020
v 0.04068707 0.00011742 -0.01430068 0.38039216 0.78823529 0.52549020
v 0.04078609 0.00011742 -0.01341419 0.38039216 0.78823529 0.52549020
v 0.04047716 0.00455016 -0.01430068 0.38039216 0.78823529 0.52549020
v 0.04056825 0.00455016 -0.01341419 0.38039216 0.78823529 0.52549020
v 0.04065142 0.00455016 -0.01252769 0.38039216 0.78823529 0.52549020
v 0.04073064 0.00455016 -0.01165849 0.38039216 0.78823529 0.52549020
v 0.00173868 0.04040672 -0.01165849 0.38039216 0.78823529 0.52549020
v 0.00257436 0.04015559 -0.01341419 0.38039216 0.78823529 0.52549020
v 0.00168719 0.04015160 -0.01341419 0.38039216 0.78823529 0.52549020
v 0.00257436 0.04029511 -0.01252769 0.38039216 0.78823529 0.52549020
v 0.00080002 0.03990047 -0.01430068 0.38039216 0.78823529 0.52549020
v 0.00053466 0.03986459 -0.01430068 0.38039216 0.78823529 0.52549020
v 0.00053466 0.03539996 -0.02006506 0.38039216 0.78823529 0.52549020
v 0.00053466 0.03571487 -0.02000884 0.38039216 0.78823529 0.52549020
v 0.00345757 0.03527240 -0.02009966 0.38039216 0.78823529 0.52549020
v 0.00345757 0.03469837 -0.02012301 0.38039216 0.78823529 0.52549020
v 0.00257436 0.03469837 -0.02012301 0.38039216 0.78823529 0.52549020
v 0.00080002 0.03571886 -0.02000884 0.38039216 0.78823529 0.52549020
v 0.00168719 0.03573481 -0.02000279 0.38039216 0.78823529 0.52549020
v 0.03271837 0.01341963 -0.02038766 0.38039216 0.78823529 0.52549020
v 0.03360554 0.01075679 -0.02042225 0.38039216 0.78823529 0.52549020
v 0.02917365 0.01962626 -0.02031760 0.38039216 0.78823529 0.52549020
v 0.03537989 0.00011742 -0.02048712 0.38039216 0.78823529 0.52549020
v 0.03580763 -0.00031310 -0.02044388 0.38039216 0.78823529 0.52549020
v 0.04069895 -0.00031310 -0.01430068 0.38039216 0.78823529 0.52549020
v 0.04056825 0.00011742 -0.01518804 0.38039216 0.78823529 0.52549020
v 0.04032666 0.00453023 -0.01525118 0.38039216 0.78823529 0.52549020
v 0.04031082 0.00528762 -0.01499863 0.38039216 0.78823529 0.52549020
v 0.04036627 0.00552281 -0.01438803 0.38039216 0.78823529 0.52549020
v 0.04048904 0.00543511 -0.01341419 0.38039216 0.78823529 0.52549020
v 0.04057618 0.00543511 -0.01252769 0.38039216 0.78823529 0.52549020
v 0.04065935 0.00543511 -0.01165849 0.38039216 0.78823529 0.52549020
v 0.00257436 0.04040274 -0.01165849 0.38039216 0.78823529 0.52549020
v 0.00257436 0.03999614 -0.01430068 0.38039216 0.78823529 0.52549020
v 0.00168719 0.04000012 -0.01430068 0.38039216 0.78823529 0.52549020
v 0.00753301 0.03958555 -0.01391322 0.38039216 0.78823529 0.52549020
v 0.00263377 0.04039875 -0.01165849 0.38039216 0.78823529 0.52549020
v 0.00700626 0.03994830 -0.01165849 0.38039216 0.78823529 0.52549020
v 0.00345757 0.04020342 -0.01252769 0.38039216 0.78823529 0.52549020
v 0.00080002 0.03972906 -0.01518804 0.38039216 0.78823529 0.52549020
v 0.00053466 0.03969318 -0.01517853 0.38039216 0.78823529 0.52549020
v 0.00053466 0.03594209 -0.01992928 0.38039216 0.78823529 0.52549020
v 0.00257436 0.03573082 -0.01998809 0.38039216 0.78823529 0.52549020
v 0.00345757 0.03571487 -0.01997511 0.38039216 0.78823529 0.52549020
v 0.00434474 0.03523253 -0.02008841 0.38039216 0.78823529 0.52549020
v 0.00700626 0.03452298 -0.02010571 0.38039216 0.78823529 0.52549020
v 0.00789343 0.03380943 -0.02013166 0.38039216 0.78823529 0.52549020
v 0.00700626 0.03380943 -0.02013425 0.38039216 0.78823529 0.52549020
v 0.00053466 0.03647227 -0.01973900 0.38039216 0.78823529 0.52549020
v 0.00080002 0.03647227 -0.01973814 0.38039216 0.78823529 0.52549020
v 0.00168719 0.03647227 -0.01972517 0.38039216 0.78823529 0.52549020
v 0.03271837 0.01430458 -0.02034701 0.38039216 0.78823529 0.52549020
v 0.03360554 0.01253069 -0.02036344 0.38039216 0.78823529 0.52549020
v 0.03360554 0.01164573 -0.02040236 0.38039216 0.78823529 0.52549020
v 0.03006082 0.01873732 -0.02031674 0.38039216 0.78823529 0.52549020
v 0.03094403 0.01785237 -0.02030204 0.38039216 0.78823529 0.52549020
v 0.03449272 0.00898290 -0.02040323 0.38039216 0.78823529 0.52549020
v 0.03449272 0.00809795 -0.02042225 0.38039216 0.78823529 0.52549020
v 0.03537989 0.00100238 -0.02048020 0.38039216 0.78823529 0.52549020
v 0.01144211 0.03292448 -0.02014117 0.38039216 0.78823529 0.52549020
v 0.01409966 0.03203554 -0.02014636 0.38039216 0.78823529 0.52549020
v 0.02739931 0.02228112 -0.02027263 0.38039216 0.78823529 0.52549020
v 0.02828648 0.02139617 -0.02028301 0.38039216 0.78823529 0.52549020
v 0.02917365 0.02050723 -0.02028733 0.38039216 0.78823529 0.52549020
v 0.03626706 -0.00031310 -0.02039112 0.38039216 0.78823529 0.52549020
v 0.03626706 0.00100238 -0.02037987 0.38039216 0.78823529 0.52549020
v 0.04058013 -0.00031310 -0.01518804 0.38039216 0.78823529 0.52549020
v 0.04050092 -0.00031310 -0.01564729 0.38039216 0.78823529 0.52549020
v 0.04041379 0.00011742 -0.01607454 0.38039216 0.78823529 0.52549020
v 0.04024745 0.00481326 -0.01558934 0.38039216 0.78823529 0.52549020
v 0.04023160 0.00552281 -0.01525118 0.38039216 0.78823529 0.52549020
v 0.04025537 0.00587759 -0.01474177 0.38039216 0.78823529 0.52549020
v 0.03966920 0.00987184 -0.01252769 0.38039216 0.78823529 0.52549020
v 0.04065539 0.00545505 -0.01165849 0.38039216 0.78823529 0.52549020
v 0.00257436 0.03982473 -0.01518804 0.38039216 0.78823529 0.52549020
v 0.00168719 0.03982871 -0.01518804 0.38039216 0.78823529 0.52549020
v 0.00789343 0.03973304 -0.01252769 0.38039216 0.78823529 0.52549020
v 0.00785382 0.03962142 -0.01337008 0.38039216 0.78823529 0.52549020
v 0.00812710 0.03954569 -0.01363646 0.38039216 0.78823529 0.52549020
v 0.00785382 0.03946596 -0.01424533 0.38039216 0.78823529 0.52549020
v 0.00700626 0.03935833 -0.01518804 0.38039216 0.78823529 0.52549020
v 0.00789343 0.03984865 -0.01165849 0.38039216 0.78823529 0.52549020
v 0.00053466 0.03958555 -0.01566632 0.38039216 0.78823529 0.52549020
v 0.00434474 0.03567501 -0.01996387 0.38039216 0.78823529 0.52549020
v 0.00504973 0.03518071 -0.02007458 0.38039216 0.78823529 0.52549020
v 0.00789343 0.03444724 -0.02009706 0.38039216 0.78823529 0.52549020
v 0.01055494 0.03369383 -0.02011004 0.38039216 0.78823529 0.52549020
v 0.00053466 0.03714994 -0.01935068 0.38039216 0.78823529 0.52549020
v 0.00080002 0.03714994 -0.01935068 0.38039216 0.78823529 0.52549020
v 0.00168719 0.03714196 -0.01934376 0.38039216 0.78823529 0.52549020
v 0.00257436 0.03647227 -0.01969663 0.38039216 0.78823529 0.52549020
v 0.03183120 0.01696343 -0.02027004 0.38039216 0.78823529 0.52549020
v 0.03271837 0.01519352 -0.02028993 0.38039216 0.78823529 0.52549020
v 0.03360554 0.01341963 -0.02030723 0.38039216 0.78823529 0.52549020
v 0.03449272 0.01164573 -0.02028733 0.38039216 0.78823529 0.52549020
v 0.03449272 0.01075679 -0.02034009 0.38039216 0.78823529 0.52549020
v 0.03449272 0.00987184 -0.02037296 0.38039216 0.78823529 0.52549020
v 0.03006082 0.01962626 -0.02026831 0.38039216 0.78823529 0.52549020
v 0.03537989 0.00632406 -0.02038333 0.38039216 0.78823529 0.52549020
v 0.03537989 0.00543511 -0.02040669 0.38039216 0.78823529 0.52549020
v 0.03537989 0.00189131 -0.02046809 0.38039216 0.78823529 0.52549020
v 0.01232928 0.03292448 -0.02012733 0.38039216 0.78823529 0.52549020
v 0.01409966 0.03271321 -0.02009966 0.38039216 0.78823529 0.52549020
v 0.01476108 0.03257767 -0.02008582 0.38039216 0.78823529 0.52549020
v 0.01503040 0.03208338 -0.02011004 0.38039216 0.78823529 0.52549020
v 0.02207628 0.02760280 -0.02016366 0.38039216 0.78823529 0.52549020
v 0.02296345 0.02671785 -0.02018614 0.38039216 0.78823529 0.52549020
v 0.02651214 0.02317006 -0.02025706 0.38039216 0.78823529 0.52549020
v 0.02562497 0.02494395 -0.02018960 0.38039216 0.78823529 0.52549020
v 0.02651214 0.02405501 -0.02020258 0.38039216 0.78823529 0.52549020
v 0.02739931 0.02317006 -0.02021468 0.38039216 0.78823529 0.52549020
v 0.02828648 0.02228112 -0.02021901 0.38039216 0.78823529 0.52549020
v 0.02917365 0.02139617 -0.02020690 0.38039216 0.78823529 0.52549020
v 0.03699580 -0.00031310 -0.02018960 0.38039216 0.78823529 0.52549020
v 0.03626706 0.00189131 -0.02036690 0.38039216 0.78823529 0.52549020
v 0.03697600 0.00100238 -0.02018355 0.38039216 0.78823529 0.52549020
v 0.04042171 -0.00031310 -0.01607454 0.38039216 0.78823529 0.52549020
v 0.04029497 0.00011742 -0.01662546 0.38039216 0.78823529 0.52549020
v 0.04027517 0.00070340 -0.01657530 0.38039216 0.78823529 0.52549020
v 0.04017220 0.00453023 -0.01600362 0.38039216 0.78823529 0.52549020
v 0.04007318 0.00543511 -0.01607454 0.38039216 0.78823529 0.52549020
v 0.03991476 0.00632406 -0.01607454 0.38039216 0.78823529 0.52549020
v 0.04008506 0.00632406 -0.01518804 0.38039216 0.78823529 0.52549020
v 0.03935631 0.01023459 -0.01463193 0.38039216 0.78823529 0.52549020
v 0.03939196 0.01038208 -0.01404035 0.38039216 0.78823529 0.52549020
v 0.03942760 0.01048971 -0.01341419 0.38039216 0.78823529 0.52549020
v 0.03947909 0.01062923 -0.01252769 0.38039216 0.78823529 0.52549020
v 0.03974841 0.00988779 -0.01165849 0.38039216 0.78823529 0.52549020
v 0.03975237 0.00987184 -0.01165849 0.38039216 0.78823529 0.52549020
v 0.00327142 0.03961345 -0.01574588 0.38039216 0.78823529 0.52549020
v 0.00257436 0.03965332 -0.01584880 0.38039216 0.78823529 0.52549020
v 0.00168719 0.03965332 -0.01584880 0.38039216 0.78823529 0.52549020
v 0.00080002 0.03960149 -0.01571734 0.38039216 0.78823529 0.52549020
v 0.00837266 0.03958555 -0.01304489 0.38039216 0.78823529 0.52549020
v 0.00871327 0.03943407 -0.01337008 0.38039216 0.78823529 0.52549020
v 0.00878060 0.03923874 -0.01430068 0.38039216 0.78823529 0.52549020
v 0.00789343 0.03923476 -0.01518804 0.38039216 0.78823529 0.52549020
v 0.00700626 0.03912314 -0.01607454 0.38039216 0.78823529 0.52549020
v 0.00866178 0.03966926 -0.01165849 0.38039216 0.78823529 0.52549020
v 0.00848355 0.03961744 -0.01252769 0.38039216 0.78823529 0.52549020
v 0.00053466 0.03945400 -0.01610221 0.38039216 0.78823529 0.52549020
v 0.00611908 0.03558333 -0.01989382 0.38039216 0.78823529 0.52549020
v 0.00529924 0.03551955 -0.01996560 0.38039216 0.78823529 0.52549020
v 0.00345757 0.03647227 -0.01966462 0.38039216 0.78823529 0.52549020
v 0.00434474 0.03647227 -0.01962744 0.38039216 0.78823529 0.52549020
v 0.00563985 0.03512491 -0.02006333 0.38039216 0.78823529 0.52549020
v 0.00878060 0.03435555 -0.02008149 0.38039216 0.78823529 0.52549020
v 0.01144211 0.03358620 -0.02009966 0.38039216 0.78823529 0.52549020
v 0.00053466 0.03759241 -0.01900040 0.38039216 0.78823529 0.52549020
v 0.00080002 0.03759241 -0.01900213 0.38039216 0.78823529 0.52549020
v 0.00168719 0.03758444 -0.01898916 0.38039216 0.78823529 0.52549020
v 0.00257436 0.03711406 -0.01932992 0.38039216 0.78823529 0.52549020
v 0.03254807 0.01696343 -0.02014290 0.38039216 0.78823529 0.52549020
v 0.03094403 0.01873732 -0.02023285 0.38039216 0.78823529 0.52549020
v 0.03187081 0.01788027 -0.02016712 0.38039216 0.78823529 0.52549020
v 0.03238172 0.01760123 -0.02010571 0.38039216 0.78823529 0.52549020
v 0.03345108 0.01519352 -0.02014982 0.38039216 0.78823529 0.52549020
v 0.03367683 0.01436438 -0.02018960 0.38039216 0.78823529 0.52549020
v 0.03415210 0.01410925 -0.02011090 0.38039216 0.78823529 0.52549020
v 0.03428677 0.01341963 -0.02015414 0.38039216 0.78823529 0.52549020
v 0.03499175 0.01223570 -0.02009274 0.38039216 0.78823529 0.52549020
v 0.03507888 0.01164573 -0.02012647 0.38039216 0.78823529 0.52549020
v 0.03587100 0.00963267 -0.02008755 0.38039216 0.78823529 0.52549020
v 0.03544722 0.00990772 -0.02017923 0.38039216 0.78823529 0.52549020
v 0.03537989 0.00898290 -0.02026831 0.38039216 0.78823529 0.52549020
v 0.03453232 0.01253069 -0.02018355 0.38039216 0.78823529 0.52549020
v 0.03537989 0.00809795 -0.02031674 0.38039216 0.78823529 0.52549020
v 0.03537989 0.00720901 -0.02035220 0.38039216 0.78823529 0.52549020
v 0.03626706 0.00366521 -0.02031674 0.38039216 0.78823529 0.52549020
v 0.03626706 0.00277627 -0.02034355 0.38039216 0.78823529 0.52549020
v 0.01232928 0.03346661 -0.02008149 0.38039216 0.78823529 0.52549020
v 0.01286792 0.03339088 -0.02006939 0.38039216 0.78823529 0.52549020
v 0.01345805 0.03327926 -0.02005382 0.38039216 0.78823529 0.52549020
v 0.01409966 0.03315568 -0.02002182 0.38039216 0.78823529 0.52549020
v 0.01503040 0.03289259 -0.01998117 0.38039216 0.78823529 0.52549020
v 0.01535121 0.03241025 -0.02005641 0.38039216 0.78823529 0.52549020
v 0.01647205 0.03167279 -0.02008063 0.38039216 0.78823529 0.52549020
v 0.02122476 0.02854356 -0.02012560 0.38039216 0.78823529 0.52549020
v 0.02292781 0.02761077 -0.02011436 0.38039216 0.78823529 0.52549020
v 0.02391003 0.02678163 -0.02013339 0.38039216 0.78823529 0.52549020
v 0.02473780 0.02582891 -0.02017231 0.38039216 0.78823529 0.52549020
v 0.02473780 0.02648664 -0.02009793 0.38039216 0.78823529 0.52549020
v 0.02555367 0.02576513 -0.02010225 0.38039216 0.78823529 0.52549020
v 0.02823103 0.02311824 -0.02011609 0.38039216 0.78823529 0.52549020
v 0.02644877 0.02488416 -0.02010917 0.38039216 0.78823529 0.52549020
v 0.02911424 0.02219741 -0.02011004 0.38039216 0.78823529 0.52549020
v 0.02975586 0.02139617 -0.02010571 0.38039216 0.78823529 0.52549020
v 0.03008062 0.02051121 -0.02016452 0.38039216 0.78823529 0.52549020
v 0.03743939 -0.00031310 -0.01998030 0.38039216 0.78823529 0.52549020
v 0.03743543 0.00011742 -0.01997857 0.38039216 0.78823529 0.52549020
v 0.03695620 0.00189131 -0.02017490 0.38039216 0.78823529 0.52549020
v 0.03692847 0.00277627 -0.02015933 0.38039216 0.78823529 0.52549020
v 0.03741959 0.00100238 -0.01996820 0.38039216 0.78823529 0.52549020
v 0.04035834 -0.00031310 -0.01635994 0.38039216 0.78823529 0.52549020
v 0.04029101 -0.00031310 -0.01661249 0.38039216 0.78823529 0.52549020
v 0.04020784 -0.00031310 -0.01684254 0.38039216 0.78823529 0.52549020
v 0.04013259 0.00011742 -0.01706828 0.38039216 0.78823529 0.52549020
v 0.03987911 0.00455016 -0.01696103 0.38039216 0.78823529 0.52549020
v 0.03978010 0.00543511 -0.01696103 0.38039216 0.78823529 0.52549020
v 0.03957415 0.00639182 -0.01703973 0.38039216 0.78823529 0.52549020
v 0.03948701 0.00720901 -0.01682006 0.38039216 0.78823529 0.52549020
v 0.03941572 0.00787073 -0.01664189 0.38039216 0.78823529 0.52549020
v 0.03915432 0.00987184 -0.01607454 0.38039216 0.78823529 0.52549020
v 0.03931671 0.00991170 -0.01524166 0.38039216 0.78823529 0.52549020
v 0.03892065 0.01075679 -0.01607454 0.38039216 0.78823529 0.52549020
v 0.03909095 0.01075679 -0.01518804 0.38039216 0.78823529 0.52549020
v 0.03924542 0.01070896 -0.01432230 0.38039216 0.78823529 0.52549020
v 0.03928502 0.01093219 -0.01341419 0.38039216 0.78823529 0.52549020
v 0.03932859 0.01107171 -0.01252769 0.38039216 0.78823529 0.52549020
v 0.03947513 0.01087240 -0.01165849 0.38039216 0.78823529 0.52549020
v 0.03949493 0.01080862 -0.01165849 0.38039216 0.78823529 0.52549020
v 0.00611908 0.03921483 -0.01607454 0.38039216 0.78823529 0.52549020
v 0.00523191 0.03900355 -0.01696103 0.38039216 0.78823529 0.52549020
v 0.00257436 0.03948988 -0.01629162 0.38039216 0.78823529 0.52549020
v 0.00168719 0.03949387 -0.01629075 0.38039216 0.78823529 0.52549020
v 0.00080002 0.03919091 -0.01696103 0.38039216 0.78823529 0.52549020
v 0.00053466 0.03916699 -0.01696103 0.38039216 0.78823529 0.52549020
v 0.00080002 0.03946596 -0.01615929 0.38039216 0.78823529 0.52549020
v 0.01323230 0.03840163 -0.01165849 0.38039216 0.78823529 0.52549020
v 0.01321249 0.03828204 -0.01252769 0.38039216 0.78823529 0.52549020
v 0.01321249 0.03814252 -0.01341419 0.38039216 0.78823529 0.52549020
v 0.01326398 0.03795915 -0.01432403 0.38039216 0.78823529 0.52549020
v 0.00878060 0.03902348 -0.01518804 0.38039216 0.78823529 0.52549020
v 0.01294317 0.03786348 -0.01518804 0.38039216 0.78823529 0.52549020
v 0.01277287 0.03780368 -0.01563432 0.38039216 0.78823529 0.52549020
v 0.00789343 0.03898761 -0.01607454 0.38039216 0.78823529 0.52549020
v 0.00789343 0.03876836 -0.01672492 0.38039216 0.78823529 0.52549020
v 0.00700626 0.03884012 -0.01687887 0.38039216 0.78823529 0.52549020
v 0.00789343 0.03558333 -0.01978484 0.38039216 0.78823529 0.52549020
v 0.00878060 0.03479803 -0.02000625 0.38039216 0.78823529 0.52549020
v 0.00789343 0.03489370 -0.02002268 0.38039216 0.78823529 0.52549020
v 0.00878060 0.03558333 -0.01972863 0.38039216 0.78823529 0.52549020
v 0.00345757 0.03708217 -0.01931003 0.38039216 0.78823529 0.52549020
v 0.00434474 0.03705028 -0.01928495 0.38039216 0.78823529 0.52549020
v 0.00523191 0.03647227 -0.01956603 0.38039216 0.78823529 0.52549020
v 0.00937865 0.03429177 -0.02007025 0.38039216 0.78823529 0.52549020
v 0.00996877 0.03421205 -0.02005901 0.38039216 0.78823529 0.52549020
v 0.01055494 0.03413631 -0.02004690 0.38039216 0.78823529 0.52549020
v 0.01144211 0.03402868 -0.02002701 0.38039216 0.78823529 0.52549020
v 0.00053466 0.03807076 -0.01855672 0.38039216 0.78823529 0.52549020
v 0.00080002 0.03807475 -0.01855845 0.38039216 0.78823529 0.52549020
v 0.00168719 0.03807076 -0.01854548 0.38039216 0.78823529 0.52549020
v 0.00257436 0.03804685 -0.01851867 0.38039216 0.78823529 0.52549020
v 0.00257436 0.03755654 -0.01896148 0.38039216 0.78823529 0.52549020
v 0.03328078 0.01587916 -0.02010917 0.38039216 0.78823529 0.52549020
v 0.03091631 0.01956647 -0.02013512 0.38039216 0.78823529 0.52549020
v 0.03157376 0.01873732 -0.02011609 0.38039216 0.78823529 0.52549020
v 0.03142326 0.01923162 -0.02007803 0.38039216 0.78823529 0.52549020
v 0.03219162 0.01819519 -0.02003998 0.38039216 0.78823529 0.52549020
v 0.03299165 0.01696343 -0.01999068 0.38039216 0.78823529 0.52549020
v 0.03312632 0.01647312 -0.02005468 0.38039216 0.78823529 0.52549020
v 0.03401744 0.01469922 -0.02005468 0.38039216 0.78823529 0.52549020
v 0.03552247 0.01164573 -0.01989814 0.38039216 0.78823529 0.52549020
v 0.03578783 0.01022263 -0.02005295 0.38039216 0.78823529 0.52549020
v 0.03485709 0.01282567 -0.02003220 0.38039216 0.78823529 0.52549020
v 0.03532444 0.01253069 -0.01981684 0.38039216 0.78823529 0.52549020
v 0.03593833 0.00898290 -0.02011609 0.38039216 0.78823529 0.52549020
v 0.03659975 0.00720901 -0.02001836 0.38039216 0.78823529 0.52549020
v 0.03666708 0.00654729 -0.02004863 0.38039216 0.78823529 0.52549020
v 0.03604526 0.00809795 -0.02014809 0.38039216 0.78823529 0.52549020
v 0.03615616 0.00720901 -0.02017663 0.38039216 0.78823529 0.52549020
v 0.03626706 0.00543511 -0.02024668 0.38039216 0.78823529 0.52549020
v 0.03626706 0.00455016 -0.02028474 0.38039216 0.78823529 0.52549020
v 0.03688095 0.00366521 -0.02014117 0.38039216 0.78823529 0.52549020
v 0.01232928 0.03390909 -0.01998809 0.38039216 0.78823529 0.52549020
v 0.01318477 0.03373369 -0.01994398 0.38039216 0.78823529 0.52549020
v 0.01409966 0.03380943 -0.01979522 0.38039216 0.78823529 0.52549020
v 0.01676514 0.03199568 -0.01997338 0.38039216 0.78823529 0.52549020
v 0.01587401 0.03226674 -0.02002441 0.38039216 0.78823529 0.52549020
v 0.01587401 0.03292448 -0.01984192 0.38039216 0.78823529 0.52549020
v 0.01818699 0.03075595 -0.02007544 0.38039216 0.78823529 0.52549020
v 0.02095147 0.02904982 -0.02008668 0.38039216 0.78823529 0.52549020
v 0.02207628 0.02826054 -0.02009966 0.38039216 0.78823529 0.52549020
v 0.02365259 0.02731978 -0.02009187 0.38039216 0.78823529 0.52549020
v 0.02521307 0.02629929 -0.02007198 0.38039216 0.78823529 0.52549020
v 0.02424668 0.02712046 -0.02005814 0.38039216 0.78823529 0.52549020
v 0.02789834 0.02366835 -0.02007890 0.38039216 0.78823529 0.52549020
v 0.02877759 0.02278738 -0.02008063 0.38039216 0.78823529 0.52549020
v 0.02700325 0.02454533 -0.02007717 0.38039216 0.78823529 0.52549020
v 0.02610816 0.02542629 -0.02007458 0.38039216 0.78823529 0.52549020
v 0.02962120 0.02184662 -0.02006679 0.38039216 0.78823529 0.52549020
v 0.03772455 -0.00031310 -0.01977792 0.38039216 0.78823529 0.52549020
v 0.03808101 -0.00031310 -0.01951760 0.38039216 0.78823529 0.52549020
v 0.03739979 0.00189131 -0.01995695 0.38039216 0.78823529 0.52549020
v 0.03737206 0.00277627 -0.01994398 0.38039216 0.78823529 0.52549020
v 0.03802556 0.00100238 -0.01952538 0.38039216 0.78823529 0.52549020
v 0.04012467 -0.00031310 -0.01705617 0.38039216 0.78823529 0.52549020
v 0.03970485 -0.00031310 -0.01784753 0.38039216 0.78823529 0.52549020
v 0.03970881 0.00011742 -0.01784753 0.38039216 0.78823529 0.52549020
v 0.03953454 0.00455016 -0.01765379 0.38039216 0.78823529 0.52549020
v 0.03948701 0.00543511 -0.01758115 0.38039216 0.78823529 0.52549020
v 0.03942364 0.00614069 -0.01748860 0.38039216 0.78823529 0.52549020
v 0.03936423 0.00673464 -0.01738741 0.38039216 0.78823529 0.52549020
v 0.03887312 0.00987184 -0.01696103 0.38039216 0.78823529 0.52549020
v 0.03864737 0.01073686 -0.01696882 0.38039216 0.78823529 0.52549020
v 0.03855628 0.01139061 -0.01667908 0.38039216 0.78823529 0.52549020
v 0.03844142 0.01198058 -0.01628903 0.38039216 0.78823529 0.52549020
v 0.03860776 0.01166965 -0.01602610 0.38039216 0.78823529 0.52549020
v 0.03758593 0.01471915 -0.01557464 0.38039216 0.78823529 0.52549020
v 0.03763742 0.01484672 -0.01498393 0.38039216 0.78823529 0.52549020
v 0.03769287 0.01498623 -0.01430068 0.38039216 0.78823529 0.52549020
v 0.03774040 0.01523338 -0.01338651 0.38039216 0.78823529 0.52549020
v 0.03786317 0.01519352 -0.01252769 0.38039216 0.78823529 0.52549020
v 0.03793843 0.01519352 -0.01165849 0.38039216 0.78823529 0.52549020
v 0.00700626 0.03864877 -0.01732255 0.38039216 0.78823529 0.52549020
v 0.00523191 0.03875242 -0.01749639 0.38039216 0.78823529 0.52549020
v 0.00434474 0.03908328 -0.01696103 0.38039216 0.78823529 0.52549020
v 0.00345757 0.03914706 -0.01696103 0.38039216 0.78823529 0.52549020
v 0.00257436 0.03920685 -0.01696103 0.38039216 0.78823529 0.52549020
v 0.00168719 0.03922679 -0.01696103 0.38039216 0.78823529 0.52549020
v 0.00080002 0.03885606 -0.01764774 0.38039216 0.78823529 0.52549020
v 0.00053466 0.03884410 -0.01763563 0.38039216 0.78823529 0.52549020
v 0.01418284 0.03802691 -0.01165849 0.38039216 0.78823529 0.52549020
v 0.01402045 0.03797111 -0.01252769 0.38039216 0.78823529 0.52549020
v 0.01386995 0.03789936 -0.01341419 0.38039216 0.78823529 0.52549020
v 0.01374717 0.03784355 -0.01404381 0.38039216 0.78823529 0.52549020
v 0.01359271 0.03777578 -0.01463539 0.38039216 0.78823529 0.52549020
v 0.00873703 0.03878830 -0.01604427 0.38039216 0.78823529 0.52549020
v 0.01338676 0.03770801 -0.01518804 0.38039216 0.78823529 0.52549020
v 0.01312536 0.03756849 -0.01598805 0.38039216 0.78823529 0.52549020
v 0.01232928 0.03771997 -0.01627865 0.38039216 0.78823529 0.52549020
v 0.01185401 0.03779173 -0.01649140 0.38039216 0.78823529 0.52549020
v 0.00841622 0.03870857 -0.01656665 0.38039216 0.78823529 0.52549020
v 0.00789343 0.03857304 -0.01716860 0.38039216 0.78823529 0.52549020
v 0.01055494 0.03469837 -0.01990765 0.38039216 0.78823529 0.52549020
v 0.00967173 0.03463061 -0.01999068 0.38039216 0.78823529 0.52549020
v 0.00878060 0.03625701 -0.01934376 0.38039216 0.78823529 0.52549020
v 0.00966777 0.03558333 -0.01963954 0.38039216 0.78823529 0.52549020
v 0.01144211 0.03469837 -0.01982203 0.38039216 0.78823529 0.52549020
v 0.00523191 0.03700244 -0.01924603 0.38039216 0.78823529 0.52549020
v 0.00345757 0.03752863 -0.01893294 0.38039216 0.78823529 0.52549020
v 0.00434474 0.03749674 -0.01890181 0.38039216 0.78823529 0.52549020
v 0.00523191 0.03744890 -0.01886548 0.38039216 0.78823529 0.52549020
v 0.00053466 0.03851324 -0.01807931 0.38039216 0.78823529 0.52549020
v 0.00080002 0.03851723 -0.01809056 0.38039216 0.78823529 0.52549020
v 0.00168719 0.03851324 -0.01809747 0.38039216 0.78823529 0.52549020
v 0.00257436 0.03848932 -0.01807153 0.38039216 0.78823529 0.52549020
v 0.00345757 0.03801496 -0.01849013 0.38039216 0.78823529 0.52549020
v 0.03176387 0.01956647 -0.01980041 0.38039216 0.78823529 0.52549020
v 0.03201735 0.01873732 -0.01995609 0.38039216 0.78823529 0.52549020
v 0.03269461 0.01788027 -0.01988171 0.38039216 0.78823529 0.52549020
v 0.03358970 0.01613827 -0.01990247 0.38039216 0.78823529 0.52549020
v 0.03389467 0.01519352 -0.01999674 0.38039216 0.78823529 0.52549020
v 0.03446499 0.01436438 -0.01988257 0.38039216 0.78823529 0.52549020
v 0.03473035 0.01341963 -0.01996214 0.38039216 0.78823529 0.52549020
v 0.03617200 0.01164573 -0.01945533 0.38039216 0.78823529 0.52549020
v 0.03635023 0.01082855 -0.01952538 0.38039216 0.78823529 0.52549020
v 0.03620765 0.00990772 -0.01983673 0.38039216 0.78823529 0.52549020
v 0.03638191 0.00898290 -0.01987998 0.38039216 0.78823529 0.52549020
v 0.03648885 0.00809795 -0.01995695 0.38039216 0.78823529 0.52549020
v 0.03449272 0.01519352 -0.01963954 0.38039216 0.78823529 0.52549020
v 0.03521750 0.01430458 -0.01940084 0.38039216 0.78823529 0.52549020
v 0.03543929 0.01343557 -0.01948733 0.38039216 0.78823529 0.52549020
v 0.03600962 0.01253069 -0.01933511 0.38039216 0.78823529 0.52549020
v 0.03715423 0.00720901 -0.01962830 0.38039216 0.78823529 0.52549020
v 0.03707106 0.00628021 -0.01980560 0.38039216 0.78823529 0.52549020
v 0.03719780 0.00543511 -0.01981944 0.38039216 0.78823529 0.52549020
v 0.03726117 0.00455016 -0.01987046 0.38039216 0.78823529 0.52549020
v 0.03732454 0.00366521 -0.01991544 0.38039216 0.78823529 0.52549020
v 0.03671856 0.00595732 -0.02006939 0.38039216 0.78823529 0.52549020
v 0.03633043 0.00628021 -0.02017923 0.38039216 0.78823529 0.52549020
v 0.03681758 0.00455016 -0.02011695 0.38039216 0.78823529 0.52549020
v 0.01498683 0.03380943 -0.01962830 0.38039216 0.78823529 0.52549020
v 0.01232928 0.03469837 -0.01969836 0.38039216 0.78823529 0.52549020
v 0.01764835 0.03203554 -0.01981684 0.38039216 0.78823529 0.52549020
v 0.01850383 0.03109079 -0.01995263 0.38039216 0.78823529 0.52549020
v 0.01989004 0.02983113 -0.02006766 0.38039216 0.78823529 0.52549020
v 0.01676118 0.03292448 -0.01965771 0.38039216 0.78823529 0.52549020
v 0.02260700 0.02809710 -0.02007371 0.38039216 0.78823529 0.52549020
v 0.02580319 0.02601626 -0.01999068 0.38039216 0.78823529 0.52549020
v 0.02670224 0.02513928 -0.01999501 0.38039216 0.78823529 0.52549020
v 0.02473780 0.02692912 -0.01999414 0.38039216 0.78823529 0.52549020
v 0.02319713 0.02790974 -0.02003825 0.38039216 0.78823529 0.52549020
v 0.02391003 0.02761077 -0.01997511 0.38039216 0.78823529 0.52549020
v 0.02759338 0.02425831 -0.01999587 0.38039216 0.78823529 0.52549020
v 0.02936772 0.02244057 -0.01996387 0.38039216 0.78823529 0.52549020
v 0.02848847 0.02337735 -0.01999068 0.38039216 0.78823529 0.52549020
v 0.03019944 0.02139617 -0.01993792 0.38039216 0.78823529 0.52549020
v 0.02997369 0.02219741 -0.01976495 0.38039216 0.78823529 0.52549020
v 0.03832656 -0.00031310 -0.01933165 0.38039216 0.78823529 0.52549020
v 0.03812853 0.00017722 -0.01947003 0.38039216 0.78823529 0.52549020
v 0.03800180 0.00189131 -0.01951327 0.38039216 0.78823529 0.52549020
v 0.03797407 0.00277627 -0.01950030 0.38039216 0.78823529 0.52549020
v 0.03793446 0.00366521 -0.01947176 0.38039216 0.78823529 0.52549020
v 0.03849687 -0.00007791 -0.01918808 0.38039216 0.78823529 0.52549020
v 0.03939592 -0.00031310 -0.01831715 0.38039216 0.78823529 0.52549020
v 0.03939196 0.00011742 -0.01831369 0.38039216 0.78823529 0.52549020
v 0.03937612 0.00061571 -0.01829553 0.38039216 0.78823529 0.52549020
v 0.03960583 0.00094657 -0.01792104 0.38039216 0.78823529 0.52549020
v 0.03921373 0.00455016 -0.01809661 0.38039216 0.78823529 0.52549020
v 0.03935236 0.00120568 -0.01826612 0.38039216 0.78823529 0.52549020
v 0.03915829 0.00543511 -0.01802483 0.38039216 0.78823529 0.52549020
v 0.03850875 0.00777905 -0.01832061 0.38039216 0.78823529 0.52549020
v 0.03844538 0.00836901 -0.01824104 0.38039216 0.78823529 0.52549020
v 0.03873450 0.00808200 -0.01790634 0.38039216 0.78823529 0.52549020
v 0.03868301 0.00898290 -0.01770482 0.38039216 0.78823529 0.52549020
v 0.03858796 0.00987184 -0.01756558 0.38039216 0.78823529 0.52549020
v 0.03852063 0.01042992 -0.01746352 0.38039216 0.78823529 0.52549020
v 0.03841766 0.01101989 -0.01727066 0.38039216 0.78823529 0.52549020
v 0.03760970 0.01301303 -0.01742720 0.38039216 0.78823529 0.52549020
v 0.03749880 0.01360698 -0.01717984 0.38039216 0.78823529 0.52549020
v 0.03770871 0.01335186 -0.01691519 0.38039216 0.78823529 0.52549020
v 0.03762554 0.01393386 -0.01658914 0.38039216 0.78823529 0.52549020
v 0.03752652 0.01455970 -0.01607454 0.38039216 0.78823529 0.52549020
v 0.03726909 0.01519352 -0.01607454 0.38039216 0.78823529 0.52549020
v 0.03745919 0.01516163 -0.01524253 0.38039216 0.78823529 0.52549020
v 0.03751068 0.01543270 -0.01430068 0.38039216 0.78823529 0.52549020
v 0.03756613 0.01556026 -0.01366414 0.38039216 0.78823529 0.52549020
v 0.03761366 0.01566789 -0.01307343 0.38039216 0.78823529 0.52549020
v 0.03764138 0.01572370 -0.01252769 0.38039216 0.78823529 0.52549020
v 0.03768099 0.01579944 -0.01165849 0.38039216 0.78823529 0.52549020
v 0.00789343 0.03813056 -0.01778353 0.38039216 0.78823529 0.52549020
v 0.00708151 0.03815049 -0.01793315 0.38039216 0.78823529 0.52549020
v 0.00434474 0.03878431 -0.01754396 0.38039216 0.78823529 0.52549020
v 0.00683595 0.03784753 -0.01833532 0.38039216 0.78823529 0.52549020
v 0.00523191 0.03838169 -0.01793920 0.38039216 0.78823529 0.52549020
v 0.00434474 0.03842156 -0.01798764 0.38039216 0.78823529 0.52549020
v 0.00345757 0.03846142 -0.01802569 0.38039216 0.78823529 0.52549020
v 0.00257436 0.03884410 -0.01762785 0.38039216 0.78823529 0.52549020
v 0.00168719 0.03886403 -0.01765379 0.38039216 0.78823529 0.52549020
v 0.01857512 0.03617728 -0.01165849 0.38039216 0.78823529 0.52549020
v 0.01891970 0.03600189 -0.01188077 0.38039216 0.78823529 0.52549020
v 0.01811966 0.03604175 -0.01393657 0.38039216 0.78823529 0.52549020
v 0.01799292 0.03598594 -0.01452728 0.38039216 0.78823529 0.52549020
v 0.01780281 0.03590621 -0.01518804 0.38039216 0.78823529 0.52549020
v 0.01721664 0.03602979 -0.01564729 0.38039216 0.78823529 0.52549020
v 0.01416303 0.03713399 -0.01612383 0.38039216 0.78823529 0.52549020
v 0.01449968 0.03689481 -0.01645335 0.38039216 0.78823529 0.52549020
v 0.01390559 0.03701839 -0.01670330 0.38039216 0.78823529 0.52549020
v 0.01320061 0.03712203 -0.01698352 0.38039216 0.78823529 0.52549020
v 0.01232928 0.03740904 -0.01696103 0.38039216 0.78823529 0.52549020
v 0.01289565 0.03695859 -0.01746612 0.38039216 0.78823529 0.52549020
v 0.01232928 0.03704230 -0.01758028 0.38039216 0.78823529 0.52549020
v 0.00878060 0.03799104 -0.01765033 0.38039216 0.78823529 0.52549020
v 0.00966777 0.03616134 -0.01928408 0.38039216 0.78823529 0.52549020
v 0.00590917 0.03695461 -0.01920711 0.38039216 0.78823529 0.52549020
v 0.00649930 0.03690279 -0.01916905 0.38039216 0.78823529 0.52549020
v 0.00789343 0.03677522 -0.01906959 0.38039216 0.78823529 0.52549020
v 0.01144211 0.03547171 -0.01941641 0.38039216 0.78823529 0.52549020
v 0.00617057 0.03729344 -0.01888883 0.38039216 0.78823529 0.52549020
v 0.00434474 0.03797908 -0.01845899 0.38039216 0.78823529 0.52549020
v 0.00523191 0.03793922 -0.01842180 0.38039216 0.78823529 0.52549020
v 0.00611908 0.03789138 -0.01837942 0.38039216 0.78823529 0.52549020
v 0.03278570 0.01878914 -0.01950808 0.38039216 0.78823529 0.52549020
v 0.03101136 0.02145198 -0.01950116 0.38039216 0.78823529 0.52549020
v 0.03184704 0.02048331 -0.01941122 0.38039216 0.78823529 0.52549020
v 0.03252034 0.01962626 -0.01934808 0.38039216 0.78823529 0.52549020
v 0.03347088 0.01785237 -0.01941122 0.38039216 0.78823529 0.52549020
v 0.03449272 0.01600274 -0.01938181 0.38039216 0.78823529 0.52549020
v 0.03368872 0.01704315 -0.01954268 0.38039216 0.78823529 0.52549020
v 0.03670272 0.01117535 -0.01916905 0.38039216 0.78823529 0.52549020
v 0.03680174 0.01058140 -0.01925381 0.38039216 0.78823529 0.52549020
v 0.03691263 0.00987184 -0.01934549 0.38039216 0.78823529 0.52549020
v 0.03702749 0.00898290 -0.01943716 0.38039216 0.78823529 0.52549020
v 0.03494818 0.01565593 -0.01918635 0.38039216 0.78823529 0.52549020
v 0.03503928 0.01519352 -0.01926332 0.38039216 0.78823529 0.52549020
v 0.03589080 0.01314856 -0.01923824 0.38039216 0.78823529 0.52549020
v 0.03774832 0.00632406 -0.01930916 0.38039216 0.78823529 0.52549020
v 0.03782753 0.00543511 -0.01937576 0.38039216 0.78823529 0.52549020
v 0.03721364 0.00803815 -0.01945187 0.38039216 0.78823529 0.52549020
v 0.03788694 0.00455016 -0.01942765 0.38039216 0.78823529 0.52549020
v 0.03675421 0.00543511 -0.02008755 0.38039216 0.78823529 0.52549020
v 0.01583440 0.03384132 -0.01940257 0.38039216 0.78823529 0.52549020
v 0.01409966 0.03458676 -0.01939392 0.38039216 0.78823529 0.52549020
v 0.01232928 0.03533618 -0.01933165 0.38039216 0.78823529 0.52549020
v 0.01327586 0.03477411 -0.01945965 0.38039216 0.78823529 0.52549020
v 0.01853552 0.03203554 -0.01961446 0.38039216 0.78823529 0.52549020
v 0.01942269 0.03115059 -0.01977014 0.38039216 0.78823529 0.52549020
v 0.02023461 0.03018192 -0.01992322 0.38039216 0.78823529 0.52549020
v 0.02048017 0.02963979 -0.02003047 0.38039216 0.78823529 0.52549020
v 0.02154556 0.02887442 -0.02005468 0.38039216 0.78823529 0.52549020
v 0.01676118 0.03356627 -0.01931608 0.38039216 0.78823529 0.52549020
v 0.01763647 0.03296036 -0.01940430 0.38039216 0.78823529 0.52549020
v 0.02555367 0.02664211 -0.01983760 0.38039216 0.78823529 0.52549020
v 0.02644877 0.02576513 -0.01985749 0.38039216 0.78823529 0.52549020
v 0.02733990 0.02488416 -0.01986701 0.38039216 0.78823529 0.52549020
v 0.02473780 0.02760280 -0.01973468 0.38039216 0.78823529 0.52549020
v 0.02207628 0.02870301 -0.02001922 0.38039216 0.78823529 0.52549020
v 0.02207628 0.02937670 -0.01980906 0.38039216 0.78823529 0.52549020
v 0.02292781 0.02843195 -0.01992928 0.38039216 0.78823529 0.52549020
v 0.02385062 0.02848775 -0.01964473 0.38039216 0.78823529 0.52549020
v 0.02911424 0.02311824 -0.01982290 0.38039216 0.78823529 0.52549020
v 0.02823103 0.02399921 -0.01985576 0.38039216 0.78823529 0.52549020
v 0.03003310 0.02311425 -0.01935327 0.38039216 0.78823529 0.52549020
v 0.03073016 0.02228112 -0.01932213 0.38039216 0.78823529 0.52549020
v 0.03850083 -0.00031310 -0.01919240 0.38039216 0.78823529 0.52549020
v 0.03841766 0.00277627 -0.01911630 0.38039216 0.78823529 0.52549020
v 0.03844538 0.00189131 -0.01914224 0.38039216 0.78823529 0.52549020
v 0.03846914 0.00100238 -0.01916386 0.38039216 0.78823529 0.52549020
v 0.03848102 0.00051206 -0.01917597 0.38039216 0.78823529 0.52549020
v 0.03837805 0.00366521 -0.01907824 0.38039216 0.78823529 0.52549020
v 0.03884540 0.00017722 -0.01884040 0.38039216 0.78823529 0.52549020
v 0.03890085 -0.00031310 -0.01880148 0.38039216 0.78823529 0.52549020
v 0.03865133 -0.00031310 -0.01904538 0.38039216 0.78823529 0.52549020
v 0.03880579 0.00366521 -0.01863543 0.38039216 0.78823529 0.52549020
v 0.03877015 0.00455016 -0.01858440 0.38039216 0.78823529 0.52549020
v 0.03871470 0.00543511 -0.01852472 0.38039216 0.78823529 0.52549020
v 0.03864341 0.00632406 -0.01845813 0.38039216 0.78823529 0.52549020
v 0.03856420 0.00720901 -0.01838029 0.38039216 0.78823529 0.52549020
v 0.03754633 0.00829328 -0.01913359 0.38039216 0.78823529 0.52549020
v 0.03747108 0.00898290 -0.01906267 0.38039216 0.78823529 0.52549020
v 0.03792654 0.00898290 -0.01861899 0.38039216 0.78823529 0.52549020
v 0.03781961 0.00987184 -0.01851780 0.38039216 0.78823529 0.52549020
v 0.03810081 0.00720901 -0.01882397 0.38039216 0.78823529 0.52549020
v 0.03837013 0.00898290 -0.01814850 0.38039216 0.78823529 0.52549020
v 0.03826319 0.00987184 -0.01800926 0.38039216 0.78823529 0.52549020
v 0.03761366 0.01124711 -0.01830764 0.38039216 0.78823529 0.52549020
v 0.03781565 0.01158195 -0.01786655 0.38039216 0.78823529 0.52549020
v 0.03769683 0.01253069 -0.01755606 0.38039216 0.78823529 0.52549020
v 0.03668688 0.01380231 -0.01826612 0.38039216 0.78823529 0.52549020
v 0.03692055 0.01430458 -0.01769531 0.38039216 0.78823529 0.52549020
v 0.03679382 0.01494239 -0.01752147 0.38039216 0.78823529 0.52549020
v 0.03665916 0.01553236 -0.01731044 0.38039216 0.78823529 0.52549020
v 0.03694036 0.01521744 -0.01699303 0.38039216 0.78823529 0.52549020
v 0.03736018 0.01426073 -0.01691519 0.38039216 0.78823529 0.52549020
v 0.03680174 0.01581937 -0.01671973 0.38039216 0.78823529 0.52549020
v 0.03665124 0.01640934 -0.01622675 0.38039216 0.78823529 0.52549020
v 0.03686115 0.01609841 -0.01598891 0.38039216 0.78823529 0.52549020
v 0.03703145 0.01607847 -0.01518804 0.38039216 0.78823529 0.52549020
v 0.03528483 0.01962626 -0.01518804 0.38039216 0.78823529 0.52549020
v 0.03543137 0.01962626 -0.01430068 0.38039216 0.78823529 0.52549020
v 0.03568485 0.01972193 -0.01165849 0.38039216 0.78823529 0.52549020
v 0.00789343 0.03773990 -0.01822634 0.38039216 0.78823529 0.52549020
v 0.00742608 0.03779571 -0.01828688 0.38039216 0.78823529 0.52549020
v 0.01097476 0.03690677 -0.01828342 0.38039216 0.78823529 0.52549020
v 0.00708151 0.03744492 -0.01863716 0.38039216 0.78823529 0.52549020
v 0.01865038 0.03614539 -0.01165849 0.38039216 0.78823529 0.52549020
v 0.01926427 0.03582251 -0.01165849 0.38039216 0.78823529 0.52549020
v 0.02337535 0.03334703 -0.01193871 0.38039216 0.78823529 0.52549020
v 0.02330010 0.03330318 -0.01252769 0.38039216 0.78823529 0.52549020
v 0.02318128 0.03323541 -0.01341419 0.38039216 0.78823529 0.52549020
v 0.01942269 0.03559927 -0.01252769 0.38039216 0.78823529 0.52549020
v 0.01880880 0.03595405 -0.01252769 0.38039216 0.78823529 0.52549020
v 0.01865434 0.03587034 -0.01341419 0.38039216 0.78823529 0.52549020
v 0.01846423 0.03580656 -0.01425917 0.38039216 0.78823529 0.52549020
v 0.01853552 0.03556340 -0.01518804 0.38039216 0.78823529 0.52549020
v 0.01854344 0.03531625 -0.01604167 0.38039216 0.78823529 0.52549020
v 0.01756517 0.03578663 -0.01599497 0.38039216 0.78823529 0.52549020
v 0.01699881 0.03595006 -0.01623713 0.38039216 0.78823529 0.52549020
v 0.01640472 0.03606168 -0.01658568 0.38039216 0.78823529 0.52549020
v 0.01348973 0.03684698 -0.01729487 0.38039216 0.78823529 0.52549020
v 0.01672553 0.03577068 -0.01691260 0.38039216 0.78823529 0.52549020
v 0.01544230 0.03603378 -0.01741163 0.38039216 0.78823529 0.52549020
v 0.01232928 0.03667955 -0.01802310 0.38039216 0.78823529 0.52549020
v 0.01498683 0.03611749 -0.01752493 0.38039216 0.78823529 0.52549020
v 0.01498683 0.03575872 -0.01796774 0.38039216 0.78823529 0.52549020
v 0.01409966 0.03592615 -0.01817531 0.38039216 0.78823529 0.52549020
v 0.01362835 0.03601783 -0.01827823 0.38039216 0.78823529 0.52549020
v 0.01029750 0.03608161 -0.01922268 0.38039216 0.78823529 0.52549020
v 0.00878060 0.03669948 -0.01898916 0.38039216 0.78823529 0.52549020
v 0.00966777 0.03660381 -0.01889056 0.38039216 0.78823529 0.52549020
v 0.03328870 0.01852605 -0.01928149 0.38039216 0.78823529 0.52549020
v 0.03156188 0.02119685 -0.01929446 0.38039216 0.78823529 0.52549020
v 0.03234608 0.02017238 -0.01922959 0.38039216 0.78823529 0.52549020
v 0.03312632 0.01911602 -0.01914743 0.38039216 0.78823529 0.52549020
v 0.03419567 0.01679600 -0.01929359 0.38039216 0.78823529 0.52549020
v 0.03661559 0.01164573 -0.01909121 0.38039216 0.78823529 0.52549020
v 0.03769683 0.01075679 -0.01839067 0.38039216 0.78823529 0.52549020
v 0.03711858 0.01082855 -0.01889748 0.38039216 0.78823529 0.52549020
v 0.03735226 0.00987184 -0.01896148 0.38039216 0.78823529 0.52549020
v 0.03531652 0.01594294 -0.01866829 0.38039216 0.78823529 0.52549020
v 0.03582743 0.01563998 -0.01829380 0.38039216 0.78823529 0.52549020
v 0.03593437 0.01519352 -0.01840018 0.38039216 0.78823529 0.52549020
v 0.03566109 0.01430458 -0.01903067 0.38039216 0.78823529 0.52549020
v 0.03577595 0.01374252 -0.01913446 0.38039216 0.78823529 0.52549020
v 0.03403725 0.01738996 -0.01916905 0.38039216 0.78823529 0.52549020
v 0.03391447 0.01785237 -0.01906354 0.38039216 0.78823529 0.52549020
v 0.03406893 0.01922365 -0.01831023 0.38039216 0.78823529 0.52549020
v 0.03495214 0.01743780 -0.01830591 0.38039216 0.78823529 0.52549020
v 0.03645320 0.01253069 -0.01893900 0.38039216 0.78823529 0.52549020
v 0.03766118 0.00720901 -0.01923132 0.38039216 0.78823529 0.52549020
v 0.03819190 0.00632406 -0.01890181 0.38039216 0.78823529 0.52549020
v 0.03827111 0.00543511 -0.01896840 0.38039216 0.78823529 0.52549020
v 0.03833052 0.00455016 -0.01902808 0.38039216 0.78823529 0.52549020
v 0.01498683 0.03440339 -0.01928322 0.38039216 0.78823529 0.52549020
v 0.01302238 0.03522456 -0.01924603 0.38039216 0.78823529 0.52549020
v 0.01361647 0.03512491 -0.01916473 0.38039216 0.78823529 0.52549020
v 0.01088763 0.03599391 -0.01914916 0.38039216 0.78823529 0.52549020
v 0.01144211 0.03591419 -0.01907305 0.38039216 0.78823529 0.52549020
v 0.01937516 0.03204351 -0.01936797 0.38039216 0.78823529 0.52549020
v 0.02038511 0.03123031 -0.01947262 0.38039216 0.78823529 0.52549020
v 0.02119307 0.03026165 -0.01969230 0.38039216 0.78823529 0.52549020
v 0.02122476 0.02935676 -0.01998376 0.38039216 0.78823529 0.52549020
v 0.01551359 0.03429177 -0.01920365 0.38039216 0.78823529 0.52549020
v 0.01610768 0.03415624 -0.01910678 0.38039216 0.78823529 0.52549020
v 0.01733546 0.03343074 -0.01922440 0.38039216 0.78823529 0.52549020
v 0.01853552 0.03266537 -0.01929273 0.38039216 0.78823529 0.52549020
v 0.02560912 0.02759483 -0.01939046 0.38039216 0.78823529 0.52549020
v 0.02650818 0.02671785 -0.01941468 0.38039216 0.78823529 0.52549020
v 0.02740723 0.02584087 -0.01943197 0.38039216 0.78823529 0.52549020
v 0.02829836 0.02495193 -0.01943024 0.38039216 0.78823529 0.52549020
v 0.02468235 0.02846384 -0.01934203 0.38039216 0.78823529 0.52549020
v 0.02530416 0.02815291 -0.01924430 0.38039216 0.78823529 0.52549020
v 0.02302286 0.02944047 -0.01947608 0.38039216 0.78823529 0.52549020
v 0.02385062 0.02915346 -0.01930830 0.38039216 0.78823529 0.52549020
v 0.02916573 0.02403907 -0.01940516 0.38039216 0.78823529 0.52549020
v 0.03054797 0.02277941 -0.01920797 0.38039216 0.78823529 0.52549020
v 0.02971625 0.02373212 -0.01924516 0.38039216 0.78823529 0.52549020
v 0.03749880 0.01183708 -0.01817445 0.38039216 0.78823529 0.52549020
v 0.03679778 0.01321234 -0.01837510 0.38039216 0.78823529 0.52549020
v 0.03629082 0.01347544 -0.01875478 0.38039216 0.78823529 0.52549020
v 0.03657994 0.01430458 -0.01813899 0.38039216 0.78823529 0.52549020
v 0.03641360 0.01521744 -0.01782936 0.38039216 0.78823529 0.52549020
v 0.03568485 0.01623394 -0.01812775 0.38039216 0.78823529 0.52549020
v 0.03480560 0.01803175 -0.01812515 0.38039216 0.78823529 0.52549020
v 0.03591853 0.01670432 -0.01753617 0.38039216 0.78823529 0.52549020
v 0.03413230 0.02020028 -0.01753444 0.38039216 0.78823529 0.52549020
v 0.03486897 0.01905224 -0.01728363 0.38039216 0.78823529 0.52549020
v 0.03473035 0.01964619 -0.01697660 0.38039216 0.78823529 0.52549020
v 0.03502739 0.01936317 -0.01669206 0.38039216 0.78823529 0.52549020
v 0.03487293 0.01995314 -0.01627000 0.38039216 0.78823529 0.52549020
v 0.03509472 0.01964619 -0.01601486 0.38039216 0.78823529 0.52549020
v 0.03494818 0.02008468 -0.01567929 0.38039216 0.78823529 0.52549020
v 0.03500363 0.02016441 -0.01518804 0.38039216 0.78823529 0.52549020
v 0.03507888 0.02028400 -0.01430068 0.38039216 0.78823529 0.52549020
v 0.03513433 0.02037568 -0.01341419 0.38039216 0.78823529 0.52549020
v 0.03525711 0.02051121 -0.01165849 0.38039216 0.78823529 0.52549020
v 0.01038067 0.03698251 -0.01836040 0.38039216 0.78823529 0.52549020
v 0.00966777 0.03707420 -0.01844688 0.38039216 0.78823529 0.52549020
v 0.01303427 0.03611749 -0.01838548 0.38039216 0.78823529 0.52549020
v 0.01232928 0.03623708 -0.01850051 0.38039216 0.78823529 0.52549020
v 0.01232928 0.03577866 -0.01894419 0.38039216 0.78823529 0.52549020
v 0.01063415 0.03649619 -0.01875478 0.38039216 0.78823529 0.52549020
v 0.02303078 0.03356627 -0.01165849 0.38039216 0.78823529 0.52549020
v 0.02305059 0.03355431 -0.01165849 0.38039216 0.78823529 0.52549020
v 0.02375557 0.03309589 -0.01165849 0.38039216 0.78823529 0.52549020
v 0.02378329 0.03307596 -0.01165849 0.38039216 0.78823529 0.52549020
v 0.02385062 0.03289658 -0.01252769 0.38039216 0.78823529 0.52549020
v 0.02390211 0.03272915 -0.01332597 0.38039216 0.78823529 0.52549020
v 0.02293573 0.03318359 -0.01435863 0.38039216 0.78823529 0.52549020
v 0.01929595 0.03533618 -0.01430068 0.38039216 0.78823529 0.52549020
v 0.02369616 0.03270524 -0.01430068 0.38039216 0.78823529 0.52549020
v 0.01914149 0.03524051 -0.01518804 0.38039216 0.78823529 0.52549020
v 0.01903455 0.03517274 -0.01572426 0.38039216 0.78823529 0.52549020
v 0.01884444 0.03506511 -0.01631497 0.38039216 0.78823529 0.52549020
v 0.01825036 0.03522855 -0.01668514 0.38039216 0.78823529 0.52549020
v 0.01764043 0.03536010 -0.01697227 0.38039216 0.78823529 0.52549020
v 0.01792955 0.03506910 -0.01727585 0.38039216 0.78823529 0.52549020
v 0.01733546 0.03520065 -0.01748168 0.38039216 0.78823529 0.52549020
v 0.01676118 0.03532023 -0.01763650 0.38039216 0.78823529 0.52549020
v 0.01617897 0.03508504 -0.01822721 0.38039216 0.78823529 0.52549020
v 0.01558488 0.03520065 -0.01835780 0.38039216 0.78823529 0.52549020
v 0.01498683 0.03531625 -0.01847802 0.38039216 0.78823529 0.52549020
v 0.01409966 0.03548367 -0.01863975 0.38039216 0.78823529 0.52549020
v 0.03359366 0.01878914 -0.01890786 0.38039216 0.78823529 0.52549020
v 0.03135197 0.02178682 -0.01914916 0.38039216 0.78823529 0.52549020
v 0.03215201 0.02076235 -0.01908430 0.38039216 0.78823529 0.52549020
v 0.03296393 0.01962626 -0.01902635 0.38039216 0.78823529 0.52549020
v 0.03360951 0.01956248 -0.01853597 0.38039216 0.78823529 0.52549020
v 0.03331642 0.02027204 -0.01841488 0.38039216 0.78823529 0.52549020
v 0.03390655 0.01981362 -0.01812515 0.38039216 0.78823529 0.52549020
v 0.03424716 0.01956248 -0.01783715 0.38039216 0.78823529 0.52549020
v 0.01409966 0.03502924 -0.01908343 0.38039216 0.78823529 0.52549020
v 0.02014352 0.03175252 -0.01927976 0.38039216 0.78823529 0.52549020
v 0.02119307 0.03099114 -0.01934289 0.38039216 0.78823529 0.52549020
v 0.02206836 0.03027759 -0.01939997 0.38039216 0.78823529 0.52549020
v 0.01676118 0.03400875 -0.01898137 0.38039216 0.78823529 0.52549020
v 0.01498683 0.03484587 -0.01892170 0.38039216 0.78823529 0.52549020
v 0.01676118 0.03451501 -0.01853769 0.38039216 0.78823529 0.52549020
v 0.01792559 0.03327527 -0.01911370 0.38039216 0.78823529 0.52549020
v 0.01904643 0.03252187 -0.01920451 0.38039216 0.78823529 0.52549020
v 0.02621113 0.02729187 -0.01925727 0.38039216 0.78823529 0.52549020
v 0.02711811 0.02642685 -0.01927024 0.38039216 0.78823529 0.52549020
v 0.02801320 0.02555386 -0.01928235 0.38039216 0.78823529 0.52549020
v 0.02886868 0.02466093 -0.01926765 0.38039216 0.78823529 0.52549020
v 0.02434966 0.02897408 -0.01920538 0.38039216 0.78823529 0.52549020
v 0.02493978 0.02874288 -0.01903759 0.38039216 0.78823529 0.52549020
v 0.02566061 0.02851965 -0.01875651 0.38039216 0.78823529 0.52549020
v 0.02636163 0.02829641 -0.01847629 0.38039216 0.78823529 0.52549020
v 0.02695176 0.02804129 -0.01828775 0.38039216 0.78823529 0.52549020
v 0.02589429 0.02788184 -0.01906700 0.38039216 0.78823529 0.52549020
v 0.02680522 0.02701682 -0.01908516 0.38039216 0.78823529 0.52549020
v 0.02276146 0.02999457 -0.01928322 0.38039216 0.78823529 0.52549020
v 0.03030638 0.02337336 -0.01902375 0.38039216 0.78823529 0.52549020
v 0.03090839 0.02312223 -0.01870721 0.38039216 0.78823529 0.52549020
v 0.03149455 0.02287508 -0.01839067 0.38039216 0.78823529 0.52549020
v 0.03116978 0.02228112 -0.01900992 0.38039216 0.78823529 0.52549020
v 0.02860729 0.02525090 -0.01909035 0.38039216 0.78823529 0.52549020
v 0.02945881 0.02432210 -0.01906354 0.38039216 0.78823529 0.52549020
v 0.03362931 0.02053115 -0.01787866 0.38039216 0.78823529 0.52549020
v 0.03334811 0.02122476 -0.01763304 0.38039216 0.78823529 0.52549020
v 0.03314612 0.02181473 -0.01736406 0.38039216 0.78823529 0.52549020
v 0.03393823 0.02079025 -0.01718849 0.38039216 0.78823529 0.52549020
v 0.03426300 0.02049926 -0.01692038 0.38039216 0.78823529 0.52549020
v 0.03408874 0.02100153 -0.01659778 0.38039216 0.78823529 0.52549020
v 0.03463926 0.02043149 -0.01601486 0.38039216 0.78823529 0.52549020
v 0.03471055 0.02061087 -0.01518804 0.38039216 0.78823529 0.52549020
v 0.03478184 0.02072647 -0.01430068 0.38039216 0.78823529 0.52549020
v 0.03484521 0.02081816 -0.01341419 0.38039216 0.78823529 0.52549020
v 0.03489670 0.02089390 -0.01267818 0.38039216 0.78823529 0.52549020
v 0.03493630 0.02095369 -0.01208747 0.38039216 0.78823529 0.52549020
v 0.03513433 0.02056304 -0.01244034 0.38039216 0.78823529 0.52549020
v 0.03496007 0.02098558 -0.01165849 0.38039216 0.78823529 0.52549020
v 0.02439718 0.03257767 -0.01165849 0.38039216 0.78823529 0.52549020
v 0.02432985 0.03251389 -0.01252769 0.38039216 0.78823529 0.52549020
v 0.02429421 0.03248200 -0.01297137 0.38039216 0.78823529 0.52549020
v 0.02423480 0.03242620 -0.01356294 0.38039216 0.78823529 0.52549020
v 0.02355358 0.03258964 -0.01518804 0.38039216 0.78823529 0.52549020
v 0.02296345 0.03296036 -0.01518804 0.38039216 0.78823529 0.52549020
v 0.02709830 0.02993477 -0.01430068 0.38039216 0.78823529 0.52549020
v 0.02701117 0.02986701 -0.01493117 0.38039216 0.78823529 0.52549020
v 0.02692008 0.02979127 -0.01552188 0.38039216 0.78823529 0.52549020
v 0.02345456 0.03251389 -0.01571821 0.38039216 0.78823529 0.52549020
v 0.02219114 0.03317163 -0.01607454 0.38039216 0.78823529 0.52549020
v 0.02164062 0.03337094 -0.01652686 0.38039216 0.78823529 0.52549020
v 0.01940289 0.03445123 -0.01692644 0.38039216 0.78823529 0.52549020
v 0.01968805 0.03415225 -0.01719887 0.38039216 0.78823529 0.52549020
v 0.01854344 0.03491363 -0.01697227 0.38039216 0.78823529 0.52549020
v 0.01909792 0.03431968 -0.01749120 0.38039216 0.78823529 0.52549020
v 0.01853552 0.03447116 -0.01766936 0.38039216 0.78823529 0.52549020
v 0.01768399 0.03471432 -0.01787174 0.38039216 0.78823529 0.52549020
v 0.01676118 0.03495748 -0.01807931 0.38039216 0.78823529 0.52549020
v 0.01803252 0.03422401 -0.01826180 0.38039216 0.78823529 0.52549020
v 0.01743844 0.03436353 -0.01839586 0.38039216 0.78823529 0.52549020
v 0.03184704 0.02145198 -0.01893900 0.38039216 0.78823529 0.52549020
v 0.03246886 0.02139617 -0.01845726 0.38039216 0.78823529 0.52549020
v 0.03230251 0.02186655 -0.01831023 0.38039216 0.78823529 0.52549020
v 0.03310255 0.02086201 -0.01822375 0.38039216 0.78823529 0.52549020
v 0.02073364 0.03158111 -0.01916992 0.38039216 0.78823529 0.52549020
v 0.02176736 0.03079980 -0.01923824 0.38039216 0.78823529 0.52549020
v 0.01768399 0.03382937 -0.01875478 0.38039216 0.78823529 0.52549020
v 0.01853552 0.03364999 -0.01854115 0.38039216 0.78823529 0.52549020
v 0.01853552 0.03310785 -0.01898397 0.38039216 0.78823529 0.52549020
v 0.01963656 0.03234647 -0.01907824 0.38039216 0.78823529 0.52549020
v 0.02770823 0.02614781 -0.01909294 0.38039216 0.78823529 0.52549020
v 0.02470611 0.02935278 -0.01871672 0.38039216 0.78823529 0.52549020
v 0.02335555 0.02977931 -0.01915089 0.38039216 0.78823529 0.52549020
v 0.02252383 0.03159705 -0.01829207 0.38039216 0.78823529 0.52549020
v 0.02350209 0.03077588 -0.01834483 0.38039216 0.78823529 0.52549020
v 0.02542298 0.02913752 -0.01844602 0.38039216 0.78823529 0.52549020
v 0.02785082 0.02716830 -0.01829813 0.38039216 0.78823529 0.52549020
v 0.02739931 0.02738356 -0.01844861 0.38039216 0.78823529 0.52549020
v 0.02658343 0.02766658 -0.01878072 0.38039216 0.78823529 0.52549020
v 0.02601706 0.02888638 -0.01825142 0.38039216 0.78823529 0.52549020
v 0.02665472 0.02861133 -0.01797380 0.38039216 0.78823529 0.52549020
v 0.02694384 0.02892625 -0.01739087 0.38039216 0.78823529 0.52549020
v 0.03007666 0.02407495 -0.01874786 0.38039216 0.78823529 0.52549020
v 0.03067471 0.02382381 -0.01843305 0.38039216 0.78823529 0.52549020
v 0.03126880 0.02346504 -0.01816839 0.38039216 0.78823529 0.52549020
v 0.02959347 0.02535853 -0.01826785 0.38039216 0.78823529 0.52549020
v 0.02922910 0.02500773 -0.01878159 0.38039216 0.78823529 0.52549020
v 0.02984299 0.02476856 -0.01847196 0.38039216 0.78823529 0.52549020
v 0.03295205 0.02146792 -0.01789596 0.38039216 0.78823529 0.52549020
v 0.03151435 0.02379192 -0.01757769 0.38039216 0.78823529 0.52549020
v 0.03129256 0.02438189 -0.01720925 0.38039216 0.78823529 0.52549020
v 0.03143118 0.02455729 -0.01661854 0.38039216 0.78823529 0.52549020
v 0.03416795 0.02110916 -0.01607454 0.38039216 0.78823529 0.52549020
v 0.03152228 0.02469282 -0.01607454 0.38039216 0.78823529 0.52549020
v 0.03426696 0.02123672 -0.01518804 0.38039216 0.78823529 0.52549020
v 0.03144306 0.02544623 -0.01413030 0.38039216 0.78823529 0.52549020
v 0.03150643 0.02552196 -0.01341419 0.38039216 0.78823529 0.52549020
v 0.03156980 0.02560568 -0.01252769 0.38039216 0.78823529 0.52549020
v 0.03162129 0.02566547 -0.01165849 0.38039216 0.78823529 0.52549020
v 0.02778348 0.02976336 -0.01165849 0.38039216 0.78823529 0.52549020
v 0.02719336 0.03001450 -0.01341419 0.38039216 0.78823529 0.52549020
v 0.02763694 0.02962783 -0.01341419 0.38039216 0.78823529 0.52549020
v 0.02754189 0.02954412 -0.01430068 0.38039216 0.78823529 0.52549020
v 0.02791814 0.02901394 -0.01499690 0.38039216 0.78823529 0.52549020
v 0.02741911 0.02940460 -0.01525896 0.38039216 0.78823529 0.52549020
v 0.02782705 0.02891827 -0.01558761 0.38039216 0.78823529 0.52549020
v 0.02729633 0.02925711 -0.01607454 0.38039216 0.78823529 0.52549020
v 0.02680918 0.02969958 -0.01607454 0.38039216 0.78823529 0.52549020
v 0.02426253 0.03156516 -0.01643778 0.38039216 0.78823529 0.52549020
v 0.02328426 0.03239032 -0.01630805 0.38039216 0.78823529 0.52549020
v 0.02269413 0.03260159 -0.01676989 0.38039216 0.78823529 0.52549020
v 0.02297929 0.03270125 -0.01603821 0.38039216 0.78823529 0.52549020
v 0.02620321 0.02992281 -0.01670676 0.38039216 0.78823529 0.52549020
v 0.02138318 0.03321947 -0.01711844 0.38039216 0.78823529 0.52549020
v 0.02248422 0.03245809 -0.01736147 0.38039216 0.78823529 0.52549020
v 0.02079305 0.03339088 -0.01743585 0.38039216 0.78823529 0.52549020
v 0.02030986 0.03353040 -0.01760190 0.38039216 0.78823529 0.52549020
v 0.01943061 0.03381741 -0.01785877 0.38039216 0.78823529 0.52549020
v 0.01853552 0.03409645 -0.01811304 0.38039216 0.78823529 0.52549020
v 0.01916921 0.03347857 -0.01839240 0.38039216 0.78823529 0.52549020
v 0.02038511 0.03204351 -0.01897013 0.38039216 0.78823529 0.52549020
v 0.02116931 0.03205946 -0.01858613 0.38039216 0.78823529 0.52549020
v 0.02207628 0.03173258 -0.01840278 0.38039216 0.78823529 0.52549020
v 0.02119307 0.03143361 -0.01906094 0.38039216 0.78823529 0.52549020
v 0.02206836 0.03111870 -0.01886116 0.38039216 0.78823529 0.52549020
v 0.02235748 0.03058454 -0.01909294 0.38039216 0.78823529 0.52549020
v 0.01940289 0.03291252 -0.01873575 0.38039216 0.78823529 0.52549020
v 0.02030986 0.03270125 -0.01848061 0.38039216 0.78823529 0.52549020
v 0.02447244 0.02995869 -0.01839672 0.38039216 0.78823529 0.52549020
v 0.02086038 0.03254180 -0.01834742 0.38039216 0.78823529 0.52549020
v 0.02145447 0.03236640 -0.01818050 0.38039216 0.78823529 0.52549020
v 0.02214361 0.03222290 -0.01787001 0.38039216 0.78823529 0.52549020
v 0.02287632 0.03178440 -0.01779304 0.38039216 0.78823529 0.52549020
v 0.02311396 0.03136983 -0.01805250 0.38039216 0.78823529 0.52549020
v 0.02409222 0.03054866 -0.01813207 0.38039216 0.78823529 0.52549020
v 0.02506256 0.02972749 -0.01820126 0.38039216 0.78823529 0.52549020
v 0.02806073 0.02737160 -0.01784753 0.38039216 0.78823529 0.52549020
v 0.02871422 0.02714438 -0.01737531 0.38039216 0.78823529 0.52549020
v 0.02539525 0.02999457 -0.01761055 0.38039216 0.78823529 0.52549020
v 0.02443679 0.03081574 -0.01754050 0.38039216 0.78823529 0.52549020
v 0.02598934 0.02975539 -0.01729833 0.38039216 0.78823529 0.52549020
v 0.02657551 0.02942453 -0.01704925 0.38039216 0.78823529 0.52549020
v 0.02712603 0.02909766 -0.01680016 0.38039216 0.78823529 0.52549020
v 0.03043312 0.02441378 -0.01822375 0.38039216 0.78823529 0.52549020
v 0.03098364 0.02410285 -0.01790028 0.38039216 0.78823529 0.52549020
v 0.02984695 0.02564554 -0.01767715 0.38039216 0.78823529 0.52549020
v 0.03070243 0.02472471 -0.01763217 0.38039216 0.78823529 0.52549020
v 0.03044104 0.02531468 -0.01729401 0.38039216 0.78823529 0.52549020
v 0.03060342 0.02549406 -0.01670243 0.38039216 0.78823529 0.52549020
v 0.03118563 0.02513530 -0.01607454 0.38039216 0.78823529 0.52549020
v 0.03132821 0.02531069 -0.01518804 0.38039216 0.78823529 0.52549020
v 0.03138366 0.02537846 -0.01472101 0.38039216 0.78823529 0.52549020
v 0.02799340 0.02910164 -0.01430068 0.38039216 0.78823529 0.52549020
v 0.02806468 0.02918137 -0.01341419 0.38039216 0.78823529 0.52549020
v 0.03121731 0.02611193 -0.01165849 0.38039216 0.78823529 0.52549020
v 0.02779140 0.02975539 -0.01165849 0.38039216 0.78823529 0.52549020
v 0.02773596 0.02881861 -0.01607454 0.38039216 0.78823529 0.52549020
v 0.03074204 0.02562959 -0.01607454 0.38039216 0.78823529 0.52549020
v 0.02297929 0.03225877 -0.01702417 0.38039216 0.78823529 0.52549020
v 0.02364863 0.03178042 -0.01696103 0.38039216 0.78823529 0.52549020
v 0.02502692 0.03058454 -0.01717639 0.38039216 0.78823529 0.52549020
v 0.02409222 0.03143361 -0.01696103 0.38039216 0.78823529 0.52549020
v 0.02346645 0.03163691 -0.01746179 0.38039216 0.78823529 0.52549020
v 0.02189409 0.03262949 -0.01758893 0.38039216 0.78823529 0.52549020
v 0.01976330 0.03330318 -0.01822721 0.38039216 0.78823529 0.52549020
v 0.02377933 0.03109478 -0.01779650 0.38039216 0.78823529 0.52549020
v 0.02973605 0.02639496 -0.01675260 0.38039216 0.78823529 0.52549020
v 0.02958159 0.02623551 -0.01734331 0.38039216 0.78823529 0.52549020
f 2494 2495 2498
f 2494 2498 2502
f 2494 2502 2508
f 2494 2508 2513
f 2494 2513 2520
f 2494 2520 2519
f 2494 2519 2518
f 2494 2518 2534
f 2494 2534 2559
f 2494 2559 2600
f 2494 2600 2649
f 2494 2649 2724
f 2494 2724 2817
f 2494 2817 2818
f 2494 2818 2915
f 2494 2915 3021
f 2494 3021 3029
f 2494 3029 3028
f 2494 3028 2921
f 2494 2921 2823
f 2494 2823 2822
f 2494 2822 2731
f 2494 2731 2730
f 2494 2730 2729
f 2494 2729 2652
f 2494 2652 2603
f 2494 2603 2602
f 2494 2602 2560
f 2494 2560 2535
f 2494 2535 2521
f 2494 2521 2514
f 2494 2514 2509
f 2494 2509 2503
f 2494 2503 2499
f 2494 2499 2496
f 2494 2496 2500
f 2494 2500 2506
f 2494 2506 2511
f 2494 2511 2516
f 2494 2516 2526
f 2494 2526 2547
f 2494 2547 2576
f 2494 2576 2618
f 2494 2618 2676
f 2494 2676 2752
f 2494 2752 2847
f 2494 2847 2869
f 2494 2869 2775
f 2494 2775 2684
f 2494 2684 2623
f 2494 2623 2584
f 2494 2584 2577
f 2494 2577 2549
f 2494 2549 2548
f 2494 2548 2527
f 2494 2527 2517
f 2494 2517 2512
f 2494 2512 2507
f 2494 2507 2501
f 2494 2501 2497
f 2494 2497 2495
f 2495 2497 2498
f 2496 2499 2500
f 2497 2501 2502
f 2497 2502 2498
f 2499 2503 2504
f 2499 2504 2500
f 2500 2504 2505
f 2500 2505 2506
f 2501 2507 2508
f 2501 2508 2502
f 2503 2509 2510
f 2503 2510 2504
f 2504 2510 2505
f 2505 2510 2506
f 2506 2510 2509
f 2506 2509 2514
f 2506 2514 2522
f 2506 2522 2541
f 2506 2541 2567
f 2506 2567 2609
f 2506 2609 2664
f 2506 2664 2663
f 2506 2663 2746
f 2506 2746 2745
f 2506 2745 2839
f 2506 2839 2946
f 2506 2946 3057
f 2506 3057 3152
f 2506 3152 3228
f 2506 3228 3288
f 2506 3288 3344
f 2506 3344 3345
f 2506 3345 3289
f 2506 3289 3229
f 2506 3229 3162
f 2506 3162 3161
f 2506 3161 3160
f 2506 3160 3159
f 2506 3159 3063
f 2506 3063 3062
f 2506 3062 2956
f 2506 2956 2848
f 2506 2848 2754
f 2506 2754 2674
f 2506 2674 2617
f 2506 2617 2573
f 2506 2573 2572
f 2506 2572 2568
f 2506 2568 2542
f 2506 2542 2523
f 2506 2523 2515
f 2506 2515 2511
f 2507 2512 2513
f 2507 2513 2508
f 2511 2515 2516
f 2512 2517 2518
f 2512 2518 2519
f 2512 2519 2520
f 2512 2520 2513
f 2514 2521 2522
f 2515 2523 2524
f 2515 2524 2525
f 2515 2525 2516
f 2516 2525 2526
f 2517 2527 2528
f 2517 2528 2529
f 2517 2529 2530
f 2517 2530 2531
f 2517 2531 2532
f 2517 2532 2533
f 2517 2533 2518
f 2518 2533 2534
f 2521 2535 2536
f 2521 2536 2537
f 2521 2537 2538
f 2521 2538 2522
f 2522 2538 2539
f 2522 2539 2540
f 2522 2540 2541
f 2523 2542 2545
f 2523 2545 2524
f 2524 2543 2544
f 2524 2544 2525
f 2524 2545 2543
f 2525 2544 2570
f 2525 2570 2546
f 2525 2546 2547
f 2525 2547 2526
f 2527 2548 2528
f 2528 2548 2549
f 2528 2549 2529
f 2529 2550 2551
f 2529 2551 2552
f 2529 2552 2530
f 2529 2549 2553
f 2529 2553 2554
f 2529 2554 2550
f 2530 2552 2531
f 2531 2555 2556
f 2531 2556 2532
f 2531 2552 2557
f 2531 2557 2555
f 2532 2556 2594
f 2532 2594 2558
f 2532 2558 2533
f 2533 2558 2534
f 2534 2558 2559
f 2535 2560 2536
f 2536 2560 2602
f 2536 2602 2561
f 2536 2561 2538
f 2536 2538 2537
f 2538 2562 2563
f 2538 2563 2564
f 2538 2564 2565
f 2538 2565 2539
f 2538 2561 2562
f 2539 2565 2566
f 2539 2566 2567
f 2539 2567 2540
f 2540 2567 2541
f 2542 2568 2545
f 2543 2569 2570
f 2543 2570 2544
f 2543 2545 2571
f 2543 2571 2569
f 2545 2568 2572
f 2545 2572 2573
f 2545 2573 2574
f 2545 2574 2571
f 2546 2570 2611
f 2546 2611 2575
f 2546 2575 2547
f 2547 2575 2576
f 2549 2577 2553
f 2550 2554 2578
f 2550 2578 2579
f 2550 2579 2619
f 2550 2619 2580
f 2550 2580 2581
f 2550 2581 2582
f 2550 2582 2551
f 2551 2582 2583
f 2551 2583 2557
f 2551 2557 2552
f 2553 2577 2554
f 2554 2577 2584
f 2554 2584 2585
f 2554 2585 2586
f 2554 2586 2578
f 2555 2587 2588
f 2555 2588 2589
f 2555 2589 2556
f 2555 2557 2590
f 2555 2590 2591
f 2555 2591 2587
f 2556 2589 2592
f 2556 2592 2593
f 2556 2593 2594
f 2557 2583 2595
f 2557 2595 2596
f 2557 2596 2597
f 2557 2597 2598
f 2557 2598 2599
f 2557 2599 2590
f 2558 2594 2559
f 2559 2594 2601
f 2559 2601 2600
f 2561 2602 2603
f 2561 2603 2604
f 2561 2604 2562
f 2562 2605 2563
f 2562 2604 2605
f 2563 2605 2606
f 2563 2606 2607
f 2563 2607 2564
f 2564 2607 2565
f 2565 2607 2608
f 2565 2608 2566
f 2566 2609 2567
f 2566 2608 2609
f 2569 2571 2610
f 2569 2610 2611
f 2569 2611 2570
f 2571 2574 2573
f 2571 2573 2612
f 2571 2612 2613
f 2571 2613 2614
f 2571 2614 2615
f 2571 2615 2616
f 2571 2616 2610
f 2573 2617 2612
f 2575 2611 2618
f 2575 2618 2576
f 2578 2586 2579
f 2579 2586 2619
f 2580 2620 2621
f 2580 2621 2581
f 2580 2619 2620
f 2581 2621 2622
f 2581 2622 2595
f 2581 2595 2582
f 2582 2595 2583
f 2584 2623 2624
f 2584 2624 2585
f 2585 2624 2625
f 2585 2625 2586
f 2586 2625 2626
f 2586 2626 2619
f 2587 2627 2628
f 2587 2628 2629
f 2587 2629 2588
f 2587 2591 2627
f 2588 2629 2630
f 2588 2630 2631
f 2588 2631 2589
f 2589 2631 2632
f 2589 2632 2592
f 2590 2599 2591
f 2591 2599 2633
f 2591 2633 2627
f 2592 2632 2634
f 2592 2634 2635
f 2592 2635 2593
f 2593 2635 2636
f 2593 2636 2594
f 2594 2636 2601
f 2595 2622 2637
f 2595 2637 2596
f 2596 2637 2638
f 2596 2638 2639
f 2596 2639 2640
f 2596 2640 2641
f 2596 2641 2642
f 2596 2642 2643
f 2596 2643 2597
f 2597 2643 2644
f 2597 2644 2645
f 2597 2645 2646
f 2597 2646 2598
f 2598 2646 2647
f 2598 2647 2599
f 2599 2647 2648
f 2599 2648 2633
f 2600 2601 2649
f 2601 2636 2650
f 2601 2650 2651
f 2601 2651 2649
f 2603 2652 2604
f 2604 2652 2653
f 2604 2653 2654
f 2604 2654 2605
f 2605 2655 2656
f 2605 2656 2606
f 2605 2654 2655
f 2606 2656 2657
f 2606 2657 2658
f 2606 2658 2607
f 2607 2658 2659
f 2607 2659 2608
f 2608 2659 2660
f 2608 2660 2661
f 2608 2661 2662
f 2608 2662 2663
f 2608 2663 2664
f 2608 2664 2609
f 2610 2616 2665
f 2610 2665 2666
f 2610 2666 2611
f 2611 2666 2667
f 2611 2667 2668
f 2611 2668 2618
f 2612 2617 2669
f 2612 2669 2614
f 2612 2614 2613
f 2614 2669 2670
f 2614 2670 2671
f 2614 2671 2615
f 2615 2671 2672
f 2615 2672 2616
f 2616 2672 2673
f 2616 2673 2665
f 2617 2674 2675
f 2617 2675 2669
f 2618 2668 2676
f 2619 2677 2678
f 2619 2678 2620
f 2619 2626 2679
f 2619 2679 2680
f 2619 2680 2677
f 2620 2681 2682
f 2620 2682 2621
f 2620 2678 2681
f 2621 2682 2683
f 2621 2683 2622
f 2622 2683 2637
f 2623 2684 2685
f 2623 2685 2624
f 2624 2685 2625
f 2625 2685 2686
f 2625 2686 2687
f 2625 2687 2626
f 2626 2687 2679
f 2627 2688 2628
f 2627 2633 2689
f 2627 2689 2690
f 2627 2690 2691
f 2627 2691 2688
f 2628 2688 2629
f 2629 2688 2692
f 2629 2692 2693
f 2629 2693 2694
f 2629 2694 2695
f 2629 2695 2630
f 2630 2696 2697
f 2630 2697 2698
f 2630 2698 2699
f 2630 2699 2700
f 2630 2700 2631
f 2630 2695 2701
f 2630 2701 2696
f 2631 2700 2702
f 2631 2702 2703
f 2631 2703 2632
f 2632 2703 2634
f 2633 2648 2689
f 2634 2703 2704
f 2634 2704 2705
f 2634 2705 2650
f 2634 2650 2635
f 2635 2650 2636
f 2637 2683 2638
f 2638 2683 2706
f 2638 2706 2707
f 2638 2707 2639
f 2639 2707 2708
f 2639 2708 2709
f 2639 2709 2710
f 2639 2710 2711
f 2639 2711 2712
f 2639 2712 2713
f 2639 2713 2641
f 2639 2641 2640
f 2641 2713 2714
f 2641 2714 2715
f 2641 2715 2716
f 2641 2716 2642
f 2642 2716 2643
f 2643 2716 2644
f 2644 2716 2717
f 2644 2717 2718
f 2644 2718 2645
f 2645 2718 2646
f 2646 2719 2647
f 2646 2718 2720
f 2646 2720 2719
f 2647 2719 2721
f 2647 2721 2648
f 2648 2722 2723
f 2648 2723 2689
f 2648 2721 2722
f 2649 2651 2725
f 2649 2725 2724
f 2650 2726 2651
f 2650 2705 2727
f 2650 2727 2726
f 2651 2726 2728
f 2651 2728 2725
f 2652 2729 2653
f 2653 2729 2730
f 2653 2730 2731
f 2653 2731 2732
f 2653 2732 2654
f 2654 2732 2733
f 2654 2733 2655
f 2655 2733 2656
f 2656 2734 2657
f 2656 2733 2734
f 2657 2734 2735
f 2657 2735 2736
f 2657 2736 2737
f 2657 2737 2738
f 2657 2738 2739
f 2657 2739 2658
f 2658 2739 2659
f 2659 2739 2740
f 2659 2740 2741
f 2659 2741 2742
f 2659 2742 2660
f 2660 2742 2743
f 2660 2743 2661
f 2661 2743 2662
f 2662 2743 2744
f 2662 2744 2745
f 2662 2745 2746
f 2662 2746 2663
f 2665 2673 2666
f 2666 2673 2747
f 2666 2747 2748
f 2666 2748 2749
f 2666 2749 2750
f 2666 2750 2667
f 2667 2750 2751
f 2667 2751 2752
f 2667 2752 2753
f 2667 2753 2668
f 2668 2753 2676
f 2669 2675 2754
f 2669 2754 2755
f 2669 2755 2756
f 2669 2756 2670
f 2670 2756 2757
f 2670 2757 2671
f 2671 2758 2672
f 2671 2757 2759
f 2671 2759 2760
f 2671 2760 2758
f 2672 2758 2761
f 2672 2761 2673
f 2673 2761 2762
f 2673 2762 2763
f 2673 2763 2748
f 2673 2748 2747
f 2674 2754 2675
f 2676 2753 2752
f 2677 2680 2764
f 2677 2764 2765
f 2677 2765 2678
f 2678 2765 2766
f 2678 2766 2681
f 2679 2687 2680
f 2680 2767 2764
f 2680 2687 2768
f 2680 2768 2769
f 2680 2769 2770
f 2680 2770 2767
f 2681 2766 2682
f 2682 2766 2765
f 2682 2765 2771
f 2682 2771 2683
f 2683 2771 2772
f 2683 2772 2773
f 2683 2773 2774
f 2683 2774 2706
f 2684 2775 2776
f 2684 2776 2685
f 2685 2776 2777
f 2685 2777 2686
f 2686 2777 2778
f 2686 2778 2779
f 2686 2779 2768
f 2686 2768 2687
f 2688 2780 2692
f 2688 2691 2780
f 2689 2723 2781
f 2689 2781 2782
f 2689 2782 2690
f 2690 2782 2691
f 2691 2782 2783
f 2691 2783 2784
f 2691 2784 2785
f 2691 2785 2786
f 2691 2786 2780
f 2692 2780 2694
f 2692 2694 2693
f 2694 2780 2787
f 2694 2787 2696
f 2694 2696 2695
f 2695 2696 2701
f 2696 2788 2789
f 2696 2789 2697
f 2696 2787 2790
f 2696 2790 2791
f 2696 2791 2788
f 2697 2789 2698
f 2698 2792 2700
f 2698 2700 2699
f 2698 2789 2793
f 2698 2793 2794
f 2698 2794 2792
f 2700 2792 2795
f 2700 2795 2796
f 2700 2796 2702
f 2702 2796 2797
f 2702 2797 2798
f 2702 2798 2703
f 2703 2798 2704
f 2704 2798 2799
f 2704 2799 2727
f 2704 2727 2705
f 2706 2774 2707
f 2707 2774 2708
f 2708 2774 2800
f 2708 2800 2709
f 2709 2800 2801
f 2709 2801 2802
f 2709 2802 2710
f 2710 2803 2804
f 2710 2804 2711
f 2710 2802 2805
f 2710 2805 2803
f 2711 2804 2806
f 2711 2806 2712
f 2712 2806 2713
f 2713 2807 2808
f 2713 2808 2714
f 2713 2806 2807
f 2714 2808 2809
f 2714 2809 2715
f 2715 2809 2717
f 2715 2717 2716
f 2717 2810 2718
f 2717 2809 2811
f 2717 2811 2810
f 2718 2810 2720
f 2719 2812 2813
f 2719 2813 2721
f 2719 2720 2814
f 2719 2814 2812
f 2720 2810 2815
f 2720 2815 2814
f 2721 2813 2816
f 2721 2816 2722
f 2722 2816 2781
f 2722 2781 2723
f 2724 2725 2817
f 2725 2728 2818
f 2725 2818 2817
f 2726 2819 2728
f 2726 2727 2820
f 2726 2820 2819
f 2727 2799 2820
f 2728 2821 2818
f 2728 2819 2821
f 2731 2822 2732
f 2732 2822 2823
f 2732 2823 2824
f 2732 2824 2825
f 2732 2825 2733
f 2733 2825 2826
f 2733 2826 2734
f 2734 2826 2827
f 2734 2827 2828
f 2734 2828 2735
f 2735 2828 2829
f 2735 2829 2736
f 2736 2829 2737
f 2737 2829 2738
f 2738 2829 2830
f 2738 2830 2740
f 2738 2740 2739
f 2740 2830 2831
f 2740 2831 2832
f 2740 2832 2833
f 2740 2833 2741
f 2741 2833 2834
f 2741 2834 2835
f 2741 2835 2742
f 2742 2835 2836
f 2742 2836 2837
f 2742 2837 2743
f 2743 2837 2838
f 2743 2838 2744
f 2744 2838 2745
f 2745 2838 2839
f 2748 2763 2840
f 2748 2840 2841
f 2748 2841 2842
f 2748 2842 2749
f 2749 2842 2843
f 2749 2843 2844
f 2749 2844 2845
f 2749 2845 2750
f 2750 2845 2751
f 2751 2845 2846
f 2751 2846 2847
f 2751 2847 2752
f 2754 2848 2849
f 2754 2849 2850
f 2754 2850 2755
f 2755 2850 2756
f 2756 2850 2851
f 2756 2851 2757
f 2757 2851 2852
f 2757 2852 2759
f 2758 2853 2761
f 2758 2760 2853
f 2759 2852 2854
f 2759 2854 2760
f 2760 2854 2855
f 2760 2855 2856
f 2760 2856 2857
f 2760 2857 2853
f 2761 2853 2858
f 2761 2858 2762
f 2762 2858 2859
f 2762 2859 2840
f 2762 2840 2763
f 2764 2767 2765
f 2765 2860 2861
f 2765 2861 2774
f 2765 2774 2773
f 2765 2773 2772
f 2765 2772 2771
f 2765 2767 2860
f 2767 2862 2863
f 2767 2863 2864
f 2767 2864 2860
f 2767 2770 2862
f 2768 2779 2769
f 2769 2865 2770
f 2769 2779 2866
f 2769 2866 2867
f 2769 2867 2868
f 2769 2868 2865
f 2770 2865 2862
f 2774 2861 2860
f 2774 2860 2800
f 2775 2869 2870
f 2775 2870 2776
f 2776 2870 2871
f 2776 2871 2777
f 2777 2871 2872
f 2777 2872 2778
f 2778 2873 2866
f 2778 2866 2779
f 2778 2872 2873
f 2780 2786 2787
f 2781 2783 2782
f 2781 2816 2783
f 2783 2816 2874
f 2783 2874 2875
f 2783 2875 2784
f 2784 2876 2785
f 2784 2875 2876
f 2785 2877 2786
f 2785 2876 2877
f 2786 2877 2878
f 2786 2878 2787
f 2787 2879 2880
f 2787 2880 2790
f 2787 2878 2879
f 2788 2791 2881
f 2788 2881 2789
f 2789 2881 2882
f 2789 2882 2883
f 2789 2883 2884
f 2789 2884 2885
f 2789 2885 2793
f 2790 2880 2791
f 2791 2880 2879
f 2791 2879 2886
f 2791 2886 2887
f 2791 2887 2888
f 2791 2888 2889
f 2791 2889 2881
f 2792 2794 2795
f 2793 2890 2891
f 2793 2891 2892
f 2793 2892 2794
f 2793 2885 2890
f 2794 2796 2795
f 2794 2892 2893
f 2794 2893 2894
f 2794 2894 2895
f 2794 2895 2896
f 2794 2896 2796
f 2796 2896 2797
f 2797 2896 2897
f 2797 2897 2799
f 2797 2799 2798
f 2799 2894 2820
f 2799 2897 2894
f 2800 2860 2864
f 2800 2864 2801
f 2801 2864 2802
f 2802 2898 2805
f 2802 2864 2899
f 2802 2899 2898
f 2803 2805 2900
f 2803 2900 2901
f 2803 2901 2902
f 2803 2902 2806
f 2803 2806 2804
f 2805 2898 2903
f 2805 2903 2900
f 2806 2902 2807
f 2807 2902 2904
f 2807 2904 2808
f 2808 2904 2809
f 2809 2904 2811
f 2810 2905 2906
f 2810 2906 2815
f 2810 2811 2907
f 2810 2907 2905
f 2811 2904 2908
f 2811 2908 2909
f 2811 2909 2907
f 2812 2814 2815
f 2812 2815 2906
f 2812 2906 2910
f 2812 2910 2813
f 2813 2911 2816
f 2813 2910 2912
f 2813 2912 2911
f 2816 2913 2874
f 2816 2911 2914
f 2816 2914 2913
f 2818 2821 2916
f 2818 2916 2915
f 2819 2917 2821
f 2819 2820 2918
f 2819 2918 2917
f 2820 2894 2919
f 2820 2919 2918
f 2821 2917 2920
f 2821 2920 2915
f 2821 2915 2916
f 2823 2921 2824
f 2824 2921 2922
f 2824 2922 2923
f 2824 2923 2924
f 2824 2924 2825
f 2825 2925 2826
f 2825 2924 2923
f 2825 2923 2926
f 2825 2926 2925
f 2826 2925 2927
f 2826 2927 2928
f 2826 2928 2827
f 2827 2928 2929
f 2827 2929 2930
f 2827 2930 2931
f 2827 2931 2932
f 2827 2932 2828
f 2828 2932 2933
f 2828 2933 2829
f 2829 2933 2830
f 2830 2933 2934
f 2830 2934 2831
f 2831 2934 2935
f 2831 2935 2936
f 2831 2936 2937
f 2831 2937 2938
f 2831 2938 2832
f 2832 2938 2939
f 2832 2939 2834
f 2832 2834 2833
f 2834 2939 2940
f 2834 2940 2941
f 2834 2941 2835
f 2835 2941 2942
f 2835 2942 2943
f 2835 2943 2836
f 2836 2943 2837
f 2837 2943 2944
f 2837 2944 2838
f 2838 2944 2945
f 2838 2945 2839
f 2839 2945 2946
f 2840 2859 2947
f 2840 2947 2948
f 2840 2948 2841
f 2841 2949 2844
f 2841 2844 2843
f 2841 2843 2842
f 2841 2948 2950
f 2841 2950 2951
f 2841 2951 2952
f 2841 2952 2953
f 2841 2953 2949
f 2844 2949 2954
f 2844 2954 2955
f 2844 2955 2845
f 2845 2955 2846
f 2846 2955 2870
f 2846 2870 2869
f 2846 2869 2847
f 2848 2956 2957
f 2848 2957 2849
f 2849 2957 2958
f 2849 2958 2850
f 2850 2958 2851
f 2851 2958 2959
f 2851 2959 2852
f 2852 2959 2960
f 2852 2960 2961
f 2852 2961 2854
f 2853 2857 2858
f 2854 2962 2855
f 2854 2961 2962
f 2855 2962 2963
f 2855 2963 2964
f 2855 2964 2856
f 2856 2964 2857
f 2857 2964 2965
f 2857 2965 2966
f 2857 2966 2859
f 2857 2859 2858
f 2859 2966 2967
f 2859 2967 2968
f 2859 2968 2969
f 2859 2969 2947
f 2862 2970 2863
f 2862 2865 2971
f 2862 2971 2972
f 2862 2972 2973
f 2862 2973 2970
f 2863 2974 2899
f 2863 2899 2864
f 2863 2970 2974
f 2865 2868 2975
f 2865 2975 2971
f 2866 2873 2867
f 2867 2873 2976
f 2867 2976 2977
f 2867 2977 2868
f 2868 2977 2978
f 2868 2978 2950
f 2868 2950 2975
f 2870 2955 2871
f 2871 2955 2954
f 2871 2954 2872
f 2872 2953 2976
f 2872 2976 2873
f 2872 2954 2949
f 2872 2949 2953
f 2874 2979 2875
f 2874 2913 2914
f 2874 2914 2980
f 2874 2980 2981
f 2874 2981 2982
f 2874 2982 2979
f 2875 2979 2876
f 2876 2979 2983
f 2876 2983 2877
f 2877 2984 2886
f 2877 2886 2878
f 2877 2983 2985
f 2877 2985 2984
f 2878 2886 2879
f 2881 2986 2987
f 2881 2987 2882
f 2881 2889 2986
f 2882 2987 2988
f 2882 2988 2883
f 2883 2988 2989
f 2883 2989 2884
f 2884 2989 2885
f 2885 2989 2890
f 2886 2984 2990
f 2886 2990 2991
f 2886 2991 2887
f 2887 2992 2889
f 2887 2889 2888
f 2887 2991 2992
f 2889 2992 2986
f 2890 2993 2994
f 2890 2994 2891
f 2890 2989 2995
f 2890 2995 2993
f 2891 2994 2892
f 2892 2994 2893
f 2893 2996 2894
f 2893 2994 2996
f 2894 2897 2895
f 2894 2996 2919
f 2895 2997 2896
f 2895 2897 2997
f 2896 2997 2897
f 2898 2998 2903
f 2898 2899 2999
f 2898 2999 2998
f 2899 2974 3000
f 2899 3000 3001
f 2899 3001 2999
f 2900 3002 3003
f 2900 3003 3004
f 2900 3004 2901
f 2900 2903 3002
f 2901 3004 3005
f 2901 3005 2902
f 2902 3005 3006
f 2902 3006 2904
f 2903 2998 3007
f 2903 3007 3008
f 2903 3008 3002
f 2904 3006 2908
f 2905 2907 3009
f 2905 3009 3010
f 2905 3010 3011
f 2905 3011 2906
f 2906 3011 2910
f 2907 2909 3012
f 2907 3012 3009
f 2908 3006 3013
f 2908 3013 3014
f 2908 3014 3015
f 2908 3015 2909
f 2909 3015 3014
f 2909 3014 3016
f 2909 3016 3012
f 2910 3011 2912
f 2911 2912 3017
f 2911 3017 2914
f 2912 3018 3017
f 2912 3011 3018
f 2914 3017 3019
f 2914 3019 3020
f 2914 3020 2980
f 2915 2920 3021
f 2917 2918 2920
f 2918 3022 3023
f 2918 3023 3024
f 2918 3024 3025
f 2918 3025 2920
f 2918 2919 3022
f 2919 2996 3026
f 2919 3026 3022
f 2920 3025 3027
f 2920 3027 2922
f 2920 2922 3021
f 2921 3028 2922
f 2922 3027 3024
f 2922 3024 3023
f 2922 3023 3022
f 2922 3022 2923
f 2922 3028 3029
f 2922 3029 3021
f 2923 3022 3030
f 2923 3030 2926
f 2925 3030 3031
f 2925 3031 3032
f 2925 3032 2927
f 2925 2926 3030
f 2927 3032 3033
f 2927 3033 3034
f 2927 3034 2928
f 2928 3035 3036
f 2928 3036 3037
f 2928 3037 3038
f 2928 3038 2929
f 2928 3034 3039
f 2928 3039 3035
f 2929 3040 2932
f 2929 2932 2931
f 2929 2931 2930
f 2929 3038 3040
f 2932 3040 3041
f 2932 3041 2933
f 2933 3041 3042
f 2933 3042 3043
f 2933 3043 3044
f 2933 3044 2935
f 2933 2935 2934
f 2935 3044 3045
f 2935 3045 3046
f 2935 3046 3047
f 2935 3047 2936
f 2936 3047 3048
f 2936 3048 3049
f 2936 3049 3050
f 2936 3050 2938
f 2936 2938 2937
f 2938 3050 3049
f 2938 3049 3051
f 2938 3051 2940
f 2938 2940 2939
f 2940 3051 3052
f 2940 3052 3053
f 2940 3053 2941
f 2941 3053 3054
f 2941 3054 2942
f 2942 3054 2943
f 2943 3054 3055
f 2943 3055 2944
f 2944 3055 3056
f 2944 3056 3057
f 2944 3057 2945
f 2945 3057 2946
f 2947 3058 3059
f 2947 3059 2948
f 2947 2969 3060
f 2947 3060 3058
f 2948 3059 2950
f 2950 2978 2951
f 2950 3059 3061
f 2950 3061 2975
f 2951 2978 2977
f 2951 2977 2952
f 2952 2977 2953
f 2953 2977 2976
f 2956 3062 2957
f 2957 3062 3063
f 2957 3063 3064
f 2957 3064 3065
f 2957 3065 3066
f 2957 3066 3067
f 2957 3067 3068
f 2957 3068 2958
f 2958 3068 3069
f 2958 3069 3070
f 2958 3070 2959
f 2959 3070 3071
f 2959 3071 2960
f 2960 3071 3072
f 2960 3072 3073
f 2960 3073 2961
f 2961 3073 3074
f 2961 3074 2962
f 2962 3074 2963
f 2963 3074 3075
f 2963 3075 2964
f 2964 3076 2965
f 2964 3075 3077
f 2964 3077 3078
f 2964 3078 3076
f 2965 3076 2967
f 2965 2967 2966
f 2967 3079 3060
f 2967 3060 2968
f 2967 3076 3078
f 2967 3078 3080
f 2967 3080 3081
f 2967 3081 3082
f 2967 3082 3083
f 2967 3083 3079
f 2968 3060 2969
f 2970 3084 2974
f 2970 2973 3085
f 2970 3085 3086
f 2970 3086 3084
f 2971 2975 2972
f 2972 2975 3061
f 2972 3061 2973
f 2973 3061 3059
f 2973 3059 3085
f 2974 3084 3000
f 2979 3087 2983
f 2979 2982 3087
f 2980 3088 2981
f 2980 3020 3088
f 2981 3088 2982
f 2982 3088 3089
f 2982 3089 3090
f 2982 3090 3087
f 2983 3087 3091
f 2983 3091 2984
f 2983 2984 2985
f 2984 3091 2990
f 2986 2992 3092
f 2986 3092 3042
f 2986 3042 3093
f 2986 3093 3094
f 2986 3094 2987
f 2987 3095 2988
f 2987 3094 3095
f 2988 3095 3036
f 2988 3036 2989
f 2989 3036 3035
f 2989 3035 2995
f 2990 3096 3097
f 2990 3097 3098
f 2990 3098 3045
f 2990 3045 3099
f 2990 3099 3100
f 2990 3100 2992
f 2990 2992 2991
f 2990 3091 3087
f 2990 3087 3101
f 2990 3101 3102
f 2990 3102 3103
f 2990 3103 3104
f 2990 3104 3096
f 2992 3105 3092
f 2992 3100 3105
f 2993 2995 3106
f 2993 3106 3107
f 2993 3107 3108
f 2993 3108 2994
f 2994 3108 3109
f 2994 3109 2996
f 2995 3035 3106
f 2996 3109 3026
f 2998 2999 3110
f 2998 3110 3007
f 2999 3001 3000
f 2999 3000 3111
f 2999 3111 3112
f 2999 3112 3110
f 3000 3084 3113
f 3000 3113 3114
f 3000 3114 3111
f 3002 3115 3116
f 3002 3116 3117
f 3002 3117 3003
f 3002 3008 3115
f 3003 3117 3014
f 3003 3014 3004
f 3004 3014 3013
f 3004 3013 3118
f 3004 3118 3005
f 3005 3118 3013
f 3005 3013 3006
f 3007 3110 3119
f 3007 3119 3120
f 3007 3120 3121
f 3007 3121 3008
f 3008 3121 3122
f 3008 3122 3115
f 3009 3012 3123
f 3009 3123 3124
f 3009 3124 3010
f 3010 3124 3125
f 3010 3125 3011
f 3011 3126 3018
f 3011 3125 3126
f 3012 3016 3127
f 3012 3127 3128
f 3012 3128 3123
f 3014 3117 3016
f 3016 3117 3129
f 3016 3129 3130
f 3016 3130 3127
f 3017 3018 3126
f 3017 3126 3131
f 3017 3131 3019
f 3019 3132 3020
f 3019 3131 3133
f 3019 3133 3132
f 3020 3132 3088
f 3022 3026 3030
f 3024 3027 3025
f 3026 3109 3031
f 3026 3031 3030
f 3031 3109 3032
f 3032 3109 3108
f 3032 3108 3033
f 3033 3107 3034
f 3033 3108 3107
f 3034 3107 3039
f 3035 3039 3106
f 3036 3095 3038
f 3036 3038 3037
f 3038 3041 3040
f 3038 3095 3093
f 3038 3093 3041
f 3039 3107 3106
f 3041 3093 3042
f 3042 3134 3043
f 3042 3092 3105
f 3042 3105 3135
f 3042 3135 3045
f 3042 3045 3134
f 3043 3134 3044
f 3044 3134 3045
f 3045 3135 3136
f 3045 3136 3100
f 3045 3100 3099
f 3045 3098 3137
f 3045 3137 3046
f 3046 3137 3047
f 3047 3138 3139
f 3047 3139 3140
f 3047 3140 3141
f 3047 3141 3048
f 3047 3137 3138
f 3048 3051 3049
f 3048 3141 3142
f 3048 3142 3143
f 3048 3143 3144
f 3048 3144 3145
f 3048 3145 3051
f 3051 3145 3146
f 3051 3146 3052
f 3052 3146 3147
f 3052 3147 3053
f 3053 3147 3055
f 3053 3055 3054
f 3055 3147 3148
f 3055 3148 3149
f 3055 3149 3056
f 3056 3149 3150
f 3056 3150 3151
f 3056 3151 3057
f 3057 3151 3152
f 3058 3060 3153
f 3058 3153 3154
f 3058 3154 3059
f 3059 3154 3086
f 3059 3086 3085
f 3060 3079 3083
f 3060 3083 3155
f 3060 3155 3156
f 3060 3156 3157
f 3060 3157 3114
f 3060 3114 3158
f 3060 3158 3153
f 3063 3159 3064
f 3064 3159 3160
f 3064 3160 3161
f 3064 3161 3162
f 3064 3162 3163
f 3064 3163 3164
f 3064 3164 3065
f 3065 3164 3066
f 3066 3165 3166
f 3066 3166 3067
f 3066 3164 3167
f 3066 3167 3165
f 3067 3166 3068
f 3068 3166 3069
f 3069 3166 3070
f 3070 3166 3168
f 3070 3168 3071
f 3071 3168 3169
f 3071 3169 3072
f 3072 3169 3170
f 3072 3170 3171
f 3072 3171 3073
f 3073 3171 3074
f 3074 3171 3075
f 3075 3171 3172
f 3075 3172 3077
f 3077 3172 3078
f 3078 3172 3173
f 3078 3173 3174
f 3078 3174 3175
f 3078 3175 3176
f 3078 3176 3081
f 3078 3081 3080
f 3081 3176 3082
f 3082 3176 3177
f 3082 3177 3083
f 3083 3177 3178
f 3083 3178 3179
f 3083 3179 3112
f 3083 3112 3155
f 3084 3086 3158
f 3084 3158 3113
f 3086 3154 3153
f 3086 3153 3158
f 3087 3102 3101
f 3087 3090 3180
f 3087 3180 3102
f 3088 3132 3181
f 3088 3181 3182
f 3088 3182 3089
f 3089 3183 3090
f 3089 3182 3183
f 3090 3184 3103
f 3090 3103 3180
f 3090 3183 3184
f 3093 3095 3094
f 3096 3104 3097
f 3097 3139 3138
f 3097 3138 3137
f 3097 3137 3098
f 3097 3104 3139
f 3100 3136 3105
f 3102 3180 3103
f 3103 3184 3185
f 3103 3185 3186
f 3103 3186 3187
f 3103 3187 3141
f 3103 3141 3140
f 3103 3140 3104
f 3104 3140 3139
f 3105 3136 3135
f 3110 3112 3119
f 3111 3114 3157
f 3111 3157 3112
f 3112 3188 3119
f 3112 3157 3156
f 3112 3156 3155
f 3112 3179 3188
f 3113 3158 3114
f 3115 3122 3189
f 3115 3189 3116
f 3116 3190 3117
f 3116 3189 3190
f 3117 3190 3191
f 3117 3191 3129
f 3119 3188 3120
f 3120 3192 3121
f 3120 3188 3193
f 3120 3193 3194
f 3120 3194 3192
f 3121 3195 3196
f 3121 3196 3122
f 3121 3192 3195
f 3122 3196 3189
f 3123 3197 3124
f 3123 3128 3197
f 3124 3197 3198
f 3124 3198 3125
f 3125 3198 3199
f 3125 3199 3126
f 3126 3199 3200
f 3126 3200 3131
f 3127 3130 3201
f 3127 3201 3128
f 3128 3201 3202
f 3128 3202 3203
f 3128 3203 3204
f 3128 3204 3205
f 3128 3205 3206
f 3128 3206 3207
f 3128 3207 3197
f 3129 3191 3208
f 3129 3208 3130
f 3130 3208 3201
f 3131 3200 3133
f 3132 3133 3209
f 3132 3209 3210
f 3132 3210 3211
f 3132 3211 3212
f 3132 3212 3181
f 3133 3200 3213
f 3133 3213 3214
f 3133 3214 3209
f 3141 3187 3142
f 3142 3187 3186
f 3142 3186 3215
f 3142 3215 3216
f 3142 3216 3217
f 3142 3217 3218
f 3142 3218 3219
f 3142 3219 3144
f 3142 3144 3143
f 3144 3219 3145
f 3145 3219 3146
f 3146 3219 3220
f 3146 3220 3221
f 3146 3221 3148
f 3146 3148 3147
f 3148 3221 3222
f 3148 3222 3149
f 3149 3222 3150
f 3150 3222 3223
f 3150 3223 3224
f 3150 3224 3225
f 3150 3225 3226
f 3150 3226 3151
f 3151 3226 3227
f 3151 3227 3152
f 3152 3227 3226
f 3152 3226 3228
f 3162 3229 3230
f 3162 3230 3231
f 3162 3231 3163
f 3163 3231 3164
f 3164 3231 3232
f 3164 3232 3167
f 3165 3167 3233
f 3165 3233 3234
f 3165 3234 3169
f 3165 3169 3168
f 3165 3168 3166
f 3167 3232 3235
f 3167 3235 3236
f 3167 3236 3237
f 3167 3237 3233
f 3169 3234 3238
f 3169 3238 3239
f 3169 3239 3240
f 3169 3240 3170
f 3170 3240 3171
f 3171 3240 3241
f 3171 3241 3242
f 3171 3242 3243
f 3171 3243 3173
f 3171 3173 3172
f 3173 3243 3244
f 3173 3244 3245
f 3173 3245 3174
f 3174 3245 3246
f 3174 3246 3247
f 3174 3247 3175
f 3175 3247 3176
f 3176 3247 3248
f 3176 3248 3249
f 3176 3249 3194
f 3176 3194 3177
f 3177 3194 3193
f 3177 3193 3178
f 3178 3193 3188
f 3178 3188 3179
f 3181 3250 3182
f 3181 3212 3250
f 3182 3250 3185
f 3182 3185 3183
f 3183 3185 3184
f 3185 3250 3251
f 3185 3251 3211
f 3185 3211 3252
f 3185 3252 3253
f 3185 3253 3186
f 3186 3253 3215
f 3189 3196 3254
f 3189 3254 3190
f 3190 3255 3191
f 3190 3254 3255
f 3191 3255 3208
f 3192 3256 3195
f 3192 3194 3249
f 3192 3249 3256
f 3195 3256 3257
f 3195 3257 3258
f 3195 3258 3196
f 3196 3259 3254
f 3196 3258 3259
f 3197 3207 3198
f 3198 3260 3199
f 3198 3207 3260
f 3199 3213 3200
f 3199 3260 3213
f 3201 3261 3202
f 3201 3208 3255
f 3201 3255 3262
f 3201 3262 3263
f 3201 3263 3264
f 3201 3264 3261
f 3202 3261 3265
f 3202 3265 3203
f 3203 3265 3204
f 3204 3265 3205
f 3205 3266 3267
f 3205 3267 3207
f 3205 3207 3268
f 3205 3268 3206
f 3205 3265 3269
f 3205 3269 3270
f 3205 3270 3271
f 3205 3271 3266
f 3206 3268 3207
f 3207 3267 3260
f 3209 3214 3272
f 3209 3272 3210
f 3210 3272 3273
f 3210 3273 3211
f 3211 3273 3274
f 3211 3274 3252
f 3211 3251 3250
f 3211 3250 3212
f 3213 3275 3276
f 3213 3276 3214
f 3213 3260 3266
f 3213 3266 3275
f 3214 3276 3277
f 3214 3277 3272
f 3215 3253 3216
f 3216 3253 3278
f 3216 3278 3217
f 3217 3220 3218
f 3217 3278 3274
f 3217 3274 3279
f 3217 3279 3280
f 3217 3280 3281
f 3217 3281 3220
f 3218 3220 3219
f 3220 3282 3221
f 3220 3281 3283
f 3220 3283 3282
f 3221 3282 3222
f 3222 3282 3284
f 3222 3284 3223
f 3223 3284 3285
f 3223 3285 3286
f 3223 3286 3224
f 3224 3286 3225
f 3225 3286 3226
f 3226 3286 3287
f 3226 3287 3228
f 3228 3287 3288
f 3229 3289 3290
f 3229 3290 3230
f 3230 3290 3231
f 3231 3290 3232
f 3232 3290 3235
f 3233 3237 3238
f 3233 3238 3234
f 3235 3290 3291
f 3235 3291 3292
f 3235 3292 3236
f 3236 3292 3293
f 3236 3293 3294
f 3236 3294 3237
f 3237 3294 3295
f 3237 3295 3296
f 3237 3296 3297
f 3237 3297 3238
f 3238 3298 3299
f 3238 3299 3300
f 3238 3300 3301
f 3238 3301 3240
f 3238 3240 3239
f 3238 3297 3302
f 3238 3302 3298
f 3240 3303 3242
f 3240 3242 3241
f 3240 3301 3300
f 3240 3300 3304
f 3240 3304 3303
f 3242 3303 3304
f 3242 3304 3305
f 3242 3305 3244
f 3242 3244 3243
f 3244 3305 3306
f 3244 3306 3307
f 3244 3307 3308
f 3244 3308 3245
f 3245 3308 3248
f 3245 3248 3246
f 3246 3248 3247
f 3248 3308 3309
f 3248 3309 3257
f 3248 3257 3256
f 3248 3256 3249
f 3252 3278 3253
f 3252 3274 3278
f 3254 3259 3310
f 3254 3310 3311
f 3254 3311 3312
f 3254 3312 3263
f 3254 3263 3313
f 3254 3313 3255
f 3255 3313 3314
f 3255 3314 3315
f 3255 3315 3262
f 3257 3309 3258
f 3258 3309 3316
f 3258 3316 3259
f 3259 3316 3317
f 3259 3317 3310
f 3260 3267 3266
f 3261 3264 3318
f 3261 3318 3265
f 3262 3315 3263
f 3263 3315 3314
f 3263 3314 3313
f 3263 3312 3311
f 3263 3311 3319
f 3263 3319 3320
f 3263 3320 3321
f 3263 3321 3304
f 3263 3304 3322
f 3263 3322 3323
f 3263 3323 3324
f 3263 3324 3325
f 3263 3325 3264
f 3264 3325 3318
f 3265 3318 3325
f 3265 3325 3269
f 3266 3271 3326
f 3266 3326 3327
f 3266 3327 3275
f 3269 3325 3271
f 3269 3271 3270
f 3271 3325 3328
f 3271 3328 3329
f 3271 3329 3330
f 3271 3330 3331
f 3271 3331 3332
f 3271 3332 3327
f 3271 3327 3326
f 3272 3277 3273
f 3273 3277 3333
f 3273 3333 3274
f 3274 3333 3334
f 3274 3334 3279
f 3275 3335 3336
f 3275 3336 3333
f 3275 3333 3277
f 3275 3277 3276
f 3275 3327 3335
f 3279 3334 3336
f 3279 3336 3280
f 3280 3336 3337
f 3280 3337 3338
f 3280 3338 3281
f 3281 3338 3339
f 3281 3339 3283
f 3282 3283 3340
f 3282 3340 3341
f 3282 3341 3284
f 3283 3339 3340
f 3284 3341 3285
f 3285 3341 3342
f 3285 3342 3286
f 3286 3342 3343
f 3286 3343 3287
f 3287 3344 3288
f 3287 3343 3345
f 3287 3345 3344
f 3289 3345 3291
f 3289 3291 3290
f 3291 3345 3343
f 3291 3343 3342
f 3291 3342 3292
f 3292 3342 3293
f 3293 3295 3294
f 3293 3342 3341
f 3293 3341 3340
f 3293 3340 3295
f 3295 3346 3296
f 3295 3340 3347
f 3295 3347 3346
f 3296 3346 3332
f 3296 3332 3297
f 3297 3332 3302
f 3298 3302 3299
f 3299 3348 3300
f 3299 3302 3349
f 3299 3349 3348
f 3300 3348 3304
f 3302 3332 3331
f 3302 3331 3330
f 3302 3330 3350
f 3302 3350 3351
f 3302 3351 3349
f 3304 3348 3349
f 3304 3349 3352
f 3304 3352 3322
f 3304 3321 3353
f 3304 3353 3305
f 3305 3353 3306
f 3306 3353 3307
f 3307 3353 3354
f 3307 3354 3308
f 3308 3354 3309
f 3309 3354 3319
f 3309 3319 3317
f 3309 3317 3316
f 3310 3317 3319
f 3310 3319 3311
f 3319 3354 3320
f 3320 3353 3321
f 3320 3354 3353
f 3322 3352 3323
f 3323 3352 3355
f 3323 3355 3324
f 3324 3355 3329
f 3324 3329 3325
f 3325 3329 3328
f 3327 3332 3356
f 3327 3356 3357
f 3327 3357 3335
f 3329 3355 3352
f 3329 3352 3330
f 3330 3352 3350
f 3332 3346 3356
f 3333 3336 3334
f 3335 3357 3337
f 3335 3337 3336
f 3337 3357 3338
f 3338 3347 3339
f 3338 3357 3356
f 3338 3356 3347
f 3339 3347 3340
f 3346 3347 3356
f 3349 3351 3350
f 3349 3350 3352

o geometry_4
v -0.03050918 -0.01414331 -0.01176524 0.56470588 0.92549020 0.07058824
v -0.03770883 -0.01414331 -0.01176524 0.56470588 0.92549020 0.07058824
v -0.03340755 -0.00029685 -0.01176524 0.56470588 0.92549020 0.07058824
v -0.03160321 -0.01414331 0.00698027 0.56470588 0.92549020 0.07058824
v -0.03784490 -0.01380582 -0.01176524 0.56470588 0.92549020 0.07058824
v -0.04214482 -0.01414331 0.01939556 0.56470588 0.92549020 0.07058824
v -0.03990097 -0.00029685 -0.01176524 0.56470588 0.92549020 0.07058824
v -0.03445531 -0.00029685 0.00609371 0.56470588 0.92549020 0.07058824
v -0.03451790 -0.00029685 0.00698027 0.56470588 0.92549020 0.07058824
v -0.03458322 -0.00029685 0.00786684 0.56470588 0.92549020 0.07058824
v -0.03461588 -0.00029685 0.00827990 0.56470588 0.92549020 0.07058824
v -0.03167397 -0.01414331 0.00783326 0.56470588 0.92549020 0.07058824
v -0.03928592 -0.00875300 -0.01176524 0.56470588 0.92549020 0.07058824
v -0.04225912 -0.01378143 0.01939556 0.56470588 0.92549020 0.07058824
v -0.04244146 -0.01318642 0.01939556 0.56470588 0.92549020 0.07058824
v -0.04270817 -0.01230001 0.01939556 0.56470588 0.92549020 0.07058824
v -0.04221286 -0.01414331 0.01990265 0.56470588 0.92549020 0.07058824
v -0.04008603 -0.00166035 -0.01176524 0.56470588 0.92549020 0.07058824
v -0.04431656 -0.00029685 0.01939556 0.56470588 0.92549020 0.07058824
v -0.03465806 -0.00029685 0.00875341 0.56470588 0.92549020 0.07058824
v -0.03168213 -0.01414331 0.00792729 0.56470588 0.92549020 0.07058824
v -0.03953357 -0.00818239 -0.01101300 0.56470588 0.92549020 0.07058824
v -0.03949547 -0.00787744 -0.01176524 0.56470588 0.92549020 0.07058824
v -0.04297623 -0.01135531 0.01943922 0.56470588 0.92549020 0.07058824
v -0.04310958 -0.01102054 0.01976161 0.56470588 0.92549020 0.07058824
v -0.04225912 -0.01414331 0.02028213 0.56470588 0.92549020 0.07058824
v -0.04254352 -0.01318642 0.02028213 0.56470588 0.92549020 0.07058824
v -0.04280342 -0.01230001 0.02028213 0.56470588 0.92549020 0.07058824
v -0.04017176 -0.00254677 -0.01176524 0.56470588 0.92549020 0.07058824
v -0.04430839 -0.00077259 0.01939556 0.56470588 0.92549020 0.07058824
v -0.04440364 -0.00077259 0.02028213 0.56470588 0.92549020 0.07058824
v -0.04441045 -0.00029685 0.02028213 0.56470588 0.92549020 0.07058824
v -0.03169030 -0.01414331 0.00800117 0.56470588 0.92549020 0.07058824
v -0.03470568 -0.00029685 0.00916646 0.56470588 0.92549020 0.07058824
v -0.03178827 -0.01414331 0.00885415 0.56470588 0.92549020 0.07058824
v -0.04334907 -0.00963942 0.01939556 0.56470588 0.92549020 0.07058824
v -0.04007378 -0.00343318 -0.01176524 0.56470588 0.92549020 0.07058824
v -0.04352869 -0.00875300 0.01939556 0.56470588 0.92549020 0.07058824
v -0.04369334 -0.00786659 0.01939556 0.56470588 0.92549020 0.07058824
v -0.04383486 -0.00698018 0.01939556 0.56470588 0.92549020 0.07058824
v -0.04394371 -0.00613985 0.01935526 0.56470588 0.92549020 0.07058824
v -0.04301433 -0.01150169 0.02028213 0.56470588 0.92549020 0.07058824
v -0.04311911 -0.01105849 0.02028213 0.56470588 0.92549020 0.07058824
v -0.04324157 -0.01052718 0.02028213 0.56470588 0.92549020 0.07058824
v -0.04343888 -0.00963942 0.02028213 0.56470588 0.92549020 0.07058824
v -0.04362122 -0.00875300 0.02028213 0.56470588 0.92549020 0.07058824
v -0.04208087 -0.01414331 0.02118884 0.56470588 0.92549020 0.07058824
v -0.04228498 -0.01390205 0.02091347 0.56470588 0.92549020 0.07058824
v -0.04311503 -0.01103680 0.02076571 0.56470588 0.92549020 0.07058824
v -0.04400767 -0.00496068 0.01877765 0.56470588 0.92549020 0.07058824
v -0.04396957 -0.00458118 0.01818661 0.56470588 0.92549020 0.07058824
v -0.04403488 -0.00429926 0.01849221 0.56470588 0.92549020 0.07058824
v -0.04422538 -0.00343318 0.01939556 0.56470588 0.92549020 0.07058824
v -0.04427029 -0.00254677 0.01939556 0.56470588 0.92549020 0.07058824
v -0.04429206 -0.00166035 0.01939556 0.56470588 0.92549020 0.07058824
v -0.04436826 -0.00254677 0.02028213 0.56470588 0.92549020 0.07058824
v -0.04423899 -0.00254677 0.02116869 0.56470588 0.92549020 0.07058824
v -0.04425260 -0.00077259 0.02116869 0.56470588 0.92549020 0.07058824
v -0.04425396 -0.00029685 0.02116869 0.56470588 0.92549020 0.07058824
v -0.03477236 -0.00029685 0.00963997 0.56470588 0.92549020 0.07058824
v -0.03188488 -0.01414331 0.00963997 0.56470588 0.92549020 0.07058824
v -0.04401447 -0.00587420 0.01962728 0.56470588 0.92549020 0.07058824
v -0.04397365 -0.00555162 0.01903623 0.56470588 0.92549020 0.07058824
v -0.04377634 -0.00786659 0.02028213 0.56470588 0.92549020 0.07058824
v -0.04397501 -0.00646514 0.02009407 0.56470588 0.92549020 0.07058824
v -0.04398726 -0.00654782 0.02072877 0.56470588 0.92549020 0.07058824
v -0.04207679 -0.01414331 0.02119556 0.56470588 0.92549020 0.07058824
v -0.04215026 -0.01342496 0.02150451 0.56470588 0.92549020 0.07058824
v -0.04236662 -0.01315253 0.02119220 0.56470588 0.92549020 0.07058824
v -0.04317762 -0.01052718 0.02088996 0.56470588 0.92549020 0.07058824
v -0.04344568 -0.00875300 0.02116869 0.56470588 0.92549020 0.07058824
v -0.04361714 -0.00786659 0.02116869 0.56470588 0.92549020 0.07058824
v -0.04223327 -0.01283402 0.02163549 0.56470588 0.92549020 0.07058824
v -0.04405257 -0.00523582 0.01935526 0.56470588 0.92549020 0.07058824
v -0.04415054 -0.00432095 0.01939556 0.56470588 0.92549020 0.07058824
v -0.04431791 -0.00343318 0.02028213 0.56470588 0.92549020 0.07058824
v -0.04412605 -0.00432095 0.02108474 0.56470588 0.92549020 0.07058824
v -0.04415191 -0.00348468 0.02124593 0.56470588 0.92549020 0.07058824
v -0.04402128 -0.00322310 0.02165228 0.56470588 0.92549020 0.07058824
v -0.04403488 -0.00254677 0.02167242 0.56470588 0.92549020 0.07058824
v -0.04403488 -0.00166035 0.02167242 0.56470588 0.92549020 0.07058824
v -0.04402808 -0.00029685 0.02166571 0.56470588 0.92549020 0.07058824
v -0.03189713 -0.01414331 0.00972057 0.56470588 0.92549020 0.07058824
v -0.03493565 -0.00029685 0.01052654 0.56470588 0.92549020 0.07058824
v -0.03203048 -0.01414331 0.01052654 0.56470588 0.92549020 0.07058824
v -0.04414102 -0.00520736 0.02028213 0.56470588 0.92549020 0.07058824
v -0.04423627 -0.00432095 0.02028213 0.56470588 0.92549020 0.07058824
v -0.04398726 -0.00654782 0.02068511 0.56470588 0.92549020 0.07058824
v -0.04392330 -0.00689886 0.02034929 0.56470588 0.92549020 0.07058824
v -0.04402672 -0.00613985 0.02034929 0.56470588 0.92549020 0.07058824
v -0.04407434 -0.00520736 0.02095713 0.56470588 0.92549020 0.07058824
v -0.04159236 -0.01414331 0.02181011 0.56470588 0.92549020 0.07058824
v -0.04324702 -0.00956623 0.02118884 0.56470588 0.92549020 0.07058824
v -0.04310414 -0.00922196 0.02162205 0.56470588 0.92549020 0.07058824
v -0.04316945 -0.00875300 0.02169929 0.56470588 0.92549020 0.07058824
v -0.04326199 -0.00786659 0.02178996 0.56470588 0.92549020 0.07058824
v -0.04397501 -0.00381404 0.02159183 0.56470588 0.92549020 0.07058824
v -0.04229586 -0.01230001 0.02170265 0.56470588 0.92549020 0.07058824
v -0.04362394 -0.00348468 0.02193101 0.56470588 0.92549020 0.07058824
v -0.04354230 -0.00254677 0.02205862 0.56470588 0.92549020 0.07058824
v -0.04354230 -0.00166035 0.02206534 0.56470588 0.92549020 0.07058824
v -0.04354230 -0.00077259 0.02206534 0.56470588 0.92549020 0.07058824
v -0.04402944 -0.00077259 0.02166907 0.56470588 0.92549020 0.07058824
v -0.04354230 -0.00029685 0.02205526 0.56470588 0.92549020 0.07058824
v -0.03507172 -0.00029685 0.01116460 0.56470588 0.92549020 0.07058824
v -0.03221962 -0.01414331 0.01143661 0.56470588 0.92549020 0.07058824
v -0.04088206 -0.01414331 0.02218623 0.56470588 0.92549020 0.07058824
v -0.04160325 -0.01407419 0.02181683 0.56470588 0.92549020 0.07058824
v -0.04239928 -0.01141360 0.02179668 0.56470588 0.92549020 0.07058824
v -0.04265510 -0.00875300 0.02207877 0.56470588 0.92549020 0.07058824
v -0.04265510 -0.00786659 0.02215937 0.56470588 0.92549020 0.07058824
v -0.04331641 -0.00698018 0.02183026 0.56470588 0.92549020 0.07058824
v -0.04181961 -0.01315253 0.02185377 0.56470588 0.92549020 0.07058824
v -0.04176790 -0.01230001 0.02204183 0.56470588 0.92549020 0.07058824
v -0.04265510 -0.00609377 0.02228362 0.56470588 0.92549020 0.07058824
v -0.04287418 -0.00077259 0.02245153 0.56470588 0.92549020 0.07058824
v -0.04285240 -0.00029685 0.02244481 0.56470588 0.92549020 0.07058824
v -0.03511935 -0.00029685 0.01136945 0.56470588 0.92549020 0.07058824
v -0.03518330 -0.00029685 0.01160788 0.56470588 0.92549020 0.07058824
v -0.03231896 -0.01414331 0.01178251 0.56470588 0.92549020 0.07058824
v -0.03999486 -0.01414331 0.02234071 0.56470588 0.92549020 0.07058824
v -0.04045751 -0.01278523 0.02250526 0.56470588 0.92549020 0.07058824
v -0.04080450 -0.01312272 0.02235750 0.56470588 0.92549020 0.07058824
v -0.04088206 -0.01407419 0.02219631 0.56470588 0.92549020 0.07058824
v -0.04176790 -0.01141360 0.02215601 0.56470588 0.92549020 0.07058824
v -0.04176790 -0.00963942 0.02235078 0.56470588 0.92549020 0.07058824
v -0.04176790 -0.00875300 0.02241123 0.56470588 0.92549020 0.07058824
v -0.04265510 -0.00343318 0.02240787 0.56470588 0.92549020 0.07058824
v -0.04243058 -0.00077259 0.02254220 0.56470588 0.92549020 0.07058824
v -0.04261428 -0.00029685 0.02249854 0.56470588 0.92549020 0.07058824
v -0.03542143 -0.00029685 0.01230303 0.56470588 0.92549020 0.07058824
v -0.03246047 -0.01414331 0.01224258 0.56470588 0.92549020 0.07058824
v -0.03910766 -0.01414331 0.02218959 0.56470588 0.92549020 0.07058824
v -0.03999486 -0.01407419 0.02234742 0.56470588 0.92549020 0.07058824
v -0.04042213 -0.01278523 0.02250526 0.56470588 0.92549020 0.07058824
v -0.04208903 -0.00077259 0.02254220 0.56470588 0.92549020 0.07058824
v -0.04240881 -0.00029685 0.02253884 0.56470588 0.92549020 0.07058824
v -0.03560921 -0.00029685 0.01271609 0.56470588 0.92549020 0.07058824
v -0.03253940 -0.01414331 0.01245079 0.56470588 0.92549020 0.07058824
v -0.03910766 -0.01407419 0.02218623 0.56470588 0.92549020 0.07058824
v -0.04209447 -0.00029685 0.02253884 0.56470588 0.92549020 0.07058824
v -0.04042213 -0.01271475 0.02250526 0.56470588 0.92549020 0.07058824
v -0.03831980 -0.01414331 0.02183362 0.56470588 0.92549020 0.07058824
v -0.03581605 -0.00029685 0.01316945 0.56470588 0.92549020 0.07058824
v -0.03289863 -0.01414331 0.01318960 0.56470588 0.92549020 0.07058824
v -0.04165088 -0.00029685 0.02238101 0.56470588 0.92549020 0.07058824
v -0.04185635 -0.00029685 0.02245489 0.56470588 0.92549020 0.07058824
v -0.03787892 -0.01414331 0.02150787 0.56470588 0.92549020 0.07058824
v -0.04035410 -0.00029685 0.02169593 0.56470588 0.92549020 0.07058824
v -0.04059903 -0.00029685 0.02184705 0.56470588 0.92549020 0.07058824
v -0.04088206 -0.00029685 0.02201832 0.56470588 0.92549020 0.07058824
v -0.04123585 -0.00029685 0.02218623 0.56470588 0.92549020 0.07058824
v -0.03962474 -0.00029685 0.02057429 0.56470588 0.92549020 0.07058824
v -0.03752649 -0.01414331 0.02106123 0.56470588 0.92549020 0.07058824
v -0.03998398 -0.00029685 0.02116869 0.56470588 0.92549020 0.07058824
f 3358 3359 3362
f 3358 3362 3370
f 3358 3370 3380
f 3358 3380 3394
f 3358 3394 3386
f 3358 3386 3375
f 3358 3375 3364
f 3358 3364 3360
f 3358 3360 3361
f 3358 3361 3369
f 3358 3369 3378
f 3358 3378 3390
f 3358 3390 3392
f 3358 3392 3418
f 3358 3418 3440
f 3358 3440 3442
f 3358 3442 3463
f 3358 3463 3477
f 3358 3477 3489
f 3358 3489 3496
f 3358 3496 3502
f 3358 3502 3511
f 3358 3511 3505
f 3358 3505 3500
f 3358 3500 3490
f 3358 3490 3478
f 3358 3478 3464
f 3358 3464 3449
f 3358 3449 3424
f 3358 3424 3404
f 3358 3404 3383
f 3358 3383 3374
f 3358 3374 3363
f 3358 3363 3359
f 3359 3363 3362
f 3360 3364 3376
f 3360 3376 3389
f 3360 3389 3416
f 3360 3416 3439
f 3360 3439 3461
f 3360 3461 3474
f 3360 3474 3487
f 3360 3487 3494
f 3360 3494 3498
f 3360 3498 3504
f 3360 3504 3503
f 3360 3503 3509
f 3360 3509 3508
f 3360 3508 3507
f 3360 3507 3506
f 3360 3506 3512
f 3360 3512 3510
f 3360 3510 3501
f 3360 3501 3495
f 3360 3495 3488
f 3360 3488 3476
f 3360 3476 3475
f 3360 3475 3462
f 3360 3462 3441
f 3360 3441 3417
f 3360 3417 3391
f 3360 3391 3377
f 3360 3377 3368
f 3360 3368 3367
f 3360 3367 3366
f 3360 3366 3365
f 3360 3365 3361
f 3361 3366 3367
f 3361 3367 3368
f 3361 3368 3369
f 3361 3365 3366
f 3362 3363 3371
f 3362 3371 3372
f 3362 3372 3373
f 3362 3373 3370
f 3363 3374 3371
f 3364 3375 3376
f 3368 3377 3378
f 3368 3378 3369
f 3370 3379 3380
f 3370 3373 3381
f 3370 3381 3382
f 3370 3382 3379
f 3371 3374 3372
f 3372 3374 3383
f 3372 3383 3373
f 3373 3383 3384
f 3373 3384 3385
f 3373 3385 3382
f 3373 3382 3381
f 3375 3386 3376
f 3376 3387 3388
f 3376 3388 3389
f 3376 3386 3387
f 3377 3390 3378
f 3377 3391 3392
f 3377 3392 3390
f 3379 3382 3393
f 3379 3393 3380
f 3380 3393 3395
f 3380 3395 3396
f 3380 3396 3397
f 3380 3397 3398
f 3380 3398 3394
f 3382 3385 3399
f 3382 3399 3400
f 3382 3400 3401
f 3382 3401 3402
f 3382 3402 3403
f 3382 3403 3395
f 3382 3395 3393
f 3383 3404 3405
f 3383 3405 3384
f 3384 3405 3385
f 3385 3405 3406
f 3385 3406 3399
f 3386 3394 3407
f 3386 3407 3408
f 3386 3408 3409
f 3386 3409 3410
f 3386 3410 3411
f 3386 3411 3412
f 3386 3412 3387
f 3387 3412 3388
f 3388 3413 3414
f 3388 3414 3389
f 3388 3412 3413
f 3389 3414 3415
f 3389 3415 3416
f 3391 3417 3418
f 3391 3418 3392
f 3394 3398 3419
f 3394 3419 3420
f 3394 3420 3407
f 3395 3403 3396
f 3396 3403 3421
f 3396 3421 3397
f 3397 3421 3422
f 3397 3422 3419
f 3397 3419 3398
f 3399 3406 3400
f 3400 3406 3401
f 3401 3406 3402
f 3402 3406 3403
f 3403 3406 3423
f 3403 3423 3421
f 3404 3424 3425
f 3404 3425 3405
f 3405 3425 3426
f 3405 3426 3406
f 3406 3427 3428
f 3406 3428 3429
f 3406 3429 3423
f 3406 3426 3425
f 3406 3425 3430
f 3406 3430 3427
f 3407 3420 3431
f 3407 3431 3432
f 3407 3432 3408
f 3408 3432 3409
f 3409 3432 3410
f 3410 3432 3433
f 3410 3433 3413
f 3410 3413 3411
f 3411 3413 3412
f 3413 3433 3414
f 3414 3434 3435
f 3414 3435 3436
f 3414 3436 3437
f 3414 3437 3415
f 3414 3433 3434
f 3415 3437 3416
f 3416 3438 3439
f 3416 3437 3438
f 3417 3440 3418
f 3417 3441 3442
f 3417 3442 3440
f 3419 3432 3431
f 3419 3431 3420
f 3419 3422 3443
f 3419 3443 3444
f 3419 3444 3432
f 3421 3423 3445
f 3421 3445 3446
f 3421 3446 3422
f 3422 3446 3445
f 3422 3445 3447
f 3422 3447 3443
f 3423 3429 3448
f 3423 3448 3433
f 3423 3433 3444
f 3423 3444 3443
f 3423 3443 3445
f 3424 3449 3425
f 3425 3449 3430
f 3427 3450 3428
f 3427 3430 3451
f 3427 3451 3450
f 3428 3450 3451
f 3428 3451 3452
f 3428 3452 3429
f 3429 3452 3453
f 3429 3453 3454
f 3429 3454 3448
f 3430 3449 3455
f 3430 3455 3452
f 3430 3452 3451
f 3432 3444 3433
f 3433 3448 3434
f 3434 3448 3436
f 3434 3436 3435
f 3436 3454 3453
f 3436 3453 3456
f 3436 3456 3457
f 3436 3457 3437
f 3436 3448 3454
f 3437 3457 3458
f 3437 3458 3459
f 3437 3459 3438
f 3438 3459 3460
f 3438 3460 3439
f 3439 3460 3459
f 3439 3459 3461
f 3441 3462 3463
f 3441 3463 3442
f 3443 3447 3445
f 3449 3464 3465
f 3449 3465 3455
f 3452 3455 3466
f 3452 3466 3453
f 3453 3466 3467
f 3453 3467 3468
f 3453 3468 3469
f 3453 3469 3456
f 3455 3465 3470
f 3455 3470 3471
f 3455 3471 3466
f 3456 3469 3457
f 3457 3468 3472
f 3457 3472 3473
f 3457 3473 3458
f 3457 3469 3468
f 3458 3473 3459
f 3459 3473 3461
f 3461 3473 3474
f 3462 3475 3463
f 3463 3476 3477
f 3463 3475 3476
f 3464 3478 3479
f 3464 3479 3480
f 3464 3480 3481
f 3464 3481 3471
f 3464 3471 3465
f 3465 3471 3470
f 3466 3471 3467
f 3467 3482 3483
f 3467 3483 3468
f 3467 3471 3482
f 3468 3483 3472
f 3471 3481 3480
f 3471 3480 3482
f 3472 3483 3484
f 3472 3484 3485
f 3472 3485 3473
f 3473 3485 3486
f 3473 3486 3487
f 3473 3487 3474
f 3476 3488 3489
f 3476 3489 3477
f 3478 3490 3491
f 3478 3491 3492
f 3478 3492 3479
f 3479 3492 3493
f 3479 3493 3486
f 3479 3486 3484
f 3479 3484 3483
f 3479 3483 3480
f 3480 3483 3482
f 3484 3486 3485
f 3486 3493 3498
f 3486 3498 3494
f 3486 3494 3487
f 3488 3495 3496
f 3488 3496 3489
f 3490 3497 3498
f 3490 3498 3499
f 3490 3499 3492
f 3490 3492 3491
f 3490 3500 3497
f 3492 3499 3493
f 3493 3499 3498
f 3495 3501 3496
f 3496 3501 3502
f 3497 3503 3504
f 3497 3504 3498
f 3497 3500 3503
f 3500 3505 3506
f 3500 3506 3507
f 3500 3507 3508
f 3500 3508 3509
f 3500 3509 3503
f 3501 3510 3502
f 3502 3510 3511
f 3505 3511 3506
f 3506 3511 3512
f 3510 3512 3511

o geometry_5
v 0.01568356 -0.04005532 0.02238017 0.08627451 0.01960784 0.83137255
v 0.01568356 -0.04062445 0.02235669 0.08627451 0.01960784 0.83137255
v 0.01568356 -0.03983555 0.02236340 0.08627451 0.01960784 0.83137255
v 0.01374676 -0.04099073 0.02251768 0.08627451 0.01960784 0.83137255
v 0.01374676 -0.04117950 0.02251768 0.08627451 0.01960784 0.83137255
v 0.01568356 -0.04084422 0.02230302 0.08627451 0.01960784 0.83137255
v 0.01568356 -0.03909174 0.02214874 0.08627451 0.01960784 0.83137255
v 0.00053466 -0.04279111 0.02253445 0.08627451 0.01960784 0.83137255
v 0.01337452 -0.04099073 0.02251768 0.08627451 0.01960784 0.83137255
v 0.00053466 -0.04307427 0.02253445 0.08627451 0.01960784 0.83137255
v 0.00569700 -0.04290521 0.02250091 0.08627451 0.01960784 0.83137255
v 0.00877721 -0.04245160 0.02244054 0.08627451 0.01960784 0.83137255
v 0.00966404 -0.04245160 0.02237681 0.08627451 0.01960784 0.83137255
v 0.00789185 -0.04333770 0.02218563 0.08627451 0.01960784 0.83137255
v 0.01406560 -0.04151056 0.02233321 0.08627451 0.01960784 0.83137255
v 0.01498507 -0.04156409 0.02211855 0.08627451 0.01960784 0.83137255
v 0.01568356 -0.04161762 0.02194079 0.08627451 0.01960784 0.83137255
v 0.00053466 -0.04234735 0.02238687 0.08627451 0.01960784 0.83137255
v 0.00053466 -0.04247836 0.02243383 0.08627451 0.01960784 0.83137255
v 0.01568356 -0.03888747 0.02207159 0.08627451 0.01960784 0.83137255
v 0.00053466 -0.04351802 0.02244389 0.08627451 0.01960784 0.83137255
v 0.00257083 -0.04341518 0.02242712 0.08627451 0.01960784 0.83137255
v 0.00529362 -0.04325599 0.02239694 0.08627451 0.01960784 0.83137255
v 0.00604254 -0.04325599 0.02235669 0.08627451 0.01960784 0.83137255
v 0.00877721 -0.04333770 0.02207830 0.08627451 0.01960784 0.83137255
v 0.00523134 -0.04411110 0.02194079 0.08627451 0.01960784 0.83137255
v 0.00611818 -0.04404771 0.02190054 0.08627451 0.01960784 0.83137255
v 0.00789185 -0.04392515 0.02177979 0.08627451 0.01960784 0.83137255
v 0.01409823 -0.04230227 0.02188041 0.08627451 0.01960784 0.83137255
v 0.01568356 -0.04176413 0.02185358 0.08627451 0.01960784 0.83137255
v 0.00053466 -0.04156409 0.02202464 0.08627451 0.01960784 0.83137255
v 0.01568356 -0.03833665 0.02179992 0.08627451 0.01960784 0.83137255
v 0.00053466 -0.04422521 0.02201457 0.08627451 0.01960784 0.83137255
v 0.00257083 -0.04419985 0.02198439 0.08627451 0.01960784 0.83137255
v 0.01055088 -0.04319260 0.02189048 0.08627451 0.01960784 0.83137255
v 0.01143772 -0.04309117 0.02181669 0.08627451 0.01960784 0.83137255
v 0.00142150 -0.04467883 0.02162551 0.08627451 0.01960784 0.83137255
v 0.00201173 -0.04466192 0.02160203 0.08627451 0.01960784 0.83137255
v 0.00257083 -0.04464361 0.02156849 0.08627451 0.01960784 0.83137255
v 0.00434450 -0.04459430 0.02144774 0.08627451 0.01960784 0.83137255
v 0.00523134 -0.04455486 0.02137395 0.08627451 0.01960784 0.83137255
v 0.00877721 -0.04384485 0.02168923 0.08627451 0.01960784 0.83137255
v 0.01232455 -0.04297706 0.02169929 0.08627451 0.01960784 0.83137255
v 0.01498507 -0.04216703 0.02176638 0.08627451 0.01960784 0.83137255
v 0.01568356 -0.04205997 0.02165905 0.08627451 0.01960784 0.83137255
v 0.01568356 -0.03826058 0.02175631 0.08627451 0.01960784 0.83137255
v 0.00053466 -0.04103017 0.02169594 0.08627451 0.01960784 0.83137255
v 0.00053466 -0.04468024 0.02162886 0.08627451 0.01960784 0.83137255
v 0.00079715 -0.04468024 0.02162886 0.08627451 0.01960784 0.83137255
v 0.00926660 -0.04379132 0.02162215 0.08627451 0.01960784 0.83137255
v 0.00079715 -0.04490282 0.02116936 0.08627451 0.01960784 0.83137255
v 0.00170327 -0.04485069 0.02124985 0.08627451 0.01960784 0.83137255
v 0.00257083 -0.04485351 0.02112575 0.08627451 0.01960784 0.83137255
v 0.00345766 -0.04481407 0.02106873 0.08627451 0.01960784 0.83137255
v 0.00523134 -0.04474363 0.02092787 0.08627451 0.01960784 0.83137255
v 0.00611818 -0.04470560 0.02081047 0.08627451 0.01960784 0.83137255
v 0.00611818 -0.04449146 0.02125321 0.08627451 0.01960784 0.83137255
v 0.00692048 -0.04444779 0.02108215 0.08627451 0.01960784 0.83137255
v 0.00789185 -0.04424352 0.02116936 0.08627451 0.01960784 0.83137255
v 0.01341160 -0.04283901 0.02152153 0.08627451 0.01960784 0.83137255
v 0.01415903 -0.04276575 0.02120290 0.08627451 0.01960784 0.83137255
v 0.01568356 -0.04227973 0.02121296 0.08627451 0.01960784 0.83137255
v 0.01568356 -0.03792952 0.02143768 0.08627451 0.01960784 0.83137255
v 0.01568356 -0.03782950 0.02131693 0.08627451 0.01960784 0.83137255
v 0.00053466 -0.04075828 0.02133035 0.08627451 0.01960784 0.83137255
v 0.00053466 -0.04489436 0.02116936 0.08627451 0.01960784 0.83137255
v 0.00985683 -0.04372088 0.02150811 0.08627451 0.01960784 0.83137255
v 0.00960324 -0.04390965 0.02119283 0.08627451 0.01960784 0.83137255
v 0.00079715 -0.04508736 0.02028389 0.08627451 0.01960784 0.83137255
v 0.00168399 -0.04506905 0.02028389 0.08627451 0.01960784 0.83137255
v 0.00656753 -0.04466897 0.02072998 0.08627451 0.01960784 0.83137255
v 0.00345766 -0.04494790 0.02028389 0.08627451 0.01960784 0.83137255
v 0.00877721 -0.04407588 0.02116936 0.08627451 0.01960784 0.83137255
v 0.01138136 -0.04355042 0.02109892 0.08627451 0.01960784 0.83137255
v 0.01232455 -0.04327712 0.02116936 0.08627451 0.01960784 0.83137255
v 0.01390396 -0.04297847 0.02092787 0.08627451 0.01960784 0.83137255
v 0.01568356 -0.04232622 0.02099830 0.08627451 0.01960784 0.83137255
v 0.01568356 -0.03757170 0.02096476 0.08627451 0.01960784 0.83137255
v 0.00053466 -0.04064277 0.02116936 0.08627451 0.01960784 0.83137255
v 0.00053466 -0.04507750 0.02028389 0.08627451 0.01960784 0.83137255
v 0.01055088 -0.04384626 0.02089097 0.08627451 0.01960784 0.83137255
v 0.01104769 -0.04379273 0.02075345 0.08627451 0.01960784 0.83137255
v 0.00053466 -0.04506483 0.02001892 0.08627451 0.01960784 0.83137255
v 0.00053466 -0.04501974 0.01939507 0.08627451 0.01960784 0.83137255
v 0.00079715 -0.04502256 0.01939507 0.08627451 0.01960784 0.83137255
v 0.00345766 -0.04489436 0.01939507 0.08627451 0.01960784 0.83137255
v 0.00168399 -0.04499016 0.01939507 0.08627451 0.01960784 0.83137255
v 0.00613894 -0.04471123 0.02035768 0.08627451 0.01960784 0.83137255
v 0.00656753 -0.04466897 0.02070650 0.08627451 0.01960784 0.83137255
v 0.00789185 -0.04443371 0.02028389 0.08627451 0.01960784 0.83137255
v 0.00966404 -0.04410406 0.02028389 0.08627451 0.01960784 0.83137255
v 0.00523134 -0.04479153 0.02028389 0.08627451 0.01960784 0.83137255
v 0.00434450 -0.04481689 0.01939507 0.08627451 0.01960784 0.83137255
v 0.01321139 -0.04326163 0.02028389 0.08627451 0.01960784 0.83137255
v 0.01404336 -0.04302073 0.02028389 0.08627451 0.01960784 0.83137255
v 0.01448678 -0.04287563 0.02028389 0.08627451 0.01960784 0.83137255
v 0.01498507 -0.04270940 0.02028389 0.08627451 0.01960784 0.83137255
v 0.01568356 -0.04247414 0.02028389 0.08627451 0.01960784 0.83137255
v 0.01568356 -0.03749704 0.02084401 0.08627451 0.01960784 0.83137255
v 0.00053466 -0.04038778 0.02077693 0.08627451 0.01960784 0.83137255
v 0.01055088 -0.04392938 0.02028389 0.08627451 0.01960784 0.83137255
v 0.01110701 -0.04380963 0.02028389 0.08627451 0.01960784 0.83137255
v 0.01155043 -0.04369975 0.02028389 0.08627451 0.01960784 0.83137255
v 0.01232455 -0.04349689 0.02028389 0.08627451 0.01960784 0.83137255
v 0.00053466 -0.04490704 0.01850960 0.08627451 0.01960784 0.83137255
v 0.00079715 -0.04491127 0.01850960 0.08627451 0.01960784 0.83137255
v 0.00168399 -0.04489014 0.01850960 0.08627451 0.01960784 0.83137255
v 0.00257083 -0.04485633 0.01850960 0.08627451 0.01960784 0.83137255
v 0.00345766 -0.04479857 0.01850960 0.08627451 0.01960784 0.83137255
v 0.00585568 -0.04468869 0.01964662 0.08627451 0.01960784 0.83137255
v 0.00644740 -0.04465488 0.02011619 0.08627451 0.01960784 0.83137255
v 0.00692048 -0.04460135 0.02035768 0.08627451 0.01960784 0.83137255
v 0.00789185 -0.04440553 0.01939507 0.08627451 0.01960784 0.83137255
v 0.00877721 -0.04425480 0.01939507 0.08627451 0.01960784 0.83137255
v 0.00966404 -0.04408152 0.01939507 0.08627451 0.01960784 0.83137255
v 0.01109069 -0.04380681 0.01963991 0.08627451 0.01960784 0.83137255
v 0.00498664 -0.04469150 0.01878798 0.08627451 0.01960784 0.83137255
v 0.01321139 -0.04321373 0.01939507 0.08627451 0.01960784 0.83137255
v 0.01398849 -0.04299678 0.01939507 0.08627451 0.01960784 0.83137255
v 0.01443191 -0.04286154 0.01939507 0.08627451 0.01960784 0.83137255
v 0.01498507 -0.04267559 0.01939507 0.08627451 0.01960784 0.83137255
v 0.01568356 -0.04246709 0.02009606 0.08627451 0.01960784 0.83137255
v 0.01568356 -0.03728572 0.02046501 0.08627451 0.01960784 0.83137255
v 0.00053466 -0.04028917 0.02060923 0.08627451 0.01960784 0.83137255
v 0.00053466 -0.04061178 -0.01173047 0.08627451 0.01960784 0.83137255
v 0.00079715 -0.04063713 -0.01173047 0.08627451 0.01960784 0.83137255
v 0.00159501 -0.04060191 -0.01173047 0.08627451 0.01960784 0.83137255
v 0.00168399 -0.04059769 -0.01173047 0.08627451 0.01960784 0.83137255
v 0.00401082 -0.04467883 0.01800984 0.08627451 0.01960784 0.83137255
v 0.00432226 -0.04471827 0.01849954 0.08627451 0.01960784 0.83137255
v 0.00557836 -0.04465629 0.01905631 0.08627451 0.01960784 0.83137255
v 0.00613894 -0.04462530 0.01936823 0.08627451 0.01960784 0.83137255
v 0.00700501 -0.04452668 0.01939507 0.08627451 0.01960784 0.83137255
v 0.00700501 -0.04442666 0.01850960 0.08627451 0.01960784 0.83137255
v 0.00789185 -0.04430269 0.01850960 0.08627451 0.01960784 0.83137255
v 0.00877721 -0.04415478 0.01850960 0.08627451 0.01960784 0.83137255
v 0.00966404 -0.04397868 0.01850960 0.08627451 0.01960784 0.83137255
v 0.01060575 -0.04388007 0.01936488 0.08627451 0.01960784 0.83137255
v 0.01093943 -0.04376878 0.01904960 0.08627451 0.01960784 0.83137255
v 0.01143772 -0.04357860 0.01850960 0.08627451 0.01960784 0.83137255
v 0.01232455 -0.04335461 0.01850960 0.08627451 0.01960784 0.83137255
v 0.00460106 -0.04464925 0.01819432 0.08627451 0.01960784 0.83137255
v 0.00526248 -0.04462107 0.01849954 0.08627451 0.01960784 0.83137255
v 0.00611818 -0.04452950 0.01850960 0.08627451 0.01960784 0.83137255
v 0.01321139 -0.04311512 0.01850960 0.08627451 0.01960784 0.83137255
v 0.01382832 -0.04294466 0.01850960 0.08627451 0.01960784 0.83137255
v 0.01427174 -0.04281787 0.01850960 0.08627451 0.01960784 0.83137255
v 0.01498507 -0.04258825 0.01850960 0.08627451 0.01960784 0.83137255
v 0.01568356 -0.04241497 0.01920724 0.08627451 0.01960784 0.83137255
v 0.01568356 -0.04243328 0.01939507 0.08627451 0.01960784 0.83137255
v 0.01568356 -0.03718288 0.02028053 0.08627451 0.01960784 0.83137255
v 0.01568356 -0.03313133 0.01275070 0.08627451 0.01960784 0.83137255
v 0.01568356 -0.03299891 0.01249580 0.08627451 0.01960784 0.83137255
v 0.01568356 -0.03292565 0.01235157 0.08627451 0.01960784 0.83137255
v 0.00053466 -0.03652218 0.01302238 0.08627451 0.01960784 0.83137255
v 0.00053466 -0.03433158 -0.01173047 0.08627451 0.01960784 0.83137255
v 0.00614635 -0.04018070 -0.01173047 0.08627451 0.01960784 0.83137255
v 0.00646668 -0.04022578 -0.01110662 0.08627451 0.01960784 0.83137255
v 0.00700501 -0.04004969 -0.01173047 0.08627451 0.01960784 0.83137255
v 0.01032991 -0.04383217 0.01850960 0.08627451 0.01960784 0.83137255
v 0.01143772 -0.03909737 -0.01173047 0.08627451 0.01960784 0.83137255
v 0.01077333 -0.04373215 0.01850960 0.08627451 0.01960784 0.83137255
v 0.01232455 -0.04322500 0.01762078 0.08627451 0.01960784 0.83137255
v 0.01370968 -0.04290944 0.01797966 0.08627451 0.01960784 0.83137255
v 0.01232455 -0.03885507 -0.01173047 0.08627451 0.01960784 0.83137255
v 0.01498507 -0.04245301 0.01762078 0.08627451 0.01960784 0.83137255
v 0.01568356 -0.04230650 0.01832177 0.08627451 0.01960784 0.83137255
v 0.01568356 -0.04233467 0.01850960 0.08627451 0.01960784 0.83137255
v 0.00053466 -0.03628410 0.01251927 0.08627451 0.01960784 0.83137255
v 0.01568356 -0.03290029 0.01229791 0.08627451 0.01960784 0.83137255
v 0.00053466 -0.03497397 0.00343652 0.08627451 0.01960784 0.83137255
v 0.01568356 -0.03069560 -0.01173047 0.08627451 0.01960784 0.83137255
v 0.00691455 -0.04006377 -0.01173047 0.08627451 0.01960784 0.83137255
v 0.01223409 -0.03888042 -0.01173047 0.08627451 0.01960784 0.83137255
v 0.01302453 -0.03861417 -0.01173047 0.08627451 0.01960784 0.83137255
v 0.01568356 -0.04220507 0.01766438 0.08627451 0.01960784 0.83137255
v 0.00053466 -0.03618267 0.01230126 0.08627451 0.01960784 0.83137255
v 0.01568356 -0.03261995 0.01161033 0.08627451 0.01960784 0.83137255
v 0.00053466 -0.03498665 0.00369813 0.08627451 0.01960784 0.83137255
v 0.01568356 -0.03756888 -0.01173047 0.08627451 0.01960784 0.83137255
v 0.00053466 -0.03501905 0.00432199 0.08627451 0.01960784 0.83137255
v 0.00053466 -0.03503455 0.00458696 0.08627451 0.01960784 0.83137255
v 0.01568356 -0.03165778 0.00434211 0.08627451 0.01960784 0.83137255
v 0.01308979 -0.03859022 -0.01173047 0.08627451 0.01960784 0.83137255
v 0.01568356 -0.03255093 0.01143256 0.08627451 0.01960784 0.83137255
v 0.00053466 -0.03590515 0.01153989 0.08627451 0.01960784 0.83137255
v 0.00053466 -0.03520078 0.00698174 0.08627451 0.01960784 0.83137255
v 0.01568356 -0.03176766 0.00609292 0.08627451 0.01960784 0.83137255
v 0.01568356 -0.03167187 0.00457689 0.08627451 0.01960784 0.83137255
v 0.01568356 -0.03234384 0.01057057 0.08627451 0.01960784 0.83137255
v 0.00053466 -0.03576287 0.01109716 0.08627451 0.01960784 0.83137255
v 0.00053466 -0.03580372 0.01122797 0.08627451 0.01960784 0.83137255
v 0.00053466 -0.03527262 0.00786721 0.08627451 0.01960784 0.83137255
v 0.01568356 -0.03184373 0.00698174 0.08627451 0.01960784 0.83137255
v 0.01568356 -0.03233539 0.01052697 0.08627451 0.01960784 0.83137255
v 0.00053466 -0.03564313 0.01052697 0.08627451 0.01960784 0.83137255
v 0.00053466 -0.03537123 0.00875268 0.08627451 0.01960784 0.83137255
v 0.01568356 -0.03187050 0.00723665 0.08627451 0.01960784 0.83137255
v 0.01568356 -0.03215788 0.00959119 0.08627451 0.01960784 0.83137255
v 0.00053466 -0.03553747 0.00990312 0.08627451 0.01960784 0.83137255
v 0.00053466 -0.03540645 0.00901765 0.08627451 0.01960784 0.83137255
v 0.01568356 -0.03206632 0.00895728 0.08627451 0.01960784 0.83137255
v 0.01568356 -0.03204096 0.00875268 0.08627451 0.01960784 0.83137255
v 0.01568356 -0.03197475 0.00817243 0.08627451 0.01960784 0.83137255
v 0.00053466 -0.03549521 0.00964150 0.08627451 0.01960784 0.83137255
f 3513 3514 3518
f 3513 3518 3529
f 3513 3529 3542
f 3513 3542 3557
f 3513 3557 3574
f 3513 3574 3589
f 3513 3589 3610
f 3513 3610 3634
f 3513 3634 3662
f 3513 3662 3661
f 3513 3661 3680
f 3513 3680 3679
f 3513 3679 3688
f 3513 3688 3692
f 3513 3692 3684
f 3513 3684 3695
f 3513 3695 3701
f 3513 3701 3700
f 3513 3700 3706
f 3513 3706 3710
f 3513 3710 3716
f 3513 3716 3715
f 3513 3715 3714
f 3513 3714 3711
f 3513 3711 3707
f 3513 3707 3702
f 3513 3702 3697
f 3513 3697 3690
f 3513 3690 3682
f 3513 3682 3666
f 3513 3666 3665
f 3513 3665 3664
f 3513 3664 3663
f 3513 3663 3635
f 3513 3635 3611
f 3513 3611 3590
f 3513 3590 3576
f 3513 3576 3575
f 3513 3575 3558
f 3513 3558 3544
f 3513 3544 3532
f 3513 3532 3519
f 3513 3519 3515
f 3513 3515 3516
f 3513 3516 3517
f 3513 3517 3514
f 3514 3517 3518
f 3515 3519 3520
f 3515 3520 3521
f 3515 3521 3516
f 3516 3521 3520
f 3516 3520 3522
f 3516 3522 3517
f 3517 3522 3523
f 3517 3523 3524
f 3517 3524 3525
f 3517 3525 3526
f 3517 3526 3527
f 3517 3527 3518
f 3518 3527 3528
f 3518 3528 3529
f 3519 3530 3531
f 3519 3531 3520
f 3519 3532 3530
f 3520 3531 3530
f 3520 3530 3543
f 3520 3543 3559
f 3520 3559 3577
f 3520 3577 3591
f 3520 3591 3612
f 3520 3612 3636
f 3520 3636 3667
f 3520 3667 3681
f 3520 3681 3689
f 3520 3689 3698
f 3520 3698 3704
f 3520 3704 3703
f 3520 3703 3708
f 3520 3708 3712
f 3520 3712 3717
f 3520 3717 3713
f 3520 3713 3709
f 3520 3709 3705
f 3520 3705 3699
f 3520 3699 3694
f 3520 3694 3693
f 3520 3693 3691
f 3520 3691 3683
f 3520 3683 3668
f 3520 3668 3637
f 3520 3637 3617
f 3520 3617 3596
f 3520 3596 3595
f 3520 3595 3592
f 3520 3592 3578
f 3520 3578 3560
f 3520 3560 3545
f 3520 3545 3533
f 3520 3533 3522
f 3522 3533 3523
f 3523 3533 3534
f 3523 3534 3535
f 3523 3535 3536
f 3523 3536 3524
f 3524 3536 3525
f 3525 3536 3526
f 3526 3537 3527
f 3526 3536 3538
f 3526 3538 3539
f 3526 3539 3540
f 3526 3540 3537
f 3527 3537 3541
f 3527 3541 3528
f 3528 3541 3529
f 3529 3541 3542
f 3530 3532 3543
f 3532 3544 3543
f 3533 3545 3546
f 3533 3546 3538
f 3533 3538 3534
f 3534 3538 3535
f 3535 3538 3536
f 3537 3540 3547
f 3537 3547 3548
f 3537 3548 3541
f 3538 3546 3549
f 3538 3549 3550
f 3538 3550 3551
f 3538 3551 3552
f 3538 3552 3539
f 3539 3552 3553
f 3539 3553 3540
f 3540 3554 3548
f 3540 3548 3547
f 3540 3553 3554
f 3541 3548 3555
f 3541 3555 3556
f 3541 3556 3542
f 3542 3556 3557
f 3543 3544 3558
f 3543 3558 3559
f 3545 3560 3561
f 3545 3561 3549
f 3545 3549 3546
f 3548 3554 3562
f 3548 3562 3555
f 3549 3561 3563
f 3549 3563 3564
f 3549 3564 3550
f 3550 3564 3552
f 3550 3552 3551
f 3552 3564 3565
f 3552 3565 3566
f 3552 3566 3567
f 3552 3567 3553
f 3553 3567 3568
f 3553 3568 3569
f 3553 3569 3554
f 3554 3569 3570
f 3554 3570 3571
f 3554 3571 3562
f 3555 3562 3572
f 3555 3572 3556
f 3556 3572 3557
f 3557 3572 3573
f 3557 3573 3574
f 3558 3575 3559
f 3559 3575 3576
f 3559 3576 3577
f 3560 3578 3563
f 3560 3563 3561
f 3562 3579 3572
f 3562 3571 3580
f 3562 3580 3579
f 3563 3565 3564
f 3563 3578 3581
f 3563 3581 3582
f 3563 3582 3565
f 3565 3567 3566
f 3565 3582 3567
f 3567 3582 3568
f 3568 3583 3570
f 3568 3570 3569
f 3568 3582 3584
f 3568 3584 3583
f 3570 3583 3571
f 3571 3583 3585
f 3571 3585 3580
f 3572 3579 3586
f 3572 3586 3587
f 3572 3587 3588
f 3572 3588 3573
f 3573 3588 3574
f 3574 3588 3589
f 3576 3590 3577
f 3577 3590 3591
f 3578 3592 3581
f 3579 3580 3593
f 3579 3593 3594
f 3579 3594 3586
f 3580 3585 3583
f 3580 3583 3593
f 3581 3592 3595
f 3581 3595 3596
f 3581 3596 3597
f 3581 3597 3582
f 3582 3598 3584
f 3582 3597 3599
f 3582 3599 3598
f 3583 3594 3593
f 3583 3584 3600
f 3583 3600 3601
f 3583 3601 3602
f 3583 3602 3603
f 3583 3603 3594
f 3584 3604 3600
f 3584 3598 3605
f 3584 3605 3604
f 3586 3594 3587
f 3587 3594 3588
f 3588 3594 3606
f 3588 3606 3607
f 3588 3607 3608
f 3588 3608 3609
f 3588 3609 3610
f 3588 3610 3589
f 3590 3611 3612
f 3590 3612 3591
f 3594 3603 3613
f 3594 3613 3614
f 3594 3614 3615
f 3594 3615 3616
f 3594 3616 3606
f 3596 3617 3618
f 3596 3618 3597
f 3597 3618 3619
f 3597 3619 3599
f 3598 3599 3620
f 3598 3620 3621
f 3598 3621 3605
f 3599 3619 3620
f 3600 3604 3605
f 3600 3605 3622
f 3600 3622 3623
f 3600 3623 3624
f 3600 3624 3601
f 3601 3624 3602
f 3602 3625 3626
f 3602 3626 3603
f 3602 3624 3625
f 3603 3626 3627
f 3603 3627 3628
f 3603 3628 3613
f 3605 3621 3629
f 3605 3629 3622
f 3606 3616 3628
f 3606 3628 3630
f 3606 3630 3631
f 3606 3631 3607
f 3607 3631 3632
f 3607 3632 3608
f 3608 3632 3609
f 3609 3632 3633
f 3609 3633 3634
f 3609 3634 3610
f 3611 3635 3636
f 3611 3636 3612
f 3613 3628 3614
f 3614 3628 3615
f 3615 3628 3616
f 3617 3637 3638
f 3617 3638 3618
f 3618 3638 3619
f 3619 3638 3620
f 3620 3638 3639
f 3620 3639 3640
f 3620 3640 3621
f 3621 3641 3642
f 3621 3642 3629
f 3621 3640 3641
f 3622 3629 3643
f 3622 3643 3644
f 3622 3644 3645
f 3622 3645 3623
f 3623 3645 3625
f 3623 3625 3624
f 3625 3645 3646
f 3625 3646 3647
f 3625 3647 3648
f 3625 3648 3626
f 3626 3648 3627
f 3627 3648 3649
f 3627 3649 3650
f 3627 3650 3628
f 3628 3650 3651
f 3628 3651 3652
f 3628 3652 3653
f 3628 3653 3630
f 3629 3642 3654
f 3629 3654 3655
f 3629 3655 3656
f 3629 3656 3643
f 3630 3653 3657
f 3630 3657 3658
f 3630 3658 3631
f 3631 3658 3659
f 3631 3659 3632
f 3632 3659 3660
f 3632 3660 3633
f 3633 3660 3661
f 3633 3661 3662
f 3633 3662 3634
f 3635 3663 3636
f 3636 3663 3664
f 3636 3664 3665
f 3636 3665 3666
f 3636 3666 3667
f 3637 3668 3684
f 3637 3684 3692
f 3637 3692 3696
f 3637 3696 3687
f 3637 3687 3677
f 3637 3677 3686
f 3637 3686 3673
f 3637 3673 3671
f 3637 3671 3685
f 3637 3685 3669
f 3637 3669 3640
f 3637 3640 3639
f 3637 3639 3638
f 3640 3669 3641
f 3641 3654 3642
f 3641 3669 3654
f 3643 3656 3646
f 3643 3646 3645
f 3643 3645 3644
f 3646 3656 3669
f 3646 3669 3647
f 3647 3669 3670
f 3647 3670 3671
f 3647 3671 3648
f 3648 3671 3649
f 3649 3672 3651
f 3649 3651 3650
f 3649 3671 3673
f 3649 3673 3672
f 3651 3672 3674
f 3651 3674 3652
f 3652 3675 3653
f 3652 3674 3673
f 3652 3673 3675
f 3653 3675 3676
f 3653 3676 3657
f 3654 3656 3655
f 3654 3669 3656
f 3657 3676 3658
f 3658 3676 3659
f 3659 3676 3677
f 3659 3677 3660
f 3660 3677 3678
f 3660 3678 3679
f 3660 3679 3680
f 3660 3680 3661
f 3666 3681 3667
f 3666 3682 3681
f 3668 3683 3684
f 3669 3685 3670
f 3670 3685 3671
f 3672 3673 3674
f 3673 3686 3676
f 3673 3676 3675
f 3676 3686 3677
f 3677 3687 3678
f 3678 3688 3679
f 3678 3687 3688
f 3681 3682 3689
f 3682 3690 3689
f 3683 3691 3684
f 3684 3691 3693
f 3684 3693 3694
f 3684 3694 3695
f 3687 3696 3688
f 3688 3696 3692
f 3689 3690 3697
f 3689 3697 3698
f 3694 3699 3700
f 3694 3700 3701
f 3694 3701 3695
f 3697 3702 3703
f 3697 3703 3704
f 3697 3704 3698
f 3699 3705 3700
f 3700 3705 3706
f 3702 3707 3708
f 3702 3708 3703
f 3705 3709 3710
f 3705 3710 3706
f 3707 3711 3708
f 3708 3711 3712
f 3709 3713 3714
f 3709 3714 3715
f 3709 3715 3716
f 3709 3716 3710
f 3711 3714 3717
f 3711 3717 3712
f 3713 3717 3714

o geometry_6
v -0.02172048 -0.02602996 -0.01176524 0.77647059 0.86666667 0.97647059
v -0.03045584 -0.02602996 -0.01176524 0.77647059 0.86666667 0.97647059
v -0.02201200 -0.02561570 -0.01176524 0.77647059 0.86666667 0.97647059
v -0.02315795 -0.02602996 0.00698175 0.77647059 0.86666667 0.97647059
v -0.03189330 -0.02458471 -0.01176524 0.77647059 0.86666667 0.97647059
v -0.03620971 -0.02602996 0.01939732 0.77647059 0.86666667 0.97647059
v -0.03051012 -0.01414331 -0.01176524 0.77647059 0.86666667 0.97647059
v -0.03160380 -0.01414331 0.00698175 0.77647059 0.86666667 0.97647059
v -0.03167416 -0.01414331 0.00783373 0.77647059 0.86666667 0.97647059
v -0.03168221 -0.01414331 0.00792728 0.77647059 0.86666667 0.97647059
v -0.02325445 -0.02602996 0.00786714 0.77647059 0.86666667 0.97647059
v -0.03227127 -0.02419023 -0.01176524 0.77647059 0.86666667 0.97647059
v -0.03623384 -0.02602996 0.01959445 0.77647059 0.86666667 0.97647059
v -0.03688924 -0.02515606 0.01989849 0.77647059 0.86666667 0.97647059
v -0.03264923 -0.02367939 -0.01176524 0.77647059 0.86666667 0.97647059
v -0.03233560 -0.02412274 -0.01176524 0.77647059 0.86666667 0.97647059
v -0.03770950 -0.01414331 -0.01176524 0.77647059 0.86666667 0.97647059
v -0.03169025 -0.01414331 0.00800079 0.77647059 0.86666667 0.97647059
v -0.03177670 -0.01414331 0.00875254 0.77647059 0.86666667 0.97647059
v -0.03178876 -0.01414331 0.00885277 0.77647059 0.86666667 0.97647059
v -0.03188526 -0.01414331 0.00964127 0.77647059 0.86666667 0.97647059
v -0.02329466 -0.02602996 0.00814780 0.77647059 0.86666667 0.97647059
v -0.03630220 -0.02602996 0.02026601 0.77647059 0.86666667 0.97647059
v -0.03665201 -0.02552028 0.02022926 0.77647059 0.86666667 0.97647059
v -0.03689930 -0.02517119 0.02048987 0.77647059 0.86666667 0.97647059
v -0.03713452 -0.02480231 0.02022926 0.77647059 0.86666667 0.97647059
v -0.03763109 -0.02403896 0.02028272 0.77647059 0.86666667 0.97647059
v -0.03786431 -0.02352812 0.01939732 0.77647059 0.86666667 0.97647059
v -0.03758486 -0.02397147 0.01939732 0.77647059 0.86666667 0.97647059
v -0.03714055 -0.02464871 0.01939732 0.77647059 0.86666667 0.97647059
v -0.03532512 -0.01940881 -0.01176524 0.77647059 0.86666667 0.97647059
v -0.03781606 -0.02344899 0.01879258 0.77647059 0.86666667 0.97647059
v -0.04214453 -0.01414331 0.01939732 0.77647059 0.86666667 0.97647059
v -0.03769744 -0.01417240 -0.01176524 0.77647059 0.86666667 0.97647059
v -0.04089203 -0.01762261 0.01939732 0.77647059 0.86666667 0.97647059
v -0.04120767 -0.01686043 0.01939732 0.77647059 0.86666667 0.97647059
v -0.04136850 -0.01641708 0.01939732 0.77647059 0.86666667 0.97647059
v -0.04187312 -0.01496135 0.01939732 0.77647059 0.86666667 0.97647059
v -0.04211839 -0.01422593 0.01939732 0.77647059 0.86666667 0.97647059
v -0.03189732 -0.01414331 0.00971812 0.77647059 0.86666667 0.97647059
v -0.02338714 -0.02602996 0.00875254 0.77647059 0.86666667 0.97647059
v -0.03618157 -0.02602996 0.02098435 0.77647059 0.86666667 0.97647059
v -0.03689930 -0.02517119 0.02074379 0.77647059 0.86666667 0.97647059
v -0.03790653 -0.02359561 0.02028272 0.77647059 0.86666667 0.97647059
v -0.03820206 -0.02294164 0.01939732 0.77647059 0.86666667 0.97647059
v -0.03829253 -0.02294164 0.02028272 0.77647059 0.86666667 0.97647059
v -0.03860817 -0.02240055 0.02028272 0.77647059 0.86666667 0.97647059
v -0.03579355 -0.01853724 -0.01176524 0.77647059 0.86666667 0.97647059
v -0.03855791 -0.02230862 0.01939732 0.77647059 0.86666667 0.97647059
v -0.03919522 -0.02116824 0.01939732 0.77647059 0.86666667 0.97647059
v -0.03949678 -0.02061435 0.01939732 0.77647059 0.86666667 0.97647059
v -0.04221289 -0.01414331 0.01990183 0.77647059 0.86666667 0.97647059
v -0.03766929 -0.01423989 -0.01176524 0.77647059 0.86666667 0.97647059
v -0.04056634 -0.01835106 0.01939732 0.77647059 0.86666667 0.97647059
v -0.04020848 -0.01939601 0.02028272 0.77647059 0.86666667 0.97647059
v -0.04125190 -0.01698843 0.02028272 0.77647059 0.86666667 0.97647059
v -0.03589207 -0.01833127 -0.01176524 0.77647059 0.86666667 0.97647059
v -0.04141876 -0.01654508 0.02028272 0.77647059 0.86666667 0.97647059
v -0.04167811 -0.01584805 0.02028272 0.77647059 0.86666667 0.97647059
v -0.04199174 -0.01496135 0.02028272 0.77647059 0.86666667 0.97647059
v -0.04217871 -0.01441328 0.02028272 0.77647059 0.86666667 0.97647059
v -0.03202800 -0.01414331 0.01052667 0.77647059 0.86666667 0.97647059
v -0.02342131 -0.02602996 0.00896303 0.77647059 0.86666667 0.97647059
v -0.03598656 -0.02602996 0.02136190 0.77647059 0.86666667 0.97647059
v -0.03594233 -0.02597294 0.02152561 0.77647059 0.86666667 0.97647059
v -0.03673846 -0.02492217 0.02133517 0.77647059 0.86666667 0.97647059
v -0.03704204 -0.02466151 0.02109127 0.77647059 0.86666667 0.97647059
v -0.03787235 -0.02353859 0.02088746 0.77647059 0.86666667 0.97647059
v -0.03955509 -0.02073304 0.02073711 0.77647059 0.86666667 0.97647059
v -0.03954101 -0.02070744 0.02003548 0.77647059 0.86666667 0.97647059
v -0.03955509 -0.02073304 0.02062685 0.77647059 0.86666667 0.97647059
v -0.03583577 -0.01845695 -0.01176524 0.77647059 0.86666667 0.97647059
v -0.03971793 -0.02017100 0.01939732 0.77647059 0.86666667 0.97647059
v -0.04225913 -0.01414331 0.02028272 0.77647059 0.86666667 0.97647059
v -0.04036529 -0.01879441 0.01939732 0.77647059 0.86666667 0.97647059
v -0.03974004 -0.02035951 0.02031279 0.77647059 0.86666667 0.97647059
v -0.04139665 -0.01647060 0.02090083 0.77647059 0.86666667 0.97647059
v -0.04008986 -0.01939601 0.01939732 0.77647059 0.86666667 0.97647059
v -0.04208020 -0.01414331 0.02118816 0.77647059 0.86666667 0.97647059
v -0.03204007 -0.01414331 0.01058681 0.77647059 0.86666667 0.97647059
v -0.02362035 -0.02602996 0.01002216 0.77647059 0.86666667 0.97647059
v -0.02357411 -0.02602996 0.00978828 0.77647059 0.86666667 0.97647059
v -0.02351178 -0.02602996 0.00947088 0.77647059 0.86666667 0.97647059
v -0.03592021 -0.02602996 0.02148886 0.77647059 0.86666667 0.97647059
v -0.03547390 -0.02602996 0.02183634 0.77647059 0.86666667 0.97647059
v -0.03614739 -0.02538181 0.02173276 0.77647059 0.86666667 0.97647059
v -0.03692744 -0.02433104 0.02165258 0.77647059 0.86666667 0.97647059
v -0.03805731 -0.02294746 0.02117814 0.77647059 0.86666667 0.97647059
v -0.03851770 -0.02211662 0.02123828 0.77647059 0.86666667 0.97647059
v -0.03879715 -0.02186178 0.02098769 0.77647059 0.86666667 0.97647059
v -0.03863833 -0.02156854 0.02157907 0.77647059 0.86666667 0.97647059
v -0.03967973 -0.02028155 0.02095428 0.77647059 0.86666667 0.97647059
v -0.04044973 -0.01808924 0.02162251 0.77647059 0.86666667 0.97647059
v -0.04053015 -0.01828938 0.02116811 0.77647059 0.86666667 0.97647059
v -0.04125391 -0.01611685 0.02149220 0.77647059 0.86666667 0.97647059
v -0.04150320 -0.01583176 0.02118482 0.77647059 0.86666667 0.97647059
v -0.04181482 -0.01496135 0.02116811 0.77647059 0.86666667 0.97647059
v -0.04207617 -0.01414913 0.02119484 0.77647059 0.86666667 0.97647059
v -0.04207617 -0.01414331 0.02119484 0.77647059 0.86666667 0.97647059
v -0.03221698 -0.01414331 0.01143545 0.77647059 0.86666667 0.97647059
v -0.02373293 -0.02602996 0.01052667 0.77647059 0.86666667 0.97647059
v -0.03467374 -0.02602996 0.02219718 0.77647059 0.86666667 0.97647059
v -0.03561262 -0.02564712 0.02191318 0.77647059 0.86666667 0.97647059
v -0.03644494 -0.02466151 0.02184636 0.77647059 0.86666667 0.97647059
v -0.03706616 -0.02382834 0.02177286 0.77647059 0.86666667 0.97647059
v -0.03788039 -0.02265539 0.02170937 0.77647059 0.86666667 0.97647059
v -0.03880318 -0.02097741 0.02172274 0.77647059 0.86666667 0.97647059
v -0.03954704 -0.01983005 0.02160914 0.77647059 0.86666667 0.97647059
v -0.03943044 -0.02028155 0.02139531 0.77647059 0.86666667 0.97647059
v -0.03898814 -0.02028155 0.02184970 0.77647059 0.86666667 0.97647059
v -0.03919321 -0.01947863 0.02193323 0.77647059 0.86666667 0.97647059
v -0.03999336 -0.01762261 0.02195662 0.77647059 0.86666667 0.97647059
v -0.04068093 -0.01673591 0.02178956 0.77647059 0.86666667 0.97647059
v -0.04092822 -0.01583176 0.02184970 0.77647059 0.86666667 0.97647059
v -0.04136448 -0.01552572 0.02165258 0.77647059 0.86666667 0.97647059
v -0.04204200 -0.01414331 0.02123828 0.77647059 0.86666667 0.97647059
v -0.04145696 -0.01496135 0.02172274 0.77647059 0.86666667 0.97647059
v -0.04159166 -0.01414331 0.02180961 0.77647059 0.86666667 0.97647059
v -0.03231751 -0.01414331 0.01178293 0.77647059 0.86666667 0.97647059
v -0.03245824 -0.01414331 0.01224400 0.77647059 0.86666667 0.97647059
v -0.02390583 -0.02602996 0.01108464 0.77647059 0.86666667 0.97647059
v -0.03378714 -0.02602996 0.02235421 0.77647059 0.86666667 0.97647059
v -0.03467374 -0.02560174 0.02229073 0.77647059 0.86666667 0.97647059
v -0.03556035 -0.02471504 0.02224729 0.77647059 0.86666667 0.97647059
v -0.03644695 -0.02382834 0.02212701 0.77647059 0.86666667 0.97647059
v -0.03736371 -0.02294746 0.02192655 0.77647059 0.86666667 0.97647059
v -0.03805731 -0.02205494 0.02182631 0.77647059 0.86666667 0.97647059
v -0.03733355 -0.02205494 0.02221388 0.77647059 0.86666667 0.97647059
v -0.03822015 -0.02028155 0.02220720 0.77647059 0.86666667 0.97647059
v -0.03999336 -0.01673591 0.02214038 0.77647059 0.86666667 0.97647059
v -0.04088198 -0.01496135 0.02205017 0.77647059 0.86666667 0.97647059
v -0.04088198 -0.01414331 0.02218381 0.77647059 0.86666667 0.97647059
v -0.02400836 -0.02602996 0.01141541 0.77647059 0.86666667 0.97647059
v -0.03253665 -0.01414331 0.01245115 0.77647059 0.86666667 0.97647059
v -0.03378714 -0.02560174 0.02235755 0.77647059 0.86666667 0.97647059
v -0.03467374 -0.02471504 0.02236757 0.77647059 0.86666667 0.97647059
v -0.03556035 -0.02382834 0.02235087 0.77647059 0.86666667 0.97647059
v -0.03290053 -0.02602996 0.02225398 0.77647059 0.86666667 0.97647059
v -0.03644695 -0.02294164 0.02229741 0.77647059 0.86666667 0.97647059
v -0.03733355 -0.02116824 0.02232414 0.77647059 0.86666667 0.97647059
v -0.03822015 -0.01939601 0.02231077 0.77647059 0.86666667 0.97647059
v -0.03999336 -0.01584805 0.02224061 0.77647059 0.86666667 0.97647059
v -0.03999336 -0.01414331 0.02234085 0.77647059 0.86666667 0.97647059
v -0.02431395 -0.02602996 0.01212038 0.77647059 0.86666667 0.97647059
v -0.02455922 -0.02602996 0.01262823 0.77647059 0.86666667 0.97647059
v -0.02446071 -0.02602996 0.01242442 0.77647059 0.86666667 0.97647059
v -0.03289651 -0.01414331 0.01318954 0.77647059 0.86666667 0.97647059
v -0.03644695 -0.02205494 0.02236089 0.77647059 0.86666667 0.97647059
v -0.03733355 -0.02028155 0.02235755 0.77647059 0.86666667 0.97647059
v -0.03290053 -0.02560174 0.02220386 0.77647059 0.86666667 0.97647059
v -0.03910676 -0.01414331 0.02218715 0.77647059 0.86666667 0.97647059
v -0.03199382 -0.02602996 0.02199671 0.77647059 0.86666667 0.97647059
v -0.03707621 -0.01414331 0.02029608 0.77647059 0.86666667 0.97647059
v -0.03752655 -0.01414331 0.02106120 0.77647059 0.86666667 0.97647059
v -0.03049605 -0.02602996 0.02094426 0.77647059 0.86666667 0.97647059
v -0.03831867 -0.01414331 0.02183634 0.77647059 0.86666667 0.97647059
v -0.03133440 -0.02602996 0.02174279 0.77647059 0.86666667 0.97647059
v -0.03787838 -0.01414331 0.02150557 0.77647059 0.86666667 0.97647059
v -0.03090618 -0.02602996 0.02139531 0.77647059 0.86666667 0.97647059
f 3718 3719 3722
f 3718 3722 3729
f 3718 3729 3733
f 3718 3733 3732
f 3718 3732 3748
f 3718 3748 3765
f 3718 3765 3789
f 3718 3789 3774
f 3718 3774 3770
f 3718 3770 3751
f 3718 3751 3734
f 3718 3734 3724
f 3718 3724 3720
f 3718 3720 3721
f 3718 3721 3728
f 3718 3728 3739
f 3718 3739 3758
f 3718 3758 3780
f 3718 3780 3800
f 3718 3800 3799
f 3718 3799 3798
f 3718 3798 3818
f 3718 3818 3838
f 3718 3838 3850
f 3718 3850 3861
f 3718 3861 3863
f 3718 3863 3862
f 3718 3862 3872
f 3718 3872 3876
f 3718 3876 3874
f 3718 3874 3869
f 3718 3869 3855
f 3718 3855 3839
f 3718 3839 3819
f 3718 3819 3802
f 3718 3802 3801
f 3718 3801 3781
f 3718 3781 3759
f 3718 3759 3740
f 3718 3740 3730
f 3718 3730 3723
f 3718 3723 3719
f 3719 3723 3722
f 3720 3724 3725
f 3720 3725 3721
f 3721 3725 3726
f 3721 3726 3727
f 3721 3727 3728
f 3722 3723 3729
f 3723 3730 3731
f 3723 3731 3732
f 3723 3732 3733
f 3723 3733 3729
f 3724 3734 3750
f 3724 3750 3769
f 3724 3769 3791
f 3724 3791 3796
f 3724 3796 3816
f 3724 3816 3833
f 3724 3833 3835
f 3724 3835 3849
f 3724 3849 3860
f 3724 3860 3868
f 3724 3868 3873
f 3724 3873 3875
f 3724 3875 3871
f 3724 3871 3870
f 3724 3870 3864
f 3724 3864 3851
f 3724 3851 3837
f 3724 3837 3836
f 3724 3836 3817
f 3724 3817 3797
f 3724 3797 3779
f 3724 3779 3757
f 3724 3757 3738
f 3724 3738 3737
f 3724 3737 3736
f 3724 3736 3735
f 3724 3735 3727
f 3724 3727 3726
f 3724 3726 3725
f 3727 3735 3728
f 3728 3735 3736
f 3728 3736 3737
f 3728 3737 3738
f 3728 3738 3739
f 3730 3740 3731
f 3731 3740 3741
f 3731 3741 3742
f 3731 3742 3743
f 3731 3743 3744
f 3731 3744 3745
f 3731 3745 3746
f 3731 3746 3747
f 3731 3747 3732
f 3732 3747 3746
f 3732 3746 3749
f 3732 3749 3748
f 3734 3751 3752
f 3734 3752 3753
f 3734 3753 3754
f 3734 3754 3755
f 3734 3755 3756
f 3734 3756 3750
f 3738 3757 3758
f 3738 3758 3739
f 3740 3759 3760
f 3740 3760 3742
f 3740 3742 3741
f 3742 3760 3744
f 3742 3744 3743
f 3744 3761 3745
f 3744 3760 3761
f 3745 3762 3749
f 3745 3749 3746
f 3745 3761 3763
f 3745 3763 3764
f 3745 3764 3762
f 3748 3749 3762
f 3748 3762 3766
f 3748 3766 3767
f 3748 3767 3768
f 3748 3768 3765
f 3750 3756 3769
f 3751 3770 3752
f 3752 3771 3772
f 3752 3772 3773
f 3752 3773 3753
f 3752 3770 3774
f 3752 3774 3771
f 3753 3773 3775
f 3753 3775 3776
f 3753 3776 3754
f 3754 3776 3777
f 3754 3777 3755
f 3755 3777 3778
f 3755 3778 3756
f 3756 3778 3769
f 3757 3779 3758
f 3758 3779 3780
f 3759 3781 3782
f 3759 3782 3760
f 3760 3782 3783
f 3760 3783 3784
f 3760 3784 3785
f 3760 3785 3761
f 3761 3785 3786
f 3761 3786 3763
f 3762 3764 3787
f 3762 3787 3766
f 3763 3786 3764
f 3764 3786 3788
f 3764 3788 3787
f 3765 3768 3789
f 3766 3787 3767
f 3767 3787 3768
f 3768 3787 3790
f 3768 3790 3789
f 3769 3778 3791
f 3771 3792 3772
f 3771 3774 3789
f 3771 3789 3792
f 3772 3793 3786
f 3772 3786 3794
f 3772 3794 3773
f 3772 3792 3795
f 3772 3795 3790
f 3772 3790 3787
f 3772 3787 3793
f 3773 3794 3775
f 3775 3794 3776
f 3776 3794 3777
f 3777 3794 3778
f 3778 3794 3796
f 3778 3796 3791
f 3779 3797 3798
f 3779 3798 3799
f 3779 3799 3800
f 3779 3800 3780
f 3781 3801 3782
f 3782 3801 3802
f 3782 3802 3803
f 3782 3803 3804
f 3782 3804 3783
f 3783 3804 3785
f 3783 3785 3784
f 3785 3804 3805
f 3785 3805 3806
f 3785 3806 3807
f 3785 3807 3786
f 3786 3807 3808
f 3786 3808 3809
f 3786 3809 3810
f 3786 3810 3811
f 3786 3811 3794
f 3786 3793 3788
f 3787 3788 3793
f 3789 3790 3795
f 3789 3795 3792
f 3794 3811 3810
f 3794 3810 3812
f 3794 3812 3813
f 3794 3813 3814
f 3794 3814 3796
f 3796 3814 3815
f 3796 3815 3816
f 3797 3817 3798
f 3798 3817 3818
f 3802 3819 3820
f 3802 3820 3803
f 3803 3820 3821
f 3803 3821 3804
f 3804 3821 3822
f 3804 3822 3823
f 3804 3823 3808
f 3804 3808 3805
f 3805 3808 3806
f 3806 3808 3807
f 3808 3823 3824
f 3808 3824 3825
f 3808 3825 3826
f 3808 3826 3809
f 3809 3826 3825
f 3809 3825 3810
f 3810 3825 3824
f 3810 3824 3827
f 3810 3827 3828
f 3810 3828 3829
f 3810 3829 3830
f 3810 3830 3831
f 3810 3831 3832
f 3810 3832 3812
f 3812 3815 3814
f 3812 3814 3813
f 3812 3832 3815
f 3815 3833 3816
f 3815 3832 3834
f 3815 3834 3835
f 3815 3835 3833
f 3817 3836 3818
f 3818 3836 3837
f 3818 3837 3838
f 3819 3839 3840
f 3819 3840 3841
f 3819 3841 3820
f 3820 3842 3821
f 3820 3841 3842
f 3821 3842 3843
f 3821 3843 3823
f 3821 3823 3822
f 3823 3843 3844
f 3823 3844 3824
f 3824 3844 3827
f 3827 3844 3845
f 3827 3845 3846
f 3827 3846 3828
f 3828 3846 3829
f 3829 3846 3847
f 3829 3847 3830
f 3830 3847 3831
f 3831 3847 3848
f 3831 3848 3834
f 3831 3834 3832
f 3834 3848 3835
f 3835 3848 3849
f 3837 3850 3838
f 3837 3851 3850
f 3839 3852 3853
f 3839 3853 3854
f 3839 3854 3840
f 3839 3855 3852
f 3840 3854 3841
f 3841 3845 3842
f 3841 3854 3856
f 3841 3856 3845
f 3842 3845 3843
f 3843 3845 3844
f 3845 3856 3857
f 3845 3857 3846
f 3846 3857 3858
f 3846 3858 3847
f 3847 3849 3848
f 3847 3858 3859
f 3847 3859 3849
f 3849 3859 3860
f 3850 3851 3861
f 3851 3862 3863
f 3851 3863 3861
f 3851 3864 3862
f 3852 3860 3853
f 3852 3855 3860
f 3853 3865 3854
f 3853 3860 3866
f 3853 3866 3865
f 3854 3857 3856
f 3854 3865 3857
f 3855 3867 3868
f 3855 3868 3860
f 3855 3869 3867
f 3857 3865 3866
f 3857 3866 3858
f 3858 3866 3860
f 3858 3860 3859
f 3862 3864 3870
f 3862 3870 3871
f 3862 3871 3872
f 3867 3869 3868
f 3868 3869 3874
f 3868 3874 3873
f 3871 3875 3872
f 3872 3875 3876
f 3873 3874 3875
f 3874 3876 3875

o geometry_7
v 0.03732320 -0.02596540 0.02028297 0.79607843 0.45882353 0.78039216
v 0.03727661 -0.02596540 0.02054799 0.79607843 0.45882353 0.78039216
v 0.03691653 -0.02634682 0.02116860 0.79607843 0.45882353 0.78039216
v 0.03699067 -0.02645672 0.02028297 0.79607843 0.45882353 0.78039216
v 0.03726178 -0.02596540 0.01967914 0.79607843 0.45882353 0.78039216
v 0.03716011 -0.02596540 0.02120215 0.79607843 0.45882353 0.78039216
v 0.03699702 -0.02596540 0.02153426 0.79607843 0.45882353 0.78039216
v 0.03678945 -0.02615611 0.02169193 0.79607843 0.45882353 0.78039216
v 0.03577066 -0.02774645 0.02150071 0.79607843 0.45882353 0.78039216
v 0.03660518 -0.02678966 0.02116860 0.79607843 0.45882353 0.78039216
v 0.03589139 -0.02790969 0.02090694 0.79607843 0.45882353 0.78039216
v 0.03668779 -0.02689956 0.02028297 0.79607843 0.45882353 0.78039216
v 0.03694407 -0.02639046 0.01939734 0.79607843 0.45882353 0.78039216
v 0.03723213 -0.02596540 0.01939734 0.79607843 0.45882353 0.78039216
v 0.03685299 -0.02596540 0.02174225 0.79607843 0.45882353 0.78039216
v 0.03668355 -0.02596540 0.02186972 0.79607843 0.45882353 0.78039216
v 0.03627476 -0.02646804 0.02190663 0.79607843 0.45882353 0.78039216
v 0.03598247 -0.02715492 0.02175567 0.79607843 0.45882353 0.78039216
v 0.03613497 -0.02742159 0.02118873 0.79607843 0.45882353 0.78039216
v 0.03493614 -0.02870486 0.02160806 0.79607843 0.45882353 0.78039216
v 0.03507382 -0.02887294 0.02101764 0.79607843 0.45882353 0.78039216
v 0.03475399 -0.02937234 0.02028297 0.79607843 0.45882353 0.78039216
v 0.03511618 -0.02892789 0.02028297 0.79607843 0.45882353 0.78039216
v 0.03556097 -0.02837030 0.02028297 0.79607843 0.45882353 0.78039216
v 0.03590622 -0.02792746 0.02028297 0.79607843 0.45882353 0.78039216
v 0.03632560 -0.02737634 0.02028297 0.79607843 0.45882353 0.78039216
v 0.03623664 -0.02737634 0.01939734 0.79607843 0.45882353 0.78039216
v 0.03664119 -0.02683330 0.01939734 0.79607843 0.45882353 0.78039216
v 0.03687206 -0.02628541 0.01850836 0.79607843 0.45882353 0.78039216
v 0.03708598 -0.02596540 0.01849159 0.79607843 0.45882353 0.78039216
v 0.03624723 -0.02596540 0.02214481 0.79607843 0.45882353 0.78039216
v 0.03517972 -0.02811333 0.02182276 0.79607843 0.45882353 0.78039216
v 0.03536399 -0.02735856 0.02208442 0.79607843 0.45882353 0.78039216
v 0.03410163 -0.02965841 0.02165838 0.79607843 0.45882353 0.78039216
v 0.03386440 -0.03025317 0.02116860 0.79607843 0.45882353 0.78039216
v 0.03472434 -0.02916224 0.02125582 0.79607843 0.45882353 0.78039216
v 0.03393218 -0.03034530 0.02028297 0.79607843 0.45882353 0.78039216
v 0.03431131 -0.02990084 0.02028297 0.79607843 0.45882353 0.78039216
v 0.03470528 -0.02930770 0.01939734 0.79607843 0.45882353 0.78039216
v 0.03506323 -0.02886486 0.01939734 0.79607843 0.45882353 0.78039216
v 0.03550802 -0.02831050 0.01939734 0.79607843 0.45882353 0.78039216
v 0.03586174 -0.02786766 0.01939734 0.79607843 0.45882353 0.78039216
v 0.03583209 -0.02782888 0.01890756 0.79607843 0.45882353 0.78039216
v 0.03606931 -0.02743129 0.01857210 0.79607843 0.45882353 0.78039216
v 0.03656706 -0.02672824 0.01850836 0.79607843 0.45882353 0.78039216
v 0.03154300 -0.02624500 -0.01172712 0.79607843 0.45882353 0.78039216
v 0.03172728 -0.02596540 -0.01172712 0.79607843 0.45882353 0.78039216
v 0.03593163 -0.02596540 0.02233602 0.79607843 0.45882353 0.78039216
v 0.03495944 -0.02697067 0.02250711 0.79607843 0.45882353 0.78039216
v 0.03358482 -0.02998812 0.02184960 0.79607843 0.45882353 0.78039216
v 0.03327558 -0.03059419 0.02170535 0.79607843 0.45882353 0.78039216
v 0.03342173 -0.03076551 0.02116860 0.79607843 0.45882353 0.78039216
v 0.03348739 -0.03084147 0.02028297 0.79607843 0.45882353 0.78039216
v 0.03386864 -0.03028226 0.01939734 0.79607843 0.45882353 0.78039216
v 0.03426048 -0.02983781 0.01939734 0.79607843 0.45882353 0.78039216
v 0.03462902 -0.02922527 0.01850836 0.79607843 0.45882353 0.78039216
v 0.03499757 -0.02878082 0.01850836 0.79607843 0.45882353 0.78039216
v 0.03549320 -0.02818121 0.01857210 0.79607843 0.45882353 0.78039216
v 0.03578337 -0.02776423 0.01831715 0.79607843 0.45882353 0.78039216
v 0.03117658 -0.02669754 -0.01163990 0.79607843 0.45882353 0.78039216
v 0.03116811 -0.02668784 -0.01172712 0.79607843 0.45882353 0.78039216
v 0.03490014 -0.02865960 0.01738791 0.79607843 0.45882353 0.78039216
v 0.02286740 -0.02596540 -0.01172712 0.79607843 0.45882353 0.78039216
v 0.03565205 -0.02596540 0.02246350 0.79607843 0.45882353 0.78039216
v 0.03559910 -0.02596540 0.02248027 0.79607843 0.45882353 0.78039216
v 0.03506111 -0.02649066 0.02252053 0.79607843 0.45882353 0.78039216
v 0.03449347 -0.02711775 0.02253059 0.79607843 0.45882353 0.78039216
v 0.03152182 -0.03061520 0.02253395 0.79607843 0.45882353 0.78039216
v 0.03295363 -0.02936426 0.02245679 0.79607843 0.45882353 0.78039216
v 0.03355305 -0.02910244 0.02228570 0.79607843 0.45882353 0.78039216
v 0.03268252 -0.02999781 0.02232260 0.79607843 0.45882353 0.78039216
v 0.03269947 -0.03090450 0.02187308 0.79607843 0.45882353 0.78039216
v 0.03239023 -0.03148310 0.02170870 0.79607843 0.45882353 0.78039216
v 0.03300447 -0.03120835 0.02116860 0.79607843 0.45882353 0.78039216
v 0.03308707 -0.03128592 0.02028297 0.79607843 0.45882353 0.78039216
v 0.03342596 -0.03076227 0.01939734 0.79607843 0.45882353 0.78039216
v 0.03378392 -0.03019176 0.01850836 0.79607843 0.45882353 0.78039216
v 0.03418635 -0.02974892 0.01850836 0.79607843 0.45882353 0.78039216
v 0.03495309 -0.02872587 0.01798168 0.79607843 0.45882353 0.78039216
v 0.03072543 -0.02714522 -0.01172712 0.79607843 0.45882353 0.78039216
v 0.03334124 -0.03066854 0.01850836 0.79607843 0.45882353 0.78039216
v 0.03292398 -0.03111299 0.01850836 0.79607843 0.45882353 0.78039216
v 0.03256815 -0.03167704 0.01939734 0.79607843 0.45882353 0.78039216
v 0.03214877 -0.03212150 0.01939734 0.79607843 0.45882353 0.78039216
v 0.01568504 -0.03069601 -0.01172712 0.79607843 0.45882353 0.78039216
v 0.02425897 -0.02596540 0.00516355 0.79607843 0.45882353 0.78039216
v 0.03522208 -0.02596540 0.02251717 0.79607843 0.45882353 0.78039216
v 0.03492979 -0.02596540 0.02252724 0.79607843 0.45882353 0.78039216
v 0.03444899 -0.02642763 0.02253730 0.79607843 0.45882353 0.78039216
v 0.03182471 -0.02999781 0.02253730 0.79607843 0.45882353 0.78039216
v 0.02913264 -0.03266292 0.02253059 0.79607843 0.45882353 0.78039216
v 0.02881070 -0.03320273 0.02252053 0.79607843 0.45882353 0.78039216
v 0.03120835 -0.03120673 0.02245679 0.79607843 0.45882353 0.78039216
v 0.03182471 -0.03091581 0.02232596 0.79607843 0.45882353 0.78039216
v 0.03181200 -0.03179179 0.02187643 0.79607843 0.45882353 0.78039216
v 0.03150064 -0.03235908 0.02170535 0.79607843 0.45882353 0.78039216
v 0.03256179 -0.03164310 0.02116860 0.79607843 0.45882353 0.78039216
v 0.03219537 -0.03217807 0.02028297 0.79607843 0.45882353 0.78039216
v 0.03264228 -0.03173361 0.02028297 0.79607843 0.45882353 0.78039216
v 0.03301082 -0.03120511 0.01939734 0.79607843 0.45882353 0.78039216
v 0.02763305 -0.03026449 -0.01163990 0.79607843 0.45882353 0.78039216
v 0.02762458 -0.03025479 -0.01172712 0.79607843 0.45882353 0.78039216
v 0.03117658 -0.03292636 0.01850836 0.79607843 0.45882353 0.78039216
v 0.03170398 -0.03256111 0.01939734 0.79607843 0.45882353 0.78039216
v 0.01568504 -0.03165765 0.00434166 0.79607843 0.45882353 0.78039216
v 0.02434581 -0.02596540 0.00613640 0.79607843 0.45882353 0.78039216
v 0.01568504 -0.03756647 -0.01172712 0.79607843 0.45882353 0.78039216
v 0.03465444 -0.02596540 0.02252053 0.79607843 0.45882353 0.78039216
v 0.03387076 -0.02668138 0.02253395 0.79607843 0.45882353 0.78039216
v 0.01623998 -0.04018471 0.02251046 0.79607843 0.45882353 0.78039216
v 0.01623998 -0.04026552 0.02251046 0.79607843 0.45882353 0.78039216
v 0.01638824 -0.04026552 0.02251046 0.79607843 0.45882353 0.78039216
v 0.02519940 -0.03581128 0.02250375 0.79607843 0.45882353 0.78039216
v 0.02940164 -0.03293445 0.02242995 0.79607843 0.45882353 0.78039216
v 0.02648930 -0.03529248 0.02232260 0.79607843 0.45882353 0.78039216
v 0.02742760 -0.03540238 0.02194017 0.79607843 0.45882353 0.78039216
v 0.02913264 -0.03353406 0.02223203 0.79607843 0.45882353 0.78039216
v 0.03092665 -0.03177725 0.02231589 0.79607843 0.45882353 0.78039216
v 0.03089488 -0.03267101 0.02183953 0.79607843 0.45882353 0.78039216
v 0.03002858 -0.03266292 0.02227564 0.79607843 0.45882353 0.78039216
v 0.02963886 -0.03404801 0.02163154 0.79607843 0.45882353 0.78039216
v 0.02918348 -0.03466701 0.02124240 0.79607843 0.45882353 0.78039216
v 0.02977865 -0.03417730 0.02116860 0.79607843 0.45882353 0.78039216
v 0.03165738 -0.03249807 0.02116860 0.79607843 0.45882353 0.78039216
v 0.03210005 -0.03208594 0.02116860 0.79607843 0.45882353 0.78039216
v 0.02917289 -0.03425003 0.02177244 0.79607843 0.45882353 0.78039216
v 0.03083345 -0.03344840 0.02028297 0.79607843 0.45882353 0.78039216
v 0.03124647 -0.03300394 0.01939734 0.79607843 0.45882353 0.78039216
v 0.02718190 -0.03068308 -0.01172712 0.79607843 0.45882353 0.78039216
v 0.03073178 -0.03335466 0.01850836 0.79607843 0.45882353 0.78039216
v 0.01568504 -0.03167219 0.00457649 0.79607843 0.45882353 0.78039216
v 0.02454915 -0.02596540 0.00786740 0.79607843 0.45882353 0.78039216
v 0.01568504 -0.03171260 0.00522058 0.79607843 0.45882353 0.78039216
v 0.01568504 -0.03176755 0.00609279 0.79607843 0.45882353 0.78039216
v 0.01598793 -0.03745819 -0.01172712 0.79607843 0.45882353 0.78039216
v 0.01568504 -0.03756970 -0.01170700 0.79607843 0.45882353 0.78039216
v 0.03440875 -0.02596540 0.02250375 0.79607843 0.45882353 0.78039216
v 0.03412281 -0.02608985 0.02249369 0.79607843 0.45882353 0.78039216
v 0.03419906 -0.02596540 0.02248698 0.79607843 0.45882353 0.78039216
v 0.01568504 -0.03983561 0.02236621 0.79607843 0.45882353 0.78039216
v 0.01568504 -0.04005542 0.02237963 0.79607843 0.45882353 0.78039216
v 0.01568504 -0.04062432 0.02235615 0.79607843 0.45882353 0.78039216
v 0.01568504 -0.04084412 0.02230248 0.79607843 0.45882353 0.78039216
v 0.01568504 -0.04161667 0.02194017 0.79607843 0.45882353 0.78039216
v 0.01671442 -0.04060816 0.02229241 0.79607843 0.45882353 0.78039216
v 0.01942131 -0.03979036 0.02210455 0.79607843 0.45882353 0.78039216
v 0.02030666 -0.03890307 0.02231254 0.79607843 0.45882353 0.78039216
v 0.02208160 -0.03801739 0.02230918 0.79607843 0.45882353 0.78039216
v 0.02385442 -0.03713010 0.02229576 0.79607843 0.45882353 0.78039216
v 0.02554676 -0.03616199 0.02222867 0.79607843 0.45882353 0.78039216
v 0.02811597 -0.03513733 0.02177579 0.79607843 0.45882353 0.78039216
v 0.02476943 -0.03717373 0.02195694 0.79607843 0.45882353 0.78039216
v 0.02562725 -0.03688605 0.02177579 0.79607843 0.45882353 0.78039216
v 0.02613770 -0.03673251 0.02165167 0.79607843 0.45882353 0.78039216
v 0.02715013 -0.03592441 0.02171876 0.79607843 0.45882353 0.78039216
v 0.02870691 -0.03489489 0.02158458 0.79607843 0.45882353 0.78039216
v 0.02889542 -0.03504682 0.02099416 0.79607843 0.45882353 0.78039216
v 0.03035053 -0.03389124 0.02028297 0.79607843 0.45882353 0.78039216
v 0.03080168 -0.03341446 0.01939734 0.79607843 0.45882353 0.78039216
v 0.02660579 -0.03113400 -0.01163990 0.79607843 0.45882353 0.78039216
v 0.02658673 -0.03113077 -0.01172712 0.79607843 0.45882353 0.78039216
v 0.03022980 -0.03379749 0.01850836 0.79607843 0.45882353 0.78039216
v 0.02978713 -0.03416761 0.01850836 0.79607843 0.45882353 0.78039216
v 0.02889330 -0.03504520 0.01939734 0.79607843 0.45882353 0.78039216
v 0.02791052 -0.03585168 0.01957850 0.79607843 0.45882353 0.78039216
v 0.02686208 -0.03661615 0.01939734 0.79607843 0.45882353 0.78039216
v 0.03031241 -0.03385891 0.01939734 0.79607843 0.45882353 0.78039216
v 0.01568504 -0.03184351 0.00698178 0.79607843 0.45882353 0.78039216
v 0.02468047 -0.02596540 0.00875303 0.79607843 0.45882353 0.78039216
v 0.01676102 -0.03714788 -0.01172712 0.79607843 0.45882353 0.78039216
v 0.01844065 -0.04126433 0.01850836 0.79607843 0.45882353 0.78039216
v 0.01764637 -0.04158111 0.01850836 0.79607843 0.45882353 0.78039216
v 0.01634376 -0.04201748 0.01800516 0.79607843 0.45882353 0.78039216
v 0.01589685 -0.04213062 0.01767641 0.79607843 0.45882353 0.78039216
v 0.01568504 -0.04220496 0.01766299 0.79607843 0.45882353 0.78039216
v 0.03359965 -0.02596540 0.02232931 0.79607843 0.45882353 0.78039216
v 0.01568504 -0.03909055 0.02214816 0.79607843 0.45882353 0.78039216
v 0.01568504 -0.04176374 0.02185295 0.79607843 0.45882353 0.78039216
v 0.01590956 -0.04163444 0.02188314 0.79607843 0.45882353 0.78039216
v 0.01676102 -0.04141302 0.02182611 0.79607843 0.45882353 0.78039216
v 0.01764637 -0.04067765 0.02204417 0.79607843 0.45882353 0.78039216
v 0.01845336 -0.04069058 0.02182276 0.79607843 0.45882353 0.78039216
v 0.02024312 -0.03980329 0.02185631 0.79607843 0.45882353 0.78039216
v 0.02296695 -0.03801739 0.02212132 0.79607843 0.45882353 0.78039216
v 0.02379088 -0.03801577 0.02182611 0.79607843 0.45882353 0.78039216
v 0.02449408 -0.03772001 0.02172212 0.79607843 0.45882353 0.78039216
v 0.02345199 -0.03848124 0.02163154 0.79607843 0.45882353 0.78039216
v 0.02408529 -0.03833740 0.02116860 0.79607843 0.45882353 0.78039216
v 0.02476943 -0.03788325 0.02118873 0.79607843 0.45882353 0.78039216
v 0.02631985 -0.03685373 0.02116860 0.79607843 0.45882353 0.78039216
v 0.02774107 -0.03572724 0.02148058 0.79607843 0.45882353 0.78039216
v 0.02792535 -0.03586138 0.02089017 0.79607843 0.45882353 0.78039216
v 0.02895896 -0.03510015 0.02028297 0.79607843 0.45882353 0.78039216
v 0.02940376 -0.03472843 0.02028297 0.79607843 0.45882353 0.78039216
v 0.02990786 -0.03428559 0.02028297 0.79607843 0.45882353 0.78039216
v 0.02256876 -0.03405932 -0.01172712 0.79607843 0.45882353 0.78039216
v 0.02986973 -0.03424195 0.01939734 0.79607843 0.45882353 0.78039216
v 0.02933598 -0.03468479 0.01939734 0.79607843 0.45882353 0.78039216
v 0.02839979 -0.03554299 0.02028297 0.79607843 0.45882353 0.78039216
v 0.02795500 -0.03588562 0.02028297 0.79607843 0.45882353 0.78039216
v 0.02740007 -0.03629937 0.02028297 0.79607843 0.45882353 0.78039216
v 0.02691715 -0.03665817 0.02028297 0.79607843 0.45882353 0.78039216
v 0.02642152 -0.03693615 0.01939734 0.79607843 0.45882353 0.78039216
v 0.01568504 -0.03187099 0.00723673 0.79607843 0.45882353 0.78039216
v 0.01568504 -0.03206655 0.00895767 0.79607843 0.45882353 0.78039216
v 0.02485203 -0.02596540 0.00964202 0.79607843 0.45882353 0.78039216
v 0.01568504 -0.03194048 0.00786740 0.79607843 0.45882353 0.78039216
v 0.01568504 -0.03197442 0.00817268 0.79607843 0.45882353 0.78039216
v 0.01568504 -0.03204069 0.00875303 0.79607843 0.45882353 0.78039216
v 0.01740068 -0.03684888 -0.01172712 0.79607843 0.45882353 0.78039216
v 0.02012451 -0.04036088 0.01762273 0.79607843 0.45882353 0.78039216
v 0.01897228 -0.04111888 0.01897130 0.79607843 0.45882353 0.78039216
v 0.01764637 -0.04170232 0.01939734 0.79607843 0.45882353 0.78039216
v 0.01703425 -0.04194314 0.01939734 0.79607843 0.45882353 0.78039216
v 0.01687963 -0.04188172 0.01850836 0.79607843 0.45882353 0.78039216
v 0.01643696 -0.04205304 0.01850836 0.79607843 0.45882353 0.78039216
v 0.01587355 -0.04226799 0.01850836 0.79607843 0.45882353 0.78039216
v 0.01568504 -0.04230678 0.01832050 0.79607843 0.45882353 0.78039216
v 0.03324593 -0.02596540 0.02220519 0.79607843 0.45882353 0.78039216
v 0.01568504 -0.03888690 0.02207100 0.79607843 0.45882353 0.78039216
v 0.01568504 -0.04199162 0.02170535 0.79607843 0.45882353 0.78039216
v 0.01568504 -0.04205950 0.02165838 0.79607843 0.45882353 0.78039216
v 0.01622939 -0.04197707 0.02156110 0.79607843 0.45882353 0.78039216
v 0.01764637 -0.04121746 0.02169528 0.79607843 0.45882353 0.78039216
v 0.01810388 -0.04112534 0.02161812 0.79607843 0.45882353 0.78039216
v 0.01942131 -0.04037704 0.02173218 0.79607843 0.45882353 0.78039216
v 0.02119413 -0.03949944 0.02174896 0.79607843 0.45882353 0.78039216
v 0.02296695 -0.03860569 0.02173554 0.79607843 0.45882353 0.78039216
v 0.02171094 -0.03938146 0.02164496 0.79607843 0.45882353 0.78039216
v 0.02230188 -0.03922469 0.02135982 0.79607843 0.45882353 0.78039216
v 0.02255182 -0.03936207 0.02076940 0.79607843 0.45882353 0.78039216
v 0.02364262 -0.03858791 0.02116860 0.79607843 0.45882353 0.78039216
v 0.02530742 -0.03766344 0.02090694 0.79607843 0.45882353 0.78039216
v 0.02208584 -0.03434700 -0.01172712 0.79607843 0.45882353 0.78039216
v 0.02557853 -0.03735313 0.01843791 0.79607843 0.45882353 0.78039216
v 0.02517821 -0.03756970 0.01809239 0.79607843 0.45882353 0.78039216
v 0.02406411 -0.03832124 0.01850836 0.79607843 0.45882353 0.78039216
v 0.02647447 -0.03696201 0.02028297 0.79607843 0.45882353 0.78039216
v 0.02577551 -0.03738061 0.01939734 0.79607843 0.45882353 0.78039216
v 0.01568504 -0.03215706 0.00959169 0.79607843 0.45882353 0.78039216
v 0.02504266 -0.02596540 0.01052764 0.79607843 0.45882353 0.78039216
v 0.01746210 -0.03681979 -0.01172712 0.79607843 0.45882353 0.78039216
v 0.02056719 -0.04014108 0.01762273 0.79607843 0.45882353 0.78039216
v 0.02067309 -0.04019603 0.01832050 0.79607843 0.45882353 0.78039216
v 0.02034903 -0.04039158 0.01857210 0.79607843 0.45882353 0.78039216
v 0.02030666 -0.04053381 0.01939734 0.79607843 0.45882353 0.78039216
v 0.01936836 -0.04097180 0.01931683 0.79607843 0.45882353 0.78039216
v 0.01903794 -0.04114635 0.01956172 0.79607843 0.45882353 0.78039216
v 0.01862068 -0.04129827 0.01931683 0.79607843 0.45882353 0.78039216
v 0.01764637 -0.04176050 0.02028297 0.79607843 0.45882353 0.78039216
v 0.01711050 -0.04197385 0.02028297 0.79607843 0.45882353 0.78039216
v 0.01659158 -0.04210961 0.01939734 0.79607843 0.45882353 0.78039216
v 0.01587355 -0.04236820 0.01939734 0.79607843 0.45882353 0.78039216
v 0.01568504 -0.04241345 0.01920949 0.79607843 0.45882353 0.78039216
v 0.01568504 -0.04233425 0.01850836 0.79607843 0.45882353 0.78039216
v 0.03243259 -0.02596540 0.02180263 0.79607843 0.45882353 0.78039216
v 0.01568504 -0.03825982 0.02175567 0.79607843 0.45882353 0.78039216
v 0.01568504 -0.03833740 0.02179928 0.79607843 0.45882353 0.78039216
v 0.01568504 -0.04227930 0.02121221 0.79607843 0.45882353 0.78039216
v 0.01869482 -0.04099604 0.02137323 0.79607843 0.45882353 0.78039216
v 0.01590956 -0.04220496 0.02122563 0.79607843 0.45882353 0.78039216
v 0.01655133 -0.04209344 0.02097068 0.79607843 0.45882353 0.78039216
v 0.01901888 -0.04113989 0.02078282 0.79607843 0.45882353 0.78039216
v 0.01845336 -0.04123039 0.02111493 0.79607843 0.45882353 0.78039216
v 0.01990423 -0.04025421 0.02163490 0.79607843 0.45882353 0.78039216
v 0.01935565 -0.04080695 0.02111493 0.79607843 0.45882353 0.78039216
v 0.02080865 -0.04026229 0.02079288 0.79607843 0.45882353 0.78039216
v 0.02203712 -0.03948167 0.02110486 0.79607843 0.45882353 0.78039216
v 0.02086372 -0.04029300 0.02028297 0.79607843 0.45882353 0.78039216
v 0.02130639 -0.04006188 0.02028297 0.79607843 0.45882353 0.78039216
v 0.02208160 -0.03964814 0.02028297 0.79607843 0.45882353 0.78039216
v 0.02257935 -0.03937661 0.02028297 0.79607843 0.45882353 0.78039216
v 0.02302202 -0.03912934 0.02028297 0.79607843 0.45882353 0.78039216
v 0.02380359 -0.03868488 0.02028297 0.79607843 0.45882353 0.78039216
v 0.02424627 -0.03842952 0.02028297 0.79607843 0.45882353 0.78039216
v 0.02474189 -0.03811598 0.02028297 0.79607843 0.45882353 0.78039216
v 0.02537731 -0.03770385 0.02028297 0.79607843 0.45882353 0.78039216
v 0.02581999 -0.03740647 0.02028297 0.79607843 0.45882353 0.78039216
v 0.01790478 -0.03658544 -0.01172712 0.79607843 0.45882353 0.78039216
v 0.02362144 -0.03858467 0.01850836 0.79607843 0.45882353 0.78039216
v 0.02250522 -0.03933621 0.01903504 0.79607843 0.45882353 0.78039216
v 0.02197782 -0.03953823 0.01850836 0.79607843 0.45882353 0.78039216
v 0.02524811 -0.03761496 0.01868616 0.79607843 0.45882353 0.78039216
v 0.02474189 -0.03804163 0.01939734 0.79607843 0.45882353 0.78039216
v 0.02418272 -0.03839235 0.01939734 0.79607843 0.45882353 0.78039216
v 0.02533283 -0.03766668 0.01939734 0.79607843 0.45882353 0.78039216
v 0.01568504 -0.03233484 0.01052764 0.79607843 0.45882353 0.78039216
v 0.02517398 -0.02596540 0.01101407 0.79607843 0.45882353 0.78039216
v 0.02111365 -0.04001016 0.01857210 0.79607843 0.45882353 0.78039216
v 0.02076205 -0.04023966 0.01891092 0.79607843 0.45882353 0.78039216
v 0.02082983 -0.04027522 0.01939734 0.79607843 0.45882353 0.78039216
v 0.02030666 -0.04056614 0.02028297 0.79607843 0.45882353 0.78039216
v 0.01949756 -0.04095079 0.02028297 0.79607843 0.45882353 0.78039216
v 0.01905277 -0.04115443 0.02028297 0.79607843 0.45882353 0.78039216
v 0.01853384 -0.04138555 0.02028297 0.79607843 0.45882353 0.78039216
v 0.01666783 -0.04213546 0.02028297 0.79607843 0.45882353 0.78039216
v 0.01587355 -0.04241183 0.02028297 0.79607843 0.45882353 0.78039216
v 0.01568504 -0.04243284 0.01939734 0.79607843 0.45882353 0.78039216
v 0.03223773 -0.02596540 0.02165838 0.79607843 0.45882353 0.78039216
v 0.01568504 -0.03793011 0.02143697 0.79607843 0.45882353 0.78039216
v 0.01568504 -0.04232618 0.02099751 0.79607843 0.45882353 0.78039216
v 0.01568504 -0.04247486 0.02028297 0.79607843 0.45882353 0.78039216
v 0.02127250 -0.04004734 0.01939734 0.79607843 0.45882353 0.78039216
v 0.02257088 -0.03937338 0.01962882 0.79607843 0.45882353 0.78039216
v 0.02374005 -0.03865579 0.01939734 0.79607843 0.45882353 0.78039216
v 0.02290553 -0.03914226 0.01935709 0.79607843 0.45882353 0.78039216
v 0.02215785 -0.03956733 0.01935709 0.79607843 0.45882353 0.78039216
v 0.01568504 -0.03234453 0.01057125 0.79607843 0.45882353 0.78039216
v 0.02520151 -0.02596540 0.01109122 0.79607843 0.45882353 0.78039216
v 0.01568504 -0.03255141 0.01143004 0.79607843 0.45882353 0.78039216
v 0.01568504 -0.04246679 0.02009511 0.79607843 0.45882353 0.78039216
v 0.03221231 -0.02596540 0.02163490 0.79607843 0.45882353 0.78039216
v 0.01568504 -0.03782829 0.02131621 0.79607843 0.45882353 0.78039216
v 0.02531589 -0.02596540 0.01136631 0.79607843 0.45882353 0.78039216
v 0.01568504 -0.03261929 0.01161120 0.79607843 0.45882353 0.78039216
v 0.02541544 -0.02596540 0.01154746 0.79607843 0.45882353 0.78039216
v 0.03178234 -0.02596540 0.02123234 0.79607843 0.45882353 0.78039216
v 0.01568504 -0.03756970 0.02096397 0.79607843 0.45882353 0.78039216
v 0.01568504 -0.03290051 0.01229890 0.79607843 0.45882353 0.78039216
v 0.02584541 -0.02596540 0.01230225 0.79607843 0.45882353 0.78039216
v 0.02573738 -0.02596540 0.01211775 0.79607843 0.45882353 0.78039216
v 0.03165314 -0.02596540 0.02109815 0.79607843 0.45882353 0.78039216
v 0.03140533 -0.02596540 0.02081636 0.79607843 0.45882353 0.78039216
v 0.01568504 -0.03749536 0.02084656 0.79607843 0.45882353 0.78039216
v 0.01568504 -0.03292636 0.01235257 0.79607843 0.45882353 0.78039216
v 0.03135873 -0.02596540 0.02075598 0.79607843 0.45882353 0.78039216
v 0.02609745 -0.02596540 0.01269810 0.79607843 0.45882353 0.78039216
v 0.01568504 -0.03718182 0.02027962 0.79607843 0.45882353 0.78039216
v 0.01568504 -0.03299909 0.01249682 0.79607843 0.45882353 0.78039216
v 0.01568504 -0.03313162 0.01275178 0.79607843 0.45882353 0.78039216
f 3877 3878 3879
f 3877 3879 3880
f 3877 3880 3881
f 3877 3881 3890
f 3877 3890 3906
f 3877 3906 3923
f 3877 3923 3939
f 3877 3939 3962
f 3877 3962 3982
f 3877 3982 4008
f 3877 4008 4045
f 3877 4045 4082
f 3877 4082 4117
f 3877 4117 4164
f 3877 4164 4185
f 3877 4185 4190
f 3877 4190 4192
f 3877 4192 4197
f 3877 4197 4196
f 3877 4196 4203
f 3877 4203 4202
f 3877 4202 4199
f 3877 4199 4198
f 3877 4198 4193
f 3877 4193 4188
f 3877 4188 4175
f 3877 4175 4132
f 3877 4132 4095
f 3877 4095 4052
f 3877 4052 4015
f 3877 4015 4013
f 3877 4013 3984
f 3877 3984 3964
f 3877 3964 3963
f 3877 3963 3941
f 3877 3941 3940
f 3877 3940 3924
f 3877 3924 3907
f 3877 3907 3892
f 3877 3892 3891
f 3877 3891 3883
f 3877 3883 3882
f 3877 3882 3878
f 3878 3882 3879
f 3879 3882 3883
f 3879 3883 3884
f 3879 3884 3885
f 3879 3885 3886
f 3879 3886 3887
f 3879 3887 3888
f 3879 3888 3880
f 3880 3888 3904
f 3880 3904 3889
f 3880 3889 3881
f 3881 3889 3890
f 3883 3891 3884
f 3884 3891 3892
f 3884 3892 3893
f 3884 3893 3894
f 3884 3894 3885
f 3885 3895 3886
f 3885 3894 3896
f 3885 3896 3897
f 3885 3897 3887
f 3885 3887 3895
f 3886 3895 3887
f 3887 3897 3898
f 3887 3898 3899
f 3887 3899 3900
f 3887 3900 3901
f 3887 3901 3902
f 3887 3902 3888
f 3888 3902 3903
f 3888 3903 3904
f 3889 3904 3905
f 3889 3905 3890
f 3890 3905 3906
f 3892 3907 3893
f 3893 3908 3894
f 3893 3907 3909
f 3893 3909 3908
f 3894 3908 3896
f 3896 3910 3911
f 3896 3911 3912
f 3896 3912 3897
f 3896 3908 3910
f 3897 3913 3914
f 3897 3914 3898
f 3897 3912 3911
f 3897 3911 3913
f 3898 3914 3915
f 3898 3915 3899
f 3899 3915 3916
f 3899 3916 3917
f 3899 3917 3918
f 3899 3918 3900
f 3900 3918 3901
f 3901 3918 3903
f 3901 3903 3902
f 3903 3918 3919
f 3903 3919 3904
f 3904 3919 3920
f 3904 3920 3921
f 3904 3921 3905
f 3905 3921 3922
f 3905 3922 3906
f 3906 3922 3923
f 3907 3924 3925
f 3907 3925 3909
f 3908 3909 3926
f 3908 3926 3927
f 3908 3927 3910
f 3909 3925 3926
f 3910 3927 3911
f 3911 3927 3928
f 3911 3928 3913
f 3913 3929 3930
f 3913 3930 3931
f 3913 3931 3914
f 3913 3928 3929
f 3914 3931 3915
f 3915 3931 3932
f 3915 3932 3933
f 3915 3933 3919
f 3915 3919 3916
f 3916 3919 3917
f 3917 3919 3918
f 3919 3933 3934
f 3919 3934 3935
f 3919 3935 3920
f 3920 3935 3921
f 3921 3935 3922
f 3922 3936 3937
f 3922 3937 3956
f 3922 3956 3978
f 3922 3978 4005
f 3922 4005 4037
f 3922 4037 4072
f 3922 4072 4110
f 3922 4110 4155
f 3922 4155 4118
f 3922 4118 4086
f 3922 4086 4046
f 3922 4046 4011
f 3922 4011 3983
f 3922 3983 3961
f 3922 3961 3939
f 3922 3939 3923
f 3922 3935 3938
f 3922 3938 3936
f 3924 3940 3925
f 3925 3940 3941
f 3925 3941 3942
f 3925 3942 3943
f 3925 3943 3944
f 3925 3944 3945
f 3925 3945 3946
f 3925 3946 3926
f 3926 3946 3947
f 3926 3947 3948
f 3926 3948 3927
f 3927 3949 3950
f 3927 3950 3928
f 3927 3948 3949
f 3928 3950 3951
f 3928 3951 3929
f 3929 3951 3930
f 3930 3952 3953
f 3930 3953 3954
f 3930 3954 3931
f 3930 3951 3952
f 3931 3954 3932
f 3932 3954 3938
f 3932 3938 3955
f 3932 3955 3933
f 3933 3955 3934
f 3934 3955 3935
f 3935 3955 3938
f 3936 3956 3937
f 3936 3938 3954
f 3936 3954 3953
f 3936 3953 3957
f 3936 3957 3958
f 3936 3958 3959
f 3936 3959 3960
f 3936 3960 3956
f 3939 3961 3962
f 3941 3963 3942
f 3942 3963 3964
f 3942 3964 3965
f 3942 3965 3943
f 3943 3965 3966
f 3943 3966 3944
f 3944 3966 3967
f 3944 3967 3968
f 3944 3968 3969
f 3944 3969 3945
f 3945 3969 3970
f 3945 3970 3947
f 3945 3947 3946
f 3947 3970 3948
f 3948 3970 3971
f 3948 3971 3949
f 3949 3972 3950
f 3949 3971 3972
f 3950 3973 3974
f 3950 3974 3975
f 3950 3975 3951
f 3950 3972 3973
f 3951 3975 3960
f 3951 3960 3959
f 3951 3959 3976
f 3951 3976 3952
f 3952 3976 3957
f 3952 3957 3953
f 3956 3977 3978
f 3956 3960 3979
f 3956 3979 3977
f 3957 3976 3959
f 3957 3959 3958
f 3960 3975 3974
f 3960 3974 3980
f 3960 3980 3979
f 3961 3981 3982
f 3961 3982 3962
f 3961 3983 4012
f 3961 4012 4051
f 3961 4051 4094
f 3961 4094 4131
f 3961 4131 4130
f 3961 4130 4174
f 3961 4174 4187
f 3961 4187 4178
f 3961 4178 4177
f 3961 4177 4135
f 3961 4135 4098
f 3961 4098 4097
f 3961 4097 4054
f 3961 4054 4020
f 3961 4020 4019
f 3961 4019 4018
f 3961 4018 4017
f 3961 4017 4016
f 3961 4016 4053
f 3961 4053 4096
f 3961 4096 4134
f 3961 4134 4133
f 3961 4133 4176
f 3961 4176 4189
f 3961 4189 4194
f 3961 4194 4200
f 3961 4200 4204
f 3961 4204 4206
f 3961 4206 4205
f 3961 4205 4201
f 3961 4201 4195
f 3961 4195 4191
f 3961 4191 4186
f 3961 4186 4184
f 3961 4184 4163
f 3961 4163 4116
f 3961 4116 4081
f 3961 4081 4085
f 3961 4085 4084
f 3961 4084 4083
f 3961 4083 4080
f 3961 4080 4044
f 3961 4044 4010
f 3961 4010 4009
f 3961 4009 4007
f 3961 4007 3981
f 3964 3984 3965
f 3965 3985 3986
f 3965 3986 3966
f 3965 3984 3985
f 3966 3986 3987
f 3966 3987 3967
f 3967 3987 3988
f 3967 3988 3989
f 3967 3989 3968
f 3968 3990 3969
f 3968 3989 3991
f 3968 3991 3992
f 3968 3992 3993
f 3968 3993 3990
f 3969 3990 3994
f 3969 3994 3970
f 3970 3994 3971
f 3971 3995 3972
f 3971 3994 3996
f 3971 3996 3995
f 3972 3997 3998
f 3972 3998 3999
f 3972 3999 4000
f 3972 4000 4001
f 3972 4001 3973
f 3972 3995 4002
f 3972 4002 3997
f 3973 4001 3974
f 3974 4003 4004
f 3974 4004 3980
f 3974 4001 4003
f 3977 4005 3978
f 3977 3979 4005
f 3979 3980 4004
f 3979 4004 4006
f 3979 4006 4005
f 3981 4007 3982
f 3982 4007 4009
f 3982 4009 4010
f 3982 4010 4008
f 3983 4011 4012
f 3984 4013 3985
f 3985 4013 3986
f 3986 4013 4014
f 3986 4014 4015
f 3986 4015 4016
f 3986 4016 4017
f 3986 4017 3987
f 3987 4017 4018
f 3987 4018 4019
f 3987 4019 3988
f 3988 4019 4020
f 3988 4020 4021
f 3988 4021 4022
f 3988 4022 4023
f 3988 4023 4024
f 3988 4024 3989
f 3989 4024 4025
f 3989 4025 4026
f 3989 4026 3991
f 3990 3993 3996
f 3990 3996 3994
f 3991 4026 3992
f 3992 4027 3993
f 3992 4026 4028
f 3992 4028 4029
f 3992 4029 4030
f 3992 4030 4031
f 3992 4031 4027
f 3993 4027 4002
f 3993 4002 3995
f 3993 3995 3996
f 3997 4032 3998
f 3997 4002 4027
f 3997 4027 4032
f 3998 4032 4033
f 3998 4033 3999
f 3999 4033 4000
f 4000 4033 4034
f 4000 4034 4003
f 4000 4003 4001
f 4003 4034 4035
f 4003 4035 4004
f 4004 4035 4006
f 4005 4036 4037
f 4005 4006 4038
f 4005 4038 4039
f 4005 4039 4040
f 4005 4040 4041
f 4005 4041 4042
f 4005 4042 4036
f 4006 4035 4043
f 4006 4043 4038
f 4008 4010 4044
f 4008 4044 4045
f 4011 4046 4047
f 4011 4047 4048
f 4011 4048 4049
f 4011 4049 4050
f 4011 4050 4051
f 4011 4051 4012
f 4013 4015 4014
f 4015 4052 4053
f 4015 4053 4016
f 4020 4054 4055
f 4020 4055 4021
f 4021 4055 4056
f 4021 4056 4057
f 4021 4057 4022
f 4022 4057 4058
f 4022 4058 4059
f 4022 4059 4060
f 4022 4060 4023
f 4023 4060 4024
f 4024 4060 4025
f 4025 4060 4028
f 4025 4028 4026
f 4027 4031 4032
f 4028 4061 4062
f 4028 4062 4029
f 4028 4060 4061
f 4029 4062 4030
f 4030 4062 4063
f 4030 4063 4064
f 4030 4064 4065
f 4030 4065 4066
f 4030 4066 4067
f 4030 4067 4031
f 4031 4067 4032
f 4032 4067 4033
f 4033 4067 4068
f 4033 4068 4069
f 4033 4069 4070
f 4033 4070 4071
f 4033 4071 4034
f 4034 4071 4043
f 4034 4043 4035
f 4036 4072 4037
f 4036 4042 4072
f 4038 4043 4073
f 4038 4073 4039
f 4039 4073 4074
f 4039 4074 4040
f 4040 4074 4069
f 4040 4069 4041
f 4041 4069 4075
f 4041 4075 4076
f 4041 4076 4042
f 4042 4076 4077
f 4042 4077 4078
f 4042 4078 4079
f 4042 4079 4072
f 4043 4071 4070
f 4043 4070 4073
f 4044 4080 4045
f 4045 4081 4082
f 4045 4080 4083
f 4045 4083 4084
f 4045 4084 4085
f 4045 4085 4081
f 4046 4086 4087
f 4046 4087 4088
f 4046 4088 4047
f 4047 4088 4048
f 4048 4088 4089
f 4048 4089 4090
f 4048 4090 4091
f 4048 4091 4049
f 4049 4091 4092
f 4049 4092 4093
f 4049 4093 4050
f 4050 4093 4051
f 4051 4093 4094
f 4052 4095 4096
f 4052 4096 4053
f 4054 4056 4055
f 4054 4097 4056
f 4056 4058 4057
f 4056 4097 4098
f 4056 4098 4099
f 4056 4099 4100
f 4056 4100 4058
f 4058 4100 4101
f 4058 4101 4102
f 4058 4102 4059
f 4059 4102 4103
f 4059 4103 4060
f 4060 4103 4104
f 4060 4104 4061
f 4061 4104 4063
f 4061 4063 4062
f 4063 4104 4105
f 4063 4105 4106
f 4063 4106 4107
f 4063 4107 4108
f 4063 4108 4064
f 4064 4108 4107
f 4064 4107 4109
f 4064 4109 4065
f 4065 4109 4066
f 4066 4109 4068
f 4066 4068 4067
f 4068 4109 4078
f 4068 4078 4077
f 4068 4077 4076
f 4068 4076 4075
f 4068 4075 4069
f 4069 4074 4073
f 4069 4073 4070
f 4072 4079 4111
f 4072 4111 4112
f 4072 4112 4113
f 4072 4113 4110
f 4078 4109 4114
f 4078 4114 4115
f 4078 4115 4079
f 4079 4115 4111
f 4081 4116 4082
f 4082 4116 4117
f 4086 4118 4087
f 4087 4119 4120
f 4087 4120 4121
f 4087 4121 4122
f 4087 4122 4088
f 4087 4118 4119
f 4088 4122 4123
f 4088 4123 4124
f 4088 4124 4125
f 4088 4125 4089
f 4089 4125 4124
f 4089 4124 4126
f 4089 4126 4127
f 4089 4127 4090
f 4090 4127 4128
f 4090 4128 4093
f 4090 4093 4092
f 4090 4092 4091
f 4093 4128 4129
f 4093 4129 4130
f 4093 4130 4131
f 4093 4131 4094
f 4095 4132 4133
f 4095 4133 4134
f 4095 4134 4096
f 4098 4135 4099
f 4099 4136 4101
f 4099 4101 4100
f 4099 4135 4137
f 4099 4137 4138
f 4099 4138 4139
f 4099 4139 4140
f 4099 4140 4136
f 4101 4141 4102
f 4101 4136 4141
f 4102 4141 4105
f 4102 4105 4103
f 4103 4105 4104
f 4105 4141 4136
f 4105 4136 4142
f 4105 4142 4143
f 4105 4143 4106
f 4106 4143 4144
f 4106 4144 4107
f 4107 4144 4143
f 4107 4143 4145
f 4107 4145 4146
f 4107 4146 4147
f 4107 4147 4148
f 4107 4148 4149
f 4107 4149 4150
f 4107 4150 4151
f 4107 4151 4109
f 4109 4151 4152
f 4109 4152 4153
f 4109 4153 4154
f 4109 4154 4114
f 4110 4113 4156
f 4110 4156 4157
f 4110 4157 4158
f 4110 4158 4155
f 4111 4115 4112
f 4112 4115 4159
f 4112 4159 4160
f 4112 4160 4161
f 4112 4161 4113
f 4113 4161 4157
f 4113 4157 4156
f 4114 4154 4115
f 4115 4154 4153
f 4115 4153 4152
f 4115 4152 4162
f 4115 4162 4159
f 4116 4163 4164
f 4116 4164 4117
f 4118 4155 4119
f 4119 4158 4165
f 4119 4165 4120
f 4119 4155 4158
f 4120 4165 4166
f 4120 4166 4121
f 4121 4166 4122
f 4122 4166 4167
f 4122 4167 4145
f 4122 4145 4168
f 4122 4168 4124
f 4122 4124 4123
f 4124 4168 4169
f 4124 4169 4170
f 4124 4170 4171
f 4124 4171 4126
f 4126 4171 4139
f 4126 4139 4127
f 4127 4139 4138
f 4127 4138 4172
f 4127 4172 4128
f 4128 4172 4129
f 4129 4172 4173
f 4129 4173 4174
f 4129 4174 4130
f 4132 4175 4176
f 4132 4176 4133
f 4135 4177 4138
f 4135 4138 4137
f 4136 4140 4139
f 4136 4139 4142
f 4138 4177 4178
f 4138 4178 4173
f 4138 4173 4172
f 4139 4143 4142
f 4139 4171 4170
f 4139 4170 4169
f 4139 4169 4168
f 4139 4168 4143
f 4143 4168 4145
f 4145 4167 4179
f 4145 4179 4146
f 4146 4179 4180
f 4146 4180 4147
f 4147 4180 4148
f 4148 4180 4149
f 4149 4180 4150
f 4150 4180 4151
f 4151 4180 4161
f 4151 4161 4160
f 4151 4160 4152
f 4152 4160 4162
f 4157 4161 4181
f 4157 4181 4182
f 4157 4182 4180
f 4157 4180 4183
f 4157 4183 4179
f 4157 4179 4165
f 4157 4165 4158
f 4159 4162 4160
f 4161 4180 4181
f 4163 4184 4164
f 4164 4184 4186
f 4164 4186 4185
f 4165 4179 4167
f 4165 4167 4166
f 4173 4178 4187
f 4173 4187 4174
f 4175 4188 4189
f 4175 4189 4176
f 4179 4183 4180
f 4180 4182 4181
f 4185 4186 4190
f 4186 4191 4192
f 4186 4192 4190
f 4188 4193 4189
f 4189 4193 4194
f 4191 4195 4196
f 4191 4196 4197
f 4191 4197 4192
f 4193 4198 4194
f 4194 4198 4199
f 4194 4199 4200
f 4195 4201 4202
f 4195 4202 4203
f 4195 4203 4196
f 4199 4202 4200
f 4200 4202 4204
f 4201 4205 4202
f 4202 4205 4206
f 4202 4206 4204

o geometry_8
v 0.03706961 0.02522865 0.02117074 0.11764706 0.63921569 0.14117647
v 0.03683931 0.02557247 0.02117074 0.11764706 0.63921569 0.14117647
v 0.03680762 0.02552847 0.02177540 0.11764706 0.63921569 0.14117647
v 0.03690692 0.02522865 0.02192571 0.11764706 0.63921569 0.14117647
v 0.03696397 0.02522865 0.02028254 0.11764706 0.63921569 0.14117647
v 0.03576390 0.02707644 0.02117074 0.11764706 0.63921569 0.14117647
v 0.03499906 0.02811277 0.02169341 0.11764706 0.63921569 0.14117647
v 0.03678438 0.02549100 0.02028254 0.11764706 0.63921569 0.14117647
v 0.03600898 0.02654687 0.02190180 0.11764706 0.63921569 0.14117647
v 0.03581883 0.02626824 0.02249279 0.11764706 0.63921569 0.14117647
v 0.03660479 0.02522865 0.02235956 0.11764706 0.63921569 0.14117647
v 0.03192916 0.02522865 -0.01165166 0.11764706 0.63921569 0.14117647
v 0.03538148 0.02760601 0.02117074 0.11764706 0.63921569 0.14117647
v 0.03499906 0.02811440 0.02117074 0.11764706 0.63921569 0.14117647
v 0.03289683 0.03041028 0.02117074 0.11764706 0.63921569 0.14117647
v 0.03245314 0.03089097 0.02117074 0.11764706 0.63921569 0.14117647
v 0.03241088 0.03084697 0.02181981 0.11764706 0.63921569 0.14117647
v 0.03325811 0.02993612 0.02180956 0.11764706 0.63921569 0.14117647
v 0.03308909 0.02974058 0.02240056 0.11764706 0.63921569 0.14117647
v 0.03475187 0.02780806 0.02228441 0.11764706 0.63921569 0.14117647
v 0.03495681 0.02807203 0.02061049 0.11764706 0.63921569 0.14117647
v 0.03162069 0.02567024 -0.01165849 0.11764706 0.63921569 0.14117647
v 0.03659000 0.02522865 0.02237664 0.11764706 0.63921569 0.14117647
v 0.03659634 0.02523354 0.02236640 0.11764706 0.63921569 0.14117647
v 0.03332573 0.02914909 0.02264652 0.11764706 0.63921569 0.14117647
v 0.03361518 0.02848591 0.02279000 0.11764706 0.63921569 0.14117647
v 0.03519133 0.02671797 0.02266018 0.11764706 0.63921569 0.14117647
v 0.03600476 0.02567675 0.02262261 0.11764706 0.63921569 0.14117647
v 0.03617801 0.02522865 0.02269776 0.11764706 0.63921569 0.14117647
v 0.03192705 0.02522865 -0.01165849 0.11764706 0.63921569 0.14117647
v 0.03316093 0.02981879 0.01897074 0.11764706 0.63921569 0.14117647
v 0.03319896 0.02986279 0.01956173 0.11764706 0.63921569 0.14117647
v 0.03324544 0.02991330 0.02028254 0.11764706 0.63921569 0.14117647
v 0.03070163 0.03268498 0.02117074 0.11764706 0.63921569 0.14117647
v 0.03065937 0.03264588 0.02184372 0.11764706 0.63921569 0.14117647
v 0.03283556 0.03035651 0.02028254 0.11764706 0.63921569 0.14117647
v 0.03239398 0.03082905 0.02028254 0.11764706 0.63921569 0.14117647
v 0.02958818 0.03334328 0.02246888 0.11764706 0.63921569 0.14117647
v 0.03249962 0.03003551 0.02264652 0.11764706 0.63921569 0.14117647
v 0.03121715 0.02611344 -0.01165849 0.11764706 0.63921569 0.14117647
v 0.03121926 0.02611507 -0.01163800 0.11764706 0.63921569 0.14117647
v 0.03276372 0.02941795 0.02282074 0.11764706 0.63921569 0.14117647
v 0.03360673 0.02760601 0.02311795 0.11764706 0.63921569 0.14117647
v 0.03449410 0.02671797 0.02301888 0.11764706 0.63921569 0.14117647
v 0.03540472 0.02522865 0.02299497 0.11764706 0.63921569 0.14117647
v 0.02308920 0.02522865 -0.01165849 0.11764706 0.63921569 0.14117647
v 0.03233060 0.03076387 0.01954807 0.11764706 0.63921569 0.14117647
v 0.02778385 0.02976665 -0.01165849 0.11764706 0.63921569 0.14117647
v 0.03023681 0.03312819 0.02117074 0.11764706 0.63921569 0.14117647
v 0.03195452 0.03127226 0.02028254 0.11764706 0.63921569 0.14117647
v 0.03151083 0.03171872 0.02028254 0.11764706 0.63921569 0.14117647
v 0.02976777 0.03348341 0.02187789 0.11764706 0.63921569 0.14117647
v 0.02605769 0.03601719 0.02248255 0.11764706 0.63921569 0.14117647
v 0.02702535 0.03519921 0.02255087 0.11764706 0.63921569 0.14117647
v 0.02899871 0.03354859 0.02263969 0.11764706 0.63921569 0.14117647
v 0.02924591 0.03299947 0.02281050 0.11764706 0.63921569 0.14117647
v 0.02984805 0.03275179 0.02264652 0.11764706 0.63921569 0.14117647
v 0.03074599 0.03183930 0.02267043 0.11764706 0.63921569 0.14117647
v 0.02624573 0.03615733 0.02189155 0.11764706 0.63921569 0.14117647
v 0.03100376 0.03120382 0.02284807 0.11764706 0.63921569 0.14117647
v 0.03272146 0.02849243 0.02316919 0.11764706 0.63921569 0.14117647
v 0.03360673 0.02671797 0.02322043 0.11764706 0.63921569 0.14117647
v 0.03449410 0.02583155 0.02314870 0.11764706 0.63921569 0.14117647
v 0.03449410 0.02522865 0.02312820 0.11764706 0.63921569 0.14117647
v 0.01548524 0.03023430 -0.01165849 0.11764706 0.63921569 0.14117647
v 0.02438646 0.02522865 0.00786824 0.11764706 0.63921569 0.14117647
v 0.02439914 0.03258070 -0.01165849 0.11764706 0.63921569 0.14117647
v 0.02440125 0.03258233 -0.01163800 0.11764706 0.63921569 0.14117647
v 0.02964311 0.03339216 0.01970521 0.11764706 0.63921569 0.14117647
v 0.02979312 0.03350785 0.02117074 0.11764706 0.63921569 0.14117647
v 0.02876841 0.03428510 0.02168658 0.11764706 0.63921569 0.14117647
v 0.02523581 0.03694760 0.02169683 0.11764706 0.63921569 0.14117647
v 0.02502664 0.03680584 0.02228782 0.11764706 0.63921569 0.14117647
v 0.02337443 0.03777862 0.02245863 0.11764706 0.63921569 0.14117647
v 0.02443717 0.03700627 0.02259186 0.11764706 0.63921569 0.14117647
v 0.02546611 0.03621598 0.02264994 0.11764706 0.63921569 0.14117647
v 0.02735284 0.03467616 0.02273192 0.11764706 0.63921569 0.14117647
v 0.02799513 0.03436657 0.02260894 0.11764706 0.63921569 0.14117647
v 0.02828881 0.03383048 0.02278658 0.11764706 0.63921569 0.14117647
v 0.02651194 0.03469898 0.02303255 0.11764706 0.63921569 0.14117647
v 0.02739932 0.03381093 0.02310429 0.11764706 0.63921569 0.14117647
v 0.02828669 0.03292614 0.02313503 0.11764706 0.63921569 0.14117647
v 0.03005933 0.03115331 0.02318969 0.11764706 0.63921569 0.14117647
v 0.03094671 0.03026526 0.02318627 0.11764706 0.63921569 0.14117647
v 0.03272146 0.02760601 0.02323751 0.11764706 0.63921569 0.14117647
v 0.01676137 0.03913269 0.02319994 0.11764706 0.63921569 0.14117647
v 0.01587399 0.03913269 0.02314528 0.11764706 0.63921569 0.14117647
v 0.03360673 0.02583155 0.02313845 0.11764706 0.63921569 0.14117647
v 0.03360673 0.02522865 0.02303255 0.11764706 0.63921569 0.14117647
v 0.01548524 0.03737941 -0.01165849 0.11764706 0.63921569 0.14117647
v 0.02443717 0.02522865 0.00855830 0.11764706 0.63921569 0.14117647
v 0.01548524 0.03129996 0.00740706 0.11764706 0.63921569 0.14117647
v 0.02379488 0.03307116 -0.01165849 0.11764706 0.63921569 0.14117647
v 0.02378432 0.03308257 -0.01164141 0.11764706 0.63921569 0.14117647
v 0.02835219 0.03454418 0.02030987 0.11764706 0.63921569 0.14117647
v 0.02869235 0.03422318 0.02003316 0.11764706 0.63921569 0.14117647
v 0.02777540 0.03508841 0.02117074 0.11764706 0.63921569 0.14117647
v 0.02874940 0.03427206 0.02062416 0.11764706 0.63921569 0.14117647
v 0.02772469 0.03504768 0.02028254 0.11764706 0.63921569 0.14117647
v 0.02733171 0.03543385 0.02117074 0.11764706 0.63921569 0.14117647
v 0.02675069 0.03587706 0.02117074 0.11764706 0.63921569 0.14117647
v 0.02630700 0.03619969 0.02117074 0.11764706 0.63921569 0.14117647
v 0.02567950 0.03664453 0.02117074 0.11764706 0.63921569 0.14117647
v 0.02523792 0.03694924 0.02117074 0.11764706 0.63921569 0.14117647
v 0.02474142 0.03726698 0.02117074 0.11764706 0.63921569 0.14117647
v 0.02410124 0.03767597 0.02117074 0.11764706 0.63921569 0.14117647
v 0.02365755 0.03795786 0.02117074 0.11764706 0.63921569 0.14117647
v 0.02296878 0.03838477 0.02117074 0.11764706 0.63921569 0.14117647
v 0.02249340 0.03867156 0.02117074 0.11764706 0.63921569 0.14117647
v 0.02358783 0.03791712 0.02186764 0.11764706 0.63921569 0.14117647
v 0.02473508 0.03712033 0.02201795 0.11764706 0.63921569 0.14117647
v 0.02168842 0.03872370 0.02253037 0.11764706 0.63921569 0.14117647
v 0.02303427 0.03813547 0.02212043 0.11764706 0.63921569 0.14117647
v 0.02233494 0.03857705 0.02205553 0.11764706 0.63921569 0.14117647
v 0.02189336 0.03883613 0.02205553 0.11764706 0.63921569 0.14117647
v 0.02278285 0.03795297 0.02263627 0.11764706 0.63921569 0.14117647
v 0.02385404 0.03718876 0.02272168 0.11764706 0.63921569 0.14117647
v 0.02473508 0.03649462 0.02278317 0.11764706 0.63921569 0.14117647
v 0.02570908 0.03566686 0.02284124 0.11764706 0.63921569 0.14117647
v 0.02385404 0.03647181 0.02308379 0.11764706 0.63921569 0.14117647
v 0.02296878 0.03647181 0.02322727 0.11764706 0.63921569 0.14117647
v 0.03005933 0.03026526 0.02324093 0.11764706 0.63921569 0.14117647
v 0.02208140 0.03647181 0.02323410 0.11764706 0.63921569 0.14117647
v 0.01587399 0.04001910 0.02320335 0.11764706 0.63921569 0.14117647
v 0.01548524 0.04001910 0.02318627 0.11764706 0.63921569 0.14117647
v 0.01548524 0.03913269 0.02310087 0.11764706 0.63921569 0.14117647
v 0.01548524 0.03821205 0.02281733 0.11764706 0.63921569 0.14117647
v 0.03271090 0.02522865 0.02276609 0.11764706 0.63921569 0.14117647
v 0.01548524 0.04167299 0.01939434 0.11764706 0.63921569 0.14117647
v 0.01593315 0.04150516 0.01939434 0.11764706 0.63921569 0.14117647
v 0.01766142 0.03654350 -0.01165849 0.11764706 0.63921569 0.14117647
v 0.01548524 0.03138632 0.00875302 0.11764706 0.63921569 0.14117647
v 0.01548524 0.03132603 0.00786824 0.11764706 0.63921569 0.14117647
v 0.02447731 0.02522865 0.00893408 0.11764706 0.63921569 0.14117647
v 0.02376108 0.03309723 -0.01165849 0.11764706 0.63921569 0.14117647
v 0.02343993 0.03338890 -0.01134421 0.11764706 0.63921569 0.14117647
v 0.02728100 0.03538823 0.02028254 0.11764706 0.63921569 0.14117647
v 0.02668519 0.03583144 0.02028254 0.11764706 0.63921569 0.14117647
v 0.02624573 0.03615244 0.02028254 0.11764706 0.63921569 0.14117647
v 0.02520412 0.03692805 0.02061049 0.11764706 0.63921569 0.14117647
v 0.02481114 0.03714477 0.02030304 0.11764706 0.63921569 0.14117647
v 0.02402729 0.03763523 0.02028254 0.11764706 0.63921569 0.14117647
v 0.02358360 0.03790898 0.02028254 0.11764706 0.63921569 0.14117647
v 0.02296878 0.03828538 0.02028254 0.11764706 0.63921569 0.14117647
v 0.02204971 0.03891597 0.02117074 0.11764706 0.63921569 0.14117647
v 0.02080315 0.03960360 0.02136546 0.11764706 0.63921569 0.14117647
v 0.02080315 0.03960360 0.02168658 0.11764706 0.63921569 0.14117647
v 0.02240677 0.03862104 0.02028254 0.11764706 0.63921569 0.14117647
v 0.02196308 0.03886709 0.02028254 0.11764706 0.63921569 0.14117647
v 0.01997916 0.03963293 0.02256112 0.11764706 0.63921569 0.14117647
v 0.02119402 0.03885568 0.02263969 0.11764706 0.63921569 0.14117647
v 0.02056863 0.03946835 0.02227758 0.11764706 0.63921569 0.14117647
v 0.02113698 0.03927445 0.02201112 0.11764706 0.63921569 0.14117647
v 0.02202224 0.03824627 0.02272509 0.11764706 0.63921569 0.14117647
v 0.02303427 0.03743318 0.02286515 0.11764706 0.63921569 0.14117647
v 0.02208140 0.03735823 0.02315894 0.11764706 0.63921569 0.14117647
v 0.01676137 0.04001910 0.02315894 0.11764706 0.63921569 0.14117647
v 0.01548524 0.04090552 0.02294373 0.11764706 0.63921569 0.14117647
v 0.01548524 0.03766293 0.02258161 0.11764706 0.63921569 0.14117647
v 0.03213833 0.02524332 0.02256453 0.11764706 0.63921569 0.14117647
v 0.03217002 0.02522865 0.02256795 0.11764706 0.63921569 0.14117647
v 0.01548524 0.04178379 0.02028254 0.11764706 0.63921569 0.14117647
v 0.01587399 0.04164040 0.02028254 0.11764706 0.63921569 0.14117647
v 0.01645712 0.04140576 0.02028254 0.11764706 0.63921569 0.14117647
v 0.01636416 0.04136828 0.01969155 0.11764706 0.63921569 0.14117647
v 0.01670010 0.04119230 0.01939434 0.11764706 0.63921569 0.14117647
v 0.01626908 0.04132917 0.01910055 0.11764706 0.63921569 0.14117647
v 0.01857415 0.03617688 -0.01165849 0.11764706 0.63921569 0.14117647
v 0.02455549 0.02522865 0.00964122 0.11764706 0.63921569 0.14117647
v 0.01548524 0.03147268 0.00964122 0.11764706 0.63921569 0.14117647
v 0.02305540 0.03355674 -0.01165849 0.11764706 0.63921569 0.14117647
v 0.01926504 0.03582492 -0.01165849 0.11764706 0.63921569 0.14117647
v 0.01899671 0.03604001 -0.01128955 0.11764706 0.63921569 0.14117647
v 0.02507946 0.03684821 0.01939434 0.11764706 0.63921569 0.14117647
v 0.02515130 0.03689383 0.02001950 0.11764706 0.63921569 0.14117647
v 0.02562879 0.03646692 0.01939434 0.11764706 0.63921569 0.14117647
v 0.02615699 0.03609052 0.01939434 0.11764706 0.63921569 0.14117647
v 0.02555062 0.03664616 0.02030304 0.11764706 0.63921569 0.14117647
v 0.02113698 0.03939992 0.02110925 0.11764706 0.63921569 0.14117647
v 0.02073977 0.03956938 0.02077447 0.11764706 0.63921569 0.14117647
v 0.02038905 0.03977795 0.02110925 0.11764706 0.63921569 0.14117647
v 0.01933687 0.04028144 0.02122882 0.11764706 0.63921569 0.14117647
v 0.01898615 0.04046557 0.02156360 0.11764706 0.63921569 0.14117647
v 0.02028763 0.03972743 0.02201112 0.11764706 0.63921569 0.14117647
v 0.01898615 0.04046557 0.02162509 0.11764706 0.63921569 0.14117647
v 0.02119402 0.03927282 0.02028254 0.11764706 0.63921569 0.14117647
v 0.01817272 0.04050794 0.02254404 0.11764706 0.63921569 0.14117647
v 0.01942138 0.03975351 0.02267043 0.11764706 0.63921569 0.14117647
v 0.02028763 0.03915713 0.02276267 0.11764706 0.63921569 0.14117647
v 0.01942138 0.03913269 0.02301888 0.11764706 0.63921569 0.14117647
v 0.01764663 0.04001910 0.02298130 0.11764706 0.63921569 0.14117647
v 0.01587399 0.04090552 0.02289590 0.11764706 0.63921569 0.14117647
v 0.01548524 0.04146442 0.02260211 0.11764706 0.63921569 0.14117647
v 0.01548524 0.03723602 0.02220584 0.11764706 0.63921569 0.14117647
v 0.03167351 0.02522865 0.02225366 0.11764706 0.63921569 0.14117647
v 0.03212143 0.02522865 0.02254062 0.11764706 0.63921569 0.14117647
v 0.01548524 0.04187178 0.02117074 0.11764706 0.63921569 0.14117647
v 0.01587399 0.04173328 0.02117074 0.11764706 0.63921569 0.14117647
v 0.01764663 0.04092182 0.02028254 0.11764706 0.63921569 0.14117647
v 0.01656699 0.04145301 0.02117074 0.11764706 0.63921569 0.14117647
v 0.01828470 0.04054216 0.01939434 0.11764706 0.63921569 0.14117647
v 0.01865021 0.03614592 -0.01165849 0.11764706 0.63921569 0.14117647
v 0.02471395 0.02522865 0.01052942 0.11764706 0.63921569 0.14117647
v 0.01548524 0.03155089 0.01023563 0.11764706 0.63921569 0.14117647
v 0.01872838 0.04035966 0.01939434 0.11764706 0.63921569 0.14117647
v 0.01942138 0.04004355 0.01939434 0.11764706 0.63921569 0.14117647
v 0.02011438 0.03970299 0.01939434 0.11764706 0.63921569 0.14117647
v 0.02055807 0.03947650 0.01939434 0.11764706 0.63921569 0.14117647
v 0.02067639 0.03953679 0.02028254 0.11764706 0.63921569 0.14117647
v 0.02023270 0.03976002 0.02028254 0.11764706 0.63921569 0.14117647
v 0.01942138 0.04015598 0.02028254 0.11764706 0.63921569 0.14117647
v 0.01893544 0.04044276 0.02097260 0.11764706 0.63921569 0.14117647
v 0.01859739 0.04060733 0.02122882 0.11764706 0.63921569 0.14117647
v 0.01764663 0.04100492 0.02117074 0.11764706 0.63921569 0.14117647
v 0.01701068 0.04126889 0.02117074 0.11764706 0.63921569 0.14117647
v 0.01849598 0.04056823 0.02197354 0.11764706 0.63921569 0.14117647
v 0.01646769 0.04141228 0.02205553 0.11764706 0.63921569 0.14117647
v 0.01632190 0.04135036 0.02250304 0.11764706 0.63921569 0.14117647
v 0.01764663 0.04061711 0.02263627 0.11764706 0.63921569 0.14117647
v 0.01849598 0.04003703 0.02274901 0.11764706 0.63921569 0.14117647
v 0.01667474 0.04091367 0.02271484 0.11764706 0.63921569 0.14117647
v 0.01587399 0.04141391 0.02256112 0.11764706 0.63921569 0.14117647
v 0.01548524 0.04174305 0.02205553 0.11764706 0.63921569 0.14117647
v 0.01548524 0.03681725 0.02173782 0.11764706 0.63921569 0.14117647
v 0.03126786 0.02522865 0.02189838 0.11764706 0.63921569 0.14117647
v 0.01587399 0.04162573 0.02205553 0.11764706 0.63921569 0.14117647
v 0.01841780 0.04060244 0.02028254 0.11764706 0.63921569 0.14117647
v 0.02477733 0.02522865 0.01077539 0.11764706 0.63921569 0.14117647
v 0.01548524 0.03163725 0.01075147 0.11764706 0.63921569 0.14117647
v 0.01886149 0.04041343 0.02028254 0.11764706 0.63921569 0.14117647
v 0.03119602 0.02522865 0.02183006 0.11764706 0.63921569 0.14117647
v 0.01548524 0.03649951 0.02114341 0.11764706 0.63921569 0.14117647
v 0.02494636 0.02522865 0.01141421 0.11764706 0.63921569 0.14117647
v 0.01548524 0.03177087 0.01141421 0.11764706 0.63921569 0.14117647
v 0.01548524 0.03254159 0.01351856 0.11764706 0.63921569 0.14117647
v 0.01548524 0.03231184 0.01306763 0.11764706 0.63921569 0.14117647
v 0.03081783 0.02522865 0.02123906 0.11764706 0.63921569 0.14117647
v 0.02502242 0.02522865 0.01163967 0.11764706 0.63921569 0.14117647
v 0.02518933 0.02522865 0.01210427 0.11764706 0.63921569 0.14117647
v 0.01548524 0.03189308 0.01189247 0.11764706 0.63921569 0.14117647
v 0.01548524 0.03200714 0.01230924 0.11764706 0.63921569 0.14117647
v 0.02539216 0.02522865 0.01251762 0.11764706 0.63921569 0.14117647
v 0.02578725 0.02522865 0.01318719 0.11764706 0.63921569 0.14117647
f 4207 4208 4209
f 4207 4209 4210
f 4207 4210 4217
f 4207 4217 4229
f 4207 4229 4235
f 4207 4235 4251
f 4207 4251 4270
f 4207 4270 4295
f 4207 4295 4334
f 4207 4334 4367
f 4207 4367 4402
f 4207 4402 4401
f 4207 4401 4431
f 4207 4431 4437
f 4207 4437 4443
f 4207 4443 4449
f 4207 4449 4448
f 4207 4448 4445
f 4207 4445 4444
f 4207 4444 4439
f 4207 4439 4434
f 4207 4434 4409
f 4207 4409 4375
f 4207 4375 4340
f 4207 4340 4297
f 4207 4297 4272
f 4207 4272 4252
f 4207 4252 4236
f 4207 4236 4218
f 4207 4218 4211
f 4207 4211 4208
f 4208 4212 4213
f 4208 4213 4209
f 4208 4211 4214
f 4208 4214 4212
f 4209 4213 4215
f 4209 4215 4216
f 4209 4216 4210
f 4210 4216 4217
f 4211 4218 4214
f 4212 4219 4213
f 4212 4214 4219
f 4213 4219 4220
f 4213 4220 4221
f 4213 4221 4222
f 4213 4222 4223
f 4213 4223 4224
f 4213 4224 4225
f 4213 4225 4226
f 4213 4226 4216
f 4213 4216 4215
f 4214 4227 4219
f 4214 4218 4228
f 4214 4228 4227
f 4216 4229 4230
f 4216 4230 4217
f 4216 4226 4225
f 4216 4225 4231
f 4216 4231 4232
f 4216 4232 4233
f 4216 4233 4234
f 4216 4234 4235
f 4216 4235 4229
f 4217 4230 4229
f 4218 4236 4228
f 4219 4227 4220
f 4220 4227 4237
f 4220 4237 4238
f 4220 4238 4239
f 4220 4239 4221
f 4221 4239 4222
f 4222 4240 4241
f 4222 4241 4223
f 4222 4239 4242
f 4222 4242 4243
f 4222 4243 4240
f 4223 4241 4244
f 4223 4244 4225
f 4223 4225 4224
f 4225 4244 4245
f 4225 4245 4231
f 4227 4228 4237
f 4228 4236 4252
f 4228 4252 4271
f 4228 4271 4296
f 4228 4296 4337
f 4228 4337 4374
f 4228 4374 4408
f 4228 4408 4378
f 4228 4378 4377
f 4228 4377 4341
f 4228 4341 4299
f 4228 4299 4273
f 4228 4273 4254
f 4228 4254 4246
f 4228 4246 4247
f 4228 4247 4237
f 4231 4245 4248
f 4231 4248 4232
f 4232 4248 4249
f 4232 4249 4250
f 4232 4250 4233
f 4233 4235 4234
f 4233 4250 4235
f 4235 4250 4251
f 4237 4253 4243
f 4237 4243 4242
f 4237 4242 4238
f 4237 4247 4254
f 4237 4254 4253
f 4238 4242 4239
f 4240 4255 4241
f 4240 4243 4256
f 4240 4256 4257
f 4240 4257 4254
f 4240 4254 4255
f 4241 4255 4258
f 4241 4258 4244
f 4243 4253 4256
f 4244 4259 4260
f 4244 4260 4261
f 4244 4261 4262
f 4244 4262 4263
f 4244 4263 4264
f 4244 4264 4245
f 4244 4258 4265
f 4244 4265 4259
f 4245 4264 4248
f 4246 4254 4247
f 4248 4266 4267
f 4248 4267 4249
f 4248 4264 4266
f 4249 4267 4268
f 4249 4268 4269
f 4249 4269 4250
f 4250 4269 4251
f 4251 4269 4270
f 4252 4272 4271
f 4253 4257 4256
f 4253 4254 4257
f 4254 4273 4274
f 4254 4274 4275
f 4254 4275 4276
f 4254 4276 4255
f 4255 4276 4258
f 4258 4276 4277
f 4258 4277 4265
f 4259 4265 4278
f 4259 4278 4279
f 4259 4279 4280
f 4259 4280 4281
f 4259 4281 4282
f 4259 4282 4260
f 4260 4282 4283
f 4260 4283 4284
f 4260 4284 4261
f 4261 4284 4283
f 4261 4283 4285
f 4261 4285 4262
f 4262 4286 4287
f 4262 4287 4288
f 4262 4288 4289
f 4262 4289 4266
f 4262 4266 4264
f 4262 4264 4263
f 4262 4285 4286
f 4265 4277 4278
f 4266 4289 4290
f 4266 4290 4267
f 4267 4290 4291
f 4267 4291 4268
f 4268 4291 4292
f 4268 4292 4293
f 4268 4293 4294
f 4268 4294 4270
f 4268 4270 4269
f 4270 4294 4295
f 4271 4272 4297
f 4271 4297 4298
f 4271 4298 4339
f 4271 4339 4338
f 4271 4338 4376
f 4271 4376 4410
f 4271 4410 4435
f 4271 4435 4440
f 4271 4440 4446
f 4271 4446 4447
f 4271 4447 4442
f 4271 4442 4441
f 4271 4441 4438
f 4271 4438 4430
f 4271 4430 4400
f 4271 4400 4365
f 4271 4365 4333
f 4271 4333 4332
f 4271 4332 4331
f 4271 4331 4364
f 4271 4364 4399
f 4271 4399 4429
f 4271 4429 4403
f 4271 4403 4368
f 4271 4368 4335
f 4271 4335 4296
f 4273 4299 4300
f 4273 4300 4274
f 4274 4300 4301
f 4274 4301 4302
f 4274 4302 4276
f 4274 4276 4275
f 4276 4303 4277
f 4276 4302 4304
f 4276 4304 4305
f 4276 4305 4303
f 4277 4303 4306
f 4277 4306 4307
f 4277 4307 4278
f 4278 4307 4308
f 4278 4308 4309
f 4278 4309 4310
f 4278 4310 4311
f 4278 4311 4312
f 4278 4312 4313
f 4278 4313 4314
f 4278 4314 4315
f 4278 4315 4316
f 4278 4316 4317
f 4278 4317 4279
f 4279 4317 4280
f 4280 4318 4281
f 4280 4317 4316
f 4280 4316 4319
f 4280 4319 4320
f 4280 4320 4321
f 4280 4321 4318
f 4281 4318 4322
f 4281 4322 4323
f 4281 4323 4324
f 4281 4324 4282
f 4282 4324 4283
f 4283 4324 4325
f 4283 4325 4286
f 4283 4286 4285
f 4286 4325 4324
f 4286 4324 4326
f 4286 4326 4287
f 4287 4327 4288
f 4287 4326 4327
f 4288 4327 4289
f 4289 4327 4328
f 4289 4328 4291
f 4289 4291 4290
f 4291 4328 4329
f 4291 4329 4330
f 4291 4330 4292
f 4292 4331 4293
f 4292 4330 4331
f 4293 4331 4332
f 4293 4332 4294
f 4294 4332 4295
f 4295 4332 4333
f 4295 4333 4334
f 4296 4335 4336
f 4296 4336 4337
f 4297 4338 4339
f 4297 4339 4298
f 4297 4340 4338
f 4299 4341 4300
f 4300 4341 4342
f 4300 4342 4343
f 4300 4343 4305
f 4300 4305 4301
f 4301 4305 4304
f 4301 4304 4302
f 4303 4305 4306
f 4305 4343 4306
f 4306 4343 4307
f 4307 4343 4344
f 4307 4344 4345
f 4307 4345 4308
f 4308 4345 4346
f 4308 4346 4309
f 4309 4346 4310
f 4310 4346 4311
f 4311 4346 4312
f 4312 4346 4313
f 4313 4346 4347
f 4313 4347 4348
f 4313 4348 4314
f 4314 4348 4349
f 4314 4349 4350
f 4314 4350 4315
f 4315 4351 4352
f 4315 4352 4353
f 4315 4353 4316
f 4315 4350 4354
f 4315 4354 4355
f 4315 4355 4351
f 4316 4353 4321
f 4316 4321 4320
f 4316 4320 4319
f 4318 4356 4357
f 4318 4357 4322
f 4318 4321 4358
f 4318 4358 4356
f 4321 4353 4359
f 4321 4359 4358
f 4322 4357 4360
f 4322 4360 4361
f 4322 4361 4323
f 4323 4361 4326
f 4323 4326 4324
f 4326 4361 4362
f 4326 4362 4327
f 4327 4330 4329
f 4327 4329 4328
f 4327 4362 4363
f 4327 4363 4330
f 4330 4363 4364
f 4330 4364 4331
f 4333 4365 4334
f 4334 4365 4366
f 4334 4366 4367
f 4335 4368 4369
f 4335 4369 4336
f 4336 4369 4370
f 4336 4370 4371
f 4336 4371 4372
f 4336 4372 4373
f 4336 4373 4374
f 4336 4374 4337
f 4338 4340 4375
f 4338 4375 4376
f 4341 4377 4342
f 4342 4377 4378
f 4342 4378 4379
f 4342 4379 4354
f 4342 4354 4350
f 4342 4350 4349
f 4342 4349 4348
f 4342 4348 4380
f 4342 4380 4381
f 4342 4381 4382
f 4342 4382 4383
f 4342 4383 4343
f 4343 4383 4344
f 4344 4383 4345
f 4345 4384 4346
f 4345 4383 4382
f 4345 4382 4381
f 4345 4381 4384
f 4346 4384 4381
f 4346 4381 4347
f 4347 4381 4348
f 4348 4381 4380
f 4351 4385 4352
f 4351 4355 4385
f 4352 4385 4386
f 4352 4386 4387
f 4352 4387 4388
f 4352 4388 4389
f 4352 4389 4391
f 4352 4391 4353
f 4353 4390 4358
f 4353 4358 4359
f 4353 4391 4390
f 4354 4379 4355
f 4355 4392 4385
f 4355 4379 4392
f 4356 4393 4394
f 4356 4394 4395
f 4356 4395 4357
f 4356 4358 4390
f 4356 4390 4393
f 4357 4395 4360
f 4360 4395 4361
f 4361 4396 4362
f 4361 4395 4396
f 4362 4396 4363
f 4363 4396 4397
f 4363 4397 4398
f 4363 4398 4364
f 4364 4398 4399
f 4365 4400 4401
f 4365 4401 4366
f 4366 4401 4402
f 4366 4402 4367
f 4368 4403 4404
f 4368 4404 4369
f 4369 4404 4370
f 4370 4405 4371
f 4370 4404 4406
f 4370 4406 4405
f 4371 4405 4372
f 4372 4407 4373
f 4372 4405 4407
f 4373 4407 4408
f 4373 4408 4374
f 4375 4409 4376
f 4376 4409 4410
f 4378 4408 4379
f 4379 4408 4411
f 4379 4411 4412
f 4379 4412 4413
f 4379 4413 4414
f 4379 4414 4392
f 4385 4392 4386
f 4386 4392 4415
f 4386 4415 4416
f 4386 4416 4417
f 4386 4417 4387
f 4387 4417 4388
f 4388 4417 4418
f 4388 4418 4389
f 4389 4418 4419
f 4389 4419 4420
f 4389 4420 4421
f 4389 4421 4406
f 4389 4406 4391
f 4390 4391 4422
f 4390 4422 4393
f 4391 4406 4404
f 4391 4404 4423
f 4391 4423 4424
f 4391 4424 4422
f 4392 4414 4413
f 4392 4413 4415
f 4393 4424 4425
f 4393 4425 4394
f 4393 4422 4424
f 4394 4425 4426
f 4394 4426 4397
f 4394 4397 4396
f 4394 4396 4395
f 4397 4426 4425
f 4397 4425 4427
f 4397 4427 4398
f 4398 4427 4428
f 4398 4428 4399
f 4399 4428 4429
f 4400 4430 4401
f 4401 4430 4431
f 4403 4429 4432
f 4403 4432 4404
f 4404 4432 4423
f 4405 4433 4411
f 4405 4411 4407
f 4405 4406 4433
f 4406 4421 4433
f 4407 4411 4408
f 4409 4434 4435
f 4409 4435 4410
f 4411 4433 4436
f 4411 4436 4412
f 4412 4436 4417
f 4412 4417 4416
f 4412 4416 4413
f 4413 4416 4415
f 4417 4436 4418
f 4418 4420 4419
f 4418 4436 4433
f 4418 4433 4420
f 4420 4433 4421
f 4423 4432 4424
f 4424 4428 4427
f 4424 4427 4425
f 4424 4432 4429
f 4424 4429 4428
f 4430 4437 4431
f 4430 4438 4437
f 4434 4439 4435
f 4435 4439 4440
f 4437 4438 4441
f 4437 4441 4442
f 4437 4442 4443
f 4439 4444 4440
f 4440 4444 4445
f 4440 4445 4446
f 4442 4447 4448
f 4442 4448 4449
f 4442 4449 4443
f 4445 4448 4447
f 4445 4447 4446

o geometry_9
v 0.03459983 -0.00031310 -0.01165849 0.94117647 0.52156863 0.41176471
v 0.03148356 0.01364739 -0.01165849 0.94117647 0.52156863 0.41176471
v 0.04099575 -0.00031310 -0.01165849 0.94117647 0.52156863 0.41176471
v 0.03527462 -0.00031310 0.00521046 0.94117647 0.52156863 0.41176471
v 0.03237222 0.01364739 0.00591333 0.94117647 0.52156863 0.41176471
v 0.03660163 0.01364739 -0.01165849 0.94117647 0.52156863 0.41176471
v 0.03535565 -0.00031310 0.00697953 0.94117647 0.52156863 0.41176471
v 0.03539683 -0.00031310 0.00786576 0.94117647 0.52156863 0.41176471
v 0.04097583 0.00011463 -0.01165849 0.94117647 0.52156863 0.41176471
v 0.04097848 0.00011463 -0.01163812 0.94117647 0.52156863 0.41176471
v 0.04503654 0.00011463 0.02028318 0.94117647 0.52156863 0.41176471
v 0.04502857 -0.00031310 0.02028318 0.94117647 0.52156863 0.41176471
v 0.03252232 0.01364739 0.00875539 0.94117647 0.52156863 0.41176471
v 0.03840019 0.01364739 -0.01165510 0.94117647 0.52156863 0.41176471
v 0.03840683 0.01361732 -0.01165849 0.94117647 0.52156863 0.41176471
v 0.03546325 -0.00031310 0.00875539 0.94117647 0.52156863 0.41176471
v 0.04073009 0.00454902 -0.01165849 0.94117647 0.52156863 0.41176471
v 0.04073274 0.00454902 -0.01163812 0.94117647 0.52156863 0.41176471
v 0.04499270 0.00100151 0.02028318 0.94117647 0.52156863 0.41176471
v 0.04502326 0.00100151 0.02116941 0.94117647 0.52156863 0.41176471
v 0.04505381 0.00011463 0.02116941 0.94117647 0.52156863 0.41176471
v 0.04503388 -0.00031310 0.02116941 0.94117647 0.52156863 0.41176471
v 0.03260866 0.01364739 0.00964162 0.94117647 0.52156863 0.41176471
v 0.03923173 0.01150057 -0.01165849 0.94117647 0.52156863 0.41176471
v 0.04262296 0.01364739 0.01939695 0.94117647 0.52156863 0.41176471
v 0.03551372 -0.00031310 0.00921378 0.94117647 0.52156863 0.41176471
v 0.04072876 0.00456679 -0.01165849 0.94117647 0.52156863 0.41176471
v 0.04065968 0.00543590 -0.01165849 0.94117647 0.52156863 0.41176471
v 0.04474962 0.00279713 0.01934941 0.94117647 0.52156863 0.41176471
v 0.04482135 0.00188838 0.01939695 0.94117647 0.52156863 0.41176471
v 0.04478681 0.00366214 0.02028318 0.94117647 0.52156863 0.41176471
v 0.04469914 0.00503414 0.02067027 0.94117647 0.52156863 0.41176471
v 0.04481205 0.00366214 0.02116941 0.94117647 0.52156863 0.41176471
v 0.04469250 0.00499314 0.02161423 0.94117647 0.52156863 0.41176471
v 0.04478017 0.00277526 0.02177382 0.94117647 0.52156863 0.41176471
v 0.04481736 0.00188838 0.02182814 0.94117647 0.52156863 0.41176471
v 0.04484659 0.00100151 0.02186889 0.94117647 0.52156863 0.41176471
v 0.04485057 0.00011463 0.02186210 0.94117647 0.52156863 0.41176471
v 0.04483862 -0.00031310 0.02184512 0.94117647 0.52156863 0.41176471
v 0.04494356 -0.00031310 0.02148520 0.94117647 0.52156863 0.41176471
v 0.03556287 -0.00031310 0.00964162 0.94117647 0.52156863 0.41176471
v 0.03561866 -0.00031310 0.01010001 0.94117647 0.52156863 0.41176471
v 0.03263788 0.01364739 0.00986912 0.94117647 0.52156863 0.41176471
v 0.03947481 0.01086923 -0.01165849 0.94117647 0.52156863 0.41176471
v 0.04271063 0.01364739 0.02025941 0.94117647 0.52156863 0.41176471
v 0.04291254 0.01295045 0.01993005 0.94117647 0.52156863 0.41176471
v 0.04270133 0.01341507 0.01939695 0.94117647 0.52156863 0.41176471
v 0.03949739 0.01080637 -0.01165849 0.94117647 0.52156863 0.41176471
v 0.03975243 0.00986756 -0.01165849 0.94117647 0.52156863 0.41176471
v 0.04406553 0.00809517 0.01939695 0.94117647 0.52156863 0.41176471
v 0.04422360 0.00720829 0.01939695 0.94117647 0.52156863 0.41176471
v 0.04435776 0.00632278 0.01939695 0.94117647 0.52156863 0.41176471
v 0.04448528 0.00543590 0.01939695 0.94117647 0.52156863 0.41176471
v 0.04466328 0.00471984 0.02007945 0.94117647 0.52156863 0.41176471
v 0.04469516 0.00412813 0.01982139 0.94117647 0.52156863 0.41176471
v 0.04471508 0.00366214 0.01965841 0.94117647 0.52156863 0.41176471
v 0.04468320 0.00310733 0.01902344 0.94117647 0.52156863 0.41176471
v 0.04472040 0.00447386 0.02033751 0.94117647 0.52156863 0.41176471
v 0.04445340 0.00632278 0.02028318 0.94117647 0.52156863 0.41176471
v 0.04430994 0.00720829 0.02028318 0.94117647 0.52156863 0.41176471
v 0.04415851 0.00809517 0.02028318 0.94117647 0.52156863 0.41176471
v 0.04418375 0.00809517 0.02116941 0.94117647 0.52156863 0.41176471
v 0.04433252 0.00720829 0.02116941 0.94117647 0.52156863 0.41176471
v 0.04469782 0.00502321 0.02116941 0.94117647 0.52156863 0.41176471
v 0.04473767 0.00454902 0.02116941 0.94117647 0.52156863 0.41176471
v 0.04382510 0.00951773 0.02165837 0.94117647 0.52156863 0.41176471
v 0.04388886 0.00898205 0.02177721 0.94117647 0.52156863 0.41176471
v 0.04398583 0.00809517 0.02195038 0.94117647 0.52156863 0.41176471
v 0.04378791 0.00757042 0.02248008 0.94117647 0.52156863 0.41176471
v 0.04383838 0.00697871 0.02253102 0.94117647 0.52156863 0.41176471
v 0.04442551 0.00454902 0.02208281 0.94117647 0.52156863 0.41176471
v 0.04445207 0.00366214 0.02215072 0.94117647 0.52156863 0.41176471
v 0.04450122 0.00188838 0.02226956 0.94117647 0.52156863 0.41176471
v 0.04452912 0.00100151 0.02231031 0.94117647 0.52156863 0.41176471
v 0.04451716 0.00011463 0.02230691 0.94117647 0.52156863 0.41176471
v 0.04467656 -0.00031310 0.02205904 0.94117647 0.52156863 0.41176471
v 0.03567445 -0.00031310 0.01052785 0.94117647 0.52156863 0.41176471
v 0.03272556 0.01364739 0.01053803 0.94117647 0.52156863 0.41176471
v 0.04276111 0.01364739 0.02116941 0.94117647 0.52156863 0.41176471
v 0.04280760 0.01335358 0.02024923 0.94117647 0.52156863 0.41176471
v 0.04293379 0.01301741 0.02052087 0.94117647 0.52156863 0.41176471
v 0.04304138 0.01260472 0.02024923 0.94117647 0.52156863 0.41176471
v 0.04332698 0.01164132 0.02028318 0.94117647 0.52156863 0.41176471
v 0.04323798 0.01164132 0.01939695 0.94117647 0.52156863 0.41176471
v 0.04301615 0.01240521 0.01939695 0.94117647 0.52156863 0.41176471
v 0.04288066 0.01284933 0.01939695 0.94117647 0.52156863 0.41176471
v 0.03974845 0.00988396 -0.01165849 0.94117647 0.52156863 0.41176471
v 0.04295903 0.01221663 0.01850732 0.94117647 0.52156863 0.41176471
v 0.04346645 0.01075444 0.01939695 0.94117647 0.52156863 0.41176471
v 0.04381314 0.00945760 0.01978065 0.94117647 0.52156863 0.41176471
v 0.04387823 0.00899161 0.01944788 0.94117647 0.52156863 0.41176471
v 0.04397786 0.00898205 0.02028318 0.94117647 0.52156863 0.41176471
v 0.04399911 0.00898205 0.02116941 0.94117647 0.52156863 0.41176471
v 0.04294574 0.01305431 0.02170251 0.94117647 0.52156863 0.41176471
v 0.04303076 0.01252820 0.02186889 0.94117647 0.52156863 0.41176471
v 0.04281557 0.01252820 0.02231031 0.94117647 0.52156863 0.41176471
v 0.04358866 0.01075444 0.02116941 0.94117647 0.52156863 0.41176471
v 0.04337347 0.01164132 0.02116941 0.94117647 0.52156863 0.41176471
v 0.04363913 0.00898205 0.02221863 0.94117647 0.52156863 0.41176471
v 0.04372813 0.00809517 0.02239520 0.94117647 0.52156863 0.41176471
v 0.04288331 0.01180394 0.02245631 0.94117647 0.52156863 0.41176471
v 0.04319547 0.00898205 0.02272456 0.94117647 0.52156863 0.41176471
v 0.04393269 0.00543590 0.02262609 0.94117647 0.52156863 0.41176471
v 0.04398317 0.00454902 0.02265326 0.94117647 0.52156863 0.41176471
v 0.04408545 0.00100151 0.02269061 0.94117647 0.52156863 0.41176471
v 0.04450388 -0.00031310 0.02228654 0.94117647 0.52156863 0.41176471
v 0.04407350 0.00011463 0.02268382 0.94117647 0.52156863 0.41176471
v 0.04406022 -0.00031310 0.02267363 0.94117647 0.52156863 0.41176471
v 0.04429002 -0.00031310 0.02247669 0.94117647 0.52156863 0.41176471
v 0.03577806 -0.00031310 0.01117300 0.94117647 0.52156863 0.41176471
v 0.03276407 0.01364739 0.01075874 0.94117647 0.52156863 0.41176471
v 0.04264421 0.01364739 0.02177042 0.94117647 0.52156863 0.41176471
v 0.04294973 0.01306798 0.02116941 0.94117647 0.52156863 0.41176471
v 0.04312108 0.01252820 0.02116941 0.94117647 0.52156863 0.41176471
v 0.04355811 0.01075444 0.02028318 0.94117647 0.52156863 0.41176471
v 0.04384104 0.00956966 0.02028318 0.94117647 0.52156863 0.41176471
v 0.04257514 0.01364739 0.02204885 0.94117647 0.52156863 0.41176471
v 0.04268539 0.01337544 0.02202169 0.94117647 0.52156863 0.41176471
v 0.04219125 0.01364739 0.02260911 0.94117647 0.52156863 0.41176471
v 0.04223509 0.01341507 0.02263628 0.94117647 0.52156863 0.41176471
v 0.04237190 0.01252820 0.02271098 0.94117647 0.52156863 0.41176471
v 0.04247551 0.00898205 0.02299960 0.94117647 0.52156863 0.41176471
v 0.04336284 0.00543590 0.02290792 0.94117647 0.52156863 0.41176471
v 0.04336284 0.00454902 0.02292829 0.94117647 0.52156863 0.41176471
v 0.04336284 0.00100151 0.02293169 0.94117647 0.52156863 0.41176471
v 0.04336284 0.00011463 0.02291811 0.94117647 0.52156863 0.41176471
v 0.04336284 -0.00031310 0.02290792 0.94117647 0.52156863 0.41176471
v 0.04373079 -0.00031310 0.02278568 0.94117647 0.52156863 0.41176471
v 0.03583385 -0.00031310 0.01140389 0.94117647 0.52156863 0.41176471
v 0.03288230 0.01364739 0.01141408 0.94117647 0.52156863 0.41176471
v 0.04160679 0.01364739 0.02286717 0.94117647 0.52156863 0.41176471
v 0.04158819 0.01341507 0.02290792 0.94117647 0.52156863 0.41176471
v 0.04158819 0.01252820 0.02299960 0.94117647 0.52156863 0.41176471
v 0.04158819 0.01164132 0.02301997 0.94117647 0.52156863 0.41176471
v 0.04247551 0.00809517 0.02300979 0.94117647 0.52156863 0.41176471
v 0.04247551 0.00543590 0.02298602 0.94117647 0.52156863 0.41176471
v 0.04293512 -0.00031310 0.02289773 0.94117647 0.52156863 0.41176471
v 0.03588566 -0.00031310 0.01161781 0.94117647 0.52156863 0.41176471
v 0.03307889 0.01364465 0.01213053 0.94117647 0.52156863 0.41176471
v 0.03307889 0.01364739 0.01213053 0.94117647 0.52156863 0.41176471
v 0.04070219 0.01364739 0.02303016 0.94117647 0.52156863 0.41176471
v 0.04070219 0.01252820 0.02301997 0.94117647 0.52156863 0.41176471
v 0.04247551 -0.00031310 0.02287057 0.94117647 0.52156863 0.41176471
v 0.03598528 -0.00031310 0.01196415 0.94117647 0.52156863 0.41176471
v 0.03608491 -0.00031310 0.01230031 0.94117647 0.52156863 0.41176471
v 0.03321571 0.01364739 0.01256176 0.94117647 0.52156863 0.41176471
v 0.03981486 0.01364739 0.02293169 0.94117647 0.52156863 0.41176471
v 0.04208498 -0.00031310 0.02275852 0.94117647 0.52156863 0.41176471
v 0.03649270 -0.00031310 0.01323068 0.94117647 0.52156863 0.41176471
v 0.04012968 -0.00031310 0.02098606 0.94117647 0.52156863 0.41176471
v 0.03356240 0.01364739 0.01326124 0.94117647 0.52156863 0.41176471
v 0.03899395 0.01364739 0.02267023 0.94117647 0.52156863 0.41176471
v 0.04167187 -0.00031310 0.02263628 0.94117647 0.52156863 0.41176471
v 0.04024657 -0.00031310 0.02121355 0.94117647 0.52156863 0.41176471
v 0.03768289 0.01364739 0.02145464 0.94117647 0.52156863 0.41176471
v 0.03756068 0.01364739 0.02121355 0.94117647 0.52156863 0.41176471
v 0.03855959 0.01364739 0.02244953 0.94117647 0.52156863 0.41176471
v 0.04122821 -0.00031310 0.02245631 0.94117647 0.52156863 0.41176471
v 0.04145801 -0.00031310 0.02255139 0.94117647 0.52156863 0.41176471
v 0.04035815 -0.00031310 0.02142747 0.94117647 0.52156863 0.41176471
v 0.04080049 -0.00031310 0.02201490 0.94117647 0.52156863 0.41176471
v 0.03812523 0.01364739 0.02201150 0.94117647 0.52156863 0.41176471
f 4450 4451 4455
f 4450 4455 4464
f 4450 4464 4473
f 4450 4473 4493
f 4450 4493 4497
f 4450 4497 4536
f 4450 4536 4498
f 4450 4498 4477
f 4450 4477 4476
f 4450 4476 4466
f 4450 4466 4458
f 4450 4458 4452
f 4450 4452 4461
f 4450 4461 4471
f 4450 4471 4489
f 4450 4489 4488
f 4450 4488 4525
f 4450 4525 4555
f 4450 4555 4558
f 4450 4558 4557
f 4450 4557 4577
f 4450 4577 4576
f 4450 4576 4586
f 4450 4586 4592
f 4450 4592 4597
f 4450 4597 4602
f 4450 4602 4608
f 4450 4608 4607
f 4450 4607 4610
f 4450 4610 4609
f 4450 4609 4603
f 4450 4603 4599
f 4450 4599 4598
f 4450 4598 4594
f 4450 4594 4593
f 4450 4593 4587
f 4450 4587 4578
f 4450 4578 4559
f 4450 4559 4526
f 4450 4526 4491
f 4450 4491 4490
f 4450 4490 4475
f 4450 4475 4465
f 4450 4465 4457
f 4450 4457 4456
f 4450 4456 4453
f 4450 4453 4451
f 4451 4454 4462
f 4451 4462 4472
f 4451 4472 4492
f 4451 4492 4527
f 4451 4527 4560
f 4451 4560 4579
f 4451 4579 4589
f 4451 4589 4595
f 4451 4595 4600
f 4451 4600 4605
f 4451 4605 4604
f 4451 4604 4611
f 4451 4611 4606
f 4451 4606 4601
f 4451 4601 4596
f 4451 4596 4590
f 4451 4590 4580
f 4451 4580 4568
f 4451 4568 4566
f 4451 4566 4561
f 4451 4561 4528
f 4451 4528 4494
f 4451 4494 4474
f 4451 4474 4463
f 4451 4463 4455
f 4451 4453 4456
f 4451 4456 4457
f 4451 4457 4454
f 4452 4458 4459
f 4452 4459 4460
f 4452 4460 4461
f 4454 4457 4462
f 4455 4463 4464
f 4457 4465 4462
f 4458 4466 4467
f 4458 4467 4459
f 4459 4467 4468
f 4459 4468 4460
f 4460 4468 4469
f 4460 4469 4470
f 4460 4470 4461
f 4461 4470 4471
f 4462 4465 4472
f 4463 4473 4464
f 4463 4474 4473
f 4465 4475 4472
f 4466 4476 4467
f 4467 4476 4477
f 4467 4477 4478
f 4467 4478 4479
f 4467 4479 4468
f 4468 4479 4478
f 4468 4478 4480
f 4468 4480 4481
f 4468 4481 4469
f 4469 4481 4482
f 4469 4482 4483
f 4469 4483 4484
f 4469 4484 4485
f 4469 4485 4486
f 4469 4486 4470
f 4470 4486 4487
f 4470 4487 4488
f 4470 4488 4489
f 4470 4489 4471
f 4472 4475 4490
f 4472 4490 4491
f 4472 4491 4492
f 4473 4474 4493
f 4474 4494 4495
f 4474 4495 4496
f 4474 4496 4497
f 4474 4497 4493
f 4477 4498 4499
f 4477 4499 4500
f 4477 4500 4501
f 4477 4501 4502
f 4477 4502 4481
f 4477 4481 4503
f 4477 4503 4504
f 4477 4504 4505
f 4477 4505 4506
f 4477 4506 4478
f 4478 4506 4505
f 4478 4505 4480
f 4480 4507 4481
f 4480 4505 4504
f 4480 4504 4507
f 4481 4508 4509
f 4481 4509 4510
f 4481 4510 4511
f 4481 4511 4512
f 4481 4512 4513
f 4481 4513 4514
f 4481 4514 4482
f 4481 4507 4503
f 4481 4502 4501
f 4481 4501 4500
f 4481 4500 4508
f 4482 4514 4483
f 4483 4514 4513
f 4483 4513 4512
f 4483 4512 4511
f 4483 4511 4515
f 4483 4515 4516
f 4483 4516 4517
f 4483 4517 4518
f 4483 4518 4519
f 4483 4519 4520
f 4483 4520 4484
f 4484 4520 4485
f 4485 4520 4521
f 4485 4521 4522
f 4485 4522 4486
f 4486 4522 4523
f 4486 4523 4487
f 4487 4523 4524
f 4487 4524 4488
f 4488 4524 4525
f 4491 4526 4492
f 4492 4526 4527
f 4494 4528 4529
f 4494 4529 4495
f 4495 4529 4530
f 4495 4530 4531
f 4495 4531 4532
f 4495 4532 4533
f 4495 4533 4534
f 4495 4534 4535
f 4495 4535 4496
f 4496 4535 4497
f 4497 4535 4537
f 4497 4537 4533
f 4497 4533 4536
f 4498 4536 4538
f 4498 4538 4539
f 4498 4539 4540
f 4498 4540 4499
f 4499 4540 4541
f 4499 4541 4510
f 4499 4510 4500
f 4500 4510 4509
f 4500 4509 4508
f 4503 4507 4504
f 4510 4541 4511
f 4511 4541 4542
f 4511 4542 4515
f 4515 4543 4544
f 4515 4544 4545
f 4515 4545 4516
f 4515 4542 4546
f 4515 4546 4547
f 4515 4547 4543
f 4516 4545 4517
f 4517 4545 4548
f 4517 4548 4549
f 4517 4549 4518
f 4518 4549 4550
f 4518 4550 4551
f 4518 4551 4519
f 4519 4552 4520
f 4519 4551 4552
f 4520 4552 4521
f 4521 4552 4553
f 4521 4553 4522
f 4522 4553 4523
f 4523 4553 4554
f 4523 4554 4524
f 4524 4555 4525
f 4524 4554 4556
f 4524 4556 4557
f 4524 4557 4558
f 4524 4558 4555
f 4526 4559 4527
f 4527 4559 4560
f 4528 4561 4543
f 4528 4543 4562
f 4528 4562 4530
f 4528 4530 4529
f 4530 4562 4563
f 4530 4563 4531
f 4531 4563 4532
f 4532 4564 4533
f 4532 4563 4547
f 4532 4547 4564
f 4533 4537 4534
f 4533 4564 4538
f 4533 4538 4536
f 4534 4537 4535
f 4538 4564 4565
f 4538 4565 4539
f 4539 4565 4541
f 4539 4541 4540
f 4541 4565 4546
f 4541 4546 4542
f 4543 4561 4566
f 4543 4566 4567
f 4543 4567 4545
f 4543 4545 4544
f 4543 4547 4563
f 4543 4563 4562
f 4545 4567 4566
f 4545 4566 4568
f 4545 4568 4569
f 4545 4569 4550
f 4545 4550 4549
f 4545 4549 4548
f 4546 4565 4564
f 4546 4564 4547
f 4550 4569 4570
f 4550 4570 4551
f 4551 4570 4571
f 4551 4571 4572
f 4551 4572 4552
f 4552 4572 4553
f 4553 4572 4554
f 4554 4572 4573
f 4554 4573 4574
f 4554 4574 4556
f 4556 4574 4575
f 4556 4575 4576
f 4556 4576 4577
f 4556 4577 4557
f 4559 4578 4579
f 4559 4579 4560
f 4568 4580 4569
f 4569 4580 4570
f 4570 4580 4581
f 4570 4581 4582
f 4570 4582 4571
f 4571 4582 4583
f 4571 4583 4584
f 4571 4584 4573
f 4571 4573 4572
f 4573 4584 4574
f 4574 4584 4585
f 4574 4585 4575
f 4575 4585 4586
f 4575 4586 4576
f 4578 4587 4579
f 4579 4587 4588
f 4579 4588 4589
f 4580 4590 4581
f 4581 4590 4582
f 4582 4590 4583
f 4583 4590 4584
f 4584 4590 4585
f 4585 4590 4591
f 4585 4591 4592
f 4585 4592 4586
f 4587 4593 4588
f 4588 4593 4594
f 4588 4594 4595
f 4588 4595 4589
f 4590 4596 4591
f 4591 4596 4592
f 4592 4596 4597
f 4594 4598 4595
f 4595 4598 4599
f 4595 4599 4600
f 4596 4601 4602
f 4596 4602 4597
f 4599 4603 4604
f 4599 4604 4605
f 4599 4605 4600
f 4601 4606 4607
f 4601 4607 4608
f 4601 4608 4602
f 4603 4609 4604
f 4604 4609 4610
f 4604 4610 4611
f 4606 4611 4607
f 4607 4611 4610

o geometry_10
v 0.04276124 0.01364739 0.02116809 0.26274510 0.77254902 0.45490196
v 0.04254363 0.01430367 0.02116809 0.26274510 0.77254902 0.45490196
v 0.04203908 0.01565478 0.02163140 0.26274510 0.77254902 0.45490196
v 0.04264377 0.01364739 0.02177107 0.26274510 0.77254902 0.45490196
v 0.04271117 0.01364739 0.02025851 0.26274510 0.77254902 0.45490196
v 0.04218158 0.01527733 0.02110337 0.26274510 0.77254902 0.45490196
v 0.04249356 0.01430367 0.02028236 0.26274510 0.77254902 0.45490196
v 0.04203908 0.01565478 0.02135205 0.26274510 0.77254902 0.45490196
v 0.04153260 0.01696395 0.02116809 0.26274510 0.77254902 0.45490196
v 0.04121677 0.01756016 0.02177448 0.26274510 0.77254902 0.45490196
v 0.04133617 0.01694355 0.02206404 0.26274510 0.77254902 0.45490196
v 0.04213537 0.01519005 0.02182217 0.26274510 0.77254902 0.45490196
v 0.04257444 0.01364739 0.02205042 0.26274510 0.77254902 0.45490196
v 0.04262259 0.01364739 0.01939663 0.26274510 0.77254902 0.45490196
v 0.04190427 0.01600049 0.02110337 0.26274510 0.77254902 0.45490196
v 0.04203138 0.01563098 0.02076270 0.26274510 0.77254902 0.45490196
v 0.04218351 0.01513791 0.02028236 0.26274510 0.77254902 0.45490196
v 0.04239920 0.01430367 0.01939663 0.26274510 0.77254902 0.45490196
v 0.04213537 0.01501436 0.01939663 0.26274510 0.77254902 0.45490196
v 0.04146905 0.01696395 0.02028236 0.26274510 0.77254902 0.45490196
v 0.04121677 0.01756356 0.02028236 0.26274510 0.77254902 0.45490196
v 0.04124951 0.01763044 0.02116809 0.26274510 0.77254902 0.45490196
v 0.04104345 0.01807476 0.02116809 0.26274510 0.77254902 0.45490196
v 0.04073533 0.01873785 0.02116809 0.26274510 0.77254902 0.45490196
v 0.04035787 0.01938733 0.02182217 0.26274510 0.77254902 0.45490196
v 0.04019804 0.01905862 0.02241152 0.26274510 0.77254902 0.45490196
v 0.04105308 0.01722578 0.02236383 0.26274510 0.77254902 0.45490196
v 0.04119559 0.01663524 0.02254779 0.26274510 0.77254902 0.45490196
v 0.04190812 0.01519005 0.02226504 0.26274510 0.77254902 0.45490196
v 0.04200249 0.01466865 0.02246262 0.26274510 0.77254902 0.45490196
v 0.04229328 0.01434561 0.02212196 0.26274510 0.77254902 0.45490196
v 0.04210840 0.01407811 0.02256142 0.26274510 0.77254902 0.45490196
v 0.04219121 0.01364739 0.02260911 0.26274510 0.77254902 0.45490196
v 0.03839936 0.01364739 -0.01165509 0.26274510 0.77254902 0.45490196
v 0.03822411 0.01430367 -0.01165849 0.26274510 0.77254902 0.45490196
v 0.03821834 0.01432181 -0.01165849 0.26274510 0.77254902 0.45490196
v 0.03793910 0.01519005 -0.01165849 0.26274510 0.77254902 0.45490196
v 0.03793525 0.01520139 -0.01165849 0.26274510 0.77254902 0.45490196
v 0.04181954 0.01607644 0.02028236 0.26274510 0.77254902 0.45490196
v 0.04196397 0.01545755 0.01939663 0.26274510 0.77254902 0.45490196
v 0.04117440 0.01746948 0.01962488 0.26274510 0.77254902 0.45490196
v 0.04172132 0.01607644 0.01939663 0.26274510 0.77254902 0.45490196
v 0.04128995 0.01685627 0.01850749 0.26274510 0.77254902 0.45490196
v 0.04101264 0.01800675 0.02028236 0.26274510 0.77254902 0.45490196
v 0.04039446 0.01945987 0.02116809 0.26274510 0.77254902 0.45490196
v 0.04066985 0.01873785 0.02028236 0.26274510 0.77254902 0.45490196
v 0.04017685 0.01990307 0.02116809 0.26274510 0.77254902 0.45490196
v 0.03986488 0.02050948 0.02116809 0.26274510 0.77254902 0.45490196
v 0.03946239 0.02112836 0.02180173 0.26274510 0.77254902 0.45490196
v 0.03928907 0.02081098 0.02239449 0.26274510 0.77254902 0.45490196
v 0.03944313 0.02021931 0.02256823 0.26274510 0.77254902 0.45490196
v 0.04033284 0.01846808 0.02256823 0.26274510 0.77254902 0.45490196
v 0.04130343 0.01607644 0.02263296 0.26274510 0.77254902 0.45490196
v 0.04146327 0.01519005 0.02273175 0.26274510 0.77254902 0.45490196
v 0.04160578 0.01364739 0.02286802 0.26274510 0.77254902 0.45490196
v 0.03660068 0.01364739 -0.01165849 0.26274510 0.77254902 0.45490196
v 0.03768297 0.01579760 -0.01165849 0.26274510 0.77254902 0.45490196
v 0.04113396 0.01738107 0.01903552 0.26274510 0.77254902 0.45490196
v 0.04098568 0.01779933 0.01935575 0.26274510 0.77254902 0.45490196
v 0.04055815 0.01873785 0.01939663 0.26274510 0.77254902 0.45490196
v 0.04035980 0.01938960 0.02028236 0.26274510 0.77254902 0.45490196
v 0.04030395 0.01927398 0.01939663 0.26274510 0.77254902 0.45490196
v 0.04014026 0.01983166 0.02028236 0.26274510 0.77254902 0.45490196
v 0.03950283 0.02120203 0.02116809 0.26274510 0.77254902 0.45490196
v 0.03978784 0.02050948 0.02028236 0.26274510 0.77254902 0.45490196
v 0.03926403 0.02164523 0.02116809 0.26274510 0.77254902 0.45490196
v 0.03854764 0.02282631 0.02174722 0.26274510 0.77254902 0.45490196
v 0.03837818 0.02251687 0.02233658 0.26274510 0.77254902 0.45490196
v 0.03760594 0.02362655 0.02250691 0.26274510 0.77254902 0.45490196
v 0.03774459 0.02316976 0.02260570 0.26274510 0.77254902 0.45490196
v 0.03960104 0.01962310 0.02267724 0.26274510 0.77254902 0.45490196
v 0.03986680 0.01875258 0.02275560 0.26274510 0.77254902 0.45490196
v 0.04046764 0.01785033 0.02264999 0.26274510 0.77254902 0.45490196
v 0.04070259 0.01607644 0.02292252 0.26274510 0.77254902 0.45490196
v 0.04070259 0.01519005 0.02303835 0.26274510 0.77254902 0.45490196
v 0.04070259 0.01430367 0.02305198 0.26274510 0.77254902 0.45490196
v 0.04070259 0.01364739 0.02302813 0.26274510 0.77254902 0.45490196
v 0.03148389 0.01364739 -0.01165849 0.26274510 0.77254902 0.45490196
v 0.03568016 0.01972964 -0.01165849 0.26274510 0.77254902 0.45490196
v 0.03946239 0.02112156 0.02028236 0.26274510 0.77254902 0.45490196
v 0.03890006 0.02228338 0.02116809 0.26274510 0.77254902 0.45490196
v 0.03921974 0.02156475 0.02028236 0.26274510 0.77254902 0.45490196
v 0.03690688 0.02522703 0.02192437 0.26274510 0.77254902 0.45490196
v 0.03773111 0.02383171 0.02205723 0.26274510 0.77254902 0.45490196
v 0.03856497 0.02285579 0.02116809 0.26274510 0.77254902 0.45490196
v 0.03757127 0.02445626 0.02116809 0.26274510 0.77254902 0.45490196
v 0.03725545 0.02494366 0.02116809 0.26274510 0.77254902 0.45490196
v 0.03706865 0.02522703 0.02116809 0.26274510 0.77254902 0.45490196
v 0.03660453 0.02522703 0.02236042 0.26274510 0.77254902 0.45490196
v 0.03681252 0.02464102 0.02257504 0.26274510 0.77254902 0.45490196
v 0.03712642 0.02397566 0.02266021 0.26274510 0.77254902 0.45490196
v 0.03715531 0.02316976 0.02292593 0.26274510 0.77254902 0.45490196
v 0.03892895 0.01962310 0.02299406 0.26274510 0.77254902 0.45490196
v 0.03892895 0.01873785 0.02308604 0.26274510 0.77254902 0.45490196
v 0.03626752 0.02316976 0.02314055 0.26274510 0.77254902 0.45490196
v 0.03981480 0.01519005 0.02306220 0.26274510 0.77254902 0.45490196
v 0.03981480 0.01430367 0.02301110 0.26274510 0.77254902 0.45490196
v 0.03981480 0.01364739 0.02293274 0.26274510 0.77254902 0.45490196
v 0.02308750 0.02522703 -0.01165849 0.26274510 0.77254902 0.45490196
v 0.03237360 0.01364739 0.00591306 0.26274510 0.77254902 0.45490196
v 0.03525842 0.02051061 -0.01165849 0.26274510 0.77254902 0.45490196
v 0.03526227 0.02050948 -0.01163805 0.26274510 0.77254902 0.45490196
v 0.03852839 0.02279798 0.02044929 0.26274510 0.77254902 0.45490196
v 0.03874407 0.02236839 0.02020742 0.26274510 0.77254902 0.45490196
v 0.03752698 0.02438598 0.02028236 0.26274510 0.77254902 0.45490196
v 0.03715723 0.02494366 0.02028236 0.26274510 0.77254902 0.45490196
v 0.03696465 0.02522703 0.02028236 0.26274510 0.77254902 0.45490196
v 0.03658913 0.02522703 0.02237405 0.26274510 0.77254902 0.45490196
v 0.03617701 0.02522703 0.02269768 0.26274510 0.77254902 0.45490196
v 0.03628678 0.02494025 0.02274878 0.26274510 0.77254902 0.45490196
v 0.03626752 0.02405727 0.02302132 0.26274510 0.77254902 0.45490196
v 0.03715531 0.02228338 0.02308945 0.26274510 0.77254902 0.45490196
v 0.03538167 0.02494366 0.02307242 0.26274510 0.77254902 0.45490196
v 0.03449388 0.02522703 0.02312692 0.26274510 0.77254902 0.45490196
v 0.03538167 0.02405727 0.02314396 0.26274510 0.77254902 0.45490196
v 0.03449388 0.02494366 0.02311670 0.26274510 0.77254902 0.45490196
v 0.03360802 0.02522703 0.02303154 0.26274510 0.77254902 0.45490196
v 0.03271254 0.02522703 0.02276582 0.26274510 0.77254902 0.45490196
v 0.03899442 0.01364739 0.02267043 0.26274510 0.77254902 0.45490196
v 0.02438548 0.02522703 0.00786849 0.26274510 0.77254902 0.45490196
v 0.03192875 0.02522703 -0.01165849 0.26274510 0.77254902 0.45490196
v 0.03247567 0.01364739 0.00786849 0.26274510 0.77254902 0.45490196
v 0.03249300 0.01364739 0.00819553 0.26274510 0.77254902 0.45490196
v 0.03252381 0.01364739 0.00875422 0.26274510 0.77254902 0.45490196
v 0.03524879 0.02052761 -0.01165849 0.26274510 0.77254902 0.45490196
v 0.03780044 0.02394279 0.02028236 0.26274510 0.77254902 0.45490196
v 0.03496184 0.02098667 -0.01165849 0.26274510 0.77254902 0.45490196
v 0.03193067 0.02522703 -0.01165168 0.26274510 0.77254902 0.45490196
v 0.03540670 0.02522703 0.02299406 0.26274510 0.77254902 0.45490196
v 0.03217139 0.02522703 0.02256823 0.26274510 0.77254902 0.45490196
v 0.03855920 0.01364739 0.02244900 0.26274510 0.77254902 0.45490196
v 0.02443747 0.02522703 0.00856004 0.26274510 0.77254902 0.45490196
v 0.03255077 0.01364739 0.00903697 0.26274510 0.77254902 0.45490196
v 0.03212518 0.02522703 0.02254098 0.26274510 0.77254902 0.45490196
v 0.03167455 0.02522703 0.02225482 0.26274510 0.77254902 0.45490196
v 0.03127013 0.02522703 0.02189712 0.26274510 0.77254902 0.45490196
v 0.03119888 0.02522703 0.02182899 0.26274510 0.77254902 0.45490196
v 0.03812397 0.01364739 0.02200954 0.26274510 0.77254902 0.45490196
v 0.02447791 0.02522703 0.00893477 0.26274510 0.77254902 0.45490196
v 0.03260855 0.01364739 0.00963995 0.26274510 0.77254902 0.45490196
v 0.03081950 0.02522703 0.02123963 0.26274510 0.77254902 0.45490196
v 0.03768104 0.01364739 0.02145425 0.26274510 0.77254902 0.45490196
v 0.02455687 0.02522703 0.00963995 0.26274510 0.77254902 0.45490196
v 0.03263743 0.01364739 0.00986820 0.26274510 0.77254902 0.45490196
v 0.02578744 0.02522703 0.01318969 0.26274510 0.77254902 0.45490196
v 0.03745573 0.01364739 0.02100798 0.26274510 0.77254902 0.45490196
v 0.02539266 0.02522703 0.01251858 0.26274510 0.77254902 0.45490196
v 0.02471478 0.02522703 0.01052909 0.26274510 0.77254902 0.45490196
v 0.03272602 0.01364739 0.01053590 0.26274510 0.77254902 0.45490196
v 0.03276453 0.01364739 0.01076074 0.26274510 0.77254902 0.45490196
v 0.03355988 0.01364739 0.01326123 0.26274510 0.77254902 0.45490196
v 0.03321324 0.01364739 0.01256287 0.26274510 0.77254902 0.45490196
v 0.02518853 0.02522703 0.01210297 0.26274510 0.77254902 0.45490196
v 0.03288393 0.01364739 0.01141482 0.26274510 0.77254902 0.45490196
v 0.02477833 0.02522703 0.01077437 0.26274510 0.77254902 0.45490196
v 0.03307651 0.01364739 0.01213022 0.26274510 0.77254902 0.45490196
v 0.02502291 0.02522703 0.01163966 0.26274510 0.77254902 0.45490196
v 0.02494588 0.02522703 0.01141482 0.26274510 0.77254902 0.45490196
f 4612 4613 4614
f 4612 4614 4615
f 4612 4615 4624
f 4612 4624 4644
f 4612 4644 4666
f 4612 4666 4688
f 4612 4688 4709
f 4612 4709 4730
f 4612 4730 4742
f 4612 4742 4749
f 4612 4749 4753
f 4612 4753 4757
f 4612 4757 4762
f 4612 4762 4763
f 4612 4763 4767
f 4612 4767 4765
f 4612 4765 4761
f 4612 4761 4760
f 4612 4760 4755
f 4612 4755 4751
f 4612 4751 4744
f 4612 4744 4735
f 4612 4735 4734
f 4612 4734 4733
f 4612 4733 4711
f 4612 4711 4689
f 4612 4689 4667
f 4612 4667 4645
f 4612 4645 4625
f 4612 4625 4616
f 4612 4616 4613
f 4613 4617 4614
f 4613 4616 4618
f 4613 4618 4617
f 4614 4619 4620
f 4614 4620 4621
f 4614 4621 4622
f 4614 4622 4623
f 4614 4623 4624
f 4614 4624 4615
f 4614 4617 4619
f 4616 4625 4618
f 4617 4626 4619
f 4617 4618 4627
f 4617 4627 4626
f 4618 4628 4627
f 4618 4625 4629
f 4618 4629 4630
f 4618 4630 4628
f 4619 4626 4620
f 4620 4626 4627
f 4620 4627 4631
f 4620 4631 4632
f 4620 4632 4633
f 4620 4633 4621
f 4621 4633 4634
f 4621 4634 4635
f 4621 4635 4636
f 4621 4636 4637
f 4621 4637 4638
f 4621 4638 4622
f 4622 4638 4639
f 4622 4639 4640
f 4622 4640 4623
f 4623 4640 4641
f 4623 4641 4642
f 4623 4642 4624
f 4624 4642 4641
f 4624 4641 4643
f 4624 4643 4644
f 4625 4645 4646
f 4625 4646 4647
f 4625 4647 4648
f 4625 4648 4649
f 4625 4649 4629
f 4627 4628 4650
f 4627 4650 4631
f 4628 4630 4651
f 4628 4651 4650
f 4629 4649 4630
f 4630 4649 4651
f 4631 4652 4632
f 4631 4650 4653
f 4631 4653 4654
f 4631 4654 4652
f 4632 4652 4655
f 4632 4655 4633
f 4633 4655 4634
f 4634 4655 4635
f 4635 4656 4636
f 4635 4655 4657
f 4635 4657 4656
f 4636 4656 4658
f 4636 4658 4659
f 4636 4659 4660
f 4636 4660 4637
f 4637 4661 4662
f 4637 4662 4663
f 4637 4663 4639
f 4637 4639 4638
f 4637 4660 4661
f 4639 4643 4641
f 4639 4641 4640
f 4639 4663 4664
f 4639 4664 4643
f 4643 4664 4644
f 4644 4664 4665
f 4644 4665 4666
f 4645 4667 4646
f 4646 4667 4689
f 4646 4689 4710
f 4646 4710 4732
f 4646 4732 4738
f 4646 4738 4736
f 4646 4736 4712
f 4646 4712 4690
f 4646 4690 4668
f 4646 4668 4649
f 4646 4649 4648
f 4646 4648 4647
f 4649 4668 4654
f 4649 4654 4653
f 4649 4653 4651
f 4650 4651 4653
f 4652 4654 4669
f 4652 4669 4668
f 4652 4668 4670
f 4652 4670 4671
f 4652 4671 4655
f 4654 4668 4669
f 4655 4671 4657
f 4656 4657 4672
f 4656 4672 4658
f 4657 4671 4673
f 4657 4673 4672
f 4658 4672 4674
f 4658 4674 4659
f 4659 4675 4660
f 4659 4674 4676
f 4659 4676 4675
f 4660 4675 4677
f 4660 4677 4678
f 4660 4678 4679
f 4660 4679 4661
f 4661 4679 4680
f 4661 4680 4662
f 4662 4680 4681
f 4662 4681 4682
f 4662 4682 4663
f 4663 4682 4683
f 4663 4683 4684
f 4663 4684 4664
f 4664 4684 4683
f 4664 4683 4685
f 4664 4685 4665
f 4665 4685 4686
f 4665 4686 4666
f 4666 4686 4687
f 4666 4687 4688
f 4668 4690 4673
f 4668 4673 4671
f 4668 4671 4670
f 4672 4673 4674
f 4673 4690 4674
f 4674 4690 4676
f 4675 4676 4691
f 4675 4691 4677
f 4676 4690 4691
f 4677 4692 4678
f 4677 4691 4693
f 4677 4693 4692
f 4678 4694 4695
f 4678 4695 4680
f 4678 4680 4679
f 4678 4692 4696
f 4678 4696 4697
f 4678 4697 4698
f 4678 4698 4699
f 4678 4699 4694
f 4680 4695 4694
f 4680 4694 4700
f 4680 4700 4701
f 4680 4701 4702
f 4680 4702 4681
f 4681 4702 4703
f 4681 4703 4682
f 4682 4703 4704
f 4682 4704 4683
f 4683 4704 4685
f 4685 4704 4686
f 4686 4704 4705
f 4686 4705 4687
f 4687 4705 4706
f 4687 4706 4707
f 4687 4707 4688
f 4688 4707 4708
f 4688 4708 4709
f 4689 4711 4710
f 4690 4712 4713
f 4690 4713 4691
f 4691 4713 4693
f 4692 4693 4714
f 4692 4714 4696
f 4693 4715 4714
f 4693 4713 4715
f 4694 4699 4718
f 4694 4718 4739
f 4694 4739 4732
f 4694 4732 4710
f 4694 4710 4731
f 4694 4731 4743
f 4694 4743 4750
f 4694 4750 4754
f 4694 4754 4759
f 4694 4759 4766
f 4694 4766 4769
f 4694 4769 4768
f 4694 4768 4764
f 4694 4764 4758
f 4694 4758 4756
f 4694 4756 4752
f 4694 4752 4748
f 4694 4748 4747
f 4694 4747 4746
f 4694 4746 4745
f 4694 4745 4741
f 4694 4741 4729
f 4694 4729 4728
f 4694 4728 4725
f 4694 4725 4740
f 4694 4740 4720
f 4694 4720 4719
f 4694 4719 4700
f 4696 4714 4716
f 4696 4716 4697
f 4697 4716 4698
f 4698 4716 4699
f 4699 4716 4717
f 4699 4717 4718
f 4700 4719 4701
f 4701 4719 4720
f 4701 4720 4721
f 4701 4721 4702
f 4702 4721 4703
f 4703 4721 4722
f 4703 4722 4723
f 4703 4723 4704
f 4704 4723 4705
f 4705 4723 4706
f 4706 4723 4724
f 4706 4724 4725
f 4706 4725 4726
f 4706 4726 4707
f 4707 4726 4727
f 4707 4727 4708
f 4708 4727 4728
f 4708 4728 4709
f 4709 4729 4730
f 4709 4728 4729
f 4710 4711 4733
f 4710 4733 4734
f 4710 4734 4735
f 4710 4735 4731
f 4712 4736 4713
f 4713 4736 4715
f 4714 4737 4716
f 4714 4715 4736
f 4714 4736 4737
f 4716 4737 4736
f 4716 4736 4738
f 4716 4738 4717
f 4717 4738 4718
f 4718 4738 4739
f 4720 4740 4721
f 4721 4740 4722
f 4722 4740 4724
f 4722 4724 4723
f 4724 4740 4725
f 4725 4727 4726
f 4725 4728 4727
f 4729 4741 4730
f 4730 4741 4742
f 4731 4735 4743
f 4732 4739 4738
f 4735 4744 4743
f 4741 4745 4742
f 4742 4745 4746
f 4742 4746 4747
f 4742 4747 4748
f 4742 4748 4749
f 4743 4744 4751
f 4743 4751 4750
f 4748 4752 4753
f 4748 4753 4749
f 4750 4751 4754
f 4751 4755 4754
f 4752 4756 4753
f 4753 4756 4758
f 4753 4758 4757
f 4754 4755 4760
f 4754 4760 4761
f 4754 4761 4759
f 4757 4758 4762
f 4758 4763 4762
f 4758 4764 4763
f 4759 4761 4765
f 4759 4765 4766
f 4763 4764 4768
f 4763 4768 4769
f 4763 4769 4767
f 4765 4767 4769
f 4765 4769 4766

o geometry_11
v 0.01548524 0.04001853 0.02318601 0.56470588 0.01568627 0.61568627
v 0.01409789 0.04090613 0.02308348 0.56470588 0.01568627 0.61568627
v 0.01321104 0.04090613 0.02315525 0.56470588 0.01568627 0.61568627
v 0.01055049 0.04179234 0.02315525 0.56470588 0.01568627 0.61568627
v 0.00434548 0.04267995 0.02325778 0.56470588 0.01568627 0.61568627
v 0.00523232 0.04179234 0.02321335 0.56470588 0.01568627 0.61568627
v 0.01548524 0.03913232 0.02310056 0.56470588 0.01568627 0.61568627
v 0.01548524 0.04090613 0.02294335 0.56470588 0.01568627 0.61568627
v 0.01498474 0.04090613 0.02300145 0.56470588 0.01568627 0.61568627
v 0.00523232 0.04267995 0.02322702 0.56470588 0.01568627 0.61568627
v 0.01143734 0.04179234 0.02306639 0.56470588 0.01568627 0.61568627
v 0.00789141 0.04267995 0.02304588 0.56470588 0.01568627 0.61568627
v 0.00257178 0.04356616 0.02290575 0.56470588 0.01568627 0.61568627
v 0.00168493 0.04356616 0.02292626 0.56470588 0.01568627 0.61568627
v 0.00053466 0.04356616 0.02294335 0.56470588 0.01568627 0.61568627
v 0.00053466 0.04267995 0.02322361 0.56470588 0.01568627 0.61568627
v 0.00053466 0.04179234 0.02312449 0.56470588 0.01568627 0.61568627
v 0.01548524 0.03821133 0.02281689 0.56470588 0.01568627 0.61568627
v 0.01232419 0.04179234 0.02296727 0.56470588 0.01568627 0.61568627
v 0.01548524 0.04146402 0.02260498 0.56470588 0.01568627 0.61568627
v 0.01143734 0.04251578 0.02270752 0.56470588 0.01568627 0.61568627
v 0.00523232 0.04351190 0.02281689 0.56470588 0.01568627 0.61568627
v 0.00434548 0.04354111 0.02285107 0.56470588 0.01568627 0.61568627
v 0.00966364 0.04267995 0.02285448 0.56470588 0.01568627 0.61568627
v 0.00789141 0.04331017 0.02266650 0.56470588 0.01568627 0.61568627
v 0.00168493 0.04407674 0.02257422 0.56470588 0.01568627 0.61568627
v 0.00079808 0.04409482 0.02258789 0.56470588 0.01568627 0.61568627
v 0.00053466 0.04393901 0.02269726 0.56470588 0.01568627 0.61568627
v 0.00053466 0.04153079 0.02303563 0.56470588 0.01568627 0.61568627
v 0.00053466 0.04090613 0.02282031 0.56470588 0.01568627 0.61568627
v 0.01548524 0.03766319 0.02258106 0.56470588 0.01568627 0.61568627
v 0.01047439 0.04273559 0.02272802 0.56470588 0.01568627 0.61568627
v 0.01548524 0.04174226 0.02205472 0.56470588 0.01568627 0.61568627
v 0.01352568 0.04219302 0.02242042 0.56470588 0.01568627 0.61568627
v 0.01293445 0.04228345 0.02255030 0.56470588 0.01568627 0.61568627
v 0.01232419 0.04236970 0.02262207 0.56470588 0.01568627 0.61568627
v 0.01012609 0.04312514 0.02250245 0.56470588 0.01568627 0.61568627
v 0.00523232 0.04395431 0.02240333 0.56470588 0.01568627 0.61568627
v 0.00434548 0.04398491 0.02245802 0.56470588 0.01568627 0.61568627
v 0.00378644 0.04400300 0.02248878 0.56470588 0.01568627 0.61568627
v 0.00877679 0.04323783 0.02260840 0.56470588 0.01568627 0.61568627
v 0.00434548 0.04419916 0.02201370 0.56470588 0.01568627 0.61568627
v 0.00168493 0.04430490 0.02205472 0.56470588 0.01568627 0.61568627
v 0.00079808 0.04433133 0.02205472 0.56470588 0.01568627 0.61568627
v 0.00053466 0.04426038 0.02221194 0.56470588 0.01568627 0.61568627
v 0.00053466 0.04409343 0.02258448 0.56470588 0.01568627 0.61568627
v 0.00053466 0.04075449 0.02274511 0.56470588 0.01568627 0.61568627
v 0.00053466 0.04038721 0.02256055 0.56470588 0.01568627 0.61568627
v 0.01548524 0.03723747 0.02220510 0.56470588 0.01568627 0.61568627
v 0.00966364 0.04316270 0.02254346 0.56470588 0.01568627 0.61568627
v 0.01548524 0.04187303 0.02116951 0.56470588 0.01568627 0.61568627
v 0.01498474 0.04205250 0.02116951 0.56470588 0.01568627 0.61568627
v 0.01393252 0.04231962 0.02182914 0.56470588 0.01568627 0.61568627
v 0.01071732 0.04306949 0.02233156 0.56470588 0.01568627 0.61568627
v 0.00966364 0.04335747 0.02205472 0.56470588 0.01568627 0.61568627
v 0.00877679 0.04352164 0.02205472 0.56470588 0.01568627 0.61568627
v 0.00611917 0.04407813 0.02180522 0.56470588 0.01568627 0.61568627
v 0.00611917 0.04388614 0.02224953 0.56470588 0.01568627 0.61568627
v 0.00523232 0.04415325 0.02195902 0.56470588 0.01568627 0.61568627
v 0.00434548 0.04432854 0.02116951 0.56470588 0.01568627 0.61568627
v 0.00345863 0.04437724 0.02116951 0.56470588 0.01568627 0.61568627
v 0.00053466 0.04432994 0.02205472 0.56470588 0.01568627 0.61568627
v 0.00168493 0.04443011 0.02116951 0.56470588 0.01568627 0.61568627
v 0.00079808 0.04444402 0.02116951 0.56470588 0.01568627 0.61568627
v 0.00053466 0.04444680 0.02116951 0.56470588 0.01568627 0.61568627
v 0.00053466 0.03997958 0.02205472 0.56470588 0.01568627 0.61568627
v 0.01548524 0.03682011 0.02174028 0.56470588 0.01568627 0.61568627
v 0.01548524 0.04178400 0.02028088 0.56470588 0.01568627 0.61568627
v 0.01498474 0.04196903 0.02028088 0.56470588 0.01568627 0.61568627
v 0.01436570 0.04217771 0.02028088 0.56470588 0.01568627 0.61568627
v 0.01392227 0.04232240 0.02028088 0.56470588 0.01568627 0.61568627
v 0.01447985 0.04221667 0.02116951 0.56470588 0.01568627 0.61568627
v 0.01403642 0.04235301 0.02116951 0.56470588 0.01568627 0.61568627
v 0.01321104 0.04260065 0.02116951 0.56470588 0.01568627 0.61568627
v 0.01110221 0.04314879 0.02174028 0.56470588 0.01568627 0.61568627
v 0.01141393 0.04296515 0.02204446 0.56470588 0.01568627 0.61568627
v 0.01047439 0.04319748 0.02204446 0.56470588 0.01568627 0.61568627
v 0.00665626 0.04402526 0.02165825 0.56470588 0.01568627 0.61568627
v 0.00523232 0.04423673 0.02116951 0.56470588 0.01568627 0.61568627
v 0.00345863 0.04427846 0.02028088 0.56470588 0.01568627 0.61568627
v 0.00257178 0.04432994 0.02028088 0.56470588 0.01568627 0.61568627
v 0.00286739 0.04045399 -0.01112190 0.56470588 0.01568627 0.61568627
v 0.00168493 0.04435081 0.02028088 0.56470588 0.01568627 0.61568627
v 0.00079808 0.04435637 0.02028088 0.56470588 0.01568627 0.61568627
v 0.00053466 0.04438420 0.02054405 0.56470588 0.01568627 0.61568627
v 0.00053466 0.03961090 0.02153521 0.56470588 0.01568627 0.61568627
v 0.01548524 0.03650151 0.02114558 0.56470588 0.01568627 0.61568627
v 0.01548524 0.04167270 0.01939567 0.56470588 0.01568627 0.61568627
v 0.01498474 0.04186051 0.01939567 0.56470588 0.01568627 0.61568627
v 0.01419740 0.04212345 0.01939567 0.56470588 0.01568627 0.61568627
v 0.01321104 0.04253387 0.02028088 0.56470588 0.01568627 0.61568627
v 0.01375398 0.04226814 0.01939567 0.56470588 0.01568627 0.61568627
v 0.01232419 0.04285107 0.02116951 0.56470588 0.01568627 0.61568627
v 0.01158661 0.04304723 0.02116951 0.56470588 0.01568627 0.61568627
v 0.01114319 0.04316131 0.02116951 0.56470588 0.01568627 0.61568627
v 0.01055049 0.04329904 0.02116951 0.56470588 0.01568627 0.61568627
v 0.00966364 0.04349659 0.02116951 0.56470588 0.01568627 0.61568627
v 0.00877679 0.04367328 0.02116951 0.56470588 0.01568627 0.61568627
v 0.00789141 0.04382493 0.02116951 0.56470588 0.01568627 0.61568627
v 0.00665626 0.04402526 0.02132673 0.56470588 0.01568627 0.61568627
v 0.00620405 0.04408926 0.02108748 0.56470588 0.01568627 0.61568627
v 0.00655674 0.04400857 0.02073886 0.56470588 0.01568627 0.61568627
v 0.00789141 0.03985158 -0.01163799 0.56470588 0.01568627 0.61568627
v 0.00700602 0.03995175 -0.01163799 0.56470588 0.01568627 0.61568627
v 0.00257178 0.04040668 -0.01165849 0.56470588 0.01568627 0.61568627
v 0.00168493 0.04424925 0.01939567 0.56470588 0.01568627 0.61568627
v 0.00227616 0.04047068 -0.01126886 0.56470588 0.01568627 0.61568627
v 0.00700602 0.03994897 -0.01165849 0.56470588 0.01568627 0.61568627
v 0.00053466 0.04435637 0.02028088 0.56470588 0.01568627 0.61568627
v 0.00053466 0.04428264 0.01965884 0.56470588 0.01568627 0.61568627
v 0.00053466 0.03566678 0.01318894 0.56470588 0.01568627 0.61568627
v 0.01548524 0.03231254 0.01306589 0.56470588 0.01568627 0.61568627
v 0.01548524 0.03251009 0.01345894 0.56470588 0.01568627 0.61568627
v 0.01548524 0.03737938 -0.01165849 0.56470588 0.01568627 0.61568627
v 0.01461009 0.03783987 -0.01147393 0.56470588 0.01568627 0.61568627
v 0.01429106 0.03797204 -0.01165849 0.56470588 0.01568627 0.61568627
v 0.01417838 0.03802769 -0.01165849 0.56470588 0.01568627 0.61568627
v 0.01322860 0.03840193 -0.01165849 0.56470588 0.01568627 0.61568627
v 0.01232419 0.04278151 0.02028088 0.56470588 0.01568627 0.61568627
v 0.01321104 0.04242952 0.01939567 0.56470588 0.01568627 0.61568627
v 0.01321104 0.03841028 -0.01163799 0.56470588 0.01568627 0.61568627
v 0.01366032 0.04223754 0.01894110 0.56470588 0.01568627 0.61568627
v 0.01108465 0.04314740 0.02056456 0.56470588 0.01568627 0.61568627
v 0.00966364 0.04341869 0.02028088 0.56470588 0.01568627 0.61568627
v 0.00877679 0.04359955 0.02028088 0.56470588 0.01568627 0.61568627
v 0.00789141 0.04375536 0.02028088 0.56470588 0.01568627 0.61568627
v 0.00789141 0.03996010 -0.01075277 0.56470588 0.01568627 0.61568627
v 0.00790458 0.03984602 -0.01165849 0.56470588 0.01568627 0.61568627
v 0.00789141 0.03984880 -0.01165849 0.56470588 0.01568627 0.61568627
v 0.00173761 0.04040947 -0.01165849 0.56470588 0.01568627 0.61568627
v 0.00079808 0.04425064 0.01939567 0.56470588 0.01568627 0.61568627
v 0.00196737 0.04047068 -0.01126886 0.56470588 0.01568627 0.61568627
v 0.00167761 0.04041781 -0.01159355 0.56470588 0.01568627 0.61568627
v 0.00137614 0.04045538 -0.01112532 0.56470588 0.01568627 0.61568627
v 0.00081564 0.04033434 -0.01165849 0.56470588 0.01568627 0.61568627
v 0.00079076 0.04033156 -0.01165849 0.56470588 0.01568627 0.61568627
v 0.00053466 0.04029956 -0.01163799 0.56470588 0.01568627 0.61568627
v 0.00053466 0.03531480 0.01230031 0.56470588 0.01568627 0.61568627
v 0.01548524 0.03200647 0.01231056 0.56470588 0.01568627 0.61568627
v 0.01548524 0.03023405 -0.01165849 0.56470588 0.01568627 0.61568627
v 0.01321104 0.03840749 -0.01165849 0.56470588 0.01568627 0.61568627
v 0.01232419 0.04267021 0.01939567 0.56470588 0.01568627 0.61568627
v 0.00865972 0.03967073 -0.01165849 0.56470588 0.01568627 0.61568627
v 0.00167761 0.04040947 -0.01165849 0.56470588 0.01568627 0.61568627
v 0.00053466 0.04029678 -0.01165849 0.56470588 0.01568627 0.61568627
v 0.00053466 0.03526611 0.01216359 0.56470588 0.01568627 0.61568627
v 0.00053466 0.03515063 0.01181498 0.56470588 0.01568627 0.61568627
v 0.01548524 0.03189239 0.01189017 0.56470588 0.01568627 0.61568627
v 0.00053466 0.03378167 -0.01165849 0.56470588 0.01568627 0.61568627
v 0.01548524 0.03129972 0.00740601 0.56470588 0.01568627 0.61568627
v 0.00053466 0.03469153 0.00786742 0.56470588 0.01568627 0.61568627
v 0.00053466 0.03467901 0.00760425 0.56470588 0.01568627 0.61568627
v 0.00053466 0.03464979 0.00698221 0.56470588 0.01568627 0.61568627
v 0.01548524 0.03176996 0.01141510 0.56470588 0.01568627 0.61568627
v 0.00053466 0.03507968 0.01137066 0.56470588 0.01568627 0.61568627
v 0.01548524 0.03155154 0.01023595 0.56470588 0.01568627 0.61568627
v 0.01548524 0.03162249 0.01066318 0.56470588 0.01568627 0.61568627
v 0.01548524 0.03163779 0.01075204 0.56470588 0.01568627 0.61568627
v 0.01548524 0.03132616 0.00786742 0.56470588 0.01568627 0.61568627
v 0.01548524 0.03138598 0.00875263 0.56470588 0.01568627 0.61568627
v 0.00053466 0.03475413 0.00875263 0.56470588 0.01568627 0.61568627
v 0.00053466 0.03494612 0.01052647 0.56470588 0.01568627 0.61568627
v 0.00053466 0.03491134 0.01026671 0.56470588 0.01568627 0.61568627
v 0.01548524 0.03147363 0.00964126 0.56470588 0.01568627 0.61568627
v 0.00053466 0.03483344 0.00964126 0.56470588 0.01568627 0.61568627
v 0.00053466 0.03480839 0.00937809 0.56470588 0.01568627 0.61568627
f 4770 4771 4772
f 4770 4772 4773
f 4770 4773 4774
f 4770 4774 4775
f 4770 4775 4776
f 4770 4776 4787
f 4770 4787 4800
f 4770 4800 4818
f 4770 4818 4836
f 4770 4836 4856
f 4770 4856 4882
f 4770 4882 4881
f 4770 4881 4908
f 4770 4908 4917
f 4770 4917 4923
f 4770 4923 4927
f 4770 4927 4926
f 4770 4926 4925
f 4770 4925 4933
f 4770 4933 4929
f 4770 4929 4928
f 4770 4928 4919
f 4770 4919 4909
f 4770 4909 4883
f 4770 4883 4857
f 4770 4857 4837
f 4770 4837 4820
f 4770 4820 4802
f 4770 4802 4789
f 4770 4789 4777
f 4770 4777 4778
f 4770 4778 4771
f 4771 4773 4772
f 4771 4778 4773
f 4773 4779 4774
f 4773 4778 4780
f 4773 4780 4781
f 4773 4781 4779
f 4774 4779 4782
f 4774 4782 4783
f 4774 4783 4784
f 4774 4784 4785
f 4774 4785 4775
f 4775 4785 4786
f 4775 4786 4776
f 4776 4786 4787
f 4777 4788 4778
f 4777 4789 4790
f 4777 4790 4788
f 4778 4788 4780
f 4779 4781 4791
f 4779 4791 4792
f 4779 4792 4782
f 4780 4788 4793
f 4780 4793 4781
f 4781 4793 4794
f 4781 4794 4791
f 4782 4792 4795
f 4782 4795 4796
f 4782 4796 4783
f 4783 4796 4797
f 4783 4797 4784
f 4784 4797 4815
f 4784 4815 4814
f 4784 4814 4831
f 4784 4831 4834
f 4784 4834 4854
f 4784 4854 4878
f 4784 4878 4879
f 4784 4879 4906
f 4784 4906 4914
f 4784 4914 4918
f 4784 4918 4922
f 4784 4922 4921
f 4784 4921 4920
f 4784 4920 4930
f 4784 4930 4935
f 4784 4935 4934
f 4784 4934 4932
f 4784 4932 4931
f 4784 4931 4924
f 4784 4924 4916
f 4784 4916 4915
f 4784 4915 4907
f 4784 4907 4880
f 4784 4880 4855
f 4784 4855 4835
f 4784 4835 4817
f 4784 4817 4816
f 4784 4816 4799
f 4784 4799 4798
f 4784 4798 4786
f 4784 4786 4785
f 4786 4798 4787
f 4787 4798 4799
f 4787 4799 4800
f 4788 4790 4801
f 4788 4801 4793
f 4789 4802 4803
f 4789 4803 4804
f 4789 4804 4805
f 4789 4805 4790
f 4790 4805 4806
f 4790 4806 4801
f 4791 4794 4807
f 4791 4807 4808
f 4791 4808 4809
f 4791 4809 4795
f 4791 4795 4792
f 4793 4801 4794
f 4794 4801 4810
f 4794 4810 4807
f 4795 4809 4811
f 4795 4811 4812
f 4795 4812 4813
f 4795 4813 4796
f 4796 4813 4814
f 4796 4814 4815
f 4796 4815 4797
f 4799 4816 4800
f 4800 4816 4817
f 4800 4817 4818
f 4801 4806 4819
f 4801 4819 4810
f 4802 4820 4821
f 4802 4821 4822
f 4802 4822 4803
f 4803 4823 4804
f 4803 4822 4823
f 4804 4823 4806
f 4804 4806 4805
f 4806 4823 4824
f 4806 4824 4825
f 4806 4825 4826
f 4806 4826 4827
f 4806 4827 4807
f 4806 4807 4819
f 4807 4810 4819
f 4807 4827 4828
f 4807 4828 4811
f 4807 4811 4808
f 4808 4811 4809
f 4811 4828 4829
f 4811 4829 4830
f 4811 4830 4812
f 4812 4830 4832
f 4812 4832 4813
f 4813 4831 4814
f 4813 4832 4833
f 4813 4833 4834
f 4813 4834 4831
f 4817 4835 4836
f 4817 4836 4818
f 4820 4837 4838
f 4820 4838 4821
f 4821 4838 4839
f 4821 4839 4840
f 4821 4840 4841
f 4821 4841 4822
f 4822 4841 4842
f 4822 4842 4843
f 4822 4843 4844
f 4822 4844 4845
f 4822 4845 4823
f 4823 4845 4844
f 4823 4844 4846
f 4823 4846 4824
f 4824 4846 4844
f 4824 4844 4847
f 4824 4847 4825
f 4825 4847 4826
f 4826 4847 4848
f 4826 4848 4829
f 4826 4829 4828
f 4826 4828 4827
f 4829 4849 4850
f 4829 4850 4830
f 4829 4848 4851
f 4829 4851 4849
f 4830 4850 4832
f 4832 4850 4852
f 4832 4852 4833
f 4833 4852 4834
f 4834 4852 4853
f 4834 4853 4854
f 4835 4855 4836
f 4836 4855 4856
f 4837 4857 4858
f 4837 4858 4838
f 4838 4858 4839
f 4839 4858 4859
f 4839 4859 4861
f 4839 4861 4840
f 4840 4860 4843
f 4840 4843 4842
f 4840 4842 4841
f 4840 4861 4860
f 4843 4860 4862
f 4843 4862 4844
f 4844 4862 4863
f 4844 4863 4864
f 4844 4864 4865
f 4844 4865 4866
f 4844 4866 4867
f 4844 4867 4847
f 4847 4867 4868
f 4847 4868 4869
f 4847 4869 4848
f 4848 4869 4870
f 4848 4870 4871
f 4848 4871 4872
f 4848 4872 4873
f 4848 4873 4851
f 4849 4851 4874
f 4849 4874 4850
f 4850 4875 4852
f 4850 4874 4876
f 4850 4876 4875
f 4851 4873 4877
f 4851 4877 4874
f 4852 4875 4853
f 4853 4878 4854
f 4853 4875 4879
f 4853 4879 4878
f 4855 4880 4881
f 4855 4881 4882
f 4855 4882 4856
f 4857 4883 4884
f 4857 4884 4885
f 4857 4885 4886
f 4857 4886 4887
f 4857 4887 4858
f 4858 4887 4859
f 4859 4887 4861
f 4860 4888 4862
f 4860 4861 4889
f 4860 4889 4888
f 4861 4887 4890
f 4861 4890 4891
f 4861 4891 4889
f 4862 4888 4892
f 4862 4892 4863
f 4863 4892 4864
f 4864 4892 4865
f 4865 4892 4866
f 4866 4892 4893
f 4866 4893 4894
f 4866 4894 4867
f 4867 4894 4895
f 4867 4895 4868
f 4868 4895 4871
f 4868 4871 4870
f 4868 4870 4869
f 4871 4895 4896
f 4871 4896 4872
f 4872 4897 4898
f 4872 4898 4877
f 4872 4877 4873
f 4872 4896 4894
f 4872 4894 4893
f 4872 4893 4892
f 4872 4892 4897
f 4874 4877 4898
f 4874 4898 4897
f 4874 4897 4912
f 4874 4912 4910
f 4874 4910 4887
f 4874 4887 4886
f 4874 4886 4885
f 4874 4885 4883
f 4874 4883 4909
f 4874 4909 4918
f 4874 4918 4914
f 4874 4914 4905
f 4874 4905 4904
f 4874 4904 4913
f 4874 4913 4899
f 4874 4899 4876
f 4875 4900 4879
f 4875 4876 4900
f 4876 4899 4913
f 4876 4913 4901
f 4876 4901 4900
f 4879 4900 4901
f 4879 4901 4902
f 4879 4902 4903
f 4879 4903 4904
f 4879 4904 4905
f 4879 4905 4906
f 4880 4907 4908
f 4880 4908 4881
f 4883 4885 4884
f 4887 4910 4890
f 4888 4889 4911
f 4888 4911 4892
f 4889 4891 4890
f 4889 4890 4912
f 4889 4912 4911
f 4890 4910 4912
f 4892 4911 4912
f 4892 4912 4897
f 4894 4896 4895
f 4901 4913 4902
f 4902 4913 4903
f 4903 4913 4904
f 4905 4914 4906
f 4907 4915 4908
f 4908 4915 4916
f 4908 4916 4917
f 4909 4919 4920
f 4909 4920 4921
f 4909 4921 4922
f 4909 4922 4918
f 4916 4923 4917
f 4916 4924 4925
f 4916 4925 4926
f 4916 4926 4927
f 4916 4927 4923
f 4919 4928 4920
f 4920 4928 4929
f 4920 4929 4930
f 4924 4931 4925
f 4925 4931 4932
f 4925 4932 4933
f 4929 4933 4934
f 4929 4934 4935
f 4929 4935 4930
f 4932 4934 4933

o geometry_12
v 0.04273408 -0.01490310 0.02028391 0.61176471 0.61568627 0.94117647
v 0.04243265 -0.01584838 0.02028391 0.61176471 0.61568627 0.94117647
v 0.04265435 -0.01496157 0.01939621 0.61176471 0.61568627 0.94117647
v 0.04267185 -0.01490310 0.01939621 0.61176471 0.61568627 0.94117647
v 0.04269519 -0.01490310 0.02107074 0.61176471 0.61568627 0.94117647
v 0.04216623 -0.01666155 0.02028391 0.61176471 0.61568627 0.94117647
v 0.04237042 -0.01584838 0.01939621 0.61176471 0.61568627 0.94117647
v 0.04268935 -0.01490310 0.02116825 0.61176471 0.61568627 0.94117647
v 0.04255323 -0.01490310 0.01850851 0.61176471 0.61568627 0.94117647
v 0.04266407 -0.01490310 0.01933568 0.61176471 0.61568627 0.94117647
v 0.04200287 -0.01710441 0.02028391 0.61176471 0.61568627 0.94117647
v 0.04212928 -0.01655435 0.01939621 0.61176471 0.61568627 0.94117647
v 0.04266991 -0.01496157 0.02116825 0.61176471 0.61568627 0.94117647
v 0.04237431 -0.01584838 0.02116825 0.61176471 0.61568627 0.94117647
v 0.04212928 -0.01655868 0.02116825 0.61176471 0.61568627 0.94117647
v 0.04207872 -0.01642009 0.01868672 0.61176471 0.61568627 0.94117647
v 0.03792093 -0.01584838 -0.01173048 0.61176471 0.61568627 0.94117647
v 0.04206510 -0.01637786 0.02165245 0.61176471 0.61568627 0.94117647
v 0.04237626 -0.01490310 0.02183739 0.61176471 0.61568627 0.94117647
v 0.04216428 -0.01584838 0.02174660 0.61176471 0.61568627 0.94117647
v 0.03818930 -0.01490310 -0.01173048 0.61176471 0.61568627 0.94117647
v 0.04179090 -0.01762198 0.02028391 0.61176471 0.61568627 0.94117647
v 0.04172089 -0.01762198 0.01939621 0.61176471 0.61568627 0.94117647
v 0.04196398 -0.01699830 0.01939621 0.61176471 0.61568627 0.94117647
v 0.04117637 -0.01902744 0.02088244 0.61176471 0.61568627 0.94117647
v 0.04111025 -0.01887260 0.02147424 0.61176471 0.61568627 0.94117647
v 0.04195037 -0.01700263 0.02116825 0.61176471 0.61568627 0.94117647
v 0.03768951 -0.01652945 -0.01173048 0.61176471 0.61568627 0.94117647
v 0.04123083 -0.01828140 0.02171634 0.61176471 0.61568627 0.94117647
v 0.04027792 -0.02076423 0.02163564 0.61176471 0.61568627 0.94117647
v 0.04135723 -0.01762198 0.02184747 0.61176471 0.61568627 0.94117647
v 0.04233153 -0.01490310 0.02192145 0.61176471 0.61568627 0.94117647
v 0.04232181 -0.01496157 0.02191136 0.61176471 0.61568627 0.94117647
v 0.04161782 -0.01669836 0.02193490 0.61176471 0.61568627 0.94117647
v 0.03288998 -0.01490310 -0.01173048 0.61176471 0.61568627 0.94117647
v 0.04141752 -0.01850879 0.02028391 0.61176471 0.61568627 0.94117647
v 0.04116859 -0.01900687 0.01960469 0.61176471 0.61568627 0.94117647
v 0.04132028 -0.01858891 0.01934241 0.61176471 0.61568627 0.94117647
v 0.04113942 -0.01893865 0.01901289 0.61176471 0.61568627 0.94117647
v 0.04128917 -0.01839942 0.01850851 0.61176471 0.61568627 0.94117647
v 0.04160032 -0.01762198 0.01850851 0.61176471 0.61568627 0.94117647
v 0.04131250 -0.01854993 0.02117497 0.61176471 0.61568627 0.94117647
v 0.04056962 -0.02028239 0.02116825 0.61176471 0.61568627 0.94117647
v 0.04031681 -0.02084761 0.02116825 0.61176471 0.61568627 0.94117647
v 0.04062796 -0.02028239 0.02028391 0.61176471 0.61568627 0.94117647
v 0.04099357 -0.01949304 0.02028391 0.61176471 0.61568627 0.94117647
v 0.04118610 -0.01905018 0.02028391 0.61176471 0.61568627 0.94117647
v 0.03751254 -0.01697231 -0.01173048 0.61176471 0.61568627 0.94117647
v 0.04037515 -0.02028239 0.02172979 0.61176471 0.61568627 0.94117647
v 0.03994343 -0.01939559 0.02233504 0.61176471 0.61568627 0.94117647
v 0.03981119 -0.02110315 0.02185084 0.61176471 0.61568627 0.94117647
v 0.03856463 -0.02352318 0.02169280 0.61176471 0.61568627 0.94117647
v 0.03866965 -0.02367910 0.02116825 0.61176471 0.61568627 0.94117647
v 0.03943197 -0.02259848 0.02088244 0.61176471 0.61568627 0.94117647
v 0.04008150 -0.02129047 0.02116825 0.61176471 0.61568627 0.94117647
v 0.04055601 -0.01939559 0.02189119 0.61176471 0.61568627 0.94117647
v 0.04080104 -0.01762198 0.02229132 0.61176471 0.61568627 0.94117647
v 0.04176562 -0.01490310 0.02236530 0.61176471 0.61568627 0.94117647
v 0.03135171 -0.01490310 -0.01172712 0.61176471 0.61568627 0.94117647
v 0.03129532 -0.01502437 -0.01173048 0.61176471 0.61568627 0.94117647
v 0.04055990 -0.02028239 0.01939621 0.61176471 0.61568627 0.94117647
v 0.04099162 -0.01933928 0.01934241 0.61176471 0.61568627 0.94117647
v 0.04027403 -0.02075665 0.01885148 0.61176471 0.61568627 0.94117647
v 0.04011456 -0.02132512 0.02028391 0.61176471 0.61568627 0.94117647
v 0.04033626 -0.02088226 0.02028391 0.61176471 0.61568627 0.94117647
v 0.04030320 -0.02081296 0.01939621 0.61176471 0.61568627 0.94117647
v 0.03716444 -0.01762198 -0.01173048 0.61176471 0.61568627 0.94117647
v 0.04005233 -0.02109882 0.01853541 0.61176471 0.61568627 0.94117647
v 0.03957977 -0.02197804 0.01850851 0.61176471 0.61568627 0.94117647
v 0.04011845 -0.01869503 0.02244264 0.61176471 0.61568627 0.94117647
v 0.03904303 -0.02116811 0.02233504 0.61176471 0.61568627 0.94117647
v 0.03973535 -0.02021634 0.02220390 0.61176471 0.61568627 0.94117647
v 0.03760394 -0.02339541 0.02250316 0.61176471 0.61568627 0.94117647
v 0.03798900 -0.02375490 0.02203578 0.61176471 0.61568627 0.94117647
v 0.03758061 -0.02513437 0.02157847 0.61176471 0.61568627 0.94117647
v 0.03778480 -0.02454316 0.02178695 0.61176471 0.61568627 0.94117647
v 0.03838377 -0.02412304 0.02116825 0.61176471 0.61568627 0.94117647
v 0.03768951 -0.02530003 0.02098667 0.61176471 0.61568627 0.94117647
v 0.03814263 -0.02471533 0.02028391 0.61176471 0.61568627 0.94117647
v 0.03845378 -0.02422374 0.02028391 0.61176471 0.61568627 0.94117647
v 0.03872604 -0.02377980 0.02028391 0.61176471 0.61568627 0.94117647
v 0.03916943 -0.02305217 0.02028391 0.61176471 0.61568627 0.94117647
v 0.03943780 -0.02260931 0.02028391 0.61176471 0.61568627 0.94117647
v 0.03973729 -0.02205492 0.02028391 0.61176471 0.61568627 0.94117647
v 0.04097218 -0.01673518 0.02242583 0.61176471 0.61568627 0.94117647
v 0.04027208 -0.01810382 0.02250653 0.61176471 0.61568627 0.94117647
v 0.04136501 -0.01490310 0.02253679 0.61176471 0.61568627 0.94117647
v 0.04109470 -0.01616563 0.02248635 0.61176471 0.61568627 0.94117647
v 0.02286696 -0.02596378 -0.01173048 0.61176471 0.61568627 0.94117647
v 0.03221127 -0.01490310 0.00432211 0.61176471 0.61568627 0.94117647
v 0.04007567 -0.02125690 0.01939621 0.61176471 0.61568627 0.94117647
v 0.03496109 -0.02164671 -0.01173048 0.61176471 0.61568627 0.94117647
v 0.03959533 -0.02213504 0.01934914 0.61176471 0.61568627 0.94117647
v 0.03936390 -0.02248370 0.01902297 0.61176471 0.61568627 0.94117647
v 0.03932696 -0.02242198 0.01850851 0.61176471 0.61568627 0.94117647
v 0.03889329 -0.02294172 0.01762081 0.61176471 0.61568627 0.94117647
v 0.03921805 -0.02046647 0.02244264 0.61176471 0.61568627 0.94117647
v 0.03938724 -0.01987635 0.02250653 0.61176471 0.61568627 0.94117647
v 0.03950003 -0.01939559 0.02254351 0.61176471 0.61568627 0.94117647
v 0.03892440 -0.02021634 0.02256705 0.61176471 0.61568627 0.94117647
v 0.03804150 -0.02116811 0.02258723 0.61176471 0.61568627 0.94117647
v 0.03607541 -0.02471533 0.02253679 0.61176471 0.61568627 0.94117647
v 0.03590427 -0.02530112 0.02251661 0.61176471 0.61568627 0.94117647
v 0.03559895 -0.02596378 0.02248299 0.61176471 0.61568627 0.94117647
v 0.03565146 -0.02596378 0.02246281 0.61176471 0.61568627 0.94117647
v 0.03593150 -0.02596378 0.02233504 0.61176471 0.61568627 0.94117647
v 0.03624654 -0.02596378 0.02214337 0.61176471 0.61568627 0.94117647
v 0.03668410 -0.02596378 0.02187101 0.61176471 0.61568627 0.94117647
v 0.03697775 -0.02560213 0.02184075 0.61176471 0.61568627 0.94117647
v 0.03685329 -0.02596378 0.02174324 0.61176471 0.61568627 0.94117647
v 0.03699720 -0.02596378 0.02153476 0.61176471 0.61568627 0.94117647
v 0.03716055 -0.02596378 0.02120524 0.61176471 0.61568627 0.94117647
v 0.03727723 -0.02596378 0.02054955 0.61176471 0.61568627 0.94117647
v 0.03732196 -0.02596378 0.02028391 0.61176471 0.61568627 0.94117647
v 0.03743281 -0.02579920 0.02028391 0.61176471 0.61568627 0.94117647
v 0.03772841 -0.02535526 0.02028391 0.61176471 0.61568627 0.94117647
v 0.03842656 -0.02417827 0.01939621 0.61176471 0.61568627 0.94117647
v 0.03868715 -0.02373540 0.01939621 0.61176471 0.61568627 0.94117647
v 0.03939891 -0.02254542 0.01961477 0.61176471 0.61568627 0.94117647
v 0.04035765 -0.01762198 0.02253343 0.61176471 0.61568627 0.94117647
v 0.04132612 -0.01490310 0.02254688 0.61176471 0.61568627 0.94117647
v 0.02426131 -0.02596378 0.00520981 0.61176471 0.61568627 0.94117647
v 0.03250492 -0.01490310 0.00871354 0.61176471 0.61568627 0.94117647
v 0.03244075 -0.01490310 0.00792335 0.61176471 0.61568627 0.94117647
v 0.03237852 -0.01490310 0.00713989 0.61176471 0.61568627 0.94117647
v 0.03236685 -0.01490310 0.00698185 0.61176471 0.61568627 0.94117647
v 0.03232990 -0.01490310 0.00635979 0.61176471 0.61568627 0.94117647
v 0.03231434 -0.01490310 0.00609415 0.61176471 0.61568627 0.94117647
v 0.03172899 -0.02596378 -0.01173048 0.61176471 0.61568627 0.94117647
v 0.03463827 -0.02208415 -0.01173048 0.61176471 0.61568627 0.94117647
v 0.03856269 -0.02351127 0.01762081 0.61176471 0.61568627 0.94117647
v 0.03807262 -0.02471533 0.01939621 0.61176471 0.61568627 0.94117647
v 0.03763506 -0.02521341 0.01874389 0.61176471 0.61568627 0.94117647
v 0.03708665 -0.02596378 0.01849170 0.61176471 0.61568627 0.94117647
v 0.03902553 -0.02294172 0.01850851 0.61176471 0.61568627 0.94117647
v 0.03982091 -0.01844274 0.02256033 0.61176471 0.61568627 0.94117647
v 0.03892829 -0.01939559 0.02260068 0.61176471 0.61568627 0.94117647
v 0.03804150 -0.02028239 0.02261413 0.61176471 0.61568627 0.94117647
v 0.03492997 -0.02596378 0.02252670 0.61176471 0.61568627 0.94117647
v 0.03522168 -0.02596378 0.02251998 0.61176471 0.61568627 0.94117647
v 0.03726168 -0.02596378 0.01967866 0.61176471 0.61568627 0.94117647
v 0.03768757 -0.02529029 0.01939621 0.61176471 0.61568627 0.94117647
v 0.03862686 -0.02362063 0.01850851 0.61176471 0.61568627 0.94117647
v 0.04052878 -0.01673518 0.02256705 0.61176471 0.61568627 0.94117647
v 0.04076215 -0.01490310 0.02261413 0.61176471 0.61568627 0.94117647
v 0.02434493 -0.02596378 0.00613450 0.61176471 0.61568627 0.94117647
v 0.03260799 -0.01490310 0.00964159 0.61176471 0.61568627 0.94117647
v 0.03738808 -0.02573423 0.01939621 0.61176471 0.61568627 0.94117647
v 0.03723251 -0.02596378 0.01939621 0.61176471 0.61568627 0.94117647
v 0.03981508 -0.01762198 0.02259395 0.61176471 0.61568627 0.94117647
v 0.04070186 -0.01490310 0.02262085 0.61176471 0.61568627 0.94117647
v 0.03986175 -0.01490310 0.02257041 0.61176471 0.61568627 0.94117647
v 0.03440879 -0.02596378 0.02250653 0.61176471 0.61568627 0.94117647
v 0.03465382 -0.02596378 0.02252334 0.61176471 0.61568627 0.94117647
v 0.02454913 -0.02596378 0.00786619 0.61176471 0.61568627 0.94117647
v 0.03275968 -0.01490310 0.01052929 0.61176471 0.61568627 0.94117647
v 0.02468137 -0.02596378 0.00875389 0.61176471 0.61568627 0.94117647
v 0.03979563 -0.01490310 0.02256369 0.61176471 0.61568627 0.94117647
v 0.03420071 -0.02596378 0.02248635 0.61176471 0.61568627 0.94117647
v 0.02485056 -0.02596378 0.00964159 0.61176471 0.61568627 0.94117647
v 0.03277329 -0.01490310 0.01059318 0.61176471 0.61568627 0.94117647
v 0.03941641 -0.01490310 0.02248971 0.61176471 0.61568627 0.94117647
v 0.03404902 -0.02596378 0.02244936 0.61176471 0.61568627 0.94117647
v 0.02502752 -0.02596378 0.01045868 0.61176471 0.61568627 0.94117647
v 0.03295610 -0.01490527 0.01144725 0.61176471 0.61568627 0.94117647
v 0.03295804 -0.01490310 0.01144725 0.61176471 0.61568627 0.94117647
v 0.03914221 -0.01490310 0.02235185 0.61176471 0.61568627 0.94117647
v 0.03243491 -0.02596378 0.02180040 0.61176471 0.61568627 0.94117647
v 0.03324586 -0.02596378 0.02220390 0.61176471 0.61568627 0.94117647
v 0.03359785 -0.02596378 0.02233168 0.61176471 0.61568627 0.94117647
v 0.02504308 -0.02596378 0.01052929 0.61176471 0.61568627 0.94117647
v 0.03311167 -0.01490310 0.01195835 0.61176471 0.61568627 0.94117647
v 0.02517532 -0.02596378 0.01101685 0.61176471 0.61568627 0.94117647
v 0.03905470 -0.01490310 0.02230478 0.61176471 0.61568627 0.94117647
v 0.03898663 -0.01490310 0.02226442 0.61176471 0.61568627 0.94117647
v 0.03831376 -0.01490310 0.02182057 0.61176471 0.61568627 0.94117647
v 0.03828848 -0.01490310 0.02180376 0.61176471 0.61568627 0.94117647
v 0.03222878 -0.02596378 0.02164909 0.61176471 0.61568627 0.94117647
v 0.02520060 -0.02596378 0.01109083 0.61176471 0.61568627 0.94117647
v 0.02531534 -0.02596378 0.01136655 0.61176471 0.61568627 0.94117647
v 0.03328086 -0.01490310 0.01236185 0.61176471 0.61568627 0.94117647
v 0.03783342 -0.01490310 0.02118170 0.61176471 0.61568627 0.94117647
v 0.03136144 -0.02596378 0.02075466 0.61176471 0.61568627 0.94117647
v 0.03140616 -0.02596378 0.02081519 0.61176471 0.61568627 0.94117647
v 0.03165509 -0.02596378 0.02109764 0.61176471 0.61568627 0.94117647
v 0.03178538 -0.02596378 0.02123214 0.61176471 0.61568627 0.94117647
v 0.02541452 -0.02596378 0.01154477 0.61176471 0.61568627 0.94117647
v 0.03757867 -0.01490310 0.02074457 0.61176471 0.61568627 0.94117647
v 0.02584430 -0.02596378 0.01230133 0.61176471 0.61568627 0.94117647
v 0.02609906 -0.02596378 0.01269811 0.61176471 0.61568627 0.94117647
v 0.02573734 -0.02596378 0.01211639 0.61176471 0.61568627 0.94117647
f 4936 4937 4938
f 4936 4938 4939
f 4936 4939 4945
f 4936 4945 4944
f 4936 4944 4956
f 4936 4956 4970
f 4936 4970 4994
f 4936 4994 5025
f 4936 5025 5063
f 4936 5063 5062
f 4936 5062 5061
f 4936 5061 5060
f 4936 5060 5059
f 4936 5059 5058
f 4936 5058 5082
f 4936 5082 5091
f 4936 5091 5096
f 4936 5096 5101
f 4936 5101 5107
f 4936 5107 5116
f 4936 5116 5123
f 4936 5123 5117
f 4936 5117 5112
f 4936 5112 5111
f 4936 5111 5110
f 4936 5110 5109
f 4936 5109 5102
f 4936 5102 5097
f 4936 5097 5093
f 4936 5093 5087
f 4936 5087 5086
f 4936 5086 5080
f 4936 5080 5056
f 4936 5056 5022
f 4936 5022 4993
f 4936 4993 4967
f 4936 4967 4954
f 4936 4954 4943
f 4936 4943 4940
f 4936 4940 4937
f 4937 4941 4942
f 4937 4942 4938
f 4937 4940 4943
f 4937 4943 4941
f 4938 4942 4944
f 4938 4944 4945
f 4938 4945 4939
f 4941 4946 4947
f 4941 4947 4942
f 4941 4943 4948
f 4941 4948 4949
f 4941 4949 4950
f 4941 4950 4946
f 4942 4947 4951
f 4942 4951 4952
f 4942 4952 4944
f 4943 4953 4948
f 4943 4954 4955
f 4943 4955 4953
f 4944 4952 4956
f 4946 4957 4958
f 4946 4958 4959
f 4946 4959 4947
f 4946 4950 4960
f 4946 4960 4957
f 4947 4959 4951
f 4948 4953 4949
f 4949 4953 4950
f 4950 4953 4961
f 4950 4961 4962
f 4950 4962 4960
f 4951 4959 4963
f 4951 4963 4952
f 4952 4963 4983
f 4952 4983 5002
f 4952 5002 5027
f 4952 5027 5065
f 4952 5065 5064
f 4952 5064 5024
f 4952 5024 4995
f 4952 4995 4970
f 4952 4970 4956
f 4953 4964 4965
f 4953 4965 4961
f 4953 4955 4966
f 4953 4966 4964
f 4954 4967 4968
f 4954 4968 4955
f 4955 4968 4969
f 4955 4969 4966
f 4957 4971 4972
f 4957 4972 4973
f 4957 4973 4958
f 4957 4960 4971
f 4958 4973 4974
f 4958 4974 4975
f 4958 4975 4976
f 4958 4976 4959
f 4959 4976 4963
f 4960 4962 4977
f 4960 4977 4961
f 4960 4961 4965
f 4960 4965 4978
f 4960 4978 4979
f 4960 4979 4980
f 4960 4980 4981
f 4960 4981 4982
f 4960 4982 4971
f 4961 4977 4962
f 4963 4976 4983
f 4964 4966 4984
f 4964 4984 4965
f 4965 4984 4985
f 4965 4985 4986
f 4965 4986 4987
f 4965 4987 4988
f 4965 4988 4989
f 4965 4989 4990
f 4965 4990 4979
f 4965 4979 4978
f 4966 4991 4984
f 4966 4969 4992
f 4966 4992 4991
f 4967 4993 4968
f 4968 4993 4969
f 4969 4993 4992
f 4970 4995 4994
f 4971 4982 4972
f 4972 4982 4981
f 4972 4981 4980
f 4972 4980 4996
f 4972 4996 4997
f 4972 4997 4974
f 4972 4974 4973
f 4974 4997 4996
f 4974 4996 4998
f 4974 4998 4983
f 4974 4983 4975
f 4975 4983 4976
f 4979 4990 4989
f 4979 4989 4999
f 4979 4999 5000
f 4979 5000 4980
f 4980 5000 5001
f 4980 5001 4996
f 4983 4998 5003
f 4983 5003 5004
f 4983 5004 5002
f 4984 4991 5005
f 4984 5005 4985
f 4985 5005 5006
f 4985 5006 5007
f 4985 5007 4986
f 4986 5007 5006
f 4986 5006 5008
f 4986 5008 5009
f 4986 5009 4987
f 4987 5010 4988
f 4987 5009 5011
f 4987 5011 5010
f 4988 5012 5013
f 4988 5013 4989
f 4988 5010 5012
f 4989 5013 5014
f 4989 5014 5015
f 4989 5015 5016
f 4989 5016 5017
f 4989 5017 5018
f 4989 5018 5019
f 4989 5019 4999
f 4991 4992 5005
f 4992 4993 5020
f 4992 5020 5021
f 4992 5021 5005
f 4993 5022 5023
f 4993 5023 5020
f 4994 4995 5024
f 4994 5024 5025
f 4996 5001 4998
f 4998 5001 5026
f 4998 5026 5003
f 4999 5019 5026
f 4999 5026 5001
f 4999 5001 5000
f 5002 5004 5027
f 5003 5026 5004
f 5004 5026 5028
f 5004 5028 5029
f 5004 5029 5030
f 5004 5030 5031
f 5004 5031 5027
f 5005 5032 5006
f 5005 5021 5033
f 5005 5033 5032
f 5006 5032 5008
f 5008 5033 5034
f 5008 5034 5035
f 5008 5035 5036
f 5008 5036 5037
f 5008 5037 5038
f 5008 5038 5039
f 5008 5039 5040
f 5008 5040 5041
f 5008 5041 5042
f 5008 5042 5043
f 5008 5043 5044
f 5008 5044 5011
f 5008 5011 5009
f 5008 5032 5033
f 5010 5011 5045
f 5010 5045 5046
f 5010 5046 5047
f 5010 5047 5013
f 5010 5013 5012
f 5011 5044 5045
f 5013 5047 5048
f 5013 5048 5049
f 5013 5049 5050
f 5013 5050 5051
f 5013 5051 5014
f 5014 5051 5052
f 5014 5052 5015
f 5015 5052 5016
f 5016 5052 5017
f 5017 5052 5018
f 5018 5052 5053
f 5018 5053 5054
f 5018 5054 5028
f 5018 5028 5026
f 5018 5026 5019
f 5020 5023 5021
f 5021 5023 5055
f 5021 5055 5034
f 5021 5034 5033
f 5022 5056 5023
f 5023 5056 5055
f 5024 5057 5058
f 5024 5058 5059
f 5024 5059 5060
f 5024 5060 5061
f 5024 5061 5062
f 5024 5062 5063
f 5024 5063 5025
f 5024 5064 5069
f 5024 5069 5084
f 5024 5084 5076
f 5024 5076 5049
f 5024 5049 5048
f 5024 5048 5047
f 5024 5047 5046
f 5024 5046 5045
f 5024 5045 5043
f 5024 5043 5042
f 5024 5042 5041
f 5024 5041 5040
f 5024 5040 5039
f 5024 5039 5075
f 5024 5075 5074
f 5024 5074 5089
f 5024 5089 5088
f 5024 5088 5094
f 5024 5094 5098
f 5024 5098 5105
f 5024 5105 5104
f 5024 5104 5103
f 5024 5103 5113
f 5024 5113 5121
f 5024 5121 5120
f 5024 5120 5119
f 5024 5119 5118
f 5024 5118 5125
f 5024 5125 5124
f 5024 5124 5126
f 5024 5126 5122
f 5024 5122 5115
f 5024 5115 5114
f 5024 5114 5108
f 5024 5108 5106
f 5024 5106 5099
f 5024 5099 5095
f 5024 5095 5092
f 5024 5092 5090
f 5024 5090 5081
f 5024 5081 5057
f 5027 5031 5066
f 5027 5066 5052
f 5027 5052 5067
f 5027 5067 5068
f 5027 5068 5069
f 5027 5069 5065
f 5028 5054 5029
f 5029 5053 5070
f 5029 5070 5030
f 5029 5054 5053
f 5030 5070 5031
f 5031 5070 5066
f 5034 5055 5071
f 5034 5071 5035
f 5035 5071 5072
f 5035 5072 5036
f 5036 5072 5073
f 5036 5073 5037
f 5037 5073 5074
f 5037 5074 5075
f 5037 5075 5038
f 5038 5075 5039
f 5043 5045 5044
f 5049 5076 5077
f 5049 5077 5050
f 5050 5077 5067
f 5050 5067 5051
f 5051 5067 5052
f 5052 5066 5078
f 5052 5078 5053
f 5053 5078 5070
f 5055 5056 5079
f 5055 5079 5071
f 5056 5080 5079
f 5057 5081 5058
f 5058 5081 5082
f 5064 5065 5069
f 5066 5070 5078
f 5067 5077 5068
f 5068 5077 5083
f 5068 5083 5069
f 5069 5083 5084
f 5071 5079 5072
f 5072 5079 5085
f 5072 5085 5086
f 5072 5086 5073
f 5073 5086 5087
f 5073 5087 5088
f 5073 5088 5089
f 5073 5089 5074
f 5076 5084 5083
f 5076 5083 5077
f 5079 5080 5086
f 5079 5086 5085
f 5081 5090 5082
f 5082 5090 5092
f 5082 5092 5091
f 5087 5093 5094
f 5087 5094 5088
f 5091 5095 5096
f 5091 5092 5095
f 5093 5097 5094
f 5094 5097 5098
f 5095 5099 5100
f 5095 5100 5096
f 5096 5100 5101
f 5097 5102 5103
f 5097 5103 5104
f 5097 5104 5105
f 5097 5105 5098
f 5099 5106 5100
f 5100 5107 5101
f 5100 5106 5108
f 5100 5108 5107
f 5102 5109 5103
f 5103 5109 5110
f 5103 5110 5111
f 5103 5111 5112
f 5103 5112 5113
f 5107 5108 5114
f 5107 5114 5115
f 5107 5115 5116
f 5112 5117 5118
f 5112 5118 5119
f 5112 5119 5120
f 5112 5120 5121
f 5112 5121 5113
f 5115 5122 5123
f 5115 5123 5116
f 5117 5123 5124
f 5117 5124 5125
f 5117 5125 5118
f 5122 5126 5123
f 5123 5126 5124

o geometry_13
v 0.00053466 -0.04279069 0.02253204 0.67843137 0.35686275 0.43529412
v -0.00009036 -0.04276646 0.02254211 0.67843137 0.35686275 0.43529412
v 0.00053466 -0.04307472 0.02253204 0.67843137 0.35686275 0.43529412
v 0.00053466 -0.04247840 0.02243128 0.67843137 0.35686275 0.43529412
v -0.01352959 -0.03979966 0.02233724 0.67843137 0.35686275 0.43529412
v -0.00828028 -0.04190630 0.02254547 0.67843137 0.35686275 0.43529412
v -0.00009036 -0.04312317 0.02254211 0.67843137 0.35686275 0.43529412
v 0.00053466 -0.04320529 0.02250853 0.67843137 0.35686275 0.43529412
v 0.00053466 -0.04234782 0.02238762 0.67843137 0.35686275 0.43529412
v -0.01352959 -0.04067059 0.02242793 0.67843137 0.35686275 0.43529412
v -0.01352959 -0.03886413 0.02192079 0.67843137 0.35686275 0.43529412
v -0.00873183 -0.04190630 0.02254547 0.67843137 0.35686275 0.43529412
v -0.00868778 -0.04245147 0.02253540 0.67843137 0.35686275 0.43529412
v -0.00541126 -0.04297241 0.02252532 0.67843137 0.35686275 0.43529412
v -0.00009036 -0.04356739 0.02245815 0.67843137 0.35686275 0.43529412
v 0.00053466 -0.04351758 0.02244472 0.67843137 0.35686275 0.43529412
v 0.00053466 -0.04156440 0.02202490 0.67843137 0.35686275 0.43529412
v -0.01123878 -0.04203687 0.02251189 0.67843137 0.35686275 0.43529412
v -0.01123878 -0.04181342 0.02251189 0.67843137 0.35686275 0.43529412
v -0.01352959 -0.04156440 0.02228687 0.67843137 0.35686275 0.43529412
v -0.01339054 -0.04156440 0.02230702 0.67843137 0.35686275 0.43529412
v 0.00053466 -0.04102999 0.02169577 0.67843137 0.35686275 0.43529412
v -0.01352959 -0.03869317 0.02180324 0.67843137 0.35686275 0.43529412
v -0.00852808 -0.04289838 0.02250181 0.67843137 0.35686275 0.43529412
v -0.00541126 -0.04341662 0.02234732 0.67843137 0.35686275 0.43529412
v -0.00009036 -0.04422428 0.02203162 0.67843137 0.35686275 0.43529412
v 0.00053466 -0.04422428 0.02201483 0.67843137 0.35686275 0.43529412
v -0.01339054 -0.04230610 0.02188384 0.67843137 0.35686275 0.43529412
v -0.01352959 -0.04228186 0.02186705 0.67843137 0.35686275 0.43529412
v 0.00053466 -0.04075808 0.02133304 0.67843137 0.35686275 0.43529412
v -0.01352959 -0.03828396 0.02137335 0.67843137 0.35686275 0.43529412
v -0.01161737 -0.04301010 0.02173943 0.67843137 0.35686275 0.43529412
v -0.01073078 -0.04312856 0.02184354 0.67843137 0.35686275 0.43529412
v -0.00892181 -0.04333047 0.02205849 0.67843137 0.35686275 0.43529412
v -0.00806964 -0.04387968 0.02173943 0.67843137 0.35686275 0.43529412
v -0.00718306 -0.04394968 0.02180324 0.67843137 0.35686275 0.43529412
v -0.00629785 -0.04401160 0.02186705 0.67843137 0.35686275 0.43529412
v -0.00541126 -0.04408429 0.02190400 0.67843137 0.35686275 0.43529412
v -0.00275012 -0.04417582 0.02195437 0.67843137 0.35686275 0.43529412
v -0.00062864 -0.04467926 0.02162860 0.67843137 0.35686275 0.43529412
v -0.00009036 -0.04468061 0.02163195 0.67843137 0.35686275 0.43529412
v 0.00053466 -0.04468061 0.02162860 0.67843137 0.35686275 0.43529412
v -0.01219145 -0.04292934 0.02165211 0.67843137 0.35686275 0.43529412
v -0.01352959 -0.04275031 0.02120878 0.67843137 0.35686275 0.43529412
v -0.01278342 -0.04284588 0.02153456 0.67843137 0.35686275 0.43529412
v 0.00053466 -0.04064232 0.02116848 0.67843137 0.35686275 0.43529412
v -0.01352959 -0.03815473 0.02119535 0.67843137 0.35686275 0.43529412
v -0.00931555 -0.04376122 0.02156814 0.67843137 0.35686275 0.43529412
v -0.00872495 -0.04382180 0.02166890 0.67843137 0.35686275 0.43529412
v -0.00541126 -0.04452715 0.02131961 0.67843137 0.35686275 0.43529412
v -0.00452467 -0.04457292 0.02143380 0.67843137 0.35686275 0.43529412
v -0.00275012 -0.04461869 0.02154463 0.67843137 0.35686275 0.43529412
v -0.00275012 -0.04484618 0.02110131 0.67843137 0.35686275 0.43529412
v 0.00053466 -0.04489464 0.02116848 0.67843137 0.35686275 0.43529412
v -0.01352959 -0.04276780 0.02113825 0.67843137 0.35686275 0.43529412
v -0.01321708 -0.04299530 0.02094346 0.67843137 0.35686275 0.43529412
v -0.01346351 -0.04277319 0.02121214 0.67843137 0.35686275 0.43529412
v -0.01249432 -0.04307741 0.02121214 0.67843137 0.35686275 0.43529412
v 0.00053466 -0.04038791 0.02077553 0.67843137 0.35686275 0.43529412
v 0.00053466 -0.04028964 0.02061096 0.67843137 0.35686275 0.43529412
v -0.01352959 -0.03768495 0.02040609 0.67843137 0.35686275 0.43529412
v -0.01036183 -0.04379892 0.02077553 0.67843137 0.35686275 0.43529412
v -0.00984419 -0.04385680 0.02095353 0.67843137 0.35686275 0.43529412
v -0.00899478 -0.04394698 0.02123229 0.67843137 0.35686275 0.43529412
v -0.00806964 -0.04415159 0.02116848 0.67843137 0.35686275 0.43529412
v -0.00718306 -0.04430101 0.02116848 0.67843137 0.35686275 0.43529412
v -0.00541126 -0.04472099 0.02087628 0.67843137 0.35686275 0.43529412
v -0.00452467 -0.04476407 0.02099048 0.67843137 0.35686275 0.43529412
v -0.00275012 -0.04499290 0.02028183 0.67843137 0.35686275 0.43529412
v 0.00053466 -0.04507771 0.02028183 0.67843137 0.35686275 0.43529412
v -0.01352959 -0.04297510 0.02028183 0.67843137 0.35686275 0.43529412
v -0.01335337 -0.04303703 0.02028183 0.67843137 0.35686275 0.43529412
v -0.01250396 -0.04328875 0.02028183 0.67843137 0.35686275 0.43529412
v 0.00053466 -0.03652192 0.01302069 0.67843137 0.35686275 0.43529412
v -0.01352959 -0.03322129 0.01214412 0.67843137 0.35686275 0.43529412
v -0.01352959 -0.03332628 0.01235234 0.67843137 0.35686275 0.43529412
v -0.00592201 -0.04467926 0.02075538 0.67843137 0.35686275 0.43529412
v -0.01086983 -0.04370603 0.02028183 0.67843137 0.35686275 0.43529412
v -0.01042653 -0.04381641 0.02028183 0.67843137 0.35686275 0.43529412
v -0.00984419 -0.04395372 0.02028183 0.67843137 0.35686275 0.43529412
v -0.00895761 -0.04414621 0.02028183 0.67843137 0.35686275 0.43529412
v -0.00452467 -0.04485426 0.02028183 0.67843137 0.35686275 0.43529412
v -0.00363808 -0.04493098 0.02028183 0.67843137 0.35686275 0.43529412
v 0.00053466 -0.04506425 0.02001986 0.67843137 0.35686275 0.43529412
v -0.00363808 -0.04486637 0.01939518 0.67843137 0.35686275 0.43529412
v -0.00275012 -0.04491887 0.01939518 0.67843137 0.35686275 0.43529412
v -0.00186353 -0.04495252 0.01939518 0.67843137 0.35686275 0.43529412
v -0.00097694 -0.04498348 0.01939518 0.67843137 0.35686275 0.43529412
v -0.00009036 -0.04501175 0.01939518 0.67843137 0.35686275 0.43529412
v -0.01352959 -0.04290511 0.01939518 0.67843137 0.35686275 0.43529412
v -0.01325425 -0.04299395 0.01939518 0.67843137 0.35686275 0.43529412
v -0.01250396 -0.04322009 0.01939518 0.67843137 0.35686275 0.43529412
v -0.01039900 -0.04381103 0.01961684 0.67843137 0.35686275 0.43529412
v -0.01161737 -0.04346239 0.01939518 0.67843137 0.35686275 0.43529412
v 0.00053466 -0.03628366 0.01252027 0.67843137 0.35686275 0.43529412
v 0.00053466 -0.03618270 0.01230197 0.67843137 0.35686275 0.43529412
v 0.00053466 -0.03590541 0.01153958 0.67843137 0.35686275 0.43529412
v -0.01352959 -0.03304495 0.01165377 0.67843137 0.35686275 0.43529412
v -0.00806964 -0.04431985 0.02028183 0.67843137 0.35686275 0.43529412
v -0.00718306 -0.04447600 0.02028183 0.67843137 0.35686275 0.43529412
v -0.00592889 -0.04468061 0.02028183 0.67843137 0.35686275 0.43529412
v -0.00541126 -0.04475599 0.02028183 0.67843137 0.35686275 0.43529412
v -0.00895761 -0.04409910 0.01939518 0.67843137 0.35686275 0.43529412
v -0.00588622 -0.04467253 0.01980491 0.67843137 0.35686275 0.43529412
v 0.00053466 -0.04501982 0.01939518 0.67843137 0.35686275 0.43529412
v -0.00275012 -0.04480580 0.01850852 0.67843137 0.35686275 0.43529412
v -0.00541126 -0.04470349 0.01961348 0.67843137 0.35686275 0.43529412
v -0.00459213 -0.04475868 0.01932129 0.67843137 0.35686275 0.43529412
v -0.00456872 -0.04031926 -0.01176524 0.67843137 0.35686275 0.43529412
v -0.00373170 -0.04039733 -0.01176524 0.67843137 0.35686275 0.43529412
v -0.00186353 -0.04484079 0.01850852 0.67843137 0.35686275 0.43529412
v -0.00009036 -0.04490002 0.01850852 0.67843137 0.35686275 0.43529412
v -0.01308492 -0.04293876 0.01867981 0.67843137 0.35686275 0.43529412
v -0.01352959 -0.03811569 -0.01176524 0.67843137 0.35686275 0.43529412
v -0.01258656 -0.04305587 0.01843464 0.67843137 0.35686275 0.43529412
v -0.01161737 -0.04334663 0.01850852 0.67843137 0.35686275 0.43529412
v -0.01070875 -0.04369526 0.01935151 0.67843137 0.35686275 0.43529412
v -0.01024481 -0.04377199 0.01902574 0.67843137 0.35686275 0.43529412
v -0.00990752 -0.04389314 0.01935151 0.67843137 0.35686275 0.43529412
v 0.00053466 -0.03580310 0.01122724 0.67843137 0.35686275 0.43529412
v -0.01352959 -0.03295342 0.01135822 0.67843137 0.35686275 0.43529412
v -0.00806964 -0.04426332 0.01939518 0.67843137 0.35686275 0.43529412
v -0.00963631 -0.04383526 0.01850852 0.67843137 0.35686275 0.43529412
v -0.00895761 -0.04397525 0.01850852 0.67843137 0.35686275 0.43529412
v -0.00718306 -0.04441812 0.01939518 0.67843137 0.35686275 0.43529412
v -0.00622763 -0.04457292 0.01946570 0.67843137 0.35686275 0.43529412
v 0.00053466 -0.04490810 0.01850852 0.67843137 0.35686275 0.43529412
v -0.00363808 -0.04040406 -0.01176524 0.67843137 0.35686275 0.43529412
v 0.00053466 -0.04060732 -0.01176524 0.67843137 0.35686275 0.43529412
v -0.00465821 -0.04030445 -0.01176524 0.67843137 0.35686275 0.43529412
v -0.01008787 -0.03922488 -0.01176524 0.67843137 0.35686275 0.43529412
v -0.00995020 -0.03926795 -0.01176524 0.67843137 0.35686275 0.43529412
v -0.01352959 -0.03132733 -0.01176524 0.67843137 0.35686275 0.43529412
v -0.01073078 -0.04357277 0.01850852 0.67843137 0.35686275 0.43529412
v -0.00950966 -0.03937295 -0.01176524 0.67843137 0.35686275 0.43529412
v 0.00053466 -0.03576272 0.01109626 0.67843137 0.35686275 0.43529412
v -0.01352959 -0.03276227 0.01053538 0.67843137 0.35686275 0.43529412
v -0.00806964 -0.04413948 0.01850852 0.67843137 0.35686275 0.43529412
v -0.00946010 -0.04379488 0.01797116 0.67843137 0.35686275 0.43529412
v 0.00053466 -0.03431970 -0.01176524 0.67843137 0.35686275 0.43529412
v -0.01352959 -0.03216730 0.00520876 0.67843137 0.35686275 0.43529412
v -0.01333548 -0.03136637 -0.01176524 0.67843137 0.35686275 0.43529412
v 0.00053466 -0.03567792 0.01069659 0.67843137 0.35686275 0.43529412
v 0.00053466 -0.03564292 0.01052866 0.67843137 0.35686275 0.43529412
v -0.01352959 -0.03258189 0.00964201 0.67843137 0.35686275 0.43529412
v 0.00053466 -0.03497391 0.00343546 0.67843137 0.35686275 0.43529412
v -0.01352959 -0.03221845 0.00609541 0.67843137 0.35686275 0.43529412
v 0.00053466 -0.03501833 0.00432211 0.67843137 0.35686275 0.43529412
v 0.00053466 -0.03553792 0.00990398 0.67843137 0.35686275 0.43529412
v 0.00053466 -0.03549485 0.00964201 0.67843137 0.35686275 0.43529412
v 0.00053466 -0.03540600 0.00901733 0.67843137 0.35686275 0.43529412
v -0.01352959 -0.03248767 0.00894344 0.67843137 0.35686275 0.43529412
v -0.01352959 -0.03246478 0.00875536 0.67843137 0.35686275 0.43529412
v 0.00053466 -0.03527139 0.00786871 0.67843137 0.35686275 0.43529412
v 0.00053466 -0.03520005 0.00698206 0.67843137 0.35686275 0.43529412
v 0.00053466 -0.03503448 0.00458743 0.67843137 0.35686275 0.43529412
v 0.00053466 -0.03537101 0.00875536 0.67843137 0.35686275 0.43529412
f 5127 5128 5133
f 5127 5133 5129
f 5127 5129 5134
f 5127 5134 5142
f 5127 5142 5153
f 5127 5153 5168
f 5127 5168 5180
f 5127 5180 5196
f 5127 5196 5210
f 5127 5210 5231
f 5127 5231 5253
f 5127 5253 5255
f 5127 5255 5266
f 5127 5266 5272
f 5127 5272 5274
f 5127 5274 5282
f 5127 5282 5281
f 5127 5281 5280
f 5127 5280 5283
f 5127 5283 5277
f 5127 5277 5276
f 5127 5276 5275
f 5127 5275 5270
f 5127 5270 5269
f 5127 5269 5262
f 5127 5262 5246
f 5127 5246 5223
f 5127 5223 5222
f 5127 5222 5221
f 5127 5221 5200
f 5127 5200 5186
f 5127 5186 5185
f 5127 5185 5172
f 5127 5172 5156
f 5127 5156 5148
f 5127 5148 5143
f 5127 5143 5135
f 5127 5135 5130
f 5127 5130 5131
f 5127 5131 5128
f 5128 5132 5133
f 5128 5131 5132
f 5129 5133 5134
f 5130 5135 5131
f 5131 5136 5132
f 5131 5135 5137
f 5131 5137 5149
f 5131 5149 5157
f 5131 5157 5173
f 5131 5173 5187
f 5131 5187 5202
f 5131 5202 5201
f 5131 5201 5224
f 5131 5224 5247
f 5131 5247 5263
f 5131 5263 5271
f 5131 5271 5278
f 5131 5278 5279
f 5131 5279 5273
f 5131 5273 5267
f 5131 5267 5259
f 5131 5259 5240
f 5131 5240 5216
f 5131 5216 5197
f 5131 5197 5181
f 5131 5181 5170
f 5131 5170 5155
f 5131 5155 5146
f 5131 5146 5136
f 5132 5138 5133
f 5132 5136 5138
f 5133 5138 5139
f 5133 5139 5140
f 5133 5140 5141
f 5133 5141 5134
f 5134 5141 5142
f 5135 5143 5137
f 5136 5144 5145
f 5136 5145 5138
f 5136 5146 5147
f 5136 5147 5144
f 5137 5143 5148
f 5137 5148 5149
f 5138 5145 5144
f 5138 5144 5139
f 5139 5144 5150
f 5139 5150 5140
f 5140 5150 5141
f 5141 5151 5152
f 5141 5152 5153
f 5141 5153 5142
f 5141 5150 5151
f 5144 5147 5146
f 5144 5146 5154
f 5144 5154 5150
f 5146 5155 5154
f 5148 5156 5157
f 5148 5157 5149
f 5150 5154 5158
f 5150 5158 5159
f 5150 5159 5160
f 5150 5160 5161
f 5150 5161 5162
f 5150 5162 5163
f 5150 5163 5164
f 5150 5164 5151
f 5151 5164 5165
f 5151 5165 5152
f 5152 5165 5166
f 5152 5166 5167
f 5152 5167 5168
f 5152 5168 5153
f 5154 5155 5158
f 5155 5169 5158
f 5155 5170 5171
f 5155 5171 5169
f 5156 5172 5173
f 5156 5173 5157
f 5158 5169 5174
f 5158 5174 5175
f 5158 5175 5159
f 5159 5175 5160
f 5160 5175 5161
f 5161 5175 5176
f 5161 5176 5177
f 5161 5177 5162
f 5162 5177 5163
f 5163 5177 5164
f 5164 5177 5178
f 5164 5178 5166
f 5164 5166 5165
f 5166 5178 5179
f 5166 5179 5180
f 5166 5180 5167
f 5167 5180 5168
f 5169 5171 5174
f 5170 5181 5182
f 5170 5182 5183
f 5170 5183 5171
f 5171 5183 5182
f 5171 5182 5184
f 5171 5184 5174
f 5172 5185 5173
f 5173 5185 5186
f 5173 5186 5187
f 5174 5184 5182
f 5174 5182 5188
f 5174 5188 5189
f 5174 5189 5190
f 5174 5190 5191
f 5174 5191 5175
f 5175 5191 5192
f 5175 5192 5176
f 5176 5192 5193
f 5176 5193 5177
f 5177 5193 5194
f 5177 5194 5179
f 5177 5179 5178
f 5179 5194 5195
f 5179 5195 5196
f 5179 5196 5180
f 5181 5197 5182
f 5182 5197 5198
f 5182 5198 5199
f 5182 5199 5188
f 5186 5200 5201
f 5186 5201 5202
f 5186 5202 5187
f 5188 5203 5189
f 5188 5199 5204
f 5188 5204 5205
f 5188 5205 5206
f 5188 5206 5207
f 5188 5207 5203
f 5189 5203 5191
f 5189 5191 5190
f 5191 5203 5193
f 5191 5193 5192
f 5193 5203 5208
f 5193 5208 5209
f 5193 5209 5195
f 5193 5195 5194
f 5195 5210 5196
f 5195 5209 5211
f 5195 5211 5212
f 5195 5212 5213
f 5195 5213 5214
f 5195 5214 5215
f 5195 5215 5210
f 5197 5216 5198
f 5198 5216 5217
f 5198 5217 5218
f 5198 5218 5199
f 5199 5219 5204
f 5199 5218 5220
f 5199 5220 5219
f 5200 5221 5201
f 5201 5221 5222
f 5201 5222 5223
f 5201 5223 5224
f 5203 5207 5225
f 5203 5225 5226
f 5203 5226 5227
f 5203 5227 5228
f 5203 5228 5208
f 5204 5219 5205
f 5205 5219 5206
f 5206 5219 5207
f 5207 5219 5229
f 5207 5229 5225
f 5208 5228 5230
f 5208 5230 5211
f 5208 5211 5209
f 5210 5215 5231
f 5211 5232 5212
f 5211 5230 5233
f 5211 5233 5234
f 5211 5234 5235
f 5211 5235 5236
f 5211 5236 5232
f 5212 5232 5237
f 5212 5237 5213
f 5213 5237 5214
f 5214 5237 5238
f 5214 5238 5215
f 5215 5238 5253
f 5215 5253 5231
f 5216 5239 5217
f 5216 5240 5239
f 5217 5239 5241
f 5217 5241 5218
f 5218 5242 5220
f 5218 5241 5242
f 5219 5220 5243
f 5219 5243 5244
f 5219 5244 5245
f 5219 5245 5229
f 5220 5242 5243
f 5223 5246 5224
f 5224 5246 5247
f 5225 5229 5248
f 5225 5248 5226
f 5226 5248 5230
f 5226 5230 5227
f 5227 5230 5228
f 5229 5245 5249
f 5229 5249 5250
f 5229 5250 5264
f 5229 5264 5248
f 5230 5248 5251
f 5230 5251 5252
f 5230 5252 5235
f 5230 5235 5233
f 5232 5236 5254
f 5232 5254 5255
f 5232 5255 5237
f 5233 5235 5234
f 5235 5256 5261
f 5235 5261 5258
f 5235 5258 5257
f 5235 5257 5240
f 5235 5240 5259
f 5235 5259 5268
f 5235 5268 5266
f 5235 5266 5255
f 5235 5255 5254
f 5235 5254 5236
f 5235 5252 5251
f 5235 5251 5256
f 5237 5255 5238
f 5238 5255 5253
f 5239 5240 5257
f 5239 5257 5258
f 5239 5258 5241
f 5241 5258 5242
f 5242 5260 5244
f 5242 5244 5243
f 5242 5258 5260
f 5244 5249 5245
f 5244 5260 5258
f 5244 5258 5261
f 5244 5261 5249
f 5246 5262 5247
f 5247 5262 5263
f 5248 5264 5251
f 5249 5265 5250
f 5249 5261 5265
f 5250 5265 5261
f 5250 5261 5256
f 5250 5256 5264
f 5251 5264 5256
f 5259 5267 5268
f 5262 5269 5263
f 5263 5269 5270
f 5263 5270 5271
f 5266 5268 5272
f 5267 5273 5274
f 5267 5274 5272
f 5267 5272 5268
f 5270 5275 5271
f 5271 5275 5276
f 5271 5276 5277
f 5271 5277 5278
f 5273 5279 5280
f 5273 5280 5281
f 5273 5281 5282
f 5273 5282 5274
f 5277 5283 5278
f 5278 5283 5279
f 5279 5283 5280

o geometry_14
v -0.03991091 -0.00029685 -0.01167548 0.69411765 0.05882353 0.66666667
v -0.04012201 0.00188819 -0.01167548 0.69411765 0.05882353 0.66666667
v -0.03346323 -0.00029685 -0.01167548 0.69411765 0.05882353 0.66666667
v -0.04431609 -0.00029685 0.01939636 0.69411765 0.05882353 0.66666667
v -0.04015557 0.00277494 -0.01167548 0.69411765 0.05882353 0.66666667
v -0.03013314 0.01415133 -0.01167548 0.69411765 0.05882353 0.66666667
v -0.03445583 -0.00029685 0.00609522 0.69411765 0.05882353 0.66666667
v -0.04440975 -0.00029685 0.02028355 0.69411765 0.05882353 0.66666667
v -0.04432307 0.00011470 0.01939636 0.69411765 0.05882353 0.66666667
v -0.03936568 0.00809401 -0.01167548 0.69411765 0.05882353 0.66666667
v -0.04432307 0.00100145 0.01939636 0.69411765 0.05882353 0.66666667
v -0.04429232 0.00188819 0.01939636 0.69411765 0.05882353 0.66666667
v -0.04423640 0.00277494 0.01939636 0.69411765 0.05882353 0.66666667
v -0.04426995 0.00366169 0.02028355 0.69411765 0.05882353 0.66666667
v -0.04417349 0.00454844 0.02028355 0.69411765 0.05882353 0.66666667
v -0.04401131 0.00518203 0.01969209 0.69411765 0.05882353 0.66666667
v -0.04397077 0.00577319 0.02000127 0.69411765 0.05882353 0.66666667
v -0.04368138 0.00720726 0.01939636 0.69411765 0.05882353 0.66666667
v -0.03757342 0.01415133 -0.01167548 0.69411765 0.05882353 0.66666667
v -0.03142351 0.01415133 0.00704626 0.69411765 0.05882353 0.66666667
v -0.03451734 -0.00029685 0.00697905 0.69411765 0.05882353 0.66666667
v -0.04425457 -0.00029685 0.02117074 0.69411765 0.05882353 0.66666667
v -0.04441534 0.00011470 0.02028355 0.69411765 0.05882353 0.66666667
v -0.03917276 0.00898076 -0.01167548 0.69411765 0.05882353 0.66666667
v -0.04351362 0.00809401 0.01939636 0.69411765 0.05882353 0.66666667
v -0.04440696 0.00100145 0.02028355 0.69411765 0.05882353 0.66666667
v -0.04438738 0.00188819 0.02028355 0.69411765 0.05882353 0.66666667
v -0.04433985 0.00277494 0.02028355 0.69411765 0.05882353 0.66666667
v -0.04410499 0.00454844 0.02104977 0.69411765 0.05882353 0.66666667
v -0.04403788 0.00543518 0.02087502 0.69411765 0.05882353 0.66666667
v -0.04399734 0.00595422 0.02076748 0.69411765 0.05882353 0.66666667
v -0.04399734 0.00595422 0.02059273 0.69411765 0.05882353 0.66666667
v -0.04404347 0.00546064 0.02029028 0.69411765 0.05882353 0.66666667
v -0.04392044 0.00627809 0.02029028 0.69411765 0.05882353 0.66666667
v -0.04377086 0.00720726 0.02028355 0.69411765 0.05882353 0.66666667
v -0.04361148 0.00809401 0.02028355 0.69411765 0.05882353 0.66666667
v -0.03774258 0.01373978 -0.01167548 0.69411765 0.05882353 0.66666667
v -0.03757761 0.01415133 -0.01164860 0.69411765 0.05882353 0.66666667
v -0.03147664 0.01415133 0.00765789 0.69411765 0.05882353 0.66666667
v -0.03461520 -0.00029685 0.00827959 0.69411765 0.05882353 0.66666667
v -0.03458304 -0.00029685 0.00786624 0.69411765 0.05882353 0.66666667
v -0.04402669 -0.00029685 0.02166475 0.69411765 0.05882353 0.66666667
v -0.04404067 0.00100145 0.02167483 0.69411765 0.05882353 0.66666667
v -0.04426436 0.00100145 0.02117074 0.69411765 0.05882353 0.66666667
v -0.04312637 0.01040917 0.02055576 0.69411765 0.05882353 0.66666667
v -0.04275170 0.01164241 0.02028355 0.69411765 0.05882353 0.66666667
v -0.04250425 0.01252916 0.02028355 0.69411765 0.05882353 0.66666667
v -0.04224841 0.01307790 0.01961816 0.69411765 0.05882353 0.66666667
v -0.04342415 0.00898076 0.02028355 0.69411765 0.05882353 0.66666667
v -0.04425038 0.00188819 0.02117074 0.69411765 0.05882353 0.66666667
v -0.04421403 0.00277494 0.02117074 0.69411765 0.05882353 0.66666667
v -0.04413015 0.00370270 0.02124468 0.69411765 0.05882353 0.66666667
v -0.04397357 0.00402657 0.02159082 0.69411765 0.05882353 0.66666667
v -0.04381699 0.00627809 0.02110690 0.69411765 0.05882353 0.66666667
v -0.04309841 0.00942201 0.02161098 0.69411765 0.05882353 0.66666667
v -0.04327176 0.00906844 0.02125812 0.69411765 0.05882353 0.66666667
v -0.04319068 0.00986751 0.02102624 0.69411765 0.05882353 0.66666667
v -0.04312637 0.01040917 0.02083133 0.69411765 0.05882353 0.66666667
v -0.04229314 0.01321933 0.02028355 0.69411765 0.05882353 0.66666667
v -0.04214495 0.01366341 0.02028355 0.69411765 0.05882353 0.66666667
v -0.04197719 0.01415133 0.02028355 0.69411765 0.05882353 0.66666667
v -0.03153955 0.01415133 0.00822918 0.69411765 0.05882353 0.66666667
v -0.03465714 -0.00029685 0.00875343 0.69411765 0.05882353 0.66666667
v -0.04354158 -0.00029685 0.02205458 0.69411765 0.05882353 0.66666667
v -0.04403648 0.00188819 0.02166811 0.69411765 0.05882353 0.66666667
v -0.04354158 0.00100145 0.02205794 0.69411765 0.05882353 0.66666667
v -0.04354158 0.00188819 0.02205794 0.69411765 0.05882353 0.66666667
v -0.04228336 0.01319670 0.02095231 0.69411765 0.05882353 0.66666667
v -0.04402530 0.00277494 0.02165803 0.69411765 0.05882353 0.66666667
v -0.04401271 0.00343541 0.02164459 0.69411765 0.05882353 0.66666667
v -0.04328295 0.00720726 0.02181261 0.69411765 0.05882353 0.66666667
v -0.04229175 0.01231278 0.02170172 0.69411765 0.05882353 0.66666667
v -0.04304668 0.00986751 0.02146984 0.69411765 0.05882353 0.66666667
v -0.04260351 0.00986751 0.02198064 0.69411765 0.05882353 0.66666667
v -0.04250425 0.01075567 0.02191007 0.69411765 0.05882353 0.66666667
v -0.04239520 0.01164241 0.02180589 0.69411765 0.05882353 0.66666667
v -0.04294462 0.01072455 0.02114386 0.69411765 0.05882353 0.66666667
v -0.04269158 0.01164241 0.02117074 0.69411765 0.05882353 0.66666667
v -0.04194224 0.01415133 0.02095903 0.69411765 0.05882353 0.66666667
v -0.03161924 0.01415133 0.00894163 0.69411765 0.05882353 0.66666667
v -0.03470607 -0.00029685 0.00916678 0.69411765 0.05882353 0.66666667
v -0.04285235 -0.00029685 0.02244440 0.69411765 0.05882353 0.66666667
v -0.04280063 0.00188819 0.02244440 0.69411765 0.05882353 0.66666667
v -0.04277546 0.00454844 0.02237383 0.69411765 0.05882353 0.66666667
v -0.04354158 0.00277494 0.02202433 0.69411765 0.05882353 0.66666667
v -0.04239660 0.01257583 0.02121780 0.69411765 0.05882353 0.66666667
v -0.04192407 0.01415133 0.02117747 0.69411765 0.05882353 0.66666667
v -0.04362406 0.00370270 0.02190671 0.69411765 0.05882353 0.66666667
v -0.04335844 0.00632193 0.02186302 0.69411765 0.05882353 0.66666667
v -0.04257275 0.00804451 0.02222933 0.69411765 0.05882353 0.66666667
v -0.04164866 0.01415133 0.02172860 0.69411765 0.05882353 0.66666667
v -0.04218550 0.01290394 0.02154377 0.69411765 0.05882353 0.66666667
v -0.04156757 0.01415133 0.02185966 0.69411765 0.05882353 0.66666667
v -0.04192407 0.01075567 0.02235367 0.69411765 0.05882353 0.66666667
v -0.04113278 0.01415133 0.02222933 0.69411765 0.05882353 0.66666667
v -0.03170452 0.01415133 0.00964735 0.69411765 0.05882353 0.66666667
v -0.03170731 0.01415133 0.00966751 0.69411765 0.05882353 0.66666667
v -0.03477318 -0.00029685 0.00964063 0.69411765 0.05882353 0.66666667
v -0.04261469 -0.00029685 0.02249817 0.69411765 0.05882353 0.66666667
v -0.04233229 0.00454844 0.02253850 0.69411765 0.05882353 0.66666667
v -0.04231551 0.00543518 0.02253514 0.69411765 0.05882353 0.66666667
v -0.04222185 0.00771499 0.02250489 0.69411765 0.05882353 0.66666667
v -0.04275869 0.00543518 0.02234358 0.69411765 0.05882353 0.66666667
v -0.04197440 0.00986751 0.02242424 0.69411765 0.05882353 0.66666667
v -0.04103492 0.01415133 0.02230326 0.69411765 0.05882353 0.66666667
v -0.04148089 0.01075567 0.02255530 0.69411765 0.05882353 0.66666667
v -0.04066724 0.01415133 0.02254186 0.69411765 0.05882353 0.66666667
v -0.03183872 0.01415133 0.01055134 0.69411765 0.05882353 0.66666667
v -0.03493535 -0.00029685 0.01052782 0.69411765 0.05882353 0.66666667
v -0.04240918 -0.00029685 0.02253850 0.69411765 0.05882353 0.66666667
v -0.03999479 0.01415133 0.02265612 0.69411765 0.05882353 0.66666667
v -0.04010803 0.01415133 0.02264268 0.69411765 0.05882353 0.66666667
v -0.04059175 0.01415133 0.02257546 0.69411765 0.05882353 0.66666667
v -0.03187368 0.01415133 0.01072609 0.69411765 0.05882353 0.66666667
v -0.03507095 -0.00029685 0.01116296 0.69411765 0.05882353 0.66666667
v -0.04209462 -0.00029685 0.02253850 0.69411765 0.05882353 0.66666667
v -0.03999479 0.01341591 0.02264268 0.69411765 0.05882353 0.66666667
v -0.03922868 0.01415133 0.02258891 0.69411765 0.05882353 0.66666667
v -0.03201907 0.01415133 0.01140156 0.69411765 0.05882353 0.66666667
v -0.03511989 -0.00029685 0.01136796 0.69411765 0.05882353 0.66666667
v -0.03911684 0.01415133 0.02257546 0.69411765 0.05882353 0.66666667
v -0.04185696 -0.00029685 0.02245448 0.69411765 0.05882353 0.66666667
v -0.03871980 0.01415133 0.02248809 0.69411765 0.05882353 0.66666667
v -0.03206940 0.01415133 0.01156623 0.69411765 0.05882353 0.66666667
v -0.03518280 -0.00029685 0.01160656 0.69411765 0.05882353 0.66666667
v -0.04165145 -0.00029685 0.02238055 0.69411765 0.05882353 0.66666667
v -0.04123484 -0.00029685 0.02218564 0.69411765 0.05882353 0.66666667
v -0.04088114 -0.00029685 0.02201761 0.69411765 0.05882353 0.66666667
v -0.03851569 0.01415133 0.02238391 0.69411765 0.05882353 0.66666667
v -0.03229448 0.01415133 0.01221818 0.69411765 0.05882353 0.66666667
v -0.03528905 -0.00029685 0.01191909 0.69411765 0.05882353 0.66666667
v -0.04059874 -0.00029685 0.02184622 0.69411765 0.05882353 0.66666667
v -0.03826824 0.01415133 0.02225285 0.69411765 0.05882353 0.66666667
v -0.03838008 0.01415133 0.02231334 0.69411765 0.05882353 0.66666667
v -0.03232663 0.01415133 0.01229548 0.69411765 0.05882353 0.66666667
v -0.03542186 -0.00029685 0.01230220 0.69411765 0.05882353 0.66666667
v -0.04035409 -0.00029685 0.02169499 0.69411765 0.05882353 0.66666667
v -0.03765730 0.01415133 0.02185630 0.69411765 0.05882353 0.66666667
v -0.03239374 0.01415133 0.01244334 0.69411765 0.05882353 0.66666667
v -0.03560920 -0.00029685 0.01271555 0.69411765 0.05882353 0.66666667
v -0.03998501 -0.00029685 0.02117074 0.69411765 0.05882353 0.66666667
v -0.03711487 0.01415133 0.02123460 0.69411765 0.05882353 0.66666667
v -0.03756643 0.01415133 0.02179245 0.69411765 0.05882353 0.66666667
v -0.03249160 0.01415133 0.01265842 0.69411765 0.05882353 0.66666667
v -0.03581610 -0.00029685 0.01316923 0.69411765 0.05882353 0.66666667
v -0.03708411 0.01415133 0.02118755 0.69411765 0.05882353 0.66666667
v -0.03962572 -0.00029685 0.02057593 0.69411765 0.05882353 0.66666667
v -0.03683946 0.01415133 0.02080780 0.69411765 0.05882353 0.66666667
f 5284 5285 5288
f 5284 5288 5293
f 5284 5293 5307
f 5284 5307 5320
f 5284 5320 5302
f 5284 5302 5289
f 5284 5289 5286
f 5284 5286 5290
f 5284 5290 5304
f 5284 5304 5324
f 5284 5324 5323
f 5284 5323 5346
f 5284 5346 5364
f 5284 5364 5381
f 5284 5381 5392
f 5284 5392 5398
f 5284 5398 5403
f 5284 5403 5408
f 5284 5408 5414
f 5284 5414 5419
f 5284 5419 5423
f 5284 5423 5428
f 5284 5428 5430
f 5284 5430 5424
f 5284 5424 5420
f 5284 5420 5415
f 5284 5415 5411
f 5284 5411 5410
f 5284 5410 5409
f 5284 5409 5405
f 5284 5405 5399
f 5284 5399 5393
f 5284 5393 5382
f 5284 5382 5365
f 5284 5365 5347
f 5284 5347 5325
f 5284 5325 5305
f 5284 5305 5291
f 5284 5291 5287
f 5284 5287 5285
f 5285 5287 5288
f 5286 5289 5290
f 5287 5291 5292
f 5287 5292 5288
f 5288 5292 5294
f 5288 5294 5295
f 5288 5295 5296
f 5288 5296 5297
f 5288 5297 5298
f 5288 5298 5299
f 5288 5299 5300
f 5288 5300 5301
f 5288 5301 5293
f 5289 5302 5321
f 5289 5321 5344
f 5289 5344 5362
f 5289 5362 5370
f 5289 5370 5374
f 5289 5374 5376
f 5289 5376 5378
f 5289 5378 5388
f 5289 5388 5390
f 5289 5390 5396
f 5289 5396 5395
f 5289 5395 5394
f 5289 5394 5401
f 5289 5401 5404
f 5289 5404 5406
f 5289 5406 5412
f 5289 5412 5417
f 5289 5417 5416
f 5289 5416 5421
f 5289 5421 5426
f 5289 5426 5425
f 5289 5425 5429
f 5289 5429 5431
f 5289 5431 5427
f 5289 5427 5422
f 5289 5422 5418
f 5289 5418 5413
f 5289 5413 5407
f 5289 5407 5402
f 5289 5402 5397
f 5289 5397 5391
f 5289 5391 5380
f 5289 5380 5379
f 5289 5379 5363
f 5289 5363 5345
f 5289 5345 5322
f 5289 5322 5303
f 5289 5303 5290
f 5290 5303 5304
f 5291 5305 5306
f 5291 5306 5292
f 5292 5306 5294
f 5293 5301 5308
f 5293 5308 5307
f 5294 5306 5309
f 5294 5309 5310
f 5294 5310 5295
f 5295 5310 5311
f 5295 5311 5296
f 5296 5311 5297
f 5297 5311 5312
f 5297 5312 5313
f 5297 5313 5314
f 5297 5314 5298
f 5298 5314 5315
f 5298 5315 5316
f 5298 5316 5300
f 5298 5300 5299
f 5300 5316 5315
f 5300 5315 5317
f 5300 5317 5301
f 5301 5317 5318
f 5301 5318 5319
f 5301 5319 5308
f 5302 5320 5321
f 5303 5322 5323
f 5303 5323 5324
f 5303 5324 5304
f 5305 5325 5326
f 5305 5326 5327
f 5305 5327 5306
f 5306 5327 5309
f 5307 5308 5328
f 5307 5328 5329
f 5307 5329 5330
f 5307 5330 5331
f 5307 5331 5320
f 5308 5319 5332
f 5308 5332 5328
f 5309 5327 5333
f 5309 5333 5310
f 5310 5333 5334
f 5310 5334 5311
f 5311 5334 5312
f 5312 5334 5335
f 5312 5335 5336
f 5312 5336 5313
f 5313 5336 5337
f 5313 5337 5314
f 5314 5337 5338
f 5314 5338 5339
f 5314 5339 5340
f 5314 5340 5341
f 5314 5341 5319
f 5314 5319 5315
f 5315 5319 5318
f 5315 5318 5317
f 5319 5341 5328
f 5319 5328 5332
f 5320 5331 5342
f 5320 5342 5343
f 5320 5343 5344
f 5320 5344 5321
f 5322 5345 5346
f 5322 5346 5323
f 5325 5347 5326
f 5326 5348 5327
f 5326 5347 5349
f 5326 5349 5350
f 5326 5350 5348
f 5327 5348 5333
f 5328 5341 5330
f 5328 5330 5329
f 5330 5341 5351
f 5330 5351 5342
f 5330 5342 5331
f 5333 5348 5352
f 5333 5352 5353
f 5333 5353 5334
f 5334 5353 5335
f 5335 5353 5336
f 5336 5338 5337
f 5336 5353 5354
f 5336 5354 5338
f 5338 5355 5356
f 5338 5356 5340
f 5338 5340 5339
f 5338 5354 5357
f 5338 5357 5358
f 5338 5358 5359
f 5338 5359 5355
f 5340 5356 5341
f 5341 5356 5360
f 5341 5360 5361
f 5341 5361 5351
f 5342 5351 5343
f 5343 5351 5344
f 5344 5351 5362
f 5345 5363 5346
f 5346 5363 5364
f 5347 5365 5349
f 5348 5350 5352
f 5349 5365 5350
f 5350 5365 5366
f 5350 5366 5367
f 5350 5367 5368
f 5350 5368 5353
f 5350 5353 5352
f 5351 5361 5369
f 5351 5369 5370
f 5351 5370 5362
f 5353 5368 5371
f 5353 5371 5372
f 5353 5372 5354
f 5354 5372 5373
f 5354 5373 5357
f 5355 5374 5375
f 5355 5375 5361
f 5355 5361 5356
f 5355 5359 5376
f 5355 5376 5374
f 5356 5361 5360
f 5357 5373 5377
f 5357 5377 5358
f 5358 5377 5359
f 5359 5377 5378
f 5359 5378 5376
f 5361 5375 5369
f 5363 5379 5364
f 5364 5379 5380
f 5364 5380 5381
f 5365 5382 5383
f 5365 5383 5366
f 5366 5383 5384
f 5366 5384 5385
f 5366 5385 5367
f 5367 5386 5368
f 5367 5385 5386
f 5368 5386 5371
f 5369 5375 5370
f 5370 5375 5374
f 5371 5386 5372
f 5372 5386 5385
f 5372 5385 5373
f 5373 5387 5377
f 5373 5385 5387
f 5377 5388 5378
f 5377 5387 5389
f 5377 5389 5390
f 5377 5390 5388
f 5380 5391 5381
f 5381 5391 5392
f 5382 5393 5383
f 5383 5393 5394
f 5383 5394 5384
f 5384 5394 5389
f 5384 5389 5385
f 5385 5389 5387
f 5389 5394 5395
f 5389 5395 5396
f 5389 5396 5390
f 5391 5397 5392
f 5392 5397 5398
f 5393 5399 5394
f 5394 5400 5401
f 5394 5399 5400
f 5397 5402 5398
f 5398 5402 5403
f 5399 5404 5401
f 5399 5401 5400
f 5399 5405 5406
f 5399 5406 5404
f 5402 5407 5408
f 5402 5408 5403
f 5405 5409 5406
f 5406 5409 5410
f 5406 5410 5411
f 5406 5411 5412
f 5407 5413 5414
f 5407 5414 5408
f 5411 5415 5416
f 5411 5416 5417
f 5411 5417 5412
f 5413 5418 5419
f 5413 5419 5414
f 5415 5420 5416
f 5416 5420 5421
f 5418 5422 5423
f 5418 5423 5419
f 5420 5424 5425
f 5420 5425 5426
f 5420 5426 5421
f 5422 5427 5423
f 5423 5427 5428
f 5424 5429 5425
f 5424 5430 5431
f 5424 5431 5429
f 5427 5431 5430
f 5427 5430 5428

o geometry_15
v -0.02170263 0.02539353 -0.01167548 0.67058824 0.20784314 0.12549020
v -0.03013335 0.01415133 -0.01167548 0.67058824 0.20784314 0.12549020
v -0.03099071 0.02539353 -0.01167548 0.67058824 0.20784314 0.12549020
v -0.02325064 0.02539353 0.00698104 0.67058824 0.20784314 0.12549020
v -0.03142336 0.01415133 0.00704525 0.67058824 0.20784314 0.12549020
v -0.03757373 0.01415133 -0.01167548 0.67058824 0.20784314 0.12549020
v -0.03173098 0.02469034 -0.01167548 0.67058824 0.20784314 0.12549020
v -0.03099468 0.02539353 -0.01165183 0.67058824 0.20784314 0.12549020
v -0.02332804 0.02539353 0.00786639 0.67058824 0.20784314 0.12549020
v -0.03147695 0.01415133 0.00765688 0.67058824 0.20784314 0.12549020
v -0.04197763 0.01415133 0.02028155 0.67058824 0.20784314 0.12549020
v -0.04192405 0.01430319 0.02028155 0.67058824 0.20784314 0.12549020
v -0.04159460 0.01519015 0.02028155 0.67058824 0.20784314 0.12549020
v -0.04137034 0.01574808 0.02028155 0.67058824 0.20784314 0.12549020
v -0.04119172 0.01619157 0.02028155 0.67058824 0.20784314 0.12549020
v -0.04088013 0.01696408 0.02028155 0.67058824 0.20784314 0.12549020
v -0.03751221 0.01430319 -0.01167548 0.67058824 0.20784314 0.12549020
v -0.03174884 0.02467274 -0.01167548 0.67058824 0.20784314 0.12549020
v -0.03600786 0.02539353 0.01977129 0.67058824 0.20784314 0.12549020
v -0.03159801 0.01415133 0.00875512 0.67058824 0.20784314 0.12549020
v -0.02353445 0.02539353 0.00969454 0.67058824 0.20784314 0.12549020
v -0.04194191 0.01415133 0.02095739 0.67058824 0.20784314 0.12549020
v -0.04188039 0.01430319 0.02117028 0.67058824 0.20784314 0.12549020
v -0.04157475 0.01519015 0.02117028 0.67058824 0.20784314 0.12549020
v -0.04120363 0.01618716 0.02117028 0.67058824 0.20784314 0.12549020
v -0.04089799 0.01696408 0.02117028 0.67058824 0.20784314 0.12549020
v -0.04057450 0.01774430 0.02117028 0.67058824 0.20784314 0.12549020
v -0.04038794 0.01818778 0.02117028 0.67058824 0.20784314 0.12549020
v -0.04056855 0.01768708 0.02028155 0.67058824 0.20784314 0.12549020
v -0.03549979 0.01873691 -0.01167548 0.67058824 0.20784314 0.12549020
v -0.03219340 0.02418083 -0.01167548 0.67058824 0.20784314 0.12549020
v -0.03219340 0.02418854 -0.01163831 0.67058824 0.20784314 0.12549020
v -0.03606939 0.02539353 0.02018355 0.67058824 0.20784314 0.12549020
v -0.03254468 0.02374176 -0.01167548 0.67058824 0.20784314 0.12549020
v -0.03161984 0.01415133 0.00894098 0.67058824 0.20784314 0.12549020
v -0.02359795 0.02539353 0.01003921 0.67058824 0.20784314 0.12549020
v -0.02359597 0.02539243 0.01003584 0.67058824 0.20784314 0.12549020
v -0.03183815 0.01415133 0.01054947 0.67058824 0.20784314 0.12549020
v -0.03170716 0.01415133 0.00966750 0.67058824 0.20784314 0.12549020
v -0.04192405 0.01415133 0.02117703 0.67058824 0.20784314 0.12549020
v -0.04132667 0.01564024 0.02161633 0.67058824 0.20784314 0.12549020
v -0.04050702 0.01761775 0.02169743 0.67058824 0.20784314 0.12549020
v -0.03963577 0.01934766 0.02172108 0.67058824 0.20784314 0.12549020
v -0.03946708 0.01991439 0.02117028 0.67058824 0.20784314 0.12549020
v -0.03946708 0.01990669 0.02028155 0.67058824 0.20784314 0.12549020
v -0.03969928 0.01946430 0.02028155 0.67058824 0.20784314 0.12549020
v -0.04006644 0.01873691 0.02028155 0.67058824 0.20784314 0.12549020
v -0.04036214 0.01813056 0.02028155 0.67058824 0.20784314 0.12549020
v -0.03520805 0.01932015 -0.01167548 0.67058824 0.20784314 0.12549020
v -0.03941547 0.01978894 0.01939620 0.67058824 0.20784314 0.12549020
v -0.03640082 0.02494345 0.02028155 0.67058824 0.20784314 0.12549020
v -0.03608328 0.02539353 0.02028155 0.67058824 0.20784314 0.12549020
v -0.03782181 0.02279537 0.02028155 0.67058824 0.20784314 0.12549020
v -0.03703392 0.02383309 0.01939620 0.67058824 0.20784314 0.12549020
v -0.03674019 0.02427657 0.01939620 0.67058824 0.20784314 0.12549020
v -0.02372299 0.02539353 0.01052920 0.67058824 0.20784314 0.12549020
v -0.03201676 0.01415133 0.01140103 0.67058824 0.20784314 0.12549020
v -0.03187189 0.01415133 0.01072519 0.67058824 0.20784314 0.12549020
v -0.04164819 0.01415133 0.02173122 0.67058824 0.20784314 0.12549020
v -0.04140209 0.01519015 0.02169743 0.67058824 0.20784314 0.12549020
v -0.04090990 0.01599238 0.02190356 0.67058824 0.20784314 0.12549020
v -0.04063602 0.01696408 0.02183260 0.67058824 0.20784314 0.12549020
v -0.04006048 0.01788846 0.02196439 0.67058824 0.20784314 0.12549020
v -0.03980645 0.01873691 0.02185963 0.67058824 0.20784314 0.12549020
v -0.03872482 0.02106766 0.02169067 0.67058824 0.20784314 0.12549020
v -0.03692476 0.02279096 0.02252195 0.67058824 0.20784314 0.12549020
v -0.03913961 0.02050973 0.02117028 0.67058824 0.20784314 0.12549020
v -0.03913961 0.02050973 0.02028155 0.67058824 0.20784314 0.12549020
v -0.03903442 0.02050973 0.01939620 0.67058824 0.20784314 0.12549020
v -0.03872681 0.02106216 0.01939620 0.67058824 0.20784314 0.12549020
v -0.03812943 0.02228366 0.02028155 0.67058824 0.20784314 0.12549020
v -0.03680171 0.02436681 0.02028155 0.67058824 0.20784314 0.12549020
v -0.03610709 0.02539353 0.02104525 0.67058824 0.20784314 0.12549020
v -0.03782380 0.02279977 0.02117028 0.67058824 0.20784314 0.12549020
v -0.03754397 0.02324325 0.02117028 0.67058824 0.20784314 0.12549020
v -0.03753801 0.02323885 0.02028155 0.67058824 0.20784314 0.12549020
v -0.03709544 0.02392333 0.02028155 0.67058824 0.20784314 0.12549020
v -0.02396710 0.02539353 0.01141455 0.67058824 0.20784314 0.12549020
v -0.03206837 0.01415133 0.01156661 0.67058824 0.20784314 0.12549020
v -0.04156682 0.01415133 0.02185963 0.67058824 0.20784314 0.12549020
v -0.04154499 0.01430319 0.02184274 0.67058824 0.20784314 0.12549020
v -0.04027879 0.01607712 0.02241720 0.67058824 0.20784314 0.12549020
v -0.03922098 0.01873691 0.02230569 0.67058824 0.20784314 0.12549020
v -0.03781189 0.02102914 0.02251857 0.67058824 0.20784314 0.12549020
v -0.03778807 0.02274364 0.02162647 0.67058824 0.20784314 0.12549020
v -0.03853033 0.02160798 0.02117028 0.67058824 0.20784314 0.12549020
v -0.03877841 0.02116450 0.02117028 0.67058824 0.20784314 0.12549020
v -0.03674218 0.02338191 0.02236989 0.67058824 0.20784314 0.12549020
v -0.03792502 0.02228366 0.02178529 0.67058824 0.20784314 0.12549020
v -0.03644646 0.02312000 0.02263685 0.67058824 0.20784314 0.12549020
v -0.03615075 0.02386280 0.02257940 0.67058824 0.20784314 0.12549020
v -0.03595626 0.02445375 0.02247802 0.67058824 0.20784314 0.12549020
v -0.03878039 0.02116010 0.02028155 0.67058824 0.20784314 0.12549020
v -0.03852834 0.02160358 0.02028155 0.67058824 0.20784314 0.12549020
v -0.03813340 0.02228366 0.02117028 0.67058824 0.20784314 0.12549020
v -0.03710139 0.02392883 0.02117028 0.67058824 0.20784314 0.12549020
v -0.03680568 0.02437231 0.02117028 0.67058824 0.20784314 0.12549020
v -0.03641669 0.02494345 0.02117028 0.67058824 0.20784314 0.12549020
v -0.03610908 0.02539353 0.02117028 0.67058824 0.20784314 0.12549020
v -0.02412190 0.02539353 0.01181329 0.67058824 0.20784314 0.12549020
v -0.03229263 0.01415133 0.01221879 0.67058824 0.20784314 0.12549020
v -0.04113218 0.01415133 0.02222796 0.67058824 0.20784314 0.12549020
v -0.04102104 0.01430319 0.02228541 0.67058824 0.20784314 0.12549020
v -0.04038199 0.01550268 0.02247802 0.67058824 0.20784314 0.12549020
v -0.03968935 0.01676160 0.02256250 0.67058824 0.20784314 0.12549020
v -0.03868116 0.01921230 0.02250844 0.67058824 0.20784314 0.12549020
v -0.03726612 0.02306278 0.02199818 0.67058824 0.20784314 0.12549020
v -0.03701407 0.02379898 0.02177853 0.67058824 0.20784314 0.12549020
v -0.03603763 0.02539353 0.02166026 0.67058824 0.20784314 0.12549020
v -0.03605152 0.02539353 0.02161971 0.67058824 0.20784314 0.12549020
v -0.03644646 0.02228366 0.02274836 0.67058824 0.20784314 0.12549020
v -0.03556132 0.02317062 0.02284636 0.67058824 0.20784314 0.12549020
v -0.03562086 0.02411811 0.02267740 0.67058824 0.20784314 0.12549020
v -0.03496394 0.02539353 0.02259630 0.67058824 0.20784314 0.12549020
v -0.03516836 0.02539353 0.02252533 0.67058824 0.20784314 0.12549020
v -0.03521004 0.02539353 0.02249830 0.67058824 0.20784314 0.12549020
v -0.03560498 0.02539353 0.02211983 0.67058824 0.20784314 0.12549020
v -0.03578360 0.02539353 0.02193060 0.67058824 0.20784314 0.12549020
v -0.03618846 0.02494345 0.02184611 0.67058824 0.20784314 0.12549020
v -0.02426479 0.02539353 0.01216473 0.67058824 0.20784314 0.12549020
v -0.03232438 0.01415133 0.01229652 0.67058824 0.20784314 0.12549020
v -0.04103494 0.01415133 0.02230569 0.67058824 0.20784314 0.12549020
v -0.04057847 0.01430319 0.02257264 0.67058824 0.20784314 0.12549020
v -0.03983423 0.01607712 0.02260643 0.67058824 0.20784314 0.12549020
v -0.03910786 0.01607712 0.02271119 0.67058824 0.20784314 0.12549020
v -0.03556132 0.02228366 0.02281932 0.67058824 0.20784314 0.12549020
v -0.03333853 0.02539353 0.02280243 0.67058824 0.20784314 0.12549020
v -0.03378706 0.02539353 0.02280581 0.67058824 0.20784314 0.12549020
v -0.03422368 0.02539353 0.02277539 0.67058824 0.20784314 0.12549020
v -0.02435807 0.02539353 0.01236072 0.67058824 0.20784314 0.12549020
v -0.03248911 0.01415133 0.01266147 0.67058824 0.20784314 0.12549020
v -0.04066579 0.01415133 0.02254223 0.67058824 0.20784314 0.12549020
v -0.04059038 0.01415133 0.02257602 0.67058824 0.20784314 0.12549020
v -0.03999499 0.01430319 0.02265712 0.67058824 0.20784314 0.12549020
v -0.03999499 0.01415133 0.02265374 0.67058824 0.20784314 0.12549020
v -0.03910786 0.01519015 0.02266726 0.67058824 0.20784314 0.12549020
v -0.03467419 0.02317062 0.02279905 0.67058824 0.20784314 0.12549020
v -0.03289596 0.02539353 0.02273484 0.67058824 0.20784314 0.12549020
v -0.02453470 0.02539353 0.01266485 0.67058824 0.20784314 0.12549020
v -0.03683942 0.01415133 0.02080532 0.67058824 0.20784314 0.12549020
v -0.04010811 0.01415133 0.02264361 0.67058824 0.20784314 0.12549020
v -0.03922892 0.01415133 0.02258954 0.67058824 0.20784314 0.12549020
v -0.03911579 0.01415133 0.02257602 0.67058824 0.20784314 0.12549020
v -0.03238988 0.02539353 0.02264023 0.67058824 0.20784314 0.12549020
v -0.03039532 0.02539353 0.02152847 0.67058824 0.20784314 0.12549020
v -0.03708353 0.01415133 0.02119055 0.67058824 0.20784314 0.12549020
v -0.03214775 0.02539353 0.02258954 0.67058824 0.20784314 0.12549020
v -0.03871887 0.01415133 0.02248816 0.67058824 0.20784314 0.12549020
v -0.03054218 0.02539353 0.02171771 0.67058824 0.20784314 0.12549020
v -0.03711330 0.01415133 0.02123448 0.67058824 0.20784314 0.12549020
v -0.03181235 0.02539353 0.02250168 0.67058824 0.20784314 0.12549020
v -0.03851644 0.01415133 0.02238341 0.67058824 0.20784314 0.12549020
v -0.03168930 0.02539353 0.02245437 0.67058824 0.20784314 0.12549020
v -0.03114154 0.02539353 0.02210631 0.67058824 0.20784314 0.12549020
v -0.03765709 0.01415133 0.02185625 0.67058824 0.20784314 0.12549020
v -0.03756580 0.01415133 0.02179543 0.67058824 0.20784314 0.12549020
v -0.03837950 0.01415133 0.02231244 0.67058824 0.20784314 0.12549020
v -0.03826836 0.01415133 0.02225162 0.67058824 0.20784314 0.12549020
f 5432 5433 5437
f 5432 5437 5448
f 5432 5448 5461
f 5432 5461 5480
f 5432 5480 5465
f 5432 5465 5462
f 5432 5462 5449
f 5432 5449 5438
f 5432 5438 5434
f 5432 5434 5439
f 5432 5439 5450
f 5432 5450 5464
f 5432 5464 5483
f 5432 5483 5504
f 5432 5504 5530
f 5432 5530 5541
f 5432 5541 5540
f 5432 5540 5549
f 5432 5549 5548
f 5432 5548 5547
f 5432 5547 5546
f 5432 5546 5545
f 5432 5545 5560
f 5432 5560 5559
f 5432 5559 5558
f 5432 5558 5569
f 5432 5569 5575
f 5432 5575 5578
f 5432 5578 5582
f 5432 5582 5584
f 5432 5584 5585
f 5432 5585 5580
f 5432 5580 5576
f 5432 5576 5570
f 5432 5570 5561
f 5432 5561 5551
f 5432 5551 5531
f 5432 5531 5509
f 5432 5509 5487
f 5432 5487 5467
f 5432 5467 5452
f 5432 5452 5440
f 5432 5440 5435
f 5432 5435 5436
f 5432 5436 5433
f 5433 5436 5441
f 5433 5441 5451
f 5433 5451 5466
f 5433 5466 5470
f 5433 5470 5469
f 5433 5469 5489
f 5433 5489 5488
f 5433 5488 5510
f 5433 5510 5532
f 5433 5532 5552
f 5433 5552 5562
f 5433 5562 5571
f 5433 5571 5577
f 5433 5577 5581
f 5433 5581 5587
f 5433 5587 5586
f 5433 5586 5589
f 5433 5589 5588
f 5433 5588 5583
f 5433 5583 5579
f 5433 5579 5574
f 5433 5574 5573
f 5433 5573 5566
f 5433 5566 5572
f 5433 5572 5564
f 5433 5564 5563
f 5433 5563 5553
f 5433 5553 5533
f 5433 5533 5511
f 5433 5511 5490
f 5433 5490 5471
f 5433 5471 5453
f 5433 5453 5442
f 5433 5442 5437
f 5434 5438 5439
f 5435 5440 5436
f 5436 5440 5441
f 5437 5442 5443
f 5437 5443 5444
f 5437 5444 5445
f 5437 5445 5446
f 5437 5446 5447
f 5437 5447 5448
f 5438 5449 5450
f 5438 5450 5439
f 5440 5451 5441
f 5440 5452 5451
f 5442 5453 5454
f 5442 5454 5455
f 5442 5455 5443
f 5443 5455 5444
f 5444 5455 5456
f 5444 5456 5457
f 5444 5457 5445
f 5445 5457 5446
f 5446 5457 5447
f 5447 5457 5458
f 5447 5458 5459
f 5447 5459 5460
f 5447 5460 5448
f 5448 5460 5461
f 5449 5462 5463
f 5449 5463 5450
f 5450 5463 5465
f 5450 5465 5464
f 5451 5452 5466
f 5452 5467 5468
f 5452 5468 5469
f 5452 5469 5470
f 5452 5470 5466
f 5453 5471 5454
f 5454 5471 5472
f 5454 5472 5455
f 5455 5472 5456
f 5456 5472 5457
f 5457 5472 5473
f 5457 5473 5458
f 5458 5473 5459
f 5459 5473 5474
f 5459 5474 5475
f 5459 5475 5476
f 5459 5476 5477
f 5459 5477 5478
f 5459 5478 5479
f 5459 5479 5460
f 5460 5479 5461
f 5461 5479 5478
f 5461 5478 5481
f 5461 5481 5480
f 5462 5465 5463
f 5464 5482 5483
f 5464 5465 5482
f 5465 5480 5484
f 5465 5484 5485
f 5465 5485 5486
f 5465 5486 5482
f 5467 5487 5468
f 5468 5487 5488
f 5468 5488 5489
f 5468 5489 5469
f 5471 5490 5491
f 5471 5491 5472
f 5472 5491 5492
f 5472 5492 5493
f 5472 5493 5473
f 5473 5493 5494
f 5473 5494 5495
f 5473 5495 5474
f 5474 5496 5475
f 5474 5495 5497
f 5474 5497 5496
f 5475 5496 5498
f 5475 5498 5499
f 5475 5499 5476
f 5476 5499 5500
f 5476 5500 5481
f 5476 5481 5477
f 5477 5481 5478
f 5480 5481 5500
f 5480 5500 5501
f 5480 5501 5502
f 5480 5502 5484
f 5482 5503 5504
f 5482 5504 5483
f 5482 5486 5503
f 5484 5502 5505
f 5484 5505 5506
f 5484 5506 5507
f 5484 5507 5485
f 5485 5507 5508
f 5485 5508 5503
f 5485 5503 5486
f 5487 5509 5488
f 5488 5509 5510
f 5490 5511 5512
f 5490 5512 5491
f 5491 5512 5492
f 5492 5512 5513
f 5492 5513 5493
f 5493 5513 5494
f 5494 5513 5514
f 5494 5514 5495
f 5495 5514 5515
f 5495 5515 5497
f 5496 5516 5517
f 5496 5517 5518
f 5496 5518 5498
f 5496 5497 5519
f 5496 5519 5520
f 5496 5520 5516
f 5497 5515 5521
f 5497 5521 5522
f 5497 5522 5523
f 5497 5523 5519
f 5498 5518 5499
f 5499 5518 5524
f 5499 5524 5500
f 5500 5524 5501
f 5501 5524 5525
f 5501 5525 5502
f 5502 5525 5517
f 5502 5517 5526
f 5502 5526 5505
f 5503 5508 5527
f 5503 5527 5528
f 5503 5528 5529
f 5503 5529 5530
f 5503 5530 5504
f 5505 5526 5516
f 5505 5516 5506
f 5506 5516 5527
f 5506 5527 5507
f 5507 5527 5508
f 5509 5531 5532
f 5509 5532 5510
f 5511 5533 5512
f 5512 5533 5534
f 5512 5534 5513
f 5513 5534 5535
f 5513 5535 5536
f 5513 5536 5537
f 5513 5537 5514
f 5514 5537 5515
f 5515 5536 5521
f 5515 5537 5536
f 5516 5520 5538
f 5516 5538 5539
f 5516 5539 5540
f 5516 5540 5541
f 5516 5541 5527
f 5516 5526 5517
f 5517 5525 5524
f 5517 5524 5518
f 5519 5538 5520
f 5519 5523 5539
f 5519 5539 5538
f 5521 5542 5543
f 5521 5543 5544
f 5521 5544 5522
f 5521 5536 5542
f 5522 5545 5546
f 5522 5546 5523
f 5522 5544 5545
f 5523 5546 5547
f 5523 5547 5548
f 5523 5548 5549
f 5523 5549 5540
f 5523 5540 5550
f 5523 5550 5539
f 5527 5541 5528
f 5528 5541 5529
f 5529 5541 5530
f 5531 5551 5532
f 5532 5551 5552
f 5533 5553 5534
f 5534 5553 5535
f 5535 5553 5554
f 5535 5554 5555
f 5535 5555 5536
f 5536 5555 5542
f 5539 5550 5540
f 5542 5555 5543
f 5543 5555 5556
f 5543 5556 5557
f 5543 5557 5558
f 5543 5558 5559
f 5543 5559 5560
f 5543 5560 5544
f 5544 5560 5545
f 5551 5561 5562
f 5551 5562 5552
f 5553 5563 5554
f 5554 5563 5564
f 5554 5564 5565
f 5554 5565 5555
f 5555 5565 5556
f 5556 5565 5566
f 5556 5566 5567
f 5556 5567 5557
f 5557 5568 5558
f 5557 5567 5568
f 5558 5568 5569
f 5561 5570 5571
f 5561 5571 5562
f 5564 5572 5565
f 5565 5572 5566
f 5566 5573 5567
f 5567 5573 5574
f 5567 5574 5568
f 5568 5574 5569
f 5569 5574 5575
f 5570 5576 5577
f 5570 5577 5571
f 5574 5578 5575
f 5574 5579 5578
f 5576 5580 5581
f 5576 5581 5577
f 5578 5579 5582
f 5579 5583 5584
f 5579 5584 5582
f 5580 5585 5586
f 5580 5586 5587
f 5580 5587 5581
f 5583 5588 5584
f 5584 5588 5589
f 5584 5589 5585
f 5585 5589 5586

o geometry_16
v 0.00053329 0.04268005 0.02322288 0.31372549 0.36078431 0.56862745
v -0.00008980 0.04268005 0.02324339 0.31372549 0.36078431 0.56862745
v 0.00053329 0.04179245 0.02312717 0.31372549 0.36078431 0.56862745
v 0.00053329 0.04330370 0.02302805 0.31372549 0.36078431 0.56862745
v -0.00008980 0.04356629 0.02296311 0.31372549 0.36078431 0.56862745
v -0.00097719 0.04268005 0.02323997 0.31372549 0.36078431 0.56862745
v -0.01345539 0.04001862 0.02308274 0.31372549 0.36078431 0.56862745
v -0.01345539 0.03995571 0.02307590 0.31372549 0.36078431 0.56862745
v -0.01345539 0.03913239 0.02296311 0.31372549 0.36078431 0.56862745
v -0.01345539 0.03905443 0.02293918 0.31372549 0.36078431 0.56862745
v -0.01345539 0.03830907 0.02268283 0.31372549 0.36078431 0.56862745
v 0.00053329 0.04090622 0.02281955 0.31372549 0.36078431 0.56862745
v 0.00053329 0.04356629 0.02294260 0.31372549 0.36078431 0.56862745
v -0.00097719 0.04356629 0.02292893 0.31372549 0.36078431 0.56862745
v -0.00541138 0.04268005 0.02316477 0.31372549 0.36078431 0.56862745
v -0.00363798 0.04268005 0.02319895 0.31372549 0.36078431 0.56862745
v 0.00053329 0.04393829 0.02269992 0.31372549 0.36078431 0.56862745
v 0.00053329 0.04409283 0.02258712 0.31372549 0.36078431 0.56862745
v -0.00008980 0.04408873 0.02258029 0.31372549 0.36078431 0.56862745
v -0.00807081 0.04179245 0.02317161 0.31372549 0.36078431 0.56862745
v -0.00895683 0.04179245 0.02314426 0.31372549 0.36078431 0.56862745
v -0.01345539 0.04084194 0.02299729 0.31372549 0.36078431 0.56862745
v -0.01345539 0.03824753 0.02265206 0.31372549 0.36078431 0.56862745
v 0.00053329 0.04075442 0.02274435 0.31372549 0.36078431 0.56862745
v -0.00323400 0.04401214 0.02250167 0.31372549 0.36078431 0.56862745
v -0.00357225 0.04364151 0.02275802 0.31372549 0.36078431 0.56862745
v -0.00452400 0.04352252 0.02279562 0.31372549 0.36078431 0.56862745
v -0.00541138 0.04345688 0.02278537 0.31372549 0.36078431 0.56862745
v -0.00629740 0.04268005 0.02308274 0.31372549 0.36078431 0.56862745
v -0.00984421 0.04179245 0.02307590 0.31372549 0.36078431 0.56862745
v 0.00053329 0.04433080 0.02205732 0.31372549 0.36078431 0.56862745
v -0.00008980 0.04432806 0.02205732 0.31372549 0.36078431 0.56862745
v -0.01339103 0.04090622 0.02298703 0.31372549 0.36078431 0.56862745
v -0.01345539 0.04091169 0.02297678 0.31372549 0.36078431 0.56862745
v 0.00053329 0.04038789 0.02255978 0.31372549 0.36078431 0.56862745
v -0.01345539 0.03786869 0.02245382 0.31372549 0.36078431 0.56862745
v -0.00357225 0.04411061 0.02211201 0.31372549 0.36078431 0.56862745
v -0.00452400 0.04396564 0.02236837 0.31372549 0.36078431 0.56862745
v -0.00382422 0.04398752 0.02244698 0.31372549 0.36078431 0.56862745
v -0.00097719 0.04428430 0.02205732 0.31372549 0.36078431 0.56862745
v -0.00718342 0.04268005 0.02298020 0.31372549 0.36078431 0.56862745
v -0.00629740 0.04335977 0.02272726 0.31372549 0.36078431 0.56862745
v -0.00984421 0.04251184 0.02274777 0.31372549 0.36078431 0.56862745
v -0.01073023 0.04179245 0.02295627 0.31372549 0.36078431 0.56862745
v 0.00053329 0.04444568 0.02116863 0.31372549 0.36078431 0.56862745
v -0.00008980 0.04445115 0.02116863 0.31372549 0.36078431 0.56862745
v -0.00097719 0.04442517 0.02116863 0.31372549 0.36078431 0.56862745
v -0.01339103 0.04157226 0.02268966 0.31372549 0.36078431 0.56862745
v -0.01345539 0.04153397 0.02269650 0.31372549 0.36078431 0.56862745
v -0.01345539 0.03783040 0.02241963 0.31372549 0.36078431 0.56862745
v -0.01345539 0.03744882 0.02201289 0.31372549 0.36078431 0.56862745
v -0.01345539 0.03739138 0.02194794 0.31372549 0.36078431 0.56862745
v 0.00053329 0.03998033 0.02205732 0.31372549 0.36078431 0.56862745
v -0.00452400 0.04408462 0.02192743 0.31372549 0.36078431 0.56862745
v -0.00848848 0.04311633 0.02248800 0.31372549 0.36078431 0.56862745
v -0.00789826 0.04318745 0.02257345 0.31372549 0.36078431 0.56862745
v -0.00718342 0.04326814 0.02264181 0.31372549 0.36078431 0.56862745
v -0.00517858 0.04404222 0.02179071 0.31372549 0.36078431 0.56862745
v -0.00544973 0.04391367 0.02207441 0.31372549 0.36078431 0.56862745
v -0.00718342 0.04358270 0.02205732 0.31372549 0.36078431 0.56862745
v -0.01073023 0.04239558 0.02265890 0.31372549 0.36078431 0.56862745
v 0.00053329 0.04438414 0.02054654 0.31372549 0.36078431 0.56862745
v 0.00053329 0.04435679 0.02028335 0.31372549 0.36078431 0.56862745
v -0.00008980 0.04435542 0.02028335 0.31372549 0.36078431 0.56862745
v -0.00097719 0.04432943 0.02028335 0.31372549 0.36078431 0.56862745
v -0.00186457 0.04427199 0.02028335 0.31372549 0.36078431 0.56862745
v -0.00363798 0.04422276 0.02116863 0.31372549 0.36078431 0.56862745
v -0.01345539 0.04156269 0.02267941 0.31372549 0.36078431 0.56862745
v -0.01198326 0.04220822 0.02246749 0.31372549 0.36078431 0.56862745
v -0.01345539 0.03700707 0.02142498 0.31372549 0.36078431 0.56862745
v 0.00053329 0.03986818 0.02190009 0.31372549 0.36078431 0.56862745
v -0.00814476 0.04334062 0.02213936 0.31372549 0.36078431 0.56862745
v -0.00895683 0.04324626 0.02191718 0.31372549 0.36078431 0.56862745
v -0.00986749 0.04297273 0.02204023 0.31372549 0.36078431 0.56862745
v -0.01073023 0.04275254 0.02205732 0.31372549 0.36078431 0.56862745
v -0.00452400 0.04412565 0.02116863 0.31372549 0.36078431 0.56862745
v -0.00516900 0.04403949 0.02116863 0.31372549 0.36078431 0.56862745
v -0.00561269 0.04397384 0.02116863 0.31372549 0.36078431 0.56862745
v -0.00629740 0.04387127 0.02116863 0.31372549 0.36078431 0.56862745
v -0.00718342 0.04371946 0.02116863 0.31372549 0.36078431 0.56862745
v -0.00958813 0.04316830 0.02173602 0.31372549 0.36078431 0.56862745
v 0.00053329 0.04428157 0.01965785 0.31372549 0.36078431 0.56862745
v 0.00053329 0.04033318 -0.01137469 0.31372549 0.36078431 0.56862745
v -0.00333807 0.04048089 -0.00866417 0.31372549 0.36078431 0.56862745
v -0.00275059 0.04420361 0.02028335 0.31372549 0.36078431 0.56862745
v -0.00363798 0.04412702 0.02028335 0.31372549 0.36078431 0.56862745
v -0.00446511 0.04404496 0.02033120 0.31372549 0.36078431 0.56862745
v -0.01345539 0.04193332 0.02208809 0.31372549 0.36078431 0.56862745
v -0.01166007 0.04247081 0.02212568 0.31372549 0.36078431 0.56862745
v -0.01250364 0.04234635 0.02184882 0.31372549 0.36078431 0.56862745
v -0.01345539 0.04197162 0.02201631 0.31372549 0.36078431 0.56862745
v 0.00053329 0.03961106 0.02153778 0.31372549 0.36078431 0.56862745
v -0.01345539 0.03282209 0.01311227 0.31372549 0.36078431 0.56862745
v -0.00502521 0.04401761 0.02066275 0.31372549 0.36078431 0.56862745
v -0.00629740 0.04378101 0.02028335 0.31372549 0.36078431 0.56862745
v -0.00718342 0.04363330 0.02028335 0.31372549 0.36078431 0.56862745
v -0.00807081 0.04345824 0.02028335 0.31372549 0.36078431 0.56862745
v -0.00807081 0.04354167 0.02116863 0.31372549 0.36078431 0.56862745
v -0.01301032 0.04225609 0.02166766 0.31372549 0.36078431 0.56862745
v -0.00895683 0.04334746 0.02116863 0.31372549 0.36078431 0.56862745
v -0.00966071 0.04318471 0.02116863 0.31372549 0.36078431 0.56862745
v -0.01073023 0.04293170 0.02116863 0.31372549 0.36078431 0.56862745
v -0.01161762 0.04270741 0.02116863 0.31372549 0.36078431 0.56862745
v 0.00053329 0.04029899 -0.01163788 0.31372549 0.36078431 0.56862745
v 0.00053329 0.04029352 -0.01167548 0.31372549 0.36078431 0.56862745
v -0.00363798 0.04014034 -0.01075261 0.31372549 0.36078431 0.56862745
v -0.00363798 0.04027574 -0.00986391 0.31372549 0.36078431 0.56862745
v -0.00392830 0.04044259 -0.00838389 0.31372549 0.36078431 0.56862745
v -0.00472119 0.04398068 0.02007143 0.31372549 0.36078431 0.56862745
v -0.00412960 0.04401487 0.01979457 0.31372549 0.36078431 0.56862745
v -0.01345539 0.04211385 0.02117888 0.31372549 0.36078431 0.56862745
v -0.01345539 0.03253351 0.01250385 0.31372549 0.36078431 0.56862745
v 0.00053329 0.03566678 0.01318746 0.31372549 0.36078431 0.56862745
v -0.00541138 0.04380015 0.01939466 0.31372549 0.36078431 0.56862745
v -0.00535661 0.04392735 0.02033120 0.31372549 0.36078431 0.56862745
v -0.00848848 0.03957140 -0.00939222 0.31372549 0.36078431 0.56862745
v -0.00955937 0.04315873 0.02047818 0.31372549 0.36078431 0.56862745
v -0.00866651 0.03961106 -0.00880090 0.31372549 0.36078431 0.56862745
v -0.01250364 0.04243661 0.02116863 0.31372549 0.36078431 0.56862745
v -0.01073023 0.04284554 0.02028335 0.31372549 0.36078431 0.56862745
v -0.01298294 0.04224925 0.02063883 0.31372549 0.36078431 0.56862745
v -0.01161762 0.04261304 0.02028335 0.31372549 0.36078431 0.56862745
v -0.01253650 0.04234635 0.02031753 0.31372549 0.36078431 0.56862745
v 0.00053329 0.03376850 -0.01167548 0.31372549 0.36078431 0.56862745
v -0.00360237 0.03998717 -0.01167548 0.31372549 0.36078431 0.56862745
v -0.00363798 0.03998990 -0.01163788 0.31372549 0.36078431 0.56862745
v -0.00803520 0.03931702 -0.01167548 0.31372549 0.36078431 0.56862745
v -0.00807081 0.03931155 -0.01167548 0.31372549 0.36078431 0.56862745
v -0.00764766 0.03957961 -0.01033218 0.31372549 0.36078431 0.56862745
v -0.01345539 0.04211385 0.02116863 0.31372549 0.36078431 0.56862745
v -0.01345539 0.03246377 0.01230219 0.31372549 0.36078431 0.56862745
v 0.00053329 0.03526607 0.01216205 0.31372549 0.36078431 0.56862745
v 0.00053329 0.03531530 0.01230219 0.31372549 0.36078431 0.56862745
v -0.00828855 0.03953858 -0.00986391 0.31372549 0.36078431 0.56862745
v -0.00895683 0.03911051 -0.01167548 0.31372549 0.36078431 0.56862745
v -0.00895683 0.03925137 -0.01075261 0.31372549 0.36078431 0.56862745
v -0.00895683 0.03938404 -0.00986391 0.31372549 0.36078431 0.56862745
v -0.00896093 0.03950439 -0.00905041 0.31372549 0.36078431 0.56862745
v -0.00928275 0.03954679 -0.00808994 0.31372549 0.36078431 0.56862745
v -0.01345539 0.04203453 0.02031411 0.31372549 0.36078431 0.56862745
v -0.01345539 0.04204820 0.02043716 0.31372549 0.36078431 0.56862745
v -0.01345539 0.03794528 -0.01163788 0.31372549 0.36078431 0.56862745
v -0.01345539 0.03047932 -0.01167548 0.31372549 0.36078431 0.56862745
v 0.00053329 0.03464926 0.00698027 0.31372549 0.36078431 0.56862745
v -0.00363798 0.03998306 -0.01167548 0.31372549 0.36078431 0.56862745
v -0.00799412 0.03947156 -0.01067741 0.31372549 0.36078431 0.56862745
v -0.01345539 0.03242000 0.01216205 0.31372549 0.36078431 0.56862745
v 0.00053329 0.03514982 0.01181341 0.31372549 0.36078431 0.56862745
v -0.01338828 0.03795075 -0.01167548 0.31372549 0.36078431 0.56862745
v -0.01345539 0.03793981 -0.01166865 0.31372549 0.36078431 0.56862745
v -0.01345539 0.03633283 -0.01167548 0.31372549 0.36078431 0.56862745
v 0.00053329 0.03469166 0.00786897 0.31372549 0.36078431 0.56862745
v -0.01345539 0.03183191 0.00863119 0.31372549 0.36078431 0.56862745
v -0.01345539 0.03222716 0.01144084 0.31372549 0.36078431 0.56862745
v -0.01345539 0.03220391 0.01131437 0.31372549 0.36078431 0.56862745
v -0.01345539 0.03206031 0.01052822 0.31372549 0.36078431 0.56862745
v 0.00053329 0.03494604 0.01052822 0.31372549 0.36078431 0.56862745
v 0.00053329 0.03475457 0.00875424 0.31372549 0.36078431 0.56862745
v -0.01345539 0.03184012 0.00875424 0.31372549 0.36078431 0.56862745
v -0.01345539 0.03193312 0.00963952 0.31372549 0.36078431 0.56862745
v 0.00053329 0.03491185 0.01026503 0.31372549 0.36078431 0.56862745
v 0.00053329 0.03480791 0.00937975 0.31372549 0.36078431 0.56862745
v 0.00053329 0.03483389 0.00963952 0.31372549 0.36078431 0.56862745
f 5590 5591 5592
f 5590 5592 5601
f 5590 5601 5613
f 5590 5613 5624
f 5590 5624 5642
f 5590 5642 5660
f 5590 5660 5681
f 5590 5681 5702
f 5590 5702 5722
f 5590 5722 5721
f 5590 5721 5737
f 5590 5737 5746
f 5590 5746 5750
f 5590 5750 5752
f 5590 5752 5751
f 5590 5751 5747
f 5590 5747 5741
f 5590 5741 5733
f 5590 5733 5713
f 5590 5713 5694
f 5590 5694 5693
f 5590 5693 5672
f 5590 5672 5671
f 5590 5671 5652
f 5590 5652 5651
f 5590 5651 5634
f 5590 5634 5620
f 5590 5620 5607
f 5590 5607 5606
f 5590 5606 5602
f 5590 5602 5593
f 5590 5593 5591
f 5591 5593 5594
f 5591 5594 5595
f 5591 5595 5596
f 5591 5596 5597
f 5591 5597 5592
f 5592 5597 5598
f 5592 5598 5599
f 5592 5599 5600
f 5592 5600 5601
f 5593 5602 5594
f 5594 5603 5604
f 5594 5604 5605
f 5594 5605 5595
f 5594 5602 5606
f 5594 5606 5607
f 5594 5607 5608
f 5594 5608 5603
f 5595 5605 5609
f 5595 5609 5596
f 5596 5609 5610
f 5596 5610 5611
f 5596 5611 5623
f 5596 5623 5638
f 5596 5638 5657
f 5596 5657 5677
f 5596 5677 5680
f 5596 5680 5700
f 5596 5700 5719
f 5596 5719 5730
f 5596 5730 5729
f 5596 5729 5731
f 5596 5731 5739
f 5596 5739 5740
f 5596 5740 5732
f 5596 5732 5742
f 5596 5742 5748
f 5596 5748 5749
f 5596 5749 5745
f 5596 5745 5744
f 5596 5744 5743
f 5596 5743 5736
f 5596 5736 5720
f 5596 5720 5701
f 5596 5701 5682
f 5596 5682 5659
f 5596 5659 5641
f 5596 5641 5640
f 5596 5640 5639
f 5596 5639 5625
f 5596 5625 5612
f 5596 5612 5600
f 5596 5600 5599
f 5596 5599 5598
f 5596 5598 5597
f 5600 5612 5613
f 5600 5613 5601
f 5603 5608 5614
f 5603 5614 5615
f 5603 5615 5616
f 5603 5616 5604
f 5604 5609 5605
f 5604 5616 5617
f 5604 5617 5618
f 5604 5618 5619
f 5604 5619 5610
f 5604 5610 5609
f 5607 5620 5621
f 5607 5621 5608
f 5608 5621 5614
f 5610 5619 5611
f 5611 5619 5622
f 5611 5622 5623
f 5612 5624 5613
f 5612 5625 5624
f 5614 5626 5627
f 5614 5627 5628
f 5614 5628 5617
f 5614 5617 5616
f 5614 5616 5615
f 5614 5621 5629
f 5614 5629 5626
f 5617 5630 5618
f 5617 5628 5627
f 5617 5627 5631
f 5617 5631 5632
f 5617 5632 5630
f 5618 5630 5619
f 5619 5633 5623
f 5619 5623 5622
f 5619 5630 5632
f 5619 5632 5633
f 5620 5634 5635
f 5620 5635 5621
f 5621 5635 5636
f 5621 5636 5629
f 5623 5633 5637
f 5623 5637 5638
f 5624 5625 5639
f 5624 5639 5640
f 5624 5640 5641
f 5624 5641 5642
f 5626 5629 5643
f 5626 5643 5627
f 5627 5644 5645
f 5627 5645 5646
f 5627 5646 5631
f 5627 5643 5647
f 5627 5647 5648
f 5627 5648 5649
f 5627 5649 5644
f 5629 5636 5643
f 5631 5646 5632
f 5632 5646 5645
f 5632 5645 5650
f 5632 5650 5637
f 5632 5637 5633
f 5634 5651 5635
f 5635 5651 5652
f 5635 5652 5653
f 5635 5653 5654
f 5635 5654 5636
f 5636 5654 5655
f 5636 5655 5656
f 5636 5656 5643
f 5637 5657 5638
f 5637 5650 5658
f 5637 5658 5657
f 5641 5659 5642
f 5642 5659 5660
f 5643 5656 5647
f 5644 5661 5662
f 5644 5662 5663
f 5644 5663 5664
f 5644 5664 5658
f 5644 5658 5650
f 5644 5650 5645
f 5644 5649 5661
f 5647 5656 5665
f 5647 5665 5666
f 5647 5666 5667
f 5647 5667 5668
f 5647 5668 5669
f 5647 5669 5670
f 5647 5670 5649
f 5647 5649 5648
f 5649 5670 5662
f 5649 5662 5661
f 5652 5671 5653
f 5653 5671 5672
f 5653 5672 5654
f 5654 5672 5673
f 5654 5673 5655
f 5655 5674 5656
f 5655 5673 5674
f 5656 5674 5675
f 5656 5675 5676
f 5656 5676 5665
f 5657 5658 5677
f 5658 5664 5678
f 5658 5678 5679
f 5658 5679 5680
f 5658 5680 5677
f 5659 5681 5660
f 5659 5682 5681
f 5662 5670 5663
f 5663 5670 5664
f 5664 5670 5679
f 5664 5679 5678
f 5665 5676 5683
f 5665 5683 5666
f 5666 5683 5667
f 5667 5683 5668
f 5668 5683 5684
f 5668 5684 5685
f 5668 5685 5669
f 5669 5685 5686
f 5669 5686 5687
f 5669 5687 5670
f 5670 5688 5679
f 5670 5687 5689
f 5670 5689 5690
f 5670 5690 5691
f 5670 5691 5692
f 5670 5692 5688
f 5672 5693 5673
f 5673 5693 5694
f 5673 5694 5695
f 5673 5695 5696
f 5673 5696 5697
f 5673 5697 5698
f 5673 5698 5676
f 5673 5676 5699
f 5673 5699 5675
f 5673 5675 5674
f 5675 5699 5676
f 5676 5698 5683
f 5679 5688 5680
f 5680 5688 5700
f 5681 5682 5701
f 5681 5701 5702
f 5683 5698 5697
f 5683 5697 5703
f 5683 5703 5704
f 5683 5704 5684
f 5684 5704 5703
f 5684 5703 5697
f 5684 5697 5705
f 5684 5705 5685
f 5685 5705 5686
f 5686 5706 5687
f 5686 5705 5707
f 5686 5707 5706
f 5687 5706 5689
f 5688 5692 5708
f 5688 5708 5700
f 5689 5706 5690
f 5690 5706 5691
f 5691 5706 5709
f 5691 5709 5692
f 5692 5710 5708
f 5692 5709 5711
f 5692 5711 5712
f 5692 5712 5710
f 5694 5713 5732
f 5694 5732 5740
f 5694 5740 5738
f 5694 5738 5724
f 5694 5724 5717
f 5694 5717 5716
f 5694 5716 5734
f 5694 5734 5714
f 5694 5714 5695
f 5695 5714 5715
f 5695 5715 5716
f 5695 5716 5717
f 5695 5717 5696
f 5696 5717 5718
f 5696 5718 5697
f 5697 5718 5705
f 5700 5708 5719
f 5701 5720 5721
f 5701 5721 5722
f 5701 5722 5702
f 5705 5718 5723
f 5705 5723 5717
f 5705 5717 5724
f 5705 5724 5725
f 5705 5725 5726
f 5705 5726 5727
f 5705 5727 5707
f 5706 5707 5709
f 5707 5727 5709
f 5708 5710 5719
f 5709 5727 5728
f 5709 5728 5711
f 5710 5729 5730
f 5710 5730 5719
f 5710 5712 5731
f 5710 5731 5729
f 5711 5728 5731
f 5711 5731 5712
f 5713 5733 5732
f 5714 5734 5715
f 5715 5734 5716
f 5717 5723 5735
f 5717 5735 5718
f 5718 5735 5723
f 5720 5736 5737
f 5720 5737 5721
f 5724 5738 5739
f 5724 5739 5731
f 5724 5731 5725
f 5725 5731 5726
f 5726 5731 5727
f 5727 5731 5728
f 5732 5733 5741
f 5732 5741 5742
f 5736 5743 5737
f 5737 5743 5744
f 5737 5744 5745
f 5737 5745 5746
f 5738 5740 5739
f 5741 5747 5748
f 5741 5748 5742
f 5745 5749 5746
f 5746 5749 5750
f 5747 5751 5748
f 5748 5751 5752
f 5748 5752 5749
f 5749 5752 5750

o geometry_17
v 0.03289222 -0.01490202 -0.01173048 0.43529412 0.98823529 0.10196078
v 0.03819012 -0.01490202 -0.01173048 0.43529412 0.98823529 0.10196078
v 0.03135041 -0.01490202 -0.01172709 0.43529412 0.98823529 0.10196078
v 0.03168797 -0.01416372 -0.01173048 0.43529412 0.98823529 0.10196078
v 0.03922559 -0.01235867 -0.01173048 0.43529412 0.98823529 0.10196078
v 0.04255302 -0.01490202 0.01850793 0.43529412 0.98823529 0.10196078
v 0.03527393 -0.00031310 0.00520954 0.43529412 0.98823529 0.10196078
v 0.03455728 -0.00031310 -0.01173048 0.43529412 0.98823529 0.10196078
v 0.03221039 -0.01490202 0.00432456 0.43529412 0.98823529 0.10196078
v 0.03539717 -0.00031310 0.00786786 0.43529412 0.98823529 0.10196078
v 0.03535564 -0.00031310 0.00697949 0.43529412 0.98823529 0.10196078
v 0.03937829 -0.01196453 -0.01173048 0.43529412 0.98823529 0.10196078
v 0.04281423 -0.01403805 0.01848080 0.43529412 0.98823529 0.10196078
v 0.04266420 -0.01490202 0.01933527 0.43529412 0.98823529 0.10196078
v 0.03939437 -0.01192026 -0.01173048 0.43529412 0.98823529 0.10196078
v 0.03940777 -0.01187884 -0.01173048 0.43529412 0.98823529 0.10196078
v 0.03955645 -0.01141759 -0.01173048 0.43529412 0.98823529 0.10196078
v 0.04098709 -0.00031310 -0.01173048 0.43529412 0.98823529 0.10196078
v 0.03236578 -0.01490202 0.00697949 0.43529412 0.98823529 0.10196078
v 0.03546415 -0.00031310 0.00875284 0.43529412 0.98823529 0.10196078
v 0.04294550 -0.01371960 0.01875545 0.43529412 0.98823529 0.10196078
v 0.04285575 -0.01430367 0.01939630 0.43529412 0.98823529 0.10196078
v 0.04267224 -0.01490202 0.01939630 0.43529412 0.98823529 0.10196078
v 0.03957789 -0.01132333 -0.01173048 0.43529412 0.98823529 0.10196078
v 0.04381487 -0.01100345 0.01977606 0.43529412 0.98823529 0.10196078
v 0.04331254 -0.01230012 0.01850793 0.43529412 0.98823529 0.10196078
v 0.04318260 -0.01318694 0.01939630 0.43529412 0.98823529 0.10196078
v 0.04100450 -0.00068296 -0.01173048 0.43529412 0.98823529 0.10196078
v 0.04502849 -0.00031310 0.02028127 0.43529412 0.98823529 0.10196078
v 0.03244079 -0.01490202 0.00792550 0.43529412 0.98823529 0.10196078
v 0.03250509 -0.01490202 0.00871554 0.43529412 0.98823529 0.10196078
v 0.03551371 -0.00031310 0.00921398 0.43529412 0.98823529 0.10196078
v 0.04298703 -0.01386097 0.01939630 0.43529412 0.98823529 0.10196078
v 0.04302454 -0.01397950 0.02028127 0.43529412 0.98823529 0.10196078
v 0.04289058 -0.01442362 0.02028127 0.43529412 0.98823529 0.10196078
v 0.04273385 -0.01490202 0.02028127 0.43529412 0.98823529 0.10196078
v 0.03975069 -0.01052649 -0.01173048 0.43529412 0.98823529 0.10196078
v 0.04402384 -0.00963967 0.01939630 0.43529412 0.98823529 0.10196078
v 0.04418726 -0.00875285 0.01939630 0.43529412 0.98823529 0.10196078
v 0.04412162 -0.00963967 0.02028127 0.43529412 0.98823529 0.10196078
v 0.04394346 -0.01052649 0.02028127 0.43529412 0.98823529 0.10196078
v 0.04382692 -0.01105343 0.02028127 0.43529412 0.98823529 0.10196078
v 0.04371306 -0.01149756 0.02028127 0.43529412 0.98823529 0.10196078
v 0.04350409 -0.01230012 0.02028127 0.43529412 0.98823529 0.10196078
v 0.04342640 -0.01230012 0.01939630 0.43529412 0.98823529 0.10196078
v 0.04062809 -0.00609383 -0.01173048 0.43529412 0.98823529 0.10196078
v 0.04325896 -0.01318694 0.02028127 0.43529412 0.98823529 0.10196078
v 0.04100852 -0.00077293 -0.01173048 0.43529412 0.98823529 0.10196078
v 0.04503385 -0.00031310 0.02116964 0.43529412 0.98823529 0.10196078
v 0.04502180 -0.00077293 0.02028127 0.43529412 0.98823529 0.10196078
v 0.03260824 -0.01490202 0.00964121 0.43529412 0.98823529 0.10196078
v 0.03556193 -0.00031310 0.00964121 0.43529412 0.98823529 0.10196078
v 0.04300712 -0.01392381 0.02116964 0.43529412 0.98823529 0.10196078
v 0.04286915 -0.01436793 0.02116964 0.43529412 0.98823529 0.10196078
v 0.04269501 -0.01490202 0.02107131 0.43529412 0.98823529 0.10196078
v 0.04434667 -0.00786603 0.01939630 0.43529412 0.98823529 0.10196078
v 0.04428371 -0.00875285 0.02028127 0.43529412 0.98823529 0.10196078
v 0.04426763 -0.00875285 0.02116964 0.43529412 0.98823529 0.10196078
v 0.04410287 -0.00963967 0.02116964 0.43529412 0.98823529 0.10196078
v 0.04382558 -0.01104772 0.02090517 0.43529412 0.98823529 0.10196078
v 0.04070980 -0.00520701 -0.01173048 0.43529412 0.98823529 0.10196078
v 0.04480881 -0.00520701 0.02028127 0.43529412 0.98823529 0.10196078
v 0.04469629 -0.00567970 0.01981675 0.43529412 0.98823529 0.10196078
v 0.04448330 -0.00698065 0.01939630 0.43529412 0.98823529 0.10196078
v 0.04322145 -0.01318694 0.02116964 0.43529412 0.98823529 0.10196078
v 0.04488248 -0.00165975 0.01939630 0.43529412 0.98823529 0.10196078
v 0.04484364 -0.00254656 0.01939630 0.43529412 0.98823529 0.10196078
v 0.04480345 -0.00343338 0.01939630 0.43529412 0.98823529 0.10196078
v 0.04487311 -0.00432020 0.02028127 0.43529412 0.98823529 0.10196078
v 0.04494277 -0.00031310 0.02148498 0.43529412 0.98823529 0.10196078
v 0.04480747 -0.00254656 0.02180371 0.43529412 0.98823529 0.10196078
v 0.04495884 -0.00254656 0.02116964 0.43529412 0.98823529 0.10196078
v 0.04498563 -0.00165975 0.02028127 0.43529412 0.98823529 0.10196078
v 0.03262029 -0.01490202 0.00971241 0.43529412 0.98823529 0.10196078
v 0.03577760 -0.00031310 0.01117381 0.43529412 0.98823529 0.10196078
v 0.03572938 -0.00031310 0.01087204 0.43529412 0.98823529 0.10196078
v 0.03567445 -0.00031310 0.01052618 0.43529412 0.98823529 0.10196078
v 0.03561953 -0.00031310 0.01009895 0.43529412 0.98823529 0.10196078
v 0.04296024 -0.01377386 0.02167147 0.43529412 0.98823529 0.10196078
v 0.04268965 -0.01490202 0.02116964 0.43529412 0.98823529 0.10196078
v 0.04457975 -0.00698065 0.02028127 0.43529412 0.98823529 0.10196078
v 0.04443910 -0.00786603 0.02028127 0.43529412 0.98823529 0.10196078
v 0.04472977 -0.00587534 0.02116964 0.43529412 0.98823529 0.10196078
v 0.04469897 -0.00568684 0.02162400 0.43529412 0.98823529 0.10196078
v 0.04385505 -0.01031656 0.02169181 0.43529412 0.98823529 0.10196078
v 0.04378941 -0.01090777 0.02149854 0.43529412 0.98823529 0.10196078
v 0.04390060 -0.01057789 0.02118999 0.43529412 0.98823529 0.10196078
v 0.04370770 -0.01137189 0.02118999 0.43529412 0.98823529 0.10196078
v 0.04346659 -0.01230012 0.02116964 0.43529412 0.98823529 0.10196078
v 0.04481149 -0.00520701 0.02116964 0.43529412 0.98823529 0.10196078
v 0.04472710 -0.00586963 0.02028127 0.43529412 0.98823529 0.10196078
v 0.04487043 -0.00432020 0.02116964 0.43529412 0.98823529 0.10196078
v 0.04483828 -0.00031310 0.02184439 0.43529412 0.98823529 0.10196078
v 0.04475255 -0.00432020 0.02171216 0.43529412 0.98823529 0.10196078
v 0.04450339 -0.00031310 0.02228858 0.43529412 0.98823529 0.10196078
v 0.04446455 -0.00254656 0.02224789 0.43529412 0.98823529 0.10196078
v 0.04444981 -0.00343338 0.02219703 0.43529412 0.98823529 0.10196078
v 0.04442570 -0.00432020 0.02215295 0.43529412 0.98823529 0.10196078
v 0.04472442 -0.00520701 0.02166130 0.43529412 0.98823529 0.10196078
v 0.03275961 -0.01490202 0.01052618 0.43529412 0.98823529 0.10196078
v 0.03277300 -0.01490202 0.01059400 0.43529412 0.98823529 0.10196078
v 0.03296054 -0.01490202 0.01144846 0.43529412 0.98823529 0.10196078
v 0.03583386 -0.00031310 0.01140438 0.43529412 0.98823529 0.10196078
v 0.04304195 -0.01318694 0.02176641 0.43529412 0.98823529 0.10196078
v 0.04294282 -0.01103630 0.02251915 0.43529412 0.98823529 0.10196078
v 0.04246729 -0.01406233 0.02206818 0.43529412 0.98823529 0.10196078
v 0.04233199 -0.01490202 0.02192238 0.43529412 0.98823529 0.10196078
v 0.04237754 -0.01490202 0.02183761 0.43529412 0.98823529 0.10196078
v 0.04439355 -0.00520701 0.02210548 0.43529412 0.98823529 0.10196078
v 0.04401312 -0.00875285 0.02189186 0.43529412 0.98823529 0.10196078
v 0.04392739 -0.00963967 0.02179692 0.43529412 0.98823529 0.10196078
v 0.04429041 -0.00031310 0.02247846 0.43529412 0.98823529 0.10196078
v 0.04400642 -0.00343338 0.02265139 0.43529412 0.98823529 0.10196078
v 0.04398231 -0.00432020 0.02264121 0.43529412 0.98823529 0.10196078
v 0.04395016 -0.00520701 0.02262087 0.43529412 0.98823529 0.10196078
v 0.03311325 -0.01490202 0.01196046 0.43529412 0.98823529 0.10196078
v 0.03608569 -0.00031310 0.01230292 0.43529412 0.98823529 0.10196078
v 0.03598657 -0.00031310 0.01196385 0.43529412 0.98823529 0.10196078
v 0.03588610 -0.00031310 0.01161799 0.43529412 0.98823529 0.10196078
v 0.04351213 -0.00963967 0.02224111 0.43529412 0.98823529 0.10196078
v 0.04388051 -0.00609383 0.02256323 0.43529412 0.98823529 0.10196078
v 0.04299105 -0.01052649 0.02254627 0.43529412 0.98823529 0.10196078
v 0.04247532 -0.01052649 0.02267512 0.43529412 0.98823529 0.10196078
v 0.04206676 -0.01375958 0.02252254 0.43529412 0.98823529 0.10196078
v 0.04191941 -0.01435079 0.02246490 0.43529412 0.98823529 0.10196078
v 0.04176670 -0.01490202 0.02236656 0.43529412 0.98823529 0.10196078
v 0.04406000 -0.00031310 0.02267512 0.43529412 0.98823529 0.10196078
v 0.04373048 -0.00031310 0.02278701 0.43529412 0.98823529 0.10196078
v 0.04336210 -0.00432020 0.02285822 0.43529412 0.98823529 0.10196078
v 0.04336210 -0.00520701 0.02284466 0.43529412 0.98823529 0.10196078
v 0.04336210 -0.00609383 0.02277345 0.43529412 0.98823529 0.10196078
v 0.03328337 -0.01490202 0.01236395 0.43529412 0.98823529 0.10196078
v 0.03649292 -0.00031310 0.01322858 0.43529412 0.98823529 0.10196078
v 0.04158854 -0.01318694 0.02264460 0.43529412 0.98823529 0.10196078
v 0.04160998 -0.01406233 0.02259374 0.43529412 0.98823529 0.10196078
v 0.04132599 -0.01490202 0.02254966 0.43529412 0.98823529 0.10196078
v 0.04136618 -0.01490202 0.02253610 0.43529412 0.98823529 0.10196078
v 0.04336210 -0.00031310 0.02290908 0.43529412 0.98823529 0.10196078
v 0.04247532 -0.00698065 0.02284805 0.43529412 0.98823529 0.10196078
v 0.03757929 -0.01490202 0.02074580 0.43529412 0.98823529 0.10196078
v 0.04024632 -0.00031310 0.02121372 0.43529412 0.98823529 0.10196078
v 0.04012978 -0.00031310 0.02098315 0.43529412 0.98823529 0.10196078
v 0.04076205 -0.01490202 0.02261409 0.43529412 0.98823529 0.10196078
v 0.04070177 -0.01407375 0.02266156 0.43529412 0.98823529 0.10196078
v 0.04293479 -0.00031310 0.02289552 0.43529412 0.98823529 0.10196078
v 0.04247532 -0.00077293 0.02287178 0.43529412 0.98823529 0.10196078
v 0.03782308 -0.01490202 0.02116286 0.43529412 0.98823529 0.10196078
v 0.04035750 -0.00031310 0.02142734 0.43529412 0.98823529 0.10196078
v 0.04070177 -0.01490202 0.02261748 0.43529412 0.98823529 0.10196078
v 0.03979623 -0.01490202 0.02256323 0.43529412 0.98823529 0.10196078
v 0.03986187 -0.01490202 0.02257001 0.43529412 0.98823529 0.10196078
v 0.04247532 -0.00031310 0.02286839 0.43529412 0.98823529 0.10196078
v 0.03783514 -0.01490202 0.02118321 0.43529412 0.98823529 0.10196078
v 0.03828925 -0.01490202 0.02180371 0.43529412 0.98823529 0.10196078
v 0.04080089 -0.00031310 0.02201393 0.43529412 0.98823529 0.10196078
v 0.03941714 -0.01490202 0.02248863 0.43529412 0.98823529 0.10196078
v 0.04208551 -0.00031310 0.02275989 0.43529412 0.98823529 0.10196078
v 0.03831470 -0.01490202 0.02182066 0.43529412 0.98823529 0.10196078
v 0.04122821 -0.00031310 0.02245811 0.43529412 0.98823529 0.10196078
v 0.03914253 -0.01490202 0.02235300 0.43529412 0.98823529 0.10196078
v 0.04167160 -0.00031310 0.02263782 0.43529412 0.98823529 0.10196078
v 0.03898715 -0.01490202 0.02226484 0.43529412 0.98823529 0.10196078
v 0.03905547 -0.01490202 0.02230553 0.43529412 0.98823529 0.10196078
f 5753 5754 5758
f 5753 5758 5766
f 5753 5766 5775
f 5753 5775 5788
f 5753 5788 5807
f 5753 5807 5832
f 5753 5832 5860
f 5753 5860 5859
f 5753 5859 5878
f 5753 5878 5889
f 5753 5889 5888
f 5753 5888 5895
f 5753 5895 5901
f 5753 5901 5903
f 5753 5903 5902
f 5753 5902 5908
f 5753 5908 5912
f 5753 5912 5915
f 5753 5915 5914
f 5753 5914 5910
f 5753 5910 5906
f 5753 5906 5905
f 5753 5905 5899
f 5753 5899 5892
f 5753 5892 5884
f 5753 5884 5868
f 5753 5868 5854
f 5753 5854 5853
f 5753 5853 5852
f 5753 5852 5826
f 5753 5826 5803
f 5753 5803 5783
f 5753 5783 5782
f 5753 5782 5771
f 5753 5771 5761
f 5753 5761 5755
f 5753 5755 5756
f 5753 5756 5760
f 5753 5760 5770
f 5753 5770 5780
f 5753 5780 5800
f 5753 5800 5813
f 5753 5813 5798
f 5753 5798 5789
f 5753 5789 5776
f 5753 5776 5769
f 5753 5769 5768
f 5753 5768 5767
f 5753 5767 5764
f 5753 5764 5757
f 5753 5757 5754
f 5754 5757 5758
f 5755 5759 5760
f 5755 5760 5756
f 5755 5761 5762
f 5755 5762 5763
f 5755 5763 5759
f 5757 5764 5758
f 5758 5765 5766
f 5758 5764 5767
f 5758 5767 5768
f 5758 5768 5769
f 5758 5769 5765
f 5759 5763 5762
f 5759 5762 5772
f 5759 5772 5784
f 5759 5784 5804
f 5759 5804 5830
f 5759 5830 5829
f 5759 5829 5828
f 5759 5828 5827
f 5759 5827 5855
f 5759 5855 5871
f 5759 5871 5870
f 5759 5870 5869
f 5759 5869 5885
f 5759 5885 5894
f 5759 5894 5893
f 5759 5893 5900
f 5759 5900 5907
f 5759 5907 5911
f 5759 5911 5913
f 5759 5913 5909
f 5759 5909 5904
f 5759 5904 5897
f 5759 5897 5890
f 5759 5890 5880
f 5759 5880 5879
f 5759 5879 5864
f 5759 5864 5847
f 5759 5847 5845
f 5759 5845 5822
f 5759 5822 5801
f 5759 5801 5781
f 5759 5781 5770
f 5759 5770 5760
f 5761 5771 5762
f 5762 5771 5772
f 5765 5773 5774
f 5765 5774 5766
f 5765 5769 5773
f 5766 5774 5775
f 5769 5776 5777
f 5769 5777 5778
f 5769 5778 5779
f 5769 5779 5773
f 5770 5781 5780
f 5771 5782 5772
f 5772 5782 5783
f 5772 5783 5784
f 5773 5779 5785
f 5773 5785 5774
f 5774 5785 5786
f 5774 5786 5787
f 5774 5787 5775
f 5775 5787 5788
f 5776 5789 5777
f 5777 5790 5791
f 5777 5791 5792
f 5777 5792 5793
f 5777 5793 5794
f 5777 5794 5795
f 5777 5795 5796
f 5777 5796 5797
f 5777 5797 5778
f 5777 5789 5798
f 5777 5798 5790
f 5778 5797 5779
f 5779 5797 5796
f 5779 5796 5799
f 5779 5799 5785
f 5780 5781 5800
f 5781 5801 5802
f 5781 5802 5800
f 5783 5803 5784
f 5784 5803 5804
f 5785 5799 5786
f 5786 5799 5805
f 5786 5805 5787
f 5787 5805 5806
f 5787 5806 5788
f 5788 5806 5807
f 5790 5798 5791
f 5791 5808 5809
f 5791 5809 5792
f 5791 5798 5808
f 5792 5809 5810
f 5792 5810 5811
f 5792 5811 5812
f 5792 5812 5793
f 5793 5812 5794
f 5794 5812 5795
f 5795 5812 5796
f 5796 5812 5799
f 5798 5813 5814
f 5798 5814 5815
f 5798 5815 5816
f 5798 5816 5808
f 5799 5812 5817
f 5799 5817 5805
f 5800 5802 5818
f 5800 5818 5819
f 5800 5819 5820
f 5800 5820 5821
f 5800 5821 5813
f 5801 5822 5823
f 5801 5823 5824
f 5801 5824 5802
f 5802 5824 5825
f 5802 5825 5818
f 5803 5826 5827
f 5803 5827 5828
f 5803 5828 5829
f 5803 5829 5830
f 5803 5830 5804
f 5805 5817 5831
f 5805 5831 5806
f 5806 5831 5832
f 5806 5832 5807
f 5808 5816 5833
f 5808 5833 5834
f 5808 5834 5809
f 5809 5834 5810
f 5810 5835 5836
f 5810 5836 5837
f 5810 5837 5811
f 5810 5834 5835
f 5811 5837 5838
f 5811 5838 5839
f 5811 5839 5812
f 5812 5839 5838
f 5812 5838 5840
f 5812 5840 5841
f 5812 5841 5817
f 5813 5821 5814
f 5814 5821 5842
f 5814 5842 5835
f 5814 5835 5843
f 5814 5843 5815
f 5815 5843 5816
f 5816 5843 5833
f 5817 5841 5838
f 5817 5838 5831
f 5818 5825 5821
f 5818 5821 5819
f 5819 5821 5820
f 5821 5825 5824
f 5821 5824 5844
f 5821 5844 5842
f 5822 5845 5823
f 5823 5846 5824
f 5823 5845 5847
f 5823 5847 5848
f 5823 5848 5849
f 5823 5849 5850
f 5823 5850 5846
f 5824 5846 5851
f 5824 5851 5844
f 5826 5852 5827
f 5827 5852 5853
f 5827 5853 5854
f 5827 5854 5855
f 5831 5838 5837
f 5831 5837 5856
f 5831 5856 5857
f 5831 5857 5858
f 5831 5858 5859
f 5831 5859 5860
f 5831 5860 5832
f 5833 5843 5835
f 5833 5835 5834
f 5835 5842 5836
f 5836 5851 5861
f 5836 5861 5862
f 5836 5862 5863
f 5836 5863 5837
f 5836 5842 5851
f 5837 5863 5857
f 5837 5857 5856
f 5838 5841 5840
f 5842 5844 5851
f 5846 5850 5851
f 5847 5864 5865
f 5847 5865 5848
f 5848 5865 5866
f 5848 5866 5867
f 5848 5867 5849
f 5849 5867 5850
f 5850 5867 5861
f 5850 5861 5851
f 5854 5868 5869
f 5854 5869 5870
f 5854 5870 5871
f 5854 5871 5855
f 5857 5872 5873
f 5857 5873 5867
f 5857 5867 5874
f 5857 5874 5875
f 5857 5875 5876
f 5857 5876 5858
f 5857 5863 5872
f 5858 5876 5859
f 5859 5876 5877
f 5859 5877 5878
f 5861 5867 5873
f 5861 5873 5862
f 5862 5873 5872
f 5862 5872 5863
f 5864 5879 5865
f 5865 5879 5880
f 5865 5880 5881
f 5865 5881 5882
f 5865 5882 5866
f 5866 5882 5867
f 5867 5882 5883
f 5867 5883 5874
f 5868 5884 5869
f 5869 5884 5885
f 5874 5883 5882
f 5874 5882 5875
f 5875 5882 5886
f 5875 5886 5887
f 5875 5887 5876
f 5876 5887 5888
f 5876 5888 5877
f 5877 5888 5889
f 5877 5889 5878
f 5880 5890 5881
f 5881 5890 5891
f 5881 5891 5882
f 5882 5891 5886
f 5884 5892 5893
f 5884 5893 5894
f 5884 5894 5885
f 5886 5895 5887
f 5886 5891 5896
f 5886 5896 5895
f 5887 5895 5888
f 5890 5897 5891
f 5891 5897 5898
f 5891 5898 5896
f 5892 5899 5900
f 5892 5900 5893
f 5895 5896 5901
f 5896 5898 5902
f 5896 5902 5903
f 5896 5903 5901
f 5897 5904 5898
f 5898 5904 5902
f 5899 5905 5900
f 5900 5905 5906
f 5900 5906 5907
f 5902 5904 5908
f 5904 5909 5908
f 5906 5910 5911
f 5906 5911 5907
f 5908 5911 5912
f 5908 5909 5913
f 5908 5913 5911
f 5910 5914 5911
f 5911 5914 5915
f 5911 5915 5912

o geometry_18
v -0.01352959 -0.04066975 0.02243002 0.20784314 0.16078431 0.65098039
v -0.01459297 -0.04017881 0.02251055 0.20784314 0.16078431 0.65098039
v -0.01459297 -0.04029989 0.02251055 0.20784314 0.16078431 0.65098039
v -0.01428978 -0.04062829 0.02245686 0.20784314 0.16078431 0.65098039
v -0.01352959 -0.04156372 0.02228574 0.20784314 0.16078431 0.65098039
v -0.01352959 -0.03979899 0.02233607 0.20784314 0.16078431 0.65098039
v -0.02445540 -0.03486472 0.02250384 0.20784314 0.16078431 0.65098039
v -0.01995444 -0.03752176 0.02251390 0.20784314 0.16078431 0.65098039
v -0.03378726 -0.02603112 0.02235284 0.20784314 0.16078431 0.65098039
v -0.01995444 -0.03769426 0.02251390 0.20784314 0.16078431 0.65098039
v -0.01493182 -0.04029989 0.02251055 0.20784314 0.16078431 0.65098039
v -0.01520380 -0.04062829 0.02241324 0.20784314 0.16078431 0.65098039
v -0.01605316 -0.04067804 0.02225554 0.20784314 0.16078431 0.65098039
v -0.01427864 -0.04156372 0.02216158 0.20784314 0.16078431 0.65098039
v -0.01352959 -0.04228189 0.02186631 0.20784314 0.16078431 0.65098039
v -0.03290000 -0.02603112 0.02225554 0.20784314 0.16078431 0.65098039
v -0.01352959 -0.03886356 0.02191999 0.20784314 0.16078431 0.65098039
v -0.03199267 -0.02603112 0.02199717 0.20784314 0.16078431 0.65098039
v -0.02449999 -0.03486472 0.02250384 0.20784314 0.16078431 0.65098039
v -0.02351464 -0.03574874 0.02250719 0.20784314 0.16078431 0.65098039
v -0.02365062 -0.03583499 0.02250719 0.20784314 0.16078431 0.65098039
v -0.03378726 -0.02649055 0.02235284 0.20784314 0.16078431 0.65098039
v -0.03024044 -0.03003825 0.02241660 0.20784314 0.16078431 0.65098039
v -0.03467452 -0.02603112 0.02219514 0.20784314 0.16078431 0.65098039
v -0.02048724 -0.03767269 0.02251055 0.20784314 0.16078431 0.65098039
v -0.01751335 -0.03938435 0.02251055 0.20784314 0.16078431 0.65098039
v -0.01781654 -0.03972436 0.02234949 0.20784314 0.16078431 0.65098039
v -0.01871272 -0.03979070 0.02213810 0.20784314 0.16078431 0.65098039
v -0.01605316 -0.04140947 0.02184282 0.20784314 0.16078431 0.65098039
v -0.01517482 -0.04163006 0.02190993 0.20784314 0.16078431 0.65098039
v -0.01427864 -0.04214920 0.02176229 0.20784314 0.16078431 0.65098039
v -0.01352959 -0.04275127 0.02120864 0.20784314 0.16078431 0.65098039
v -0.01352959 -0.03869272 0.02180255 0.20784314 0.16078431 0.65098039
v -0.03133280 -0.02603112 0.02174215 0.20784314 0.16078431 0.65098039
v -0.02449999 -0.03494101 0.02250384 0.20784314 0.16078431 0.65098039
v -0.02095317 -0.03758645 0.02250384 0.20784314 0.16078431 0.65098039
v -0.02757865 -0.03269862 0.02244009 0.20784314 0.16078431 0.65098039
v -0.02846592 -0.03269862 0.02233607 0.20784314 0.16078431 0.65098039
v -0.02424139 -0.03553147 0.02247028 0.20784314 0.16078431 0.65098039
v -0.02398056 -0.03617666 0.02235284 0.20784314 0.16078431 0.65098039
v -0.03201273 -0.02915091 0.02228238 0.20784314 0.16078431 0.65098039
v -0.03112547 -0.03003825 0.02231258 0.20784314 0.16078431 0.65098039
v -0.03024044 -0.03092393 0.02232936 0.20784314 0.16078431 0.65098039
v -0.03378726 -0.02737789 0.02217165 0.20784314 0.16078431 0.65098039
v -0.03547484 -0.02603112 0.02183611 0.20784314 0.16078431 0.65098039
v -0.03467452 -0.02649055 0.02209448 0.20784314 0.16078431 0.65098039
v -0.02048724 -0.03811719 0.02242666 0.20784314 0.16078431 0.65098039
v -0.01959998 -0.03890336 0.02231593 0.20784314 0.16078431 0.65098039
v -0.02056304 -0.03898463 0.02199381 0.20784314 0.16078431 0.65098039
v -0.01955985 -0.03980397 0.02186295 0.20784314 0.16078431 0.65098039
v -0.01871272 -0.04039774 0.02175222 0.20784314 0.16078431 0.65098039
v -0.01782769 -0.04058848 0.02188308 0.20784314 0.16078431 0.65098039
v -0.02129871 -0.03793641 0.02230587 0.20784314 0.16078431 0.65098039
v -0.01678883 -0.04124527 0.02172202 0.20784314 0.16078431 0.65098039
v -0.01547577 -0.04197007 0.02153747 0.20784314 0.16078431 0.65098039
v -0.01579902 -0.04208286 0.02094692 0.20784314 0.16078431 0.65098039
v -0.01352959 -0.04297352 0.02028254 0.20784314 0.16078431 0.65098039
v -0.01352959 -0.03828305 0.02137306 0.20784314 0.16078431 0.65098039
v -0.03090477 -0.02603112 0.02139319 0.20784314 0.16078431 0.65098039
v -0.02757865 -0.03358430 0.02229580 0.20784314 0.16078431 0.65098039
v -0.03205732 -0.03008635 0.02194348 0.20784314 0.16078431 0.65098039
v -0.02939330 -0.03273510 0.02195690 0.20784314 0.16078431 0.65098039
v -0.02849490 -0.03361913 0.02194012 0.20784314 0.16078431 0.65098039
v -0.02669139 -0.03447164 0.02223540 0.20784314 0.16078431 0.65098039
v -0.02580636 -0.03535732 0.02214145 0.20784314 0.16078431 0.65098039
v -0.02496145 -0.03630105 0.02196697 0.20784314 0.16078431 0.65098039
v -0.02314680 -0.03713034 0.02215823 0.20784314 0.16078431 0.65098039
v -0.03294458 -0.02918574 0.02189650 0.20784314 0.16078431 0.65098039
v -0.03530987 -0.02649055 0.02173880 0.20784314 0.16078431 0.65098039
v -0.03463662 -0.02730657 0.02179584 0.20784314 0.16078431 0.65098039
v -0.03591847 -0.02603112 0.02148714 0.20784314 0.16078431 0.65098039
v -0.03380064 -0.02825362 0.02183946 0.20784314 0.16078431 0.65098039
v -0.02227737 -0.03806578 0.02192670 0.20784314 0.16078431 0.65098039
v -0.02137451 -0.03875243 0.02184282 0.20784314 0.16078431 0.65098039
v -0.02032005 -0.03951703 0.02175222 0.20784314 0.16078431 0.65098039
v -0.01923660 -0.04027335 0.02165156 0.20784314 0.16078431 0.65098039
v -0.01737960 -0.04111922 0.02161129 0.20784314 0.16078431 0.65098039
v -0.01782769 -0.04103132 0.02140661 0.20784314 0.16078431 0.65098039
v -0.01828915 -0.04112917 0.02075230 0.20784314 0.16078431 0.65098039
v -0.01607768 -0.04185729 0.02121200 0.20784314 0.16078431 0.65098039
v -0.01588819 -0.04212101 0.02028254 0.20784314 0.16078431 0.65098039
v -0.01516590 -0.04239799 0.02028254 0.20784314 0.16078431 0.65098039
v -0.01427864 -0.04271478 0.02028254 0.20784314 0.16078431 0.65098039
v -0.01427864 -0.04265839 0.01939670 0.20784314 0.16078431 0.65098039
v -0.01369902 -0.04284912 0.01939670 0.20784314 0.16078431 0.65098039
v -0.01352959 -0.04290386 0.01939670 0.20784314 0.16078431 0.65098039
v -0.01352959 -0.03815368 0.02119522 0.20784314 0.16078431 0.65098039
v -0.03049458 -0.02603112 0.02094356 0.20784314 0.16078431 0.65098039
v -0.03267930 -0.02982430 0.02175893 0.20784314 0.16078431 0.65098039
v -0.02912356 -0.03334546 0.02176900 0.20784314 0.16078431 0.65098039
v -0.02821846 -0.03418968 0.02174551 0.20784314 0.16078431 0.65098039
v -0.02756974 -0.03447993 0.02188644 0.20784314 0.16078431 0.65098039
v -0.02662674 -0.03533410 0.02182268 0.20784314 0.16078431 0.65098039
v -0.02398948 -0.03713366 0.02186631 0.20784314 0.16078431 0.65098039
v -0.02469840 -0.03684009 0.02175222 0.20784314 0.16078431 0.65098039
v -0.03351528 -0.02891374 0.02171867 0.20784314 0.16078431 0.65098039
v -0.03513822 -0.02696325 0.02163142 0.20784314 0.16078431 0.65098039
v -0.03431560 -0.02795176 0.02168847 0.20784314 0.16078431 0.65098039
v -0.03598758 -0.02603112 0.02136299 0.20784314 0.16078431 0.65098039
v -0.03428662 -0.02878271 0.02084625 0.20784314 0.16078431 0.65098039
v -0.03410605 -0.02854387 0.02143681 0.20784314 0.16078431 0.65098039
v -0.02314680 -0.03778050 0.02177906 0.20784314 0.16078431 0.65098039
v -0.02366623 -0.03761962 0.02165827 0.20784314 0.16078431 0.65098039
v -0.02091081 -0.03933625 0.02159452 0.20784314 0.16078431 0.65098039
v -0.01982737 -0.04010749 0.02135628 0.20784314 0.16078431 0.65098039
v -0.01955985 -0.04036623 0.02110462 0.20784314 0.16078431 0.65098039
v -0.01863692 -0.04082068 0.02109455 0.20784314 0.16078431 0.65098039
v -0.02006590 -0.04024681 0.02076572 0.20784314 0.16078431 0.65098039
v -0.01959998 -0.04048233 0.02028254 0.20784314 0.16078431 0.65098039
v -0.01828915 -0.04112917 0.02057446 0.20784314 0.16078431 0.65098039
v -0.01632959 -0.04194022 0.02028254 0.20784314 0.16078431 0.65098039
v -0.01582131 -0.04209778 0.01939670 0.20784314 0.16078431 0.65098039
v -0.01516590 -0.04234989 0.01939670 0.20784314 0.16078431 0.65098039
v -0.01524615 -0.04217906 0.01844040 0.20784314 0.16078431 0.65098039
v -0.01505443 -0.03768928 -0.01176524 0.20784314 0.16078431 0.65098039
v -0.01352959 -0.04287400 0.01919873 0.20784314 0.16078431 0.65098039
v -0.01352959 -0.03768430 0.02040334 0.20784314 0.16078431 0.65098039
v -0.01352959 -0.03332556 0.01235364 0.20784314 0.16078431 0.65098039
v -0.01352959 -0.03322107 0.01214561 0.20784314 0.16078431 0.65098039
v -0.02455795 -0.02603112 0.01262879 0.20784314 0.16078431 0.65098039
v -0.03327006 -0.02950419 0.02152070 0.20784314 0.16078431 0.65098039
v -0.03238280 -0.03041475 0.02152070 0.20784314 0.16078431 0.65098039
v -0.02971655 -0.03305687 0.02150727 0.20784314 0.16078431 0.65098039
v -0.02880923 -0.03393591 0.02145694 0.20784314 0.16078431 0.65098039
v -0.02726655 -0.03502228 0.02170189 0.20784314 0.16078431 0.65098039
v -0.02628789 -0.03582835 0.02164149 0.20784314 0.16078431 0.65098039
v -0.02580636 -0.03600416 0.02177235 0.20784314 0.16078431 0.65098039
v -0.02528693 -0.03663608 0.02153412 0.20784314 0.16078431 0.65098039
v -0.03618153 -0.02603112 0.02098383 0.20784314 0.16078431 0.65098039
v -0.03610128 -0.02618371 0.02093349 0.20784314 0.16078431 0.65098039
v -0.03468790 -0.02826357 0.02028254 0.20784314 0.16078431 0.65098039
v -0.03428439 -0.02877773 0.02028254 0.20784314 0.16078431 0.65098039
v -0.03392325 -0.02922223 0.02028254 0.20784314 0.16078431 0.65098039
v -0.03347962 -0.02973971 0.02028254 0.20784314 0.16078431 0.65098039
v -0.03346178 -0.02971815 0.02093014 0.20784314 0.16078431 0.65098039
v -0.03378280 -0.02914428 0.02118515 0.20784314 0.16078431 0.65098039
v -0.03584268 -0.02670119 0.02028254 0.20784314 0.16078431 0.65098039
v -0.03539904 -0.02732482 0.02028254 0.20784314 0.16078431 0.65098039
v -0.03507580 -0.02776766 0.02028254 0.20784314 0.16078431 0.65098039
v -0.02425699 -0.03743220 0.02134286 0.20784314 0.16078431 0.65098039
v -0.02258279 -0.03839418 0.02150727 0.20784314 0.16078431 0.65098039
v -0.02227737 -0.03875409 0.02119522 0.20784314 0.16078431 0.65098039
v -0.02144361 -0.03921683 0.02124891 0.20784314 0.16078431 0.65098039
v -0.02286368 -0.03856335 0.02091672 0.20784314 0.16078431 0.65098039
v -0.02119393 -0.03948718 0.02100396 0.20784314 0.16078431 0.65098039
v -0.02294171 -0.03860482 0.02028254 0.20784314 0.16078431 0.65098039
v -0.02225954 -0.03900951 0.02028254 0.20784314 0.16078431 0.65098039
v -0.02174457 -0.03930805 0.02028254 0.20784314 0.16078431 0.65098039
v -0.02006590 -0.04024681 0.02028254 0.20784314 0.16078431 0.65098039
v -0.02005030 -0.04023686 0.01981613 0.20784314 0.16078431 0.65098039
v -0.01863692 -0.04095005 0.02027918 0.20784314 0.16078431 0.65098039
v -0.01825125 -0.04111259 0.01998055 0.20784314 0.16078431 0.65098039
v -0.01790348 -0.04127845 0.02027918 0.20784314 0.16078431 0.65098039
v -0.01694042 -0.04168646 0.02028254 0.20784314 0.16078431 0.65098039
v -0.01626495 -0.04190705 0.01939670 0.20784314 0.16078431 0.65098039
v -0.01571208 -0.04205300 0.01868871 0.20784314 0.16078431 0.65098039
v -0.01543564 -0.03755328 -0.01176524 0.20784314 0.16078431 0.65098039
v -0.01437450 -0.03789992 -0.01176524 0.20784314 0.16078431 0.65098039
v -0.01427864 -0.03792812 -0.01176524 0.20784314 0.16078431 0.65098039
v -0.01352959 -0.03811388 -0.01176524 0.20784314 0.16078431 0.65098039
v -0.01352959 -0.03304526 0.01165236 0.20784314 0.16078431 0.65098039
v -0.02431495 -0.02603112 0.01212212 0.20784314 0.16078431 0.65098039
v -0.03082898 -0.03240836 0.02093014 0.20784314 0.16078431 0.65098039
v -0.02993057 -0.03324594 0.02091672 0.20784314 0.16078431 0.65098039
v -0.02898311 -0.03409348 0.02086638 0.20784314 0.16078431 0.65098039
v -0.02842802 -0.03443681 0.02111133 0.20784314 0.16078431 0.65098039
v -0.02785732 -0.03478013 0.02135628 0.20784314 0.16078431 0.65098039
v -0.02690986 -0.03563264 0.02116837 0.20784314 0.16078431 0.65098039
v -0.02580859 -0.03643208 0.02120864 0.20784314 0.16078431 0.65098039
v -0.02551432 -0.03679531 0.02094356 0.20784314 0.16078431 0.65098039
v -0.02489012 -0.03711375 0.02114153 0.20784314 0.16078431 0.65098039
v -0.03630191 -0.02603112 0.02026576 0.20784314 0.16078431 0.65098039
v -0.03615032 -0.02625669 0.02028254 0.20784314 0.16078431 0.65098039
v -0.03501561 -0.02769634 0.01939670 0.20784314 0.16078431 0.65098039
v -0.03424650 -0.02872632 0.01976916 0.20784314 0.16078431 0.65098039
v -0.02912133 -0.02805791 -0.01176524 0.20784314 0.16078431 0.65098039
v -0.03213312 -0.03101847 0.01939670 0.20784314 0.16078431 0.65098039
v -0.03168949 -0.03149449 0.01939670 0.20784314 0.16078431 0.65098039
v -0.03127038 -0.03193733 0.01939670 0.20784314 0.16078431 0.65098039
v -0.03132834 -0.03199869 0.02028254 0.20784314 0.16078431 0.65098039
v -0.03088471 -0.03246144 0.02028254 0.20784314 0.16078431 0.65098039
v -0.03580255 -0.02663651 0.01939670 0.20784314 0.16078431 0.65098039
v -0.03535892 -0.02725350 0.01939670 0.20784314 0.16078431 0.65098039
v -0.02315349 -0.03821671 0.02119522 0.20784314 0.16078431 0.65098039
v -0.02449330 -0.03758313 0.02075230 0.20784314 0.16078431 0.65098039
v -0.02338534 -0.03833281 0.02028254 0.20784314 0.16078431 0.65098039
v -0.02332738 -0.03830296 0.01939670 0.20784314 0.16078431 0.65098039
v -0.02288374 -0.03856501 0.01939670 0.20784314 0.16078431 0.65098039
v -0.02168438 -0.03926991 0.01939670 0.20784314 0.16078431 0.65098039
v -0.02124075 -0.03952367 0.01939670 0.20784314 0.16078431 0.65098039
v -0.02113151 -0.03946230 0.01850751 0.20784314 0.16078431 0.65098039
v -0.01995890 -0.04019208 0.01922222 0.20784314 0.16078431 0.65098039
v -0.01963788 -0.04038613 0.01947052 0.20784314 0.16078431 0.65098039
v -0.01871272 -0.04081902 0.01939670 0.20784314 0.16078431 0.65098039
v -0.01816654 -0.04107444 0.01939670 0.20784314 0.16078431 0.65098039
v -0.01772291 -0.04127181 0.01939670 0.20784314 0.16078431 0.65098039
v -0.01694042 -0.04161348 0.01939670 0.20784314 0.16078431 0.65098039
v -0.01549806 -0.03752674 -0.01176524 0.20784314 0.16078431 0.65098039
v -0.01352959 -0.03132697 -0.01176524 0.20784314 0.16078431 0.65098039
v -0.01352959 -0.03295404 0.01136043 0.20784314 0.16078431 0.65098039
v -0.02400731 -0.02603112 0.01141412 0.20784314 0.16078431 0.65098039
v -0.03041878 -0.03290428 0.02028254 0.20784314 0.16078431 0.65098039
v -0.02804458 -0.03493106 0.02076572 0.20784314 0.16078431 0.65098039
v -0.02756974 -0.03514502 0.02110462 0.20784314 0.16078431 0.65098039
v -0.02601814 -0.03651667 0.02028254 0.20784314 0.16078431 0.65098039
v -0.03623281 -0.02603112 0.01959468 0.20784314 0.16078431 0.65098039
v -0.02950031 -0.02754872 -0.01176524 0.20784314 0.16078431 0.65098039
v -0.02874012 -0.02843938 -0.01176524 0.20784314 0.16078431 0.65098039
v -0.03082675 -0.03239510 0.01939670 0.20784314 0.16078431 0.65098039
v -0.03621051 -0.02603112 0.01939670 0.20784314 0.16078431 0.65098039
v -0.02956942 -0.02745087 -0.01176524 0.20784314 0.16078431 0.65098039
v -0.02557451 -0.03684009 0.02028254 0.20784314 0.16078431 0.65098039
v -0.02494808 -0.03728459 0.02028254 0.20784314 0.16078431 0.65098039
v -0.02450667 -0.03759308 0.02028254 0.20784314 0.16078431 0.65098039
v -0.02403406 -0.03790987 0.02028254 0.20784314 0.16078431 0.65098039
v -0.02449999 -0.03759142 0.01973560 0.20784314 0.16078431 0.65098039
v -0.02278565 -0.03851028 0.01868200 0.20784314 0.16078431 0.65098039
v -0.02157514 -0.03920356 0.01850751 0.20784314 0.16078431 0.65098039
v -0.02409648 -0.03781202 0.01942355 0.20784314 0.16078431 0.65098039
v -0.02390922 -0.03778382 0.01850751 0.20784314 0.16078431 0.65098039
v -0.02024425 -0.03505546 -0.01176524 0.20784314 0.16078431 0.65098039
v -0.01959998 -0.03542366 -0.01176524 0.20784314 0.16078431 0.65098039
v -0.02172228 -0.02603112 -0.01176524 0.20784314 0.16078431 0.65098039
v -0.02315795 -0.02603112 0.00698159 0.20784314 0.16078431 0.65098039
v -0.01352959 -0.03216787 0.00520992 0.20784314 0.16078431 0.65098039
v -0.01352959 -0.03276164 0.01053500 0.20784314 0.16078431 0.65098039
v -0.02373311 -0.02603112 0.01052829 0.20784314 0.16078431 0.65098039
v -0.02997515 -0.03328907 0.02028254 0.20784314 0.16078431 0.65098039
v -0.03034522 -0.03283794 0.01939670 0.20784314 0.16078431 0.65098039
v -0.02990159 -0.03323433 0.01939670 0.20784314 0.16078431 0.65098039
v -0.02897197 -0.03408187 0.01956783 0.20784314 0.16078431 0.65098039
v -0.02804012 -0.03492775 0.01976580 0.20784314 0.16078431 0.65098039
v -0.02901210 -0.03411836 0.02028254 0.20784314 0.16078431 0.65098039
v -0.02849490 -0.03455954 0.02028254 0.20784314 0.16078431 0.65098039
v -0.02805126 -0.03493770 0.02028254 0.20784314 0.16078431 0.65098039
v -0.02757865 -0.03531585 0.02028254 0.20784314 0.16078431 0.65098039
v -0.02705031 -0.03573381 0.02028254 0.20784314 0.16078431 0.65098039
v -0.02660668 -0.03607382 0.02028254 0.20784314 0.16078431 0.65098039
v -0.02654871 -0.03602738 0.01939670 0.20784314 0.16078431 0.65098039
v -0.02595572 -0.03647023 0.01939670 0.20784314 0.16078431 0.65098039
v -0.02867547 -0.02850075 -0.01176524 0.20784314 0.16078431 0.65098039
v -0.03045445 -0.02603112 -0.01176524 0.20784314 0.16078431 0.65098039
v -0.02984585 -0.02701798 -0.01176524 0.20784314 0.16078431 0.65098039
v -0.02551209 -0.03679697 0.01939670 0.20784314 0.16078431 0.65098039
v -0.02541623 -0.03672731 0.01850751 0.20784314 0.16078431 0.65098039
v -0.02536496 -0.03668916 0.01805117 0.20784314 0.16078431 0.65098039
v -0.02443311 -0.03754167 0.01914505 0.20784314 0.16078431 0.65098039
v -0.02435285 -0.03748693 0.01850751 0.20784314 0.16078431 0.65098039
v -0.02448215 -0.03225743 -0.01121494 0.20784314 0.16078431 0.65098039
v -0.02434617 -0.03224748 -0.01176524 0.20784314 0.16078431 0.65098039
v -0.02325604 -0.02603112 0.00786742 0.20784314 0.16078431 0.65098039
v -0.01352959 -0.03221929 0.00609240 0.20784314 0.16078431 0.65098039
v -0.01352959 -0.03260905 0.00978002 0.20784314 0.16078431 0.65098039
v -0.01352959 -0.03258251 0.00964245 0.20784314 0.16078431 0.65098039
v -0.02362164 -0.02603112 0.01002161 0.20784314 0.16078431 0.65098039
v -0.02491018 -0.03178474 -0.01176524 0.20784314 0.16078431 0.65098039
v -0.02636591 -0.03588972 0.01762168 0.20784314 0.16078431 0.65098039
v -0.02699012 -0.03568903 0.01939670 0.20784314 0.16078431 0.65098039
v -0.02585986 -0.03640222 0.01850751 0.20784314 0.16078431 0.65098039
v -0.02451336 -0.03212309 -0.01176524 0.20784314 0.16078431 0.65098039
v -0.02329616 -0.02603112 0.00814928 0.20784314 0.16078431 0.65098039
v -0.01352959 -0.03246476 0.00875326 0.20784314 0.16078431 0.65098039
v -0.01352959 -0.03230056 0.00698159 0.20784314 0.16078431 0.65098039
v -0.01352959 -0.03248798 0.00894116 0.20784314 0.16078431 0.65098039
v -0.02351018 -0.02603112 0.00947132 0.20784314 0.16078431 0.65098039
v -0.02338757 -0.02603112 0.00875326 0.20784314 0.16078431 0.65098039
f 5916 5917 5918
f 5916 5918 5919
f 5916 5919 5920
f 5916 5920 5930
f 5916 5930 5947
f 5916 5947 5972
f 5916 5972 6001
f 5916 6001 6031
f 5916 6031 6075
f 5916 6075 6114
f 5916 6114 6140
f 5916 6140 6167
f 5916 6167 6178
f 5916 6178 6177
f 5916 6177 6179
f 5916 6179 6169
f 5916 6169 6168
f 5916 6168 6141
f 5916 6141 6115
f 5916 6115 6076
f 5916 6076 6034
f 5916 6034 6033
f 5916 6033 6032
f 5916 6032 6002
f 5916 6002 5973
f 5916 5973 5948
f 5916 5948 5932
f 5916 5932 5921
f 5916 5921 5917
f 5917 5922 5923
f 5917 5923 5925
f 5917 5925 5918
f 5917 5921 5924
f 5917 5924 5922
f 5918 5925 5926
f 5918 5926 5919
f 5919 5926 5920
f 5920 5926 5927
f 5920 5927 5928
f 5920 5928 5929
f 5920 5929 5930
f 5921 5931 5924
f 5921 5932 5933
f 5921 5933 5931
f 5922 5934 5935
f 5922 5935 5923
f 5922 5924 5934
f 5923 5935 5936
f 5923 5936 5925
f 5924 5937 5938
f 5924 5938 5934
f 5924 5931 5933
f 5924 5933 5949
f 5924 5949 5974
f 5924 5974 6003
f 5924 6003 6035
f 5924 6035 6077
f 5924 6077 6116
f 5924 6116 6142
f 5924 6142 6170
f 5924 6170 6180
f 5924 6180 6181
f 5924 6181 6176
f 5924 6176 6166
f 5924 6166 6139
f 5924 6139 6138
f 5924 6138 6157
f 5924 6157 6125
f 5924 6125 6121
f 5924 6121 6087
f 5924 6087 6044
f 5924 6044 6014
f 5924 6014 5986
f 5924 5986 5960
f 5924 5960 5939
f 5924 5939 5937
f 5925 5936 5940
f 5925 5940 5941
f 5925 5941 5926
f 5926 5941 5927
f 5927 5942 5928
f 5927 5941 5942
f 5928 5942 5943
f 5928 5943 5944
f 5928 5944 5929
f 5929 5944 5945
f 5929 5945 5930
f 5930 5945 5944
f 5930 5944 5946
f 5930 5946 5947
f 5932 5948 5949
f 5932 5949 5933
f 5934 5950 5936
f 5934 5936 5935
f 5934 5938 5950
f 5936 5951 5940
f 5936 5950 5952
f 5936 5952 5953
f 5936 5953 5954
f 5936 5954 5955
f 5936 5955 5951
f 5937 5956 5957
f 5937 5957 5958
f 5937 5958 5938
f 5937 5939 5959
f 5937 5959 5956
f 5938 5952 5950
f 5938 5958 5952
f 5939 5960 5961
f 5939 5961 5959
f 5940 5951 5941
f 5941 5951 5962
f 5941 5962 5942
f 5942 5963 5943
f 5942 5962 5963
f 5943 5964 5965
f 5943 5965 5966
f 5943 5966 5967
f 5943 5967 5944
f 5943 5963 5968
f 5943 5968 5964
f 5944 5967 5966
f 5944 5966 5969
f 5944 5969 5970
f 5944 5970 5946
f 5946 5970 5947
f 5947 5970 5971
f 5947 5971 5972
f 5948 5973 5949
f 5949 5973 5974
f 5951 5955 5962
f 5952 5958 5953
f 5953 5975 5954
f 5953 5958 5976
f 5953 5976 5977
f 5953 5977 5978
f 5953 5978 5975
f 5954 5975 5955
f 5955 5975 5979
f 5955 5979 5980
f 5955 5980 5981
f 5955 5981 5982
f 5955 5982 5968
f 5955 5968 5962
f 5956 5959 5983
f 5956 5983 5976
f 5956 5976 5957
f 5957 5976 5958
f 5959 5961 5983
f 5960 5984 5985
f 5960 5985 5961
f 5960 5986 5984
f 5961 5985 5987
f 5961 5987 5983
f 5962 5968 5963
f 5964 5968 5982
f 5964 5982 5988
f 5964 5988 5989
f 5964 5989 5965
f 5965 5989 5990
f 5965 5990 5991
f 5965 5991 5966
f 5966 5991 5992
f 5966 5992 5969
f 5969 5992 5970
f 5970 5992 5993
f 5970 5993 5994
f 5970 5994 5995
f 5970 5995 5971
f 5971 5994 5996
f 5971 5996 5997
f 5971 5997 5998
f 5971 5998 5972
f 5971 5995 5994
f 5972 5998 5999
f 5972 5999 6000
f 5972 6000 6001
f 5973 6002 5974
f 5974 6002 6003
f 5975 5978 5979
f 5976 5983 6004
f 5976 6004 5977
f 5977 6004 6005
f 5977 6005 5978
f 5978 6005 6006
f 5978 6006 6007
f 5978 6007 5979
f 5979 6007 5980
f 5980 6007 6008
f 5980 6008 5981
f 5981 6009 5982
f 5981 6008 6010
f 5981 6010 6009
f 5982 6009 5988
f 5983 5987 6011
f 5983 6011 6004
f 5984 5986 6012
f 5984 6012 5985
f 5985 6012 6013
f 5985 6013 6011
f 5985 6011 5987
f 5986 6014 6015
f 5986 6015 6016
f 5986 6016 6012
f 5988 6009 5989
f 5989 6017 5990
f 5989 6009 6017
f 5990 6017 6018
f 5990 6018 6019
f 5990 6019 5991
f 5991 6019 6020
f 5991 6020 6021
f 5991 6021 6022
f 5991 6022 5993
f 5991 5993 5992
f 5993 6022 5994
f 5994 6023 6024
f 5994 6024 6025
f 5994 6025 6026
f 5994 6026 5996
f 5994 6022 6021
f 5994 6021 6023
f 5996 6026 6027
f 5996 6027 6028
f 5996 6028 5997
f 5997 6028 5998
f 5998 6028 5999
f 5999 6028 6029
f 5999 6029 6030
f 5999 6030 6000
f 6000 6030 6031
f 6000 6031 6001
f 6002 6032 6003
f 6003 6032 6033
f 6003 6033 6034
f 6003 6034 6035
f 6004 6011 6036
f 6004 6036 6037
f 6004 6037 6005
f 6005 6037 6038
f 6005 6038 6039
f 6005 6039 6006
f 6006 6040 6007
f 6006 6039 6040
f 6007 6040 6008
f 6008 6040 6041
f 6008 6041 6042
f 6008 6042 6010
f 6009 6010 6018
f 6009 6018 6017
f 6010 6042 6041
f 6010 6041 6043
f 6010 6043 6018
f 6011 6013 6036
f 6012 6016 6013
f 6013 6016 6036
f 6014 6044 6045
f 6014 6045 6015
f 6015 6046 6047
f 6015 6047 6048
f 6015 6048 6049
f 6015 6049 6050
f 6015 6050 6051
f 6015 6051 6016
f 6015 6045 6052
f 6015 6052 6053
f 6015 6053 6054
f 6015 6054 6046
f 6016 6051 6036
f 6018 6043 6055
f 6018 6055 6056
f 6018 6056 6019
f 6019 6056 6057
f 6019 6057 6058
f 6019 6058 6020
f 6020 6058 6059
f 6020 6059 6060
f 6020 6060 6023
f 6020 6023 6021
f 6023 6059 6061
f 6023 6061 6062
f 6023 6062 6063
f 6023 6063 6064
f 6023 6064 6024
f 6023 6060 6059
f 6024 6064 6065
f 6024 6065 6066
f 6024 6066 6025
f 6025 6066 6067
f 6025 6067 6068
f 6025 6068 6069
f 6025 6069 6026
f 6026 6069 6027
f 6027 6067 6070
f 6027 6070 6071
f 6027 6071 6028
f 6027 6069 6067
f 6028 6071 6029
f 6029 6071 6030
f 6030 6072 6113
f 6030 6113 6137
f 6030 6137 6136
f 6030 6136 6165
f 6030 6165 6175
f 6030 6175 6171
f 6030 6171 6156
f 6030 6156 6123
f 6030 6123 6091
f 6030 6091 6122
f 6030 6122 6126
f 6030 6126 6158
f 6030 6158 6157
f 6030 6157 6138
f 6030 6138 6114
f 6030 6114 6075
f 6030 6075 6074
f 6030 6074 6073
f 6030 6073 6031
f 6030 6071 6072
f 6031 6073 6074
f 6031 6074 6075
f 6034 6076 6035
f 6035 6076 6077
f 6036 6051 6050
f 6036 6050 6037
f 6037 6050 6078
f 6037 6078 6038
f 6038 6078 6039
f 6039 6078 6079
f 6039 6079 6080
f 6039 6080 6081
f 6039 6081 6082
f 6039 6082 6040
f 6040 6082 6041
f 6041 6082 6083
f 6041 6083 6084
f 6041 6084 6043
f 6043 6084 6085
f 6043 6085 6086
f 6043 6086 6055
f 6044 6087 6045
f 6045 6087 6088
f 6045 6088 6052
f 6046 6054 6089
f 6046 6089 6047
f 6047 6089 6090
f 6047 6090 6048
f 6048 6090 6091
f 6048 6091 6049
f 6049 6092 6093
f 6049 6093 6094
f 6049 6094 6095
f 6049 6095 6050
f 6049 6091 6092
f 6050 6095 6096
f 6050 6096 6078
f 6052 6088 6097
f 6052 6097 6053
f 6053 6097 6098
f 6053 6098 6054
f 6054 6098 6089
f 6055 6099 6056
f 6055 6086 6100
f 6055 6100 6059
f 6055 6059 6099
f 6056 6099 6059
f 6056 6059 6057
f 6057 6059 6058
f 6059 6100 6101
f 6059 6101 6061
f 6061 6101 6102
f 6061 6102 6062
f 6062 6102 6103
f 6062 6103 6104
f 6062 6104 6063
f 6063 6104 6105
f 6063 6105 6065
f 6063 6065 6064
f 6065 6105 6106
f 6065 6106 6107
f 6065 6107 6108
f 6065 6108 6109
f 6065 6109 6067
f 6065 6067 6066
f 6067 6109 6110
f 6067 6110 6111
f 6067 6111 6112
f 6067 6112 6070
f 6067 6069 6068
f 6070 6112 6071
f 6071 6112 6111
f 6071 6111 6113
f 6071 6113 6072
f 6076 6115 6077
f 6077 6115 6116
f 6078 6096 6117
f 6078 6117 6079
f 6079 6117 6080
f 6080 6117 6118
f 6080 6118 6081
f 6081 6118 6082
f 6082 6118 6119
f 6082 6119 6083
f 6083 6119 6118
f 6083 6118 6085
f 6083 6085 6084
f 6085 6118 6120
f 6085 6120 6100
f 6085 6100 6086
f 6087 6121 6097
f 6087 6097 6088
f 6089 6098 6091
f 6089 6091 6090
f 6091 6123 6124
f 6091 6124 6094
f 6091 6094 6093
f 6091 6093 6092
f 6091 6098 6122
f 6094 6124 6096
f 6094 6096 6095
f 6096 6124 6117
f 6097 6121 6125
f 6097 6125 6126
f 6097 6126 6122
f 6097 6122 6098
f 6100 6120 6127
f 6100 6127 6128
f 6100 6128 6129
f 6100 6129 6130
f 6100 6130 6101
f 6101 6130 6131
f 6101 6131 6102
f 6102 6132 6133
f 6102 6133 6103
f 6102 6131 6134
f 6102 6134 6135
f 6102 6135 6136
f 6102 6136 6132
f 6103 6133 6104
f 6104 6133 6106
f 6104 6106 6105
f 6106 6133 6136
f 6106 6136 6137
f 6106 6137 6107
f 6107 6137 6113
f 6107 6113 6108
f 6108 6113 6109
f 6109 6113 6110
f 6110 6113 6111
f 6114 6138 6139
f 6114 6139 6140
f 6115 6141 6116
f 6116 6141 6142
f 6117 6143 6118
f 6117 6124 6144
f 6117 6144 6145
f 6117 6145 6146
f 6117 6146 6147
f 6117 6147 6143
f 6118 6143 6148
f 6118 6148 6149
f 6118 6149 6150
f 6118 6150 6151
f 6118 6151 6152
f 6118 6152 6153
f 6118 6153 6120
f 6120 6153 6154
f 6120 6154 6155
f 6120 6155 6131
f 6120 6131 6127
f 6123 6156 6124
f 6124 6156 6144
f 6125 6157 6158
f 6125 6158 6126
f 6127 6131 6128
f 6128 6131 6129
f 6129 6131 6130
f 6131 6155 6159
f 6131 6159 6160
f 6131 6160 6161
f 6131 6161 6162
f 6131 6162 6134
f 6132 6136 6133
f 6134 6162 6135
f 6135 6162 6163
f 6135 6163 6136
f 6136 6164 6165
f 6136 6163 6164
f 6139 6166 6167
f 6139 6167 6140
f 6141 6168 6142
f 6142 6168 6169
f 6142 6169 6170
f 6143 6147 6148
f 6144 6156 6145
f 6145 6156 6146
f 6146 6156 6171
f 6146 6171 6147
f 6147 6172 6173
f 6147 6173 6154
f 6147 6154 6153
f 6147 6153 6152
f 6147 6152 6151
f 6147 6151 6150
f 6147 6150 6149
f 6147 6149 6148
f 6147 6171 6164
f 6147 6164 6172
f 6154 6173 6172
f 6154 6172 6155
f 6155 6174 6159
f 6155 6172 6174
f 6159 6174 6160
f 6160 6174 6172
f 6160 6172 6161
f 6161 6172 6164
f 6161 6164 6162
f 6162 6164 6163
f 6164 6171 6175
f 6164 6175 6165
f 6166 6176 6177
f 6166 6177 6178
f 6166 6178 6167
f 6169 6179 6170
f 6170 6179 6180
f 6176 6181 6177
f 6177 6181 6180
f 6177 6180 6179

o geometry_19
v -0.01345760 0.04001925 0.02308046 0.25098039 0.46274510 0.24313725
v -0.01345760 0.03995542 0.02307365 0.25098039 0.46274510 0.24313725
v -0.01345760 0.04084252 0.02299872 0.25098039 0.46274510 0.24313725
v -0.01428031 0.04001925 0.02311793 0.25098039 0.46274510 0.24313725
v -0.02935293 0.03026604 0.02302597 0.25098039 0.46274510 0.24313725
v -0.03333785 0.02539517 0.02280460 0.25098039 0.46274510 0.24313725
v -0.01428031 0.03913215 0.02303278 0.25098039 0.46274510 0.24313725
v -0.01345760 0.03913215 0.02296126 0.25098039 0.46274510 0.24313725
v -0.01345760 0.04091127 0.02297829 0.25098039 0.46274510 0.24313725
v -0.01516733 0.04001925 0.02309068 0.25098039 0.46274510 0.24313725
v -0.02314826 0.03558538 0.02302938 0.25098039 0.46274510 0.24313725
v -0.02403306 0.03469828 0.02303619 0.25098039 0.46274510 0.24313725
v -0.02846592 0.03115314 0.02302597 0.25098039 0.46274510 0.24313725
v -0.02935293 0.03115314 0.02292380 0.25098039 0.46274510 0.24313725
v -0.03023995 0.03026604 0.02289314 0.25098039 0.46274510 0.24313725
v -0.03378580 0.02583217 0.02282162 0.25098039 0.46274510 0.24313725
v -0.03378580 0.02539517 0.02280460 0.25098039 0.46274510 0.24313725
v -0.03289656 0.02539517 0.02273648 0.25098039 0.46274510 0.24313725
v -0.01345760 0.03905359 0.02293742 0.25098039 0.46274510 0.24313725
v -0.03239097 0.02539517 0.02264112 0.25098039 0.46274510 0.24313725
v -0.01345760 0.04153322 0.02269561 0.25098039 0.46274510 0.24313725
v -0.01436014 0.04099146 0.02281141 0.25098039 0.46274510 0.24313725
v -0.01871317 0.03824505 0.02302938 0.25098039 0.46274510 0.24313725
v -0.01516733 0.04079342 0.02275691 0.25098039 0.46274510 0.24313725
v -0.01605213 0.04001925 0.02292039 0.25098039 0.46274510 0.24313725
v -0.01782616 0.03913215 0.02295785 0.25098039 0.46274510 0.24313725
v -0.02403306 0.03558538 0.02293401 0.25098039 0.46274510 0.24313725
v -0.02580487 0.03381118 0.02297148 0.25098039 0.46274510 0.24313725
v -0.02673845 0.03386191 0.02276032 0.25098039 0.46274510 0.24313725
v -0.02929084 0.03199114 0.02263431 0.25098039 0.46274510 0.24313725
v -0.03019782 0.03111059 0.02264793 0.25098039 0.46274510 0.24313725
v -0.03250849 0.02898940 0.02253213 0.25098039 0.46274510 0.24313725
v -0.03201398 0.02849184 0.02279438 0.25098039 0.46274510 0.24313725
v -0.03422487 0.02539517 0.02277735 0.25098039 0.46274510 0.24313725
v -0.03381241 0.02673564 0.02266155 0.25098039 0.46274510 0.24313725
v -0.03465729 0.02577488 0.02261387 0.25098039 0.46274510 0.24313725
v -0.03496553 0.02539517 0.02259684 0.25098039 0.46274510 0.24313725
v -0.01345760 0.03830888 0.02268199 0.25098039 0.46274510 0.24313725
v -0.03214703 0.02539517 0.02259003 0.25098039 0.46274510 0.24313725
v -0.01345760 0.04156268 0.02268199 0.25098039 0.46274510 0.24313725
v -0.01411843 0.04146448 0.02260025 0.25098039 0.46274510 0.24313725
v -0.01842711 0.03964772 0.02256278 0.25098039 0.46274510 0.24313725
v -0.01782616 0.03977866 0.02265134 0.25098039 0.46274510 0.24313725
v -0.01871761 0.03917798 0.02274670 0.25098039 0.46274510 0.24313725
v -0.01960019 0.03824505 0.02292039 0.25098039 0.46274510 0.24313725
v -0.02137422 0.03735795 0.02287952 0.25098039 0.46274510 0.24313725
v -0.02318817 0.03653304 0.02275010 0.25098039 0.46274510 0.24313725
v -0.02403306 0.03625807 0.02264112 0.25098039 0.46274510 0.24313725
v -0.02487129 0.03555592 0.02267177 0.25098039 0.46274510 0.24313725
v -0.02647457 0.03445932 0.02261387 0.25098039 0.46274510 0.24313725
v -0.02741259 0.03360168 0.02263771 0.25098039 0.46274510 0.24313725
v -0.02895378 0.03251980 0.02252532 0.25098039 0.46274510 0.24313725
v -0.02987627 0.03166380 0.02254576 0.25098039 0.46274510 0.24313725
v -0.03075220 0.03078816 0.02254576 0.25098039 0.46274510 0.24313725
v -0.03412508 0.02704334 0.02243677 0.25098039 0.46274510 0.24313725
v -0.03434905 0.02645248 0.02256278 0.25098039 0.46274510 0.24313725
v -0.03220469 0.02958189 0.02226648 0.25098039 0.46274510 0.24313725
v -0.03250406 0.02987487 0.02167728 0.25098039 0.46274510 0.24313725
v -0.03280121 0.02927255 0.02195656 0.25098039 0.46274510 0.24313725
v -0.03336668 0.02896321 0.02164663 0.25098039 0.46274510 0.24313725
v -0.03515180 0.02544099 0.02252192 0.25098039 0.46274510 0.24313725
v -0.03516954 0.02539517 0.02252532 0.25098039 0.46274510 0.24313725
v -0.01345760 0.03824832 0.02265134 0.25098039 0.46274510 0.24313725
v -0.03180997 0.02539517 0.02250148 0.25098039 0.46274510 0.24313725
v -0.01345760 0.04193421 0.02208938 0.25098039 0.46274510 0.24313725
v -0.01470830 0.04134336 0.02249126 0.25098039 0.46274510 0.24313725
v -0.01714981 0.04036460 0.02235163 0.25098039 0.46274510 0.24313725
v -0.01901698 0.03950369 0.02239931 0.25098039 0.46274510 0.24313725
v -0.02017010 0.03875243 0.02255257 0.25098039 0.46274510 0.24313725
v -0.01960019 0.03890465 0.02265474 0.25098039 0.46274510 0.24313725
v -0.02219471 0.03733831 0.02266496 0.25098039 0.46274510 0.24313725
v -0.02185543 0.03782769 0.02252192 0.25098039 0.46274510 0.24313725
v -0.02454531 0.03608458 0.02253895 0.25098039 0.46274510 0.24313725
v -0.02610424 0.03505017 0.02239250 0.25098039 0.46274510 0.24313725
v -0.02706443 0.03419090 0.02244358 0.25098039 0.46274510 0.24313725
v -0.02846592 0.03316140 0.02228011 0.25098039 0.46274510 0.24313725
v -0.02892495 0.03338236 0.02162960 0.25098039 0.46274510 0.24313725
v -0.02954364 0.03225466 0.02224945 0.25098039 0.46274510 0.24313725
v -0.03046614 0.03137901 0.02225627 0.25098039 0.46274510 0.24313725
v -0.03494114 0.02603185 0.02234141 0.25098039 0.46274510 0.24313725
v -0.03439784 0.02739196 0.02184417 0.25098039 0.46274510 0.24313725
v -0.03521833 0.02639684 0.02175221 0.25098039 0.46274510 0.24313725
v -0.03602773 0.02542299 0.02165004 0.25098039 0.46274510 0.24313725
v -0.03161704 0.03075542 0.02167728 0.25098039 0.46274510 0.24313725
v -0.03165696 0.03079470 0.02116982 0.25098039 0.46274510 0.24313725
v -0.03210047 0.03034297 0.02116982 0.25098039 0.46274510 0.24313725
v -0.03252623 0.02989942 0.02116982 0.25098039 0.46274510 0.24313725
v -0.03296974 0.02940677 0.02116982 0.25098039 0.46274510 0.24313725
v -0.03336668 0.02896321 0.02116982 0.25098039 0.46274510 0.24313725
v -0.03450206 0.02751472 0.02116982 0.25098039 0.46274510 0.24313725
v -0.03529151 0.02649340 0.02116982 0.25098039 0.46274510 0.24313725
v -0.03573502 0.02591073 0.02116982 0.25098039 0.46274510 0.24313725
v -0.03520946 0.02539517 0.02249807 0.25098039 0.46274510 0.24313725
v -0.01345760 0.03786860 0.02245380 0.25098039 0.46274510 0.24313725
v -0.03168801 0.02539517 0.02245721 0.25098039 0.46274510 0.24313725
v -0.01345760 0.04197022 0.02201446 0.25098039 0.46274510 0.24313725
v -0.01436014 0.04162487 0.02214047 0.25098039 0.46274510 0.24313725
v -0.01516733 0.04145302 0.02185098 0.25098039 0.46274510 0.24313725
v -0.01564410 0.04136464 0.02164663 0.25098039 0.46274510 0.24313725
v -0.01754231 0.04053318 0.02175902 0.25098039 0.46274510 0.24313725
v -0.01783281 0.04023203 0.02205532 0.25098039 0.46274510 0.24313725
v -0.01871761 0.03981630 0.02208598 0.25098039 0.46274510 0.24313725
v -0.01935848 0.03967063 0.02180670 0.25098039 0.46274510 0.24313725
v -0.01963124 0.03936620 0.02208598 0.25098039 0.46274510 0.24313725
v -0.02047390 0.03892429 0.02206214 0.25098039 0.46274510 0.24313725
v -0.02075997 0.03857730 0.02235844 0.25098039 0.46274510 0.24313725
v -0.02137422 0.03796026 0.02260365 0.25098039 0.46274510 0.24313725
v -0.02105712 0.03876716 0.02176924 0.25098039 0.46274510 0.24313725
v -0.02274245 0.03782605 0.02165685 0.25098039 0.46274510 0.24313725
v -0.02381352 0.03705515 0.02185438 0.25098039 0.46274510 0.24313725
v -0.02351193 0.03686857 0.02244358 0.25098039 0.46274510 0.24313725
v -0.02407962 0.03671472 0.02211322 0.25098039 0.46274510 0.24313725
v -0.02487129 0.03623679 0.02201105 0.25098039 0.46274510 0.24313725
v -0.02541680 0.03606985 0.02168410 0.25098039 0.46274510 0.24313725
v -0.02639473 0.03525149 0.02179989 0.25098039 0.46274510 0.24313725
v -0.02692029 0.03498470 0.02116982 0.25098039 0.46274510 0.24313725
v -0.02749685 0.03454115 0.02116982 0.25098039 0.46274510 0.24313725
v -0.02892495 0.03338236 0.02143547 0.25098039 0.46274510 0.24313725
v -0.02983857 0.03252471 0.02116982 0.25098039 0.46274510 0.24313725
v -0.02982749 0.03251490 0.02165685 0.25098039 0.46274510 0.24313725
v -0.03578159 0.02539517 0.02193272 0.25098039 0.46274510 0.24313725
v -0.03560418 0.02539517 0.02212003 0.25098039 0.46274510 0.24313725
v -0.03605212 0.02539517 0.02161939 0.25098039 0.46274510 0.24313725
v -0.03603660 0.02539517 0.02166025 0.25098039 0.46274510 0.24313725
v -0.03073225 0.03164252 0.02049888 0.25098039 0.46274510 0.24313725
v -0.03162591 0.03076360 0.02028092 0.25098039 0.46274510 0.24313725
v -0.03250184 0.02987323 0.02046142 0.25098039 0.46274510 0.24313725
v -0.03335116 0.02894521 0.02067598 0.25098039 0.46274510 0.24313725
v -0.03493005 0.02692550 0.02028092 0.25098039 0.46274510 0.24313725
v -0.03527599 0.02648195 0.02028092 0.25098039 0.46274510 0.24313725
v -0.03605878 0.02546718 0.02116982 0.25098039 0.46274510 0.24313725
v -0.03571949 0.02589109 0.02028092 0.25098039 0.46274510 0.24313725
v -0.03604547 0.02544754 0.02028092 0.25098039 0.46274510 0.24313725
v -0.01345760 0.03783096 0.02241974 0.25098039 0.46274510 0.24313725
v -0.03114027 0.02539517 0.02210641 0.25098039 0.46274510 0.24313725
v -0.01345760 0.04211262 0.02118004 0.25098039 0.46274510 0.24313725
v -0.01345760 0.04211425 0.02116982 0.25098039 0.46274510 0.24313725
v -0.01564410 0.04136464 0.02142526 0.25098039 0.46274510 0.24313725
v -0.01758001 0.04055119 0.02116982 0.25098039 0.46274510 0.24313725
v -0.01802352 0.04034987 0.02116982 0.25098039 0.46274510 0.24313725
v -0.01871317 0.04002907 0.02116982 0.25098039 0.46274510 0.24313725
v -0.01941392 0.03969846 0.02116982 0.25098039 0.46274510 0.24313725
v -0.01985521 0.03948404 0.02116982 0.25098039 0.46274510 0.24313725
v -0.02048721 0.03914361 0.02116982 0.25098039 0.46274510 0.24313725
v -0.02110368 0.03879171 0.02116982 0.25098039 0.46274510 0.24313725
v -0.02275354 0.03783260 0.02116982 0.25098039 0.46274510 0.24313725
v -0.02319704 0.03756090 0.02116982 0.25098039 0.46274510 0.24313725
v -0.02390887 0.03711735 0.02116982 0.25098039 0.46274510 0.24313725
v -0.02435238 0.03683256 0.02116982 0.25098039 0.46274510 0.24313725
v -0.02491785 0.03643811 0.02116982 0.25098039 0.46274510 0.24313725
v -0.02543011 0.03607803 0.02116982 0.25098039 0.46274510 0.24313725
v -0.02687373 0.03495197 0.02028092 0.25098039 0.46274510 0.24313725
v -0.02745250 0.03450842 0.02028092 0.25098039 0.46274510 0.24313725
v -0.02794036 0.03417944 0.02116982 0.25098039 0.46274510 0.24313725
v -0.02789601 0.03414834 0.02028092 0.25098039 0.46274510 0.24313725
v -0.02889834 0.03336108 0.02084627 0.25098039 0.46274510 0.24313725
v -0.02982305 0.03250671 0.02060446 0.25098039 0.46274510 0.24313725
v -0.03610978 0.02539517 0.02116982 0.25098039 0.46274510 0.24313725
v -0.02892717 0.02810066 -0.01167548 0.25098039 0.46274510 0.24313725
v -0.02894269 0.02808593 -0.01167548 0.25098039 0.46274510 0.24313725
v -0.03330459 0.02888793 0.02008338 0.25098039 0.46274510 0.24313725
v -0.03361948 0.02855240 0.02034222 0.25098039 0.46274510 0.24313725
v -0.03412508 0.02792062 0.02028092 0.25098039 0.46274510 0.24313725
v -0.03448654 0.02747707 0.02028092 0.25098039 0.46274510 0.24313725
v -0.03098948 0.02539517 -0.01167548 0.25098039 0.46274510 0.24313725
v -0.03608317 0.02539517 0.02028092 0.25098039 0.46274510 0.24313725
v -0.03601221 0.02539517 0.01979730 0.25098039 0.46274510 0.24313725
v -0.03606986 0.02539517 0.02018555 0.25098039 0.46274510 0.24313725
v -0.03054154 0.02539517 0.02171815 0.25098039 0.46274510 0.24313725
v -0.01345760 0.03744797 0.02201446 0.25098039 0.46274510 0.24313725
v -0.01428031 0.04183110 0.02116982 0.25098039 0.46274510 0.24313725
v -0.01345760 0.04204715 0.02043758 0.25098039 0.46274510 0.24313725
v -0.01524051 0.04149066 0.02114598 0.25098039 0.46274510 0.24313725
v -0.01558644 0.04134008 0.02083265 0.25098039 0.46274510 0.24313725
v -0.01693914 0.04081633 0.02116982 0.25098039 0.46274510 0.24313725
v -0.01693914 0.04072795 0.02028092 0.25098039 0.46274510 0.24313725
v -0.01746692 0.04050045 0.02028092 0.25098039 0.46274510 0.24313725
v -0.01791042 0.04030077 0.02028092 0.25098039 0.46274510 0.24313725
v -0.01871317 0.03993087 0.02028092 0.25098039 0.46274510 0.24313725
v -0.01930526 0.03964935 0.02028092 0.25098039 0.46274510 0.24313725
v -0.01974877 0.03942349 0.02028092 0.25098039 0.46274510 0.24313725
v -0.02048721 0.03903722 0.02028092 0.25098039 0.46274510 0.24313725
v -0.02103051 0.03874425 0.02028092 0.25098039 0.46274510 0.24313725
v -0.02147401 0.03849547 0.02028092 0.25098039 0.46274510 0.24313725
v -0.02273136 0.03781787 0.02061128 0.25098039 0.46274510 0.24313725
v -0.02385565 0.03708789 0.02028092 0.25098039 0.46274510 0.24313725
v -0.02429694 0.03679000 0.02028092 0.25098039 0.46274510 0.24313725
v -0.02539684 0.03605348 0.02056359 0.25098039 0.46274510 0.24313725
v -0.02643243 0.03527113 0.02028092 0.25098039 0.46274510 0.24313725
v -0.02478258 0.03183566 -0.01167548 0.25098039 0.46274510 0.24313725
v -0.02840383 0.03370643 0.02028092 0.25098039 0.46274510 0.24313725
v -0.02480033 0.03182093 -0.01167548 0.25098039 0.46274510 0.24313725
v -0.02522609 0.03146085 -0.01167548 0.25098039 0.46274510 0.24313725
v -0.02170464 0.02539517 -0.01167548 0.25098039 0.46274510 0.24313725
v -0.01345760 0.03739068 0.02194975 0.25098039 0.46274510 0.24313725
v -0.03039296 0.02539517 0.02152743 0.25098039 0.46274510 0.24313725
v -0.01345760 0.03700442 0.02142526 0.25098039 0.46274510 0.24313725
v -0.01345760 0.04203569 0.02031497 0.25098039 0.46274510 0.24313725
v -0.01549109 0.04130735 0.02028092 0.25098039 0.46274510 0.24313725
v -0.01464177 0.03777695 -0.01075252 0.25098039 0.46274510 0.24313725
v -0.01605213 0.04109130 0.02028092 0.25098039 0.46274510 0.24313725
v -0.01472160 0.03780150 -0.01030636 0.25098039 0.46274510 0.24313725
v -0.01516733 0.03754453 -0.01075252 0.25098039 0.46274510 0.24313725
v -0.01516733 0.03742996 -0.01163802 0.25098039 0.46274510 0.24313725
v -0.01516733 0.03742505 -0.01167548 0.25098039 0.46274510 0.24313725
v -0.01997274 0.03511073 -0.01167548 0.25098039 0.46274510 0.24313725
v -0.01997939 0.03511237 -0.01163802 0.25098039 0.46274510 0.24313725
v -0.02004148 0.03514019 -0.01118164 0.25098039 0.46274510 0.24313725
v -0.02232333 0.03801100 0.02030135 0.25098039 0.46274510 0.24313725
v -0.02307508 0.03757072 0.02030135 0.25098039 0.46274510 0.24313725
v -0.02048721 0.03479812 -0.01167548 0.25098039 0.46274510 0.24313725
v -0.02433908 0.03240360 -0.00986361 0.25098039 0.46274510 0.24313725
v -0.01345760 0.03048045 -0.01167548 0.25098039 0.46274510 0.24313725
v -0.02325248 0.02539517 0.00698136 0.25098039 0.46274510 0.24313725
v -0.02453422 0.02539517 0.01266560 0.25098039 0.46274510 0.24313725
v -0.01345760 0.03253290 0.01250212 0.25098039 0.46274510 0.24313725
v -0.01345760 0.03280950 0.01308451 0.25098039 0.46274510 0.24313725
v -0.01345760 0.03282751 0.01312197 0.25098039 0.46274510 0.24313725
v -0.01345760 0.03794062 -0.01166867 0.25098039 0.46274510 0.24313725
v -0.01400090 0.03785060 -0.01163802 0.25098039 0.46274510 0.24313725
v -0.01419826 0.03790788 -0.01075252 0.25098039 0.46274510 0.24313725
v -0.01444441 0.03771311 -0.01163802 0.25098039 0.46274510 0.24313725
v -0.01443554 0.03770984 -0.01167548 0.25098039 0.46274510 0.24313725
v -0.01345760 0.03633172 -0.01167548 0.25098039 0.46274510 0.24313725
v -0.01345760 0.03183238 0.00863316 0.25098039 0.46274510 0.24313725
v -0.02332788 0.02539517 0.00786686 0.25098039 0.46274510 0.24313725
v -0.02435682 0.02539517 0.01236249 0.25098039 0.46274510 0.24313725
v -0.01345760 0.03246252 0.01230118 0.25098039 0.46274510 0.24313725
v -0.01397207 0.03784896 -0.01167548 0.25098039 0.46274510 0.24313725
v -0.01399203 0.03784733 -0.01167548 0.25098039 0.46274510 0.24313725
v -0.01345760 0.03184057 0.00875577 0.25098039 0.46274510 0.24313725
v -0.02353633 0.02539517 0.00969236 0.25098039 0.46274510 0.24313725
v -0.02426590 0.02539517 0.01216495 0.25098039 0.46274510 0.24313725
v -0.01345760 0.03241997 0.01216155 0.25098039 0.46274510 0.24313725
v -0.01345760 0.03192240 0.00953569 0.25098039 0.46274510 0.24313725
v -0.01345760 0.03193386 0.00964127 0.25098039 0.46274510 0.24313725
v -0.02359620 0.02539517 0.01003975 0.25098039 0.46274510 0.24313725
v -0.02412176 0.02539517 0.01181075 0.25098039 0.46274510 0.24313725
v -0.01345760 0.03222683 0.01144293 0.25098039 0.46274510 0.24313725
v -0.01345760 0.03205989 0.01052677 0.25098039 0.46274510 0.24313725
v -0.02372260 0.02539517 0.01052677 0.25098039 0.46274510 0.24313725
v -0.02396875 0.02539517 0.01141568 0.25098039 0.46274510 0.24313725
f 6182 6183 6189
f 6182 6189 6200
f 6182 6200 6219
f 6182 6219 6244
f 6182 6244 6275
f 6182 6275 6315
f 6182 6315 6351
f 6182 6351 6376
f 6182 6376 6378
f 6182 6378 6399
f 6182 6399 6398
f 6182 6398 6397
f 6182 6397 6409
f 6182 6409 6415
f 6182 6415 6420
f 6182 6420 6421
f 6182 6421 6417
f 6182 6417 6416
f 6182 6416 6412
f 6182 6412 6406
f 6182 6406 6394
f 6182 6394 6405
f 6182 6405 6400
f 6182 6400 6379
f 6182 6379 6353
f 6182 6353 6318
f 6182 6318 6317
f 6182 6317 6277
f 6182 6277 6246
f 6182 6246 6221
f 6182 6221 6202
f 6182 6202 6190
f 6182 6190 6184
f 6182 6184 6185
f 6182 6185 6186
f 6182 6186 6187
f 6182 6187 6183
f 6183 6188 6189
f 6183 6187 6188
f 6184 6190 6191
f 6184 6191 6185
f 6185 6191 6192
f 6185 6192 6193
f 6185 6193 6194
f 6185 6194 6186
f 6186 6194 6195
f 6186 6195 6196
f 6186 6196 6197
f 6186 6197 6198
f 6186 6198 6187
f 6187 6198 6215
f 6187 6215 6218
f 6187 6218 6243
f 6187 6243 6274
f 6187 6274 6303
f 6187 6303 6302
f 6187 6302 6305
f 6187 6305 6304
f 6187 6304 6339
f 6187 6339 6347
f 6187 6347 6349
f 6187 6349 6348
f 6187 6348 6346
f 6187 6346 6375
f 6187 6375 6395
f 6187 6395 6407
f 6187 6407 6413
f 6187 6413 6418
f 6187 6418 6422
f 6187 6422 6423
f 6187 6423 6419
f 6187 6419 6414
f 6187 6414 6408
f 6187 6408 6396
f 6187 6396 6377
f 6187 6377 6350
f 6187 6350 6316
f 6187 6316 6276
f 6187 6276 6245
f 6187 6245 6220
f 6187 6220 6201
f 6187 6201 6199
f 6187 6199 6189
f 6187 6189 6188
f 6189 6199 6201
f 6189 6201 6200
f 6190 6202 6203
f 6190 6203 6191
f 6191 6204 6192
f 6191 6203 6205
f 6191 6205 6206
f 6191 6206 6207
f 6191 6207 6204
f 6192 6194 6193
f 6192 6204 6208
f 6192 6208 6209
f 6192 6209 6194
f 6194 6209 6195
f 6195 6209 6208
f 6195 6208 6210
f 6195 6210 6211
f 6195 6211 6212
f 6195 6212 6213
f 6195 6213 6196
f 6196 6214 6197
f 6196 6213 6214
f 6197 6215 6198
f 6197 6214 6216
f 6197 6216 6217
f 6197 6217 6218
f 6197 6218 6215
f 6200 6201 6220
f 6200 6220 6219
f 6202 6221 6203
f 6203 6221 6205
f 6204 6207 6208
f 6205 6221 6222
f 6205 6222 6223
f 6205 6223 6224
f 6205 6224 6225
f 6205 6225 6207
f 6205 6207 6206
f 6207 6225 6226
f 6207 6226 6208
f 6208 6226 6227
f 6208 6227 6228
f 6208 6228 6229
f 6208 6229 6230
f 6208 6230 6231
f 6208 6231 6210
f 6210 6231 6232
f 6210 6232 6211
f 6211 6232 6233
f 6211 6233 6234
f 6211 6234 6212
f 6212 6234 6235
f 6212 6235 6213
f 6213 6236 6237
f 6213 6237 6216
f 6213 6216 6214
f 6213 6235 6238
f 6213 6238 6239
f 6213 6239 6240
f 6213 6240 6241
f 6213 6241 6236
f 6216 6237 6217
f 6217 6237 6218
f 6218 6237 6242
f 6218 6242 6243
f 6219 6220 6245
f 6219 6245 6244
f 6221 6246 6222
f 6222 6247 6223
f 6222 6246 6247
f 6223 6247 6248
f 6223 6248 6249
f 6223 6249 6250
f 6223 6250 6251
f 6223 6251 6225
f 6223 6225 6224
f 6225 6251 6227
f 6225 6227 6226
f 6227 6251 6252
f 6227 6252 6228
f 6228 6252 6229
f 6229 6253 6254
f 6229 6254 6231
f 6229 6231 6230
f 6229 6252 6253
f 6231 6254 6255
f 6231 6255 6256
f 6231 6256 6233
f 6231 6233 6232
f 6233 6256 6255
f 6233 6255 6257
f 6233 6257 6258
f 6233 6258 6259
f 6233 6259 6234
f 6234 6259 6260
f 6234 6260 6235
f 6235 6260 6238
f 6236 6261 6242
f 6236 6242 6237
f 6236 6241 6262
f 6236 6262 6263
f 6236 6263 6264
f 6236 6264 6261
f 6238 6260 6239
f 6239 6241 6240
f 6239 6260 6265
f 6239 6265 6266
f 6239 6266 6267
f 6239 6267 6268
f 6239 6268 6241
f 6241 6268 6269
f 6241 6269 6270
f 6241 6270 6271
f 6241 6271 6272
f 6241 6272 6273
f 6241 6273 6264
f 6241 6264 6263
f 6241 6263 6262
f 6242 6261 6274
f 6242 6274 6243
f 6244 6245 6275
f 6245 6276 6275
f 6246 6277 6278
f 6246 6278 6247
f 6247 6278 6279
f 6247 6279 6280
f 6247 6280 6281
f 6247 6281 6248
f 6248 6281 6282
f 6248 6282 6249
f 6249 6282 6281
f 6249 6281 6283
f 6249 6283 6284
f 6249 6284 6285
f 6249 6285 6286
f 6249 6286 6287
f 6249 6287 6250
f 6250 6287 6253
f 6250 6253 6251
f 6251 6253 6288
f 6251 6288 6252
f 6252 6288 6253
f 6253 6287 6289
f 6253 6289 6290
f 6253 6290 6291
f 6253 6291 6292
f 6253 6292 6254
f 6254 6292 6293
f 6254 6293 6294
f 6254 6294 6255
f 6255 6294 6295
f 6255 6295 6296
f 6255 6296 6258
f 6255 6258 6257
f 6258 6296 6295
f 6258 6295 6297
f 6258 6297 6298
f 6258 6298 6299
f 6258 6299 6300
f 6258 6300 6266
f 6258 6266 6301
f 6258 6301 6259
f 6259 6301 6260
f 6260 6301 6265
f 6261 6264 6302
f 6261 6302 6303
f 6261 6303 6274
f 6264 6273 6304
f 6264 6304 6305
f 6264 6305 6302
f 6265 6301 6266
f 6266 6300 6306
f 6266 6306 6307
f 6266 6307 6267
f 6267 6307 6308
f 6267 6308 6268
f 6268 6308 6269
f 6269 6308 6309
f 6269 6309 6270
f 6270 6309 6310
f 6270 6310 6271
f 6271 6310 6311
f 6271 6311 6272
f 6272 6311 6273
f 6273 6312 6304
f 6273 6311 6313
f 6273 6313 6314
f 6273 6314 6312
f 6275 6276 6315
f 6276 6316 6315
f 6277 6280 6278
f 6277 6317 6280
f 6278 6280 6279
f 6280 6317 6318
f 6280 6318 6319
f 6280 6319 6320
f 6280 6320 6281
f 6281 6320 6321
f 6281 6321 6322
f 6281 6322 6323
f 6281 6323 6284
f 6281 6284 6283
f 6284 6289 6286
f 6284 6286 6285
f 6284 6323 6324
f 6284 6324 6289
f 6286 6289 6287
f 6289 6324 6325
f 6289 6325 6290
f 6290 6325 6326
f 6290 6326 6327
f 6290 6327 6328
f 6290 6328 6329
f 6290 6329 6330
f 6290 6330 6295
f 6290 6295 6291
f 6291 6295 6293
f 6291 6293 6292
f 6293 6295 6294
f 6295 6330 6331
f 6295 6331 6332
f 6295 6332 6297
f 6297 6332 6333
f 6297 6333 6334
f 6297 6334 6298
f 6298 6335 6299
f 6298 6334 6336
f 6298 6336 6335
f 6299 6335 6337
f 6299 6337 6338
f 6299 6338 6300
f 6300 6338 6306
f 6304 6312 6339
f 6306 6338 6340
f 6306 6340 6307
f 6307 6340 6341
f 6307 6341 6308
f 6308 6341 6309
f 6309 6341 6342
f 6309 6342 6343
f 6309 6343 6344
f 6309 6344 6345
f 6309 6345 6310
f 6310 6345 6341
f 6310 6341 6311
f 6311 6341 6346
f 6311 6346 6313
f 6312 6314 6347
f 6312 6347 6339
f 6313 6348 6349
f 6313 6349 6314
f 6313 6346 6348
f 6314 6349 6347
f 6315 6316 6350
f 6315 6350 6351
f 6318 6352 6319
f 6318 6353 6352
f 6319 6352 6354
f 6319 6354 6355
f 6319 6355 6356
f 6319 6356 6320
f 6320 6356 6357
f 6320 6357 6358
f 6320 6358 6359
f 6320 6359 6321
f 6321 6359 6360
f 6321 6360 6322
f 6322 6360 6323
f 6323 6360 6361
f 6323 6361 6324
f 6324 6361 6362
f 6324 6362 6363
f 6324 6363 6325
f 6325 6363 6364
f 6325 6364 6365
f 6325 6365 6366
f 6325 6366 6326
f 6326 6366 6327
f 6327 6366 6328
f 6328 6366 6329
f 6329 6366 6367
f 6329 6367 6330
f 6330 6367 6368
f 6330 6368 6369
f 6330 6369 6331
f 6331 6369 6332
f 6332 6369 6333
f 6333 6369 6370
f 6333 6370 6371
f 6333 6371 6334
f 6334 6371 6336
f 6335 6336 6337
f 6336 6372 6337
f 6336 6371 6373
f 6336 6373 6374
f 6336 6374 6372
f 6337 6372 6374
f 6337 6374 6338
f 6338 6374 6340
f 6340 6374 6373
f 6340 6373 6371
f 6340 6371 6392
f 6340 6392 6387
f 6340 6387 6386
f 6340 6386 6404
f 6340 6404 6411
f 6340 6411 6410
f 6340 6410 6405
f 6340 6405 6394
f 6340 6394 6375
f 6340 6375 6346
f 6340 6346 6341
f 6341 6345 6344
f 6341 6344 6343
f 6341 6343 6342
f 6350 6376 6351
f 6350 6377 6378
f 6350 6378 6376
f 6352 6355 6354
f 6352 6353 6379
f 6352 6379 6355
f 6355 6379 6380
f 6355 6380 6381
f 6355 6381 6382
f 6355 6382 6357
f 6355 6357 6356
f 6357 6382 6383
f 6357 6383 6358
f 6358 6383 6384
f 6358 6384 6359
f 6359 6384 6385
f 6359 6385 6360
f 6360 6385 6386
f 6360 6386 6361
f 6361 6386 6387
f 6361 6387 6388
f 6361 6388 6362
f 6362 6388 6389
f 6362 6389 6363
f 6363 6389 6364
f 6364 6389 6365
f 6365 6390 6366
f 6365 6389 6390
f 6366 6391 6367
f 6366 6390 6389
f 6366 6389 6391
f 6367 6391 6389
f 6367 6389 6392
f 6367 6392 6368
f 6368 6392 6393
f 6368 6393 6371
f 6368 6371 6369
f 6369 6371 6370
f 6371 6393 6392
f 6375 6394 6395
f 6377 6396 6397
f 6377 6397 6398
f 6377 6398 6399
f 6377 6399 6378
f 6379 6400 6401
f 6379 6401 6402
f 6379 6402 6381
f 6379 6381 6380
f 6381 6402 6401
f 6381 6401 6403
f 6381 6403 6386
f 6381 6386 6383
f 6381 6383 6382
f 6383 6386 6385
f 6383 6385 6384
f 6386 6403 6404
f 6387 6392 6388
f 6388 6392 6389
f 6394 6406 6407
f 6394 6407 6395
f 6396 6408 6397
f 6397 6408 6409
f 6400 6405 6410
f 6400 6410 6411
f 6400 6411 6401
f 6401 6411 6404
f 6401 6404 6403
f 6406 6412 6407
f 6407 6412 6413
f 6408 6414 6415
f 6408 6415 6409
f 6412 6416 6413
f 6413 6416 6417
f 6413 6417 6418
f 6414 6419 6420
f 6414 6420 6415
f 6417 6421 6418
f 6418 6421 6422
f 6419 6423 6420
f 6420 6423 6421
f 6421 6423 6422

