# https://github.com/mikedh/trimesh

o geometry_0
v -0.06765358 0.01813112 -0.00070988 0.54509804 0.71372549 0.60000000
v -0.06764737 0.01947971 -0.00070988 0.54509804 0.71372549 0.60000000
v -0.06754360 0.02217201 -0.00153128 0.54509804 0.71372549 0.60000000
v -0.06753650 0.02082342 -0.00151862 0.54509804 0.71372549 0.60000000
v -0.06756489 0.00600358 -0.00034726 0.54509804 0.71372549 0.60000000
v -0.06756489 0.00600358 0.00026351 0.54509804 0.71372549 0.60000000
v -0.06757375 0.00735217 0.00025741 0.54509804 0.71372549 0.60000000
v -0.06758528 0.01004446 0.00023396 0.54509804 0.71372549 0.60000000
v -0.06758883 0.01139305 0.00021895 0.54509804 0.71372549 0.60000000
v -0.06751966 0.01813112 0.00009463 0.54509804 0.71372549 0.60000000
v -0.06762165 0.02082342 -0.00070988 0.54509804 0.71372549 0.60000000
v -0.06752941 0.02352060 -0.00152049 0.54509804 0.71372549 0.60000000
v -0.06758173 0.01274165 0.00019549 0.54509804 0.71372549 0.60000000
v -0.06756754 0.01409024 0.00016734 0.54509804 0.71372549 0.60000000
v -0.06669482 0.02352060 -0.00175129 0.54509804 0.71372549 0.60000000
v -0.06669482 0.02217201 -0.00175974 0.54509804 0.71372549 0.60000000
v -0.06750280 0.01813112 -0.00148813 0.54509804 0.71372549 0.60000000
v -0.06752054 0.01947971 -0.00150220 0.54509804 0.71372549 0.60000000
v -0.06755069 0.00465499 -0.00031771 0.54509804 0.71372549 0.60000000
v -0.06755069 0.00465499 0.00026492 0.54509804 0.71372549 0.60000000
v -0.06608906 -0.02228750 0.00133729 0.54509804 0.71372549 0.60000000
v -0.06669482 0.00465499 0.00082362 0.54509804 0.71372549 0.60000000
v -0.06669482 0.00600358 0.00080767 0.54509804 0.71372549 0.60000000
v -0.06669482 0.00735217 0.00078281 0.54509804 0.71372549 0.60000000
v -0.06749571 0.01947971 0.00006883 0.54509804 0.71372549 0.60000000
v -0.06669482 0.01004446 0.00071244 0.54509804 0.71372549 0.60000000
v -0.06758528 0.02217201 -0.00070988 0.54509804 0.71372549 0.60000000
v -0.06750635 0.02345708 -0.00065969 0.54509804 0.71372549 0.60000000
v -0.06746555 0.02427796 -0.00107578 0.54509804 0.71372549 0.60000000
v -0.06746555 0.02427796 -0.00146326 0.54509804 0.71372549 0.60000000
v -0.06669482 0.02438545 -0.00155286 0.54509804 0.71372549 0.60000000
v -0.05859463 0.02352060 -0.00280349 0.54509804 0.71372549 0.60000000
v -0.06747087 0.01678253 -0.00146373 0.54509804 0.71372549 0.60000000
v -0.05859463 0.02217201 -0.00278098 0.54509804 0.71372549 0.60000000
v -0.06534760 -0.02363120 -0.00075163 0.54509804 0.71372549 0.60000000
v -0.06737775 -0.00839604 -0.00005313 0.54509804 0.71372549 0.60000000
v -0.06737775 -0.00839604 -0.00001983 0.54509804 0.71372549 0.60000000
v -0.06753118 0.00331129 0.00025507 0.54509804 0.71372549 0.60000000
v -0.06608019 -0.02307906 0.00133495 0.54509804 0.71372549 0.60000000
v -0.05859463 -0.02228750 0.00198888 0.54509804 0.71372549 0.60000000
v -0.05859463 0.02217201 0.00191992 0.54509804 0.71372549 0.60000000
v -0.06534760 0.00331129 0.00116513 0.54509804 0.71372549 0.60000000
v -0.06534760 0.00465499 0.00114308 0.54509804 0.71372549 0.60000000
v -0.06534760 0.00600358 0.00111587 0.54509804 0.71372549 0.60000000
v -0.06741056 0.02217201 -0.00000060 0.54509804 0.71372549 0.60000000
v -0.06669482 0.01139305 0.00067163 0.54509804 0.71372549 0.60000000
v -0.06534760 0.00735217 0.00107881 0.54509804 0.71372549 0.60000000
v -0.06738396 0.02296357 -0.00002405 0.54509804 0.71372549 0.60000000
v -0.06725269 0.02386263 -0.00017792 0.54509804 0.71372549 0.60000000
v -0.06635513 0.02431216 0.00006226 0.54509804 0.71372549 0.60000000
v -0.06676045 0.02441966 -0.00065969 0.54509804 0.71372549 0.60000000
v -0.06534760 0.02471771 -0.00070988 0.54509804 0.71372549 0.60000000
v -0.06534760 0.02448806 -0.00162792 0.54509804 0.71372549 0.60000000
v -0.05859463 0.02471771 -0.00218146 0.54509804 0.71372549 0.60000000
v -0.06652187 -0.02363120 -0.00039840 0.54509804 0.71372549 0.60000000
v -0.05859463 -0.02228750 -0.00073709 0.54509804 0.71372549 0.60000000
v -0.05995870 -0.02228750 -0.00076805 0.54509804 0.71372549 0.60000000
v -0.05995870 -0.02363120 -0.00055930 0.54509804 0.71372549 0.60000000
v -0.06534760 -0.02461333 -0.00038526 0.54509804 0.71372549 0.60000000
v -0.06635158 -0.02451561 -0.00028206 0.54509804 0.71372549 0.60000000
v -0.06659904 -0.02228750 0.00063692 0.54509804 0.71372549 0.60000000
v -0.06738928 -0.00746278 0.00000363 0.54509804 0.71372549 0.60000000
v -0.06645713 -0.02357257 0.00070635 0.54509804 0.71372549 0.60000000
v -0.06635158 -0.02451561 0.00030338 0.54509804 0.71372549 0.60000000
v -0.06534760 -0.02392438 0.00120360 0.54509804 0.71372549 0.60000000
v -0.06444560 -0.02412471 0.00127678 0.54509804 0.71372549 0.60000000
v -0.06354716 -0.02432993 0.00132603 0.54509804 0.71372549 0.60000000
v -0.05995870 -0.02363120 0.00184064 0.54509804 0.71372549 0.60000000
v -0.05859463 -0.02363120 0.00196308 0.54509804 0.71372549 0.60000000
v -0.05859463 -0.02361166 0.00196355 0.54509804 0.71372549 0.60000000
v -0.05859463 0.02219644 0.00191851 0.54509804 0.71372549 0.60000000
v -0.06534760 0.02217201 0.00056655 0.54509804 0.71372549 0.60000000
v -0.06534760 0.02082342 0.00061909 0.54509804 0.71372549 0.60000000
v -0.06534760 0.01947971 0.00066835 0.54509804 0.71372549 0.60000000
v -0.06534760 0.01004446 0.00098875 0.54509804 0.71372549 0.60000000
v -0.06534760 0.00870076 0.00103425 0.54509804 0.71372549 0.60000000
v -0.06669482 0.01947971 0.00036578 0.54509804 0.71372549 0.60000000
v -0.06669482 0.02217201 0.00024193 0.54509804 0.71372549 0.60000000
v -0.06676045 0.02345708 0.00012231 0.54509804 0.71372549 0.60000000
v -0.06534760 0.02352060 0.00045303 0.54509804 0.71372549 0.60000000
v -0.05859463 0.02352060 0.00182985 0.54509804 0.71372549 0.60000000
v -0.05966425 0.02429750 0.00139734 0.54509804 0.71372549 0.60000000
v -0.05859463 0.02441477 0.00152915 0.54509804 0.71372549 0.60000000
v -0.06534760 0.02442454 0.00016453 0.54509804 0.71372549 0.60000000
v -0.06400037 0.02483498 -0.00070988 0.54509804 0.71372549 0.60000000
v -0.05859463 0.02475680 -0.00212705 0.54509804 0.71372549 0.60000000
v -0.05859463 0.02474215 -0.00215613 0.54509804 0.71372549 0.60000000
v -0.05859463 -0.02363120 -0.00049738 0.54509804 0.71372549 0.60000000
v -0.05859463 -0.02475992 0.00063692 0.54509804 0.71372549 0.60000000
v -0.05995870 -0.02476480 0.00063692 0.54509804 0.71372549 0.60000000
v -0.06534760 -0.02461333 0.00052996 0.54509804 0.71372549 0.60000000
v -0.05861148 -0.02442277 -0.00015118 0.54509804 0.71372549 0.60000000
v -0.05859463 -0.02442277 -0.00015024 0.54509804 0.71372549 0.60000000
v -0.06400037 -0.02458890 -0.00032756 0.54509804 0.71372549 0.60000000
v -0.06130593 -0.02451072 0.00147802 0.54509804 0.71372549 0.60000000
v -0.05995870 -0.02460844 0.00156434 0.54509804 0.71372549 0.60000000
v -0.05859463 -0.02462799 0.00162954 0.54509804 0.71372549 0.60000000
v -0.05859463 0.02479589 0.00063692 0.54509804 0.71372549 0.60000000
v -0.05861148 0.02514770 -0.00070988 0.54509804 0.71372549 0.60000000
v -0.05859463 0.02515259 -0.00072724 0.54509804 0.71372549 0.60000000
v -0.05859463 -0.02475992 0.00065334 0.54509804 0.71372549 0.60000000
v -0.05859463 -0.02442766 -0.00014133 0.54509804 0.71372549 0.60000000
v -0.05859463 -0.02464265 0.00162344 0.54509804 0.71372549 0.60000000
f 1 2 3
f 1 3 4
f 1 4 5
f 1 5 6
f 1 6 7
f 1 7 8
f 1 8 9
f 1 9 2
f 2 10 11
f 2 11 12
f 2 12 3
f 2 9 13
f 2 13 14
f 2 14 10
f 3 12 15
f 3 15 16
f 3 16 4
f 4 16 17
f 4 17 18
f 4 18 5
f 5 19 20
f 5 20 6
f 5 18 19
f 6 20 21
f 6 21 7
f 7 22 8
f 7 21 22
f 8 22 9
f 9 22 23
f 9 23 24
f 9 24 13
f 10 25 11
f 10 14 13
f 10 13 24
f 10 24 26
f 10 26 25
f 11 27 12
f 11 25 27
f 12 27 28
f 12 28 29
f 12 29 30
f 12 30 15
f 15 30 31
f 15 31 32
f 15 32 16
f 16 33 17
f 16 32 34
f 16 34 35
f 16 35 33
f 17 19 18
f 17 33 36
f 17 36 19
f 19 36 37
f 19 37 20
f 20 37 38
f 20 38 39
f 20 39 21
f 21 39 40
f 21 40 41
f 21 41 42
f 21 42 23
f 21 23 22
f 23 42 43
f 23 43 24
f 24 43 44
f 24 44 26
f 25 45 27
f 25 26 46
f 25 46 45
f 26 44 47
f 26 47 46
f 27 45 48
f 27 48 28
f 28 48 49
f 28 49 29
f 29 49 50
f 29 50 51
f 29 51 52
f 29 52 30
f 30 52 31
f 31 52 53
f 31 53 54
f 31 54 32
f 32 54 87
f 32 87 86
f 32 86 100
f 32 100 98
f 32 98 83
f 32 83 81
f 32 81 71
f 32 71 41
f 32 41 40
f 32 40 70
f 32 70 69
f 32 69 97
f 32 97 103
f 32 103 101
f 32 101 89
f 32 89 102
f 32 102 93
f 32 93 88
f 32 88 56
f 32 56 34
f 33 35 55
f 33 55 36
f 34 56 57
f 34 57 35
f 35 57 56
f 35 56 58
f 35 58 59
f 35 59 60
f 35 60 55
f 36 55 61
f 36 61 37
f 37 62 38
f 37 61 62
f 38 62 61
f 38 61 39
f 39 61 63
f 39 63 64
f 39 64 65
f 39 65 66
f 39 66 67
f 39 67 68
f 39 68 69
f 39 69 70
f 39 70 40
f 41 71 72
f 41 72 73
f 41 73 74
f 41 74 75
f 41 75 76
f 41 76 47
f 41 47 44
f 41 44 43
f 41 43 42
f 45 77 48
f 45 46 77
f 46 47 76
f 46 76 75
f 46 75 74
f 46 74 73
f 46 73 77
f 48 78 79
f 48 79 49
f 48 77 78
f 49 79 50
f 50 79 80
f 50 80 81
f 50 81 82
f 50 82 83
f 50 83 84
f 50 84 52
f 50 52 51
f 52 84 85
f 52 85 53
f 53 85 86
f 53 86 87
f 53 87 54
f 55 60 64
f 55 64 63
f 55 63 61
f 56 88 58
f 58 88 59
f 59 89 90
f 59 90 91
f 59 91 64
f 59 64 60
f 59 88 92
f 59 92 93
f 59 93 94
f 59 94 89
f 64 91 65
f 65 91 66
f 66 91 67
f 67 91 95
f 67 95 68
f 68 95 69
f 69 95 96
f 69 96 97
f 71 81 72
f 72 81 80
f 72 80 79
f 72 79 78
f 72 78 77
f 72 77 73
f 81 83 82
f 83 98 84
f 84 98 85
f 85 98 99
f 85 99 100
f 85 100 86
f 88 93 92
f 89 101 90
f 89 94 102
f 90 101 103
f 90 103 91
f 91 96 95
f 91 103 96
f 93 102 94
f 96 103 97
f 98 100 99

o geometry_1
v 0.03435098 0.00196073 -0.02624686 0.54117647 0.42352941 0.64313725
v 0.03300871 -0.00072906 -0.02623146 0.54117647 0.42352941 0.64313725
v 0.03165885 0.00061583 -0.02623659 0.54117647 0.42352941 0.64313725
v 0.02627460 0.00196073 -0.02623146 0.54117647 0.42352941 0.64313725
v 0.03435098 0.00331063 -0.02624173 0.54117647 0.42352941 0.64313725
v 0.03570083 0.00331063 -0.02624173 0.54117647 0.42352941 0.64313725
v 0.04378479 0.00196073 -0.02624173 0.54117647 0.42352941 0.64313725
v 0.04513464 0.00061583 -0.02623659 0.54117647 0.42352941 0.64313725
v 0.04513464 -0.00072906 -0.02623146 0.54117647 0.42352941 0.64313725
v 0.03165885 -0.00207396 -0.02622120 0.54117647 0.42352941 0.64313725
v 0.03030900 -0.00072906 -0.02622633 0.54117647 0.42352941 0.64313725
v 0.02627460 0.00061583 -0.02622633 0.54117647 0.42352941 0.64313725
v 0.02627460 0.00331063 -0.02622120 0.54117647 0.42352941 0.64313725
v 0.02897431 0.00331063 -0.02623146 0.54117647 0.42352941 0.64313725
v 0.03165885 0.00331063 -0.02623659 0.54117647 0.42352941 0.64313725
v 0.02223263 0.00196073 -0.02621607 0.54117647 0.42352941 0.64313725
v 0.03030900 0.00465553 -0.02622120 0.54117647 0.42352941 0.64313725
v 0.03570083 0.00465553 -0.02623146 0.54117647 0.42352941 0.64313725
v 0.03839296 0.00600543 -0.02622120 0.54117647 0.42352941 0.64313725
v 0.03974281 0.00465553 -0.02623146 0.54117647 0.42352941 0.64313725
v 0.04513464 0.00331063 -0.02623146 0.54117647 0.42352941 0.64313725
v 0.04648449 0.00196073 -0.02623146 0.54117647 0.42352941 0.64313725
v 0.04648449 0.00061583 -0.02623146 0.54117647 0.42352941 0.64313725
v 0.04648449 -0.00072906 -0.02622633 0.54117647 0.42352941 0.64313725
v 0.04648449 -0.00342386 -0.02620581 0.54117647 0.42352941 0.64313725
v 0.04513464 -0.00207396 -0.02622120 0.54117647 0.42352941 0.64313725
v 0.03030900 -0.00342386 -0.02620068 0.54117647 0.42352941 0.64313725
v 0.02762446 -0.00207396 -0.02621094 0.54117647 0.42352941 0.64313725
v 0.04378479 -0.00342386 -0.02620581 0.54117647 0.42352941 0.64313725
v 0.04513464 -0.00476876 -0.02619042 0.54117647 0.42352941 0.64313725
v 0.02627460 -0.00207396 -0.02620581 0.54117647 0.42352941 0.64313725
v 0.02223263 0.00061583 -0.02621094 0.54117647 0.42352941 0.64313725
v 0.02223263 0.00331063 -0.02620581 0.54117647 0.42352941 0.64313725
v 0.02223263 0.00465553 -0.02619555 0.54117647 0.42352941 0.64313725
v 0.02493234 0.00465553 -0.02620581 0.54117647 0.42352941 0.64313725
v 0.02627460 0.00600543 -0.02619555 0.54117647 0.42352941 0.64313725
v 0.01954050 0.00061583 -0.02619555 0.54117647 0.42352941 0.64313725
v 0.01819065 0.00196073 -0.02618528 0.54117647 0.42352941 0.64313725
v 0.01819065 0.00331063 -0.02618528 0.54117647 0.42352941 0.64313725
v 0.01954050 0.00331063 -0.02619555 0.54117647 0.42352941 0.64313725
v 0.03030900 0.00600543 -0.02620581 0.54117647 0.42352941 0.64313725
v 0.03705069 0.00735033 -0.02619555 0.54117647 0.42352941 0.64313725
v 0.04109267 0.00735033 -0.02619555 0.54117647 0.42352941 0.64313725
v 0.04109267 0.00600543 -0.02621607 0.54117647 0.42352941 0.64313725
v 0.03435098 0.00735033 -0.02619042 0.54117647 0.42352941 0.64313725
v 0.04513464 0.00465553 -0.02622120 0.54117647 0.42352941 0.64313725
v 0.04648449 0.00465553 -0.02621607 0.54117647 0.42352941 0.64313725
v 0.04782677 0.00331063 -0.02621607 0.54117647 0.42352941 0.64313725
v 0.04782677 0.00196073 -0.02622120 0.54117647 0.42352941 0.64313725
v 0.04782677 0.00061583 -0.02622120 0.54117647 0.42352941 0.64313725
v 0.04917662 -0.00072906 -0.02620581 0.54117647 0.42352941 0.64313725
v 0.04917662 -0.00342386 -0.02618528 0.54117647 0.42352941 0.64313725
v 0.04917662 -0.00476876 -0.02616989 0.54117647 0.42352941 0.64313725
v 0.04782677 -0.00476876 -0.02618015 0.54117647 0.42352941 0.64313725
v 0.04782677 -0.00611866 -0.02615963 0.54117647 0.42352941 0.64313725
v 0.04648449 -0.00611866 -0.02616476 0.54117647 0.42352941 0.64313725
v 0.03165885 -0.00476876 -0.02618015 0.54117647 0.42352941 0.64313725
v 0.03165885 -0.00611866 -0.02615450 0.54117647 0.42352941 0.64313725
v 0.03030900 -0.00611866 -0.02614937 0.54117647 0.42352941 0.64313725
v 0.02358248 -0.00342386 -0.02617502 0.54117647 0.42352941 0.64313725
v 0.04378479 -0.00611866 -0.02616476 0.54117647 0.42352941 0.64313725
v 0.02089036 -0.00072906 -0.02619555 0.54117647 0.42352941 0.64313725
v 0.02223263 -0.00072906 -0.02620068 0.54117647 0.42352941 0.64313725
v 0.01954050 0.00465553 -0.02618528 0.54117647 0.42352941 0.64313725
v 0.02627460 0.00735033 -0.02616989 0.54117647 0.42352941 0.64313725
v 0.02762446 0.00735033 -0.02617502 0.54117647 0.42352941 0.64313725
v 0.02089036 0.00600543 -0.02617502 0.54117647 0.42352941 0.64313725
v 0.00068046 -0.00072906 -0.02602109 0.54117647 0.42352941 0.64313725
v 0.00068046 0.00061583 -0.02602623 0.54117647 0.42352941 0.64313725
v -0.00606122 0.00600543 -0.02596978 0.54117647 0.42352941 0.64313725
v 0.01819065 0.00465553 -0.02617502 0.54117647 0.42352941 0.64313725
v -0.00936761 0.00870022 -0.02592874 0.54117647 0.42352941 0.64313725
v -0.00740349 0.00870022 -0.02594413 0.54117647 0.42352941 0.64313725
v 0.03705069 0.00870022 -0.02616476 0.54117647 0.42352941 0.64313725
v 0.04243494 0.00870022 -0.02616476 0.54117647 0.42352941 0.64313725
v 0.04513464 0.00870022 -0.02615963 0.54117647 0.42352941 0.64313725
v 0.04378479 0.00735033 -0.02619042 0.54117647 0.42352941 0.64313725
v 0.04378479 0.00600543 -0.02621094 0.54117647 0.42352941 0.64313725
v 0.04648449 0.00600543 -0.02620068 0.54117647 0.42352941 0.64313725
v 0.04782677 0.00465553 -0.02620581 0.54117647 0.42352941 0.64313725
v 0.05052648 0.00600543 -0.02616476 0.54117647 0.42352941 0.64313725
v 0.05052648 0.00331063 -0.02618528 0.54117647 0.42352941 0.64313725
v 0.04917662 0.00196073 -0.02620581 0.54117647 0.42352941 0.64313725
v 0.05052648 -0.00072906 -0.02618528 0.54117647 0.42352941 0.64313725
v 0.05052648 -0.00207396 -0.02618015 0.54117647 0.42352941 0.64313725
v 0.05052648 -0.00342386 -0.02616989 0.54117647 0.42352941 0.64313725
v 0.05052648 -0.00611866 -0.02613911 0.54117647 0.42352941 0.64313725
v 0.04782677 -0.00746356 -0.02612884 0.54117647 0.42352941 0.64313725
v 0.05052648 -0.00746356 -0.02611345 0.54117647 0.42352941 0.64313725
v 0.05052648 -0.00881345 -0.02608267 0.54117647 0.42352941 0.64313725
v 0.04648449 -0.00746356 -0.02613398 0.54117647 0.42352941 0.64313725
v 0.04378479 -0.00881345 -0.02610832 0.54117647 0.42352941 0.64313725
v 0.04378479 -0.00746356 -0.02613911 0.54117647 0.42352941 0.64313725
v 0.04243494 -0.00746356 -0.02613911 0.54117647 0.42352941 0.64313725
v 0.03300871 -0.00746356 -0.02612371 0.54117647 0.42352941 0.64313725
v 0.04109267 -0.00881345 -0.02610832 0.54117647 0.42352941 0.64313725
v 0.03030900 -0.00746356 -0.02611345 0.54117647 0.42352941 0.64313725
v 0.02762446 -0.00611866 -0.02613911 0.54117647 0.42352941 0.64313725
v 0.02358248 -0.00476876 -0.02614937 0.54117647 0.42352941 0.64313725
v 0.02089036 -0.00342386 -0.02615963 0.54117647 0.42352941 0.64313725
v 0.01954050 -0.00342386 -0.02614937 0.54117647 0.42352941 0.64313725
v 0.00068046 -0.00207396 -0.02600570 0.54117647 0.42352941 0.64313725
v -0.00606122 0.00870022 -0.02595439 0.54117647 0.42352941 0.64313725
v -0.00936761 0.00931018 -0.02592361 0.54117647 0.42352941 0.64313725
v -0.00936761 0.01065508 -0.02590821 0.54117647 0.42352941 0.64313725
v -0.00936761 0.01139502 -0.02589795 0.54117647 0.42352941 0.64313725
v 0.02493234 0.00735033 -0.02616476 0.54117647 0.42352941 0.64313725
v 0.02089036 0.00870022 -0.02611345 0.54117647 0.42352941 0.64313725
v 0.02627460 0.00870022 -0.02613398 0.54117647 0.42352941 0.64313725
v 0.02897431 0.00870022 -0.02614424 0.54117647 0.42352941 0.64313725
v 0.01954050 0.00735033 -0.02613911 0.54117647 0.42352941 0.64313725
v -0.00471137 0.01139502 -0.02592361 0.54117647 0.42352941 0.64313725
v -0.00201924 -0.00072906 -0.02598005 0.54117647 0.42352941 0.64313725
v -0.00936761 0.00465553 -0.02592874 0.54117647 0.42352941 0.64313725
v -0.00936761 0.00526548 -0.02593387 0.54117647 0.42352941 0.64313725
v -0.00936761 0.00735033 -0.02593387 0.54117647 0.42352941 0.64313725
v 0.03705069 0.01004512 -0.02612371 0.54117647 0.42352941 0.64313725
v 0.03974281 0.01004512 -0.02612884 0.54117647 0.42352941 0.64313725
v 0.04243494 0.01004512 -0.02612884 0.54117647 0.42352941 0.64313725
v 0.04513464 0.01004512 -0.02612371 0.54117647 0.42352941 0.64313725
v 0.04782677 0.01004512 -0.02611858 0.54117647 0.42352941 0.64313725
v 0.04648449 0.00870022 -0.02615450 0.54117647 0.42352941 0.64313725
v 0.04648449 0.00735033 -0.02618015 0.54117647 0.42352941 0.64313725
v 0.04782677 0.00870022 -0.02614937 0.54117647 0.42352941 0.64313725
v 0.05052648 0.00870022 -0.02612884 0.54117647 0.42352941 0.64313725
v 0.04782677 0.00600543 -0.02619042 0.54117647 0.42352941 0.64313725
v 0.05186875 0.00735033 -0.02613398 0.54117647 0.42352941 0.64313725
v 0.05186875 0.00600543 -0.02614937 0.54117647 0.42352941 0.64313725
v 0.05186875 0.00465553 -0.02615963 0.54117647 0.42352941 0.64313725
v 0.05186875 0.00331063 -0.02616476 0.54117647 0.42352941 0.64313725
v 0.05186875 0.00061583 -0.02616476 0.54117647 0.42352941 0.64313725
v 0.05186875 -0.00072906 -0.02615963 0.54117647 0.42352941 0.64313725
v 0.05186875 -0.00476876 -0.02613911 0.54117647 0.42352941 0.64313725
v 0.05186875 -0.00611866 -0.02612371 0.54117647 0.42352941 0.64313725
v 0.05186875 -0.00746356 -0.02610319 0.54117647 0.42352941 0.64313725
v 0.05052648 -0.01015835 -0.02605188 0.54117647 0.42352941 0.64313725
v 0.05186875 -0.00881345 -0.02607240 0.54117647 0.42352941 0.64313725
v 0.04782677 -0.01015835 -0.02606214 0.54117647 0.42352941 0.64313725
v 0.04513464 -0.01015835 -0.02606727 0.54117647 0.42352941 0.64313725
v 0.03300871 -0.00881345 -0.02608267 0.54117647 0.42352941 0.64313725
v 0.04109267 -0.01015835 -0.02606727 0.54117647 0.42352941 0.64313725
v 0.02762446 -0.00746356 -0.02610319 0.54117647 0.42352941 0.64313725
v 0.02493234 -0.00611866 -0.02612371 0.54117647 0.42352941 0.64313725
v 0.02089036 -0.00476876 -0.02613398 0.54117647 0.42352941 0.64313725
v 0.01954050 -0.00476876 -0.02612371 0.54117647 0.42352941 0.64313725
v 0.00202274 -0.00476876 -0.02595952 0.54117647 0.42352941 0.64313725
v 0.00068046 -0.00342386 -0.02597492 0.54117647 0.42352941 0.64313725
v -0.00066939 -0.00342386 -0.02595952 0.54117647 0.42352941 0.64313725
v -0.00201924 -0.00207396 -0.02596465 0.54117647 0.42352941 0.64313725
v -0.00936761 0.01408982 -0.02583638 0.54117647 0.42352941 0.64313725
v -0.00875335 0.01273992 -0.02587230 0.54117647 0.42352941 0.64313725
v 0.02897431 0.01004512 -0.02610319 0.54117647 0.42352941 0.64313725
v -0.00936761 0.00196073 -0.02589795 0.54117647 0.42352941 0.64313725
v 0.03974281 0.01139502 -0.02608267 0.54117647 0.42352941 0.64313725
v 0.03165885 0.01139502 -0.02606214 0.54117647 0.42352941 0.64313725
v 0.04513464 0.01139502 -0.02608267 0.54117647 0.42352941 0.64313725
v 0.04782677 0.01139502 -0.02607753 0.54117647 0.42352941 0.64313725
v 0.04917662 0.01004512 -0.02611345 0.54117647 0.42352941 0.64313725
v 0.05052648 0.01004512 -0.02610319 0.54117647 0.42352941 0.64313725
v 0.05186875 0.00870022 -0.02611345 0.54117647 0.42352941 0.64313725
v 0.05321860 0.00735033 -0.02611345 0.54117647 0.42352941 0.64313725
v 0.05321860 0.00600543 -0.02612371 0.54117647 0.42352941 0.64313725
v 0.05321860 0.00465553 -0.02613398 0.54117647 0.42352941 0.64313725
v 0.05321860 0.00196073 -0.02613911 0.54117647 0.42352941 0.64313725
v 0.05321860 0.00061583 -0.02613398 0.54117647 0.42352941 0.64313725
v 0.05456845 -0.00476876 -0.02607753 0.54117647 0.42352941 0.64313725
v 0.05321860 -0.00611866 -0.02609806 0.54117647 0.42352941 0.64313725
v 0.05321860 -0.00746356 -0.02607753 0.54117647 0.42352941 0.64313725
v 0.05321860 -0.00881345 -0.02605188 0.54117647 0.42352941 0.64313725
v 0.05186875 -0.01015835 -0.02604162 0.54117647 0.42352941 0.64313725
v 0.05052648 -0.01150825 -0.02601083 0.54117647 0.42352941 0.64313725
v 0.04917662 -0.01150825 -0.02601596 0.54117647 0.42352941 0.64313725
v 0.03165885 -0.01015835 -0.02602623 0.54117647 0.42352941 0.64313725
v 0.02762446 -0.00881345 -0.02605701 0.54117647 0.42352941 0.64313725
v 0.04243494 -0.01150825 -0.02601596 0.54117647 0.42352941 0.64313725
v 0.03839296 -0.01150825 -0.02600057 0.54117647 0.42352941 0.64313725
v 0.01954050 -0.00746356 -0.02605188 0.54117647 0.42352941 0.64313725
v 0.02089036 -0.00611866 -0.02609806 0.54117647 0.42352941 0.64313725
v 0.01819065 -0.00611866 -0.02607753 0.54117647 0.42352941 0.64313725
v 0.00068046 -0.00611866 -0.02590821 0.54117647 0.42352941 0.64313725
v 0.00068046 -0.00476876 -0.02594413 0.54117647 0.42352941 0.64313725
v -0.00936761 -0.00881345 -0.02569784 0.54117647 0.42352941 0.64313725
v -0.00936761 -0.00820350 -0.02571324 0.54117647 0.42352941 0.64313725
v -0.00201924 -0.00342386 -0.02593900 0.54117647 0.42352941 0.64313725
v -0.00936761 -0.00146401 -0.02585177 0.54117647 0.42352941 0.64313725
v -0.00936761 -0.00012411 -0.02587230 0.54117647 0.42352941 0.64313725
v -0.00936761 0.00061583 -0.02588256 0.54117647 0.42352941 0.64313725
v -0.00936761 0.01469977 -0.02581586 0.54117647 0.42352941 0.64313725
v -0.00936761 0.01604467 -0.02576968 0.54117647 0.42352941 0.64313725
v 0.04109267 0.01273992 -0.02603136 0.54117647 0.42352941 0.64313725
v 0.04782677 0.01273992 -0.02603136 0.54117647 0.42352941 0.64313725
v 0.05052648 0.01139502 -0.02606727 0.54117647 0.42352941 0.64313725
v 0.05186875 0.01139502 -0.02605701 0.54117647 0.42352941 0.64313725
v 0.05321860 0.01139502 -0.02604162 0.54117647 0.42352941 0.64313725
v 0.05186875 0.01004512 -0.02608780 0.54117647 0.42352941 0.64313725
v 0.05321860 0.00870022 -0.02609293 0.54117647 0.42352941 0.64313725
v 0.05456845 0.00870022 -0.02606727 0.54117647 0.42352941 0.64313725
v 0.05456845 0.00735033 -0.02608267 0.54117647 0.42352941 0.64313725
v 0.05456845 0.00600543 -0.02609293 0.54117647 0.42352941 0.64313725
v 0.05456845 0.00331063 -0.02610319 0.54117647 0.42352941 0.64313725
v 0.05456845 0.00196073 -0.02610319 0.54117647 0.42352941 0.64313725
v 0.05591073 0.00061583 -0.02606214 0.54117647 0.42352941 0.64313725
v 0.05591073 -0.00476876 -0.02603649 0.54117647 0.42352941 0.64313725
v 0.05456845 -0.00611866 -0.02606727 0.54117647 0.42352941 0.64313725
v 0.05456845 -0.00881345 -0.02602623 0.54117647 0.42352941 0.64313725
v 0.05456845 -0.01150825 -0.02596465 0.54117647 0.42352941 0.64313725
v 0.05321860 -0.01015835 -0.02602109 0.54117647 0.42352941 0.64313725
v 0.05321860 -0.01150825 -0.02598518 0.54117647 0.42352941 0.64313725
v 0.05186875 -0.01150825 -0.02600057 0.54117647 0.42352941 0.64313725
v 0.05321860 -0.01285315 -0.02594413 0.54117647 0.42352941 0.64313725
v 0.05052648 -0.01285315 -0.02595952 0.54117647 0.42352941 0.64313725
v 0.04648449 -0.01285315 -0.02596465 0.54117647 0.42352941 0.64313725
v 0.03435098 -0.01150825 -0.02598005 0.54117647 0.42352941 0.64313725
v 0.02627460 -0.01015835 -0.02599544 0.54117647 0.42352941 0.64313725
v 0.02358248 -0.00881345 -0.02603136 0.54117647 0.42352941 0.64313725
v 0.04378479 -0.01285315 -0.02595952 0.54117647 0.42352941 0.64313725
v 0.04243494 -0.01285315 -0.02595439 0.54117647 0.42352941 0.64313725
v 0.03839296 -0.01285315 -0.02593900 0.54117647 0.42352941 0.64313725
v 0.02223263 -0.00881345 -0.02602109 0.54117647 0.42352941 0.64313725
v 0.01954050 -0.00881345 -0.02600057 0.54117647 0.42352941 0.64313725
v 0.00068046 -0.00881345 -0.02582099 0.54117647 0.42352941 0.64313725
v 0.00068046 -0.00746356 -0.02586717 0.54117647 0.42352941 0.64313725
v -0.00066939 -0.00746356 -0.02585177 0.54117647 0.42352941 0.64313725
v -0.00936761 -0.01020835 -0.02565680 0.54117647 0.42352941 0.64313725
v -0.00936761 -0.00685360 -0.02574402 0.54117647 0.42352941 0.64313725
v -0.00936761 0.01905944 -0.02564653 0.54117647 0.42352941 0.64313725
v 0.04513464 0.01408982 -0.02597492 0.54117647 0.42352941 0.64313725
v -0.00936761 0.01972939 -0.02561575 0.54117647 0.42352941 0.64313725
v 0.04782677 0.01408982 -0.02597492 0.54117647 0.42352941 0.64313725
v 0.05052648 0.01408982 -0.02596978 0.54117647 0.42352941 0.64313725
v 0.05052648 0.01273992 -0.02602109 0.54117647 0.42352941 0.64313725
v 0.05186875 0.01273992 -0.02601596 0.54117647 0.42352941 0.64313725
v 0.05456845 0.01273992 -0.02598518 0.54117647 0.42352941 0.64313725
v 0.05456845 0.01139502 -0.02601596 0.54117647 0.42352941 0.64313725
v 0.05456845 0.01004512 -0.02604675 0.54117647 0.42352941 0.64313725
v 0.05591073 0.01004512 -0.02601596 0.54117647 0.42352941 0.64313725
v 0.05591073 0.00870022 -0.02603136 0.54117647 0.42352941 0.64313725
v 0.05591073 0.00735033 -0.02604675 0.54117647 0.42352941 0.64313725
v 0.05591073 0.00600543 -0.02605701 0.54117647 0.42352941 0.64313725
v 0.05591073 0.00465553 -0.02606214 0.54117647 0.42352941 0.64313725
v 0.05726058 0.00196073 -0.02601083 0.54117647 0.42352941 0.64313725
v 0.05726058 -0.00342386 -0.02599031 0.54117647 0.42352941 0.64313725
v 0.05726058 -0.00476876 -0.02598518 0.54117647 0.42352941 0.64313725
v 0.05591073 -0.00611866 -0.02602623 0.54117647 0.42352941 0.64313725
v 0.05726058 -0.00881345 -0.02595439 0.54117647 0.42352941 0.64313725
v 0.05591073 -0.00881345 -0.02599544 0.54117647 0.42352941 0.64313725
v 0.05591073 -0.01015835 -0.02596978 0.54117647 0.42352941 0.64313725
v 0.05591073 -0.01150825 -0.02593900 0.54117647 0.42352941 0.64313725
v 0.05726058 -0.01285315 -0.02587743 0.54117647 0.42352941 0.64313725
v 0.05456845 -0.01285315 -0.02592874 0.54117647 0.42352941 0.64313725
v 0.05456845 -0.01420305 -0.02587743 0.54117647 0.42352941 0.64313725
v 0.05321860 -0.01420305 -0.02588769 0.54117647 0.42352941 0.64313725
v 0.05052648 -0.01420305 -0.02589795 0.54117647 0.42352941 0.64313725
v 0.04648449 -0.01420305 -0.02589795 0.54117647 0.42352941 0.64313725
v 0.02358248 -0.01150825 -0.02591848 0.54117647 0.42352941 0.64313725
v 0.02223263 -0.01015835 -0.02596978 0.54117647 0.42352941 0.64313725
v 0.04243494 -0.01420305 -0.02588256 0.54117647 0.42352941 0.64313725
v 0.03839296 -0.01420305 -0.02586717 0.54117647 0.42352941 0.64313725
v 0.03705069 -0.01420305 -0.02586203 0.54117647 0.42352941 0.64313725
v 0.03300871 -0.01285315 -0.02590821 0.54117647 0.42352941 0.64313725
v 0.02089036 -0.01015835 -0.02595952 0.54117647 0.42352941 0.64313725
v 0.00068046 -0.01015835 -0.02576968 0.54117647 0.42352941 0.64313725
v -0.00740349 -0.01285315 -0.02558496 0.54117647 0.42352941 0.64313725
v -0.00851826 -0.01097329 -0.02564140 0.54117647 0.42352941 0.64313725
v -0.00066939 -0.00881345 -0.02580559 0.54117647 0.42352941 0.64313725
v -0.00936761 -0.01083830 -0.02563627 0.54117647 0.42352941 0.64313725
v 0.04243494 0.01543472 -0.02590308 0.54117647 0.42352941 0.64313725
v 0.04648449 0.01543472 -0.02590821 0.54117647 0.42352941 0.64313725
v -0.00936761 0.02082431 -0.02555931 0.54117647 0.42352941 0.64313725
v 0.05052648 0.01543472 -0.02590821 0.54117647 0.42352941 0.64313725
v 0.05186875 0.01408982 -0.02596465 0.54117647 0.42352941 0.64313725
v 0.05321860 0.01408982 -0.02595439 0.54117647 0.42352941 0.64313725
v 0.05456845 0.01408982 -0.02593900 0.54117647 0.42352941 0.64313725
v 0.05591073 0.01408982 -0.02591334 0.54117647 0.42352941 0.64313725
v 0.05591073 0.01273992 -0.02595439 0.54117647 0.42352941 0.64313725
v 0.05591073 0.01139502 -0.02598518 0.54117647 0.42352941 0.64313725
v 0.05726058 0.01139502 -0.02594926 0.54117647 0.42352941 0.64313725
v 0.05726058 0.01004512 -0.02596978 0.54117647 0.42352941 0.64313725
v 0.05726058 0.00870022 -0.02598518 0.54117647 0.42352941 0.64313725
v 0.05726058 0.00600543 -0.02600570 0.54117647 0.42352941 0.64313725
v 0.05726058 0.00465553 -0.02601083 0.54117647 0.42352941 0.64313725
v 0.05861043 0.00196073 -0.02594413 0.54117647 0.42352941 0.64313725
v 0.05861043 -0.00342386 -0.02592874 0.54117647 0.42352941 0.64313725
v 0.05861043 -0.00611866 -0.02591848 0.54117647 0.42352941 0.64313725
v 0.05726058 -0.00611866 -0.02597492 0.54117647 0.42352941 0.64313725
v 0.05861043 -0.00881345 -0.02589795 0.54117647 0.42352941 0.64313725
v 0.05861043 -0.01150825 -0.02586717 0.54117647 0.42352941 0.64313725
v 0.05726058 -0.01015835 -0.02593387 0.54117647 0.42352941 0.64313725
v 0.05726058 -0.01150825 -0.02590821 0.54117647 0.42352941 0.64313725
v 0.05861043 -0.01285315 -0.02583638 0.54117647 0.42352941 0.64313725
v 0.05861043 -0.01420305 -0.02580046 0.54117647 0.42352941 0.64313725
v 0.05726058 -0.01420305 -0.02583638 0.54117647 0.42352941 0.64313725
v 0.05591073 -0.01420305 -0.02586203 0.54117647 0.42352941 0.64313725
v 0.05591073 -0.01554795 -0.02580559 0.54117647 0.42352941 0.64313725
v 0.05456845 -0.01554795 -0.02581586 0.54117647 0.42352941 0.64313725
v 0.05321860 -0.01554795 -0.02582612 0.54117647 0.42352941 0.64313725
v 0.04782677 -0.01554795 -0.02582612 0.54117647 0.42352941 0.64313725
v 0.02358248 -0.01285315 -0.02585177 0.54117647 0.42352941 0.64313725
v 0.01280640 -0.01420305 -0.02570297 0.54117647 0.42352941 0.64313725
v 0.02223263 -0.01150825 -0.02590821 0.54117647 0.42352941 0.64313725
v 0.01954050 -0.01150825 -0.02588769 0.54117647 0.42352941 0.64313725
v 0.04243494 -0.01554795 -0.02580559 0.54117647 0.42352941 0.64313725
v 0.03974281 -0.01554795 -0.02579533 0.54117647 0.42352941 0.64313725
v 0.03570083 -0.01554795 -0.02577481 0.54117647 0.42352941 0.64313725
v 0.02358248 -0.01420305 -0.02577481 0.54117647 0.42352941 0.64313725
v 0.01145655 -0.01285315 -0.02575942 0.54117647 0.42352941 0.64313725
v -0.00740349 -0.01420305 -0.02552852 0.54117647 0.42352941 0.64313725
v -0.00936761 -0.01359309 -0.02552852 0.54117647 0.42352941 0.64313725
v -0.00936761 -0.01285315 -0.02555931 0.54117647 0.42352941 0.64313725
v 0.04782677 0.01678461 -0.02583638 0.54117647 0.42352941 0.64313725
v -0.00936761 0.02217421 -0.02548234 0.54117647 0.42352941 0.64313725
v 0.05052648 0.01678461 -0.02583638 0.54117647 0.42352941 0.64313725
v 0.05186875 0.01543472 -0.02590308 0.54117647 0.42352941 0.64313725
v 0.05321860 0.01543472 -0.02589282 0.54117647 0.42352941 0.64313725
v 0.05456845 0.01543472 -0.02587743 0.54117647 0.42352941 0.64313725
v 0.06399468 0.02217421 -0.02543103 0.54117647 0.42352941 0.64313725
v 0.05726058 0.01408982 -0.02587743 0.54117647 0.42352941 0.64313725
v 0.06399468 0.02082431 -0.02548234 0.54117647 0.42352941 0.64313725
v 0.05726058 0.01273992 -0.02591848 0.54117647 0.42352941 0.64313725
v 0.05861043 0.01273992 -0.02587230 0.54117647 0.42352941 0.64313725
v 0.05861043 0.01139502 -0.02589282 0.54117647 0.42352941 0.64313725
v 0.05861043 0.01004512 -0.02591334 0.54117647 0.42352941 0.64313725
v 0.05861043 0.00870022 -0.02592874 0.54117647 0.42352941 0.64313725
v 0.05861043 0.00600543 -0.02593900 0.54117647 0.42352941 0.64313725
v 0.05861043 0.00465553 -0.02594413 0.54117647 0.42352941 0.64313725
v 0.05995270 0.00331063 -0.02586717 0.54117647 0.42352941 0.64313725
v 0.05995270 -0.00476876 -0.02585177 0.54117647 0.42352941 0.64313725
v 0.05995270 -0.00611866 -0.02584664 0.54117647 0.42352941 0.64313725
v 0.05995270 -0.00881345 -0.02583638 0.54117647 0.42352941 0.64313725
v 0.05995270 -0.01015835 -0.02582612 0.54117647 0.42352941 0.64313725
v 0.05995270 -0.01150825 -0.02581072 0.54117647 0.42352941 0.64313725
v 0.05995270 -0.01285315 -0.02578507 0.54117647 0.42352941 0.64313725
v 0.05995270 -0.01420305 -0.02575428 0.54117647 0.42352941 0.64313725
v 0.06399468 -0.01959264 -0.02547208 0.54117647 0.42352941 0.64313725
v 0.06534454 -0.02228744 -0.02534381 0.54117647 0.42352941 0.64313725
v 0.05726058 -0.01554795 -0.02578507 0.54117647 0.42352941 0.64313725
v 0.06399468 -0.02228744 -0.02536433 0.54117647 0.42352941 0.64313725
v 0.05591073 -0.01689784 -0.02573376 0.54117647 0.42352941 0.64313725
v 0.05456845 -0.01689784 -0.02574402 0.54117647 0.42352941 0.64313725
v 0.05321860 -0.01689784 -0.02574915 0.54117647 0.42352941 0.64313725
v 0.05186875 -0.01689784 -0.02574915 0.54117647 0.42352941 0.64313725
v 0.05186875 -0.01812775 -0.02567219 0.54117647 0.42352941 0.64313725
v 0.04648449 -0.01689784 -0.02573889 0.54117647 0.42352941 0.64313725
v 0.04513464 -0.01689784 -0.02573376 0.54117647 0.42352941 0.64313725
v 0.01145655 -0.01505298 -0.02564653 0.54117647 0.42352941 0.64313725
v 0.01145655 -0.01420305 -0.02569271 0.54117647 0.42352941 0.64313725
v 0.03839296 -0.01689784 -0.02569784 0.54117647 0.42352941 0.64313725
v -0.00606122 -0.01824274 -0.02532842 0.54117647 0.42352941 0.64313725
v -0.00606122 -0.01554795 -0.02547721 0.54117647 0.42352941 0.64313725
v -0.00936761 -0.01628789 -0.02540538 0.54117647 0.42352941 0.64313725
v -0.00936761 -0.01554795 -0.02544130 0.54117647 0.42352941 0.64313725
v -0.00936761 -0.01420305 -0.02550287 0.54117647 0.42352941 0.64313725
v 0.04782677 0.01812951 -0.02575942 0.54117647 0.42352941 0.64313725
v -0.00936761 0.02351910 -0.02535920 0.54117647 0.42352941 0.64313725
v 0.04782677 0.02217421 -0.02547721 0.54117647 0.42352941 0.64313725
v 0.04782677 0.02082431 -0.02557983 0.54117647 0.42352941 0.64313725
v 0.04648449 0.02013436 -0.02563114 0.54117647 0.42352941 0.64313725
v 0.04648449 0.01945941 -0.02567732 0.54117647 0.42352941 0.64313725
v 0.05052648 0.01812951 -0.02575942 0.54117647 0.42352941 0.64313725
v 0.05186875 0.01678461 -0.02583125 0.54117647 0.42352941 0.64313725
v 0.06399468 0.02351910 -0.02529763 0.54117647 0.42352941 0.64313725
v 0.06534454 0.02351910 -0.02526684 0.54117647 0.42352941 0.64313725
v 0.06534454 0.02217421 -0.02538999 0.54117647 0.42352941 0.64313725
v 0.05052648 0.01936442 -0.02567732 0.54117647 0.42352941 0.64313725
v 0.04917662 0.02008937 -0.02563114 0.54117647 0.42352941 0.64313725
v 0.06399468 0.01947941 -0.02551313 0.54117647 0.42352941 0.64313725
v 0.06399468 0.01812951 -0.02553365 0.54117647 0.42352941 0.64313725
v 0.05995270 0.00870022 -0.02585690 0.54117647 0.42352941 0.64313725
v 0.05995270 0.00600543 -0.02586717 0.54117647 0.42352941 0.64313725
v 0.06130256 0.00465553 -0.02577994 0.54117647 0.42352941 0.64313725
v 0.06130256 -0.00746356 -0.02575428 0.54117647 0.42352941 0.64313725
v 0.06130256 -0.00881345 -0.02574915 0.54117647 0.42352941 0.64313725
v 0.06399468 -0.01554795 -0.02553878 0.54117647 0.42352941 0.64313725
v 0.06399468 -0.01689784 -0.02552852 0.54117647 0.42352941 0.64313725
v 0.06399468 -0.01824274 -0.02550287 0.54117647 0.42352941 0.64313725
v 0.06534454 -0.02093754 -0.02537972 0.54117647 0.42352941 0.64313725
v 0.06669439 -0.02228744 -0.02484097 0.54117647 0.42352941 0.64313725
v 0.06665648 -0.02352234 -0.02457930 0.54117647 0.42352941 0.64313725
v 0.06534454 -0.02363234 -0.02503595 0.54117647 0.42352941 0.64313725
v 0.06399468 -0.02363234 -0.02508213 0.54117647 0.42352941 0.64313725
v 0.05726058 -0.02228744 -0.02533868 0.54117647 0.42352941 0.64313725
v 0.04917662 -0.01959264 -0.02555418 0.54117647 0.42352941 0.64313725
v 0.05052648 -0.01959264 -0.02555931 0.54117647 0.42352941 0.64313725
v 0.04917662 -0.01875770 -0.02562601 0.54117647 0.42352941 0.64313725
v 0.05052648 -0.01879270 -0.02562601 0.54117647 0.42352941 0.64313725
v 0.05186875 -0.01879770 -0.02562601 0.54117647 0.42352941 0.64313725
v 0.05321860 -0.01878270 -0.02562601 0.54117647 0.42352941 0.64313725
v 0.05456845 -0.01808775 -0.02567219 0.54117647 0.42352941 0.64313725
v 0.05321860 -0.01811275 -0.02567219 0.54117647 0.42352941 0.64313725
v 0.04648449 -0.01798276 -0.02566706 0.54117647 0.42352941 0.64313725
v -0.00606122 -0.01689784 -0.02541051 0.54117647 0.42352941 0.64313725
v 0.00068046 -0.02093754 -0.02517962 0.54117647 0.42352941 0.64313725
v -0.00740349 -0.01959264 -0.02522580 0.54117647 0.42352941 0.64313725
v -0.00875335 -0.01959264 -0.02521553 0.54117647 0.42352941 0.64313725
v -0.00740349 -0.01824274 -0.02531815 0.54117647 0.42352941 0.64313725
v -0.00936761 -0.01689784 -0.02537459 0.54117647 0.42352941 0.64313725
v -0.00936761 0.02404407 -0.02509752 0.54117647 0.42352941 0.64313725
v -0.00606122 0.02467402 -0.02478453 0.54117647 0.42352941 0.64313725
v -0.00471137 0.02467402 -0.02478453 0.54117647 0.42352941 0.64313725
v 0.04378479 0.02351910 -0.02533355 0.54117647 0.42352941 0.64313725
v 0.04782677 0.02011936 -0.02563114 0.54117647 0.42352941 0.64313725
v 0.04782677 0.01944441 -0.02567732 0.54117647 0.42352941 0.64313725
v 0.04917662 0.01941941 -0.02567732 0.54117647 0.42352941 0.64313725
v 0.06130256 0.02458403 -0.02474349 0.54117647 0.42352941 0.64313725
v 0.06399468 0.02456903 -0.02474349 0.54117647 0.42352941 0.64313725
v 0.03974281 0.02464402 -0.02476401 0.54117647 0.42352941 0.64313725
v 0.06534454 0.02453403 -0.02472296 0.54117647 0.42352941 0.64313725
v 0.06633797 0.02440404 -0.02456390 0.54117647 0.42352941 0.64313725
v 0.06656547 0.02351910 -0.02475888 0.54117647 0.42352941 0.64313725
v 0.06664130 0.02217421 -0.02481532 0.54117647 0.42352941 0.64313725
v 0.06534454 0.02082431 -0.02541051 0.54117647 0.42352941 0.64313725
v 0.06399468 0.01678461 -0.02554392 0.54117647 0.42352941 0.64313725
v 0.06130256 0.00735033 -0.02577481 0.54117647 0.42352941 0.64313725
v 0.06130256 0.00600543 -0.02577994 0.54117647 0.42352941 0.64313725
v 0.06248557 0.00465553 -0.02568245 0.54117647 0.42352941 0.64313725
v 0.06247799 0.00331063 -0.02568245 0.54117647 0.42352941 0.64313725
v 0.06534454 -0.01689784 -0.02542590 0.54117647 0.42352941 0.64313725
v 0.06534454 -0.01824274 -0.02542077 0.54117647 0.42352941 0.64313725
v 0.06534454 -0.01959264 -0.02540538 0.54117647 0.42352941 0.64313725
v 0.06669439 -0.02093754 -0.02486663 0.54117647 0.42352941 0.64313725
v 0.06739207 -0.02228744 -0.02432788 0.54117647 0.42352941 0.64313725
v 0.06737690 -0.02300238 -0.02430736 0.54117647 0.42352941 0.64313725
v 0.06618630 -0.02438728 -0.02441511 0.54117647 0.42352941 0.64313725
v 0.06534454 -0.02446227 -0.02451772 0.54117647 0.42352941 0.64313725
v 0.06399468 -0.02450227 -0.02455877 0.54117647 0.42352941 0.64313725
v 0.06265241 -0.02450727 -0.02455877 0.54117647 0.42352941 0.64313725
v 0.05995270 -0.02451227 -0.02455364 0.54117647 0.42352941 0.64313725
v 0.04917662 -0.02451727 -0.02453825 0.54117647 0.42352941 0.64313725
v -0.00936761 -0.02445727 -0.02443563 0.54117647 0.42352941 0.64313725
v -0.00936761 -0.02363234 -0.02475888 0.54117647 0.42352941 0.64313725
v 0.04782677 -0.02093754 -0.02542590 0.54117647 0.42352941 0.64313725
v 0.00068046 -0.02228744 -0.02506161 0.54117647 0.42352941 0.64313725
v -0.00936761 -0.01763279 -0.02533355 0.54117647 0.42352941 0.64313725
v -0.00936761 -0.02228744 -0.02500003 0.54117647 0.42352941 0.64313725
v -0.00936761 -0.02167748 -0.02505134 0.54117647 0.42352941 0.64313725
v -0.00936761 -0.02093754 -0.02511292 0.54117647 0.42352941 0.64313725
v -0.00936761 -0.01959264 -0.02521040 0.54117647 0.42352941 0.64313725
v -0.00936761 -0.01824274 -0.02529763 0.54117647 0.42352941 0.64313725
v -0.00936761 0.02467402 -0.02477940 0.54117647 0.42352941 0.64313725
v -0.00740349 0.02467902 -0.02477940 0.54117647 0.42352941 0.64313725
v 0.01819065 0.02467402 -0.02475375 0.54117647 0.42352941 0.64313725
v 0.03570083 0.02465902 -0.02475375 0.54117647 0.42352941 0.64313725
v 0.03705069 0.02465402 -0.02475888 0.54117647 0.42352941 0.64313725
v 0.06265241 0.02457903 -0.02473836 0.54117647 0.42352941 0.64313725
v 0.03300871 0.02520398 -0.02361468 0.54117647 0.42352941 0.64313725
v 0.03435098 0.02519898 -0.02361468 0.54117647 0.42352941 0.64313725
v 0.06399468 0.02497400 -0.02361468 0.54117647 0.42352941 0.64313725
v 0.06130256 0.02500399 -0.02361468 0.54117647 0.42352941 0.64313725
v 0.06265241 0.02499399 -0.02361468 0.54117647 0.42352941 0.64313725
v 0.06534454 0.02483901 -0.02361468 0.54117647 0.42352941 0.64313725
v 0.06642896 0.02445404 -0.02361468 0.54117647 0.42352941 0.64313725
v 0.06712664 0.02340411 -0.02353771 0.54117647 0.42352941 0.64313725
v 0.06730865 0.02217421 -0.02383531 0.54117647 0.42352941 0.64313725
v 0.06664889 0.02082431 -0.02482045 0.54117647 0.42352941 0.64313725
v 0.06732381 0.02082431 -0.02395845 0.54117647 0.42352941 0.64313725
v 0.06733140 0.01947941 -0.02404054 0.54117647 0.42352941 0.64313725
v 0.06733898 0.01812951 -0.02410212 0.54117647 0.42352941 0.64313725
v 0.06734656 0.01678461 -0.02414830 0.54117647 0.42352941 0.64313725
v 0.06736173 0.01202497 -0.02428683 0.54117647 0.42352941 0.64313725
v 0.06736932 0.01112504 -0.02429196 0.54117647 0.42352941 0.64313725
v 0.06534454 0.01947941 -0.02541564 0.54117647 0.42352941 0.64313725
v 0.06534454 -0.01554795 -0.02542590 0.54117647 0.42352941 0.64313725
v 0.06669439 -0.01824274 -0.02488202 0.54117647 0.42352941 0.64313725
v 0.06669439 -0.01959264 -0.02487689 0.54117647 0.42352941 0.64313725
v 0.06739965 -0.02093754 -0.02433814 0.54117647 0.42352941 0.64313725
v 0.06749824 -0.02228744 -0.02361468 0.54117647 0.42352941 0.64313725
v 0.06763473 -0.02228744 -0.02226523 0.54117647 0.42352941 0.64313725
v 0.06742998 -0.02310238 -0.02361468 0.54117647 0.42352941 0.64313725
v 0.06687639 -0.02377232 -0.02361468 0.54117647 0.42352941 0.64313725
v 0.06762715 -0.02335736 -0.01822204 0.54117647 0.42352941 0.64313725
v 0.06686123 -0.02403231 -0.01822204 0.54117647 0.42352941 0.64313725
v 0.06688398 -0.02405730 -0.01687773 0.54117647 0.42352941 0.64313725
v 0.06620146 -0.02439728 -0.02361468 0.54117647 0.42352941 0.64313725
v 0.06534454 -0.02460726 -0.02361468 0.54117647 0.42352941 0.64313725
v 0.06399468 -0.02474225 -0.02361468 0.54117647 0.42352941 0.64313725
v 0.06265241 -0.02475725 -0.02361468 0.54117647 0.42352941 0.64313725
v 0.06130256 -0.02477225 -0.02361468 0.54117647 0.42352941 0.64313725
v 0.05861043 -0.02479225 -0.02361468 0.54117647 0.42352941 0.64313725
v 0.05052648 -0.02484224 -0.02361468 0.54117647 0.42352941 0.64313725
v 0.04782677 -0.02485224 -0.02361468 0.54117647 0.42352941 0.64313725
v 0.03974281 -0.02487224 -0.02361468 0.54117647 0.42352941 0.64313725
v 0.03165885 -0.02487224 -0.02361468 0.54117647 0.42352941 0.64313725
v 0.03839296 -0.02451227 -0.02450746 0.54117647 0.42352941 0.64313725
v 0.03435098 -0.02450727 -0.02450233 0.54117647 0.42352941 0.64313725
v 0.03570083 -0.02450727 -0.02450746 0.54117647 0.42352941 0.64313725
v -0.00740349 -0.02481225 -0.02361468 0.54117647 0.42352941 0.64313725
v 0.03165885 -0.02450727 -0.02449207 0.54117647 0.42352941 0.64313725
v -0.00936761 -0.02465226 -0.02398411 0.54117647 0.42352941 0.64313725
v -0.00936761 0.02518398 -0.02361468 0.54117647 0.42352941 0.64313725
v -0.00875335 0.02518898 -0.02361468 0.54117647 0.42352941 0.64313725
v 0.00606471 0.02521898 -0.02361468 0.54117647 0.42352941 0.64313725
v 0.00876442 0.02522398 -0.02361468 0.54117647 0.42352941 0.64313725
v 0.01954050 0.02522398 -0.02361468 0.54117647 0.42352941 0.64313725
v 0.03165885 0.02529897 -0.02226523 0.54117647 0.42352941 0.64313725
v 0.03300871 0.02529397 -0.02226523 0.54117647 0.42352941 0.64313725
v 0.06399468 0.02500899 -0.02226523 0.54117647 0.42352941 0.64313725
v 0.06399468 0.02519898 0.02219451 0.54117647 0.42352941 0.64313725
v 0.06534454 0.02490400 0.02219451 0.54117647 0.42352941 0.64313725
v 0.06645172 0.02439904 -0.01148509 0.54117647 0.42352941 0.64313725
v 0.06712664 0.02390908 -0.01148509 0.54117647 0.42352941 0.64313725
v 0.06712664 0.02390908 -0.01283453 0.54117647 0.42352941 0.64313725
v 0.06712664 0.02389908 -0.01417884 0.54117647 0.42352941 0.64313725
v 0.06712664 0.02388408 -0.01552829 0.54117647 0.42352941 0.64313725
v 0.06711148 0.02384408 -0.01687773 0.54117647 0.42352941 0.64313725
v 0.06746790 0.02316913 -0.01687773 0.54117647 0.42352941 0.64313725
v 0.06745273 0.02311414 -0.01822204 0.54117647 0.42352941 0.64313725
v 0.06741482 0.02299415 -0.02091579 0.54117647 0.42352941 0.64313725
v 0.06739207 0.02292915 -0.02226523 0.54117647 0.42352941 0.64313725
v 0.06737690 0.02287915 -0.02304001 0.54117647 0.42352941 0.64313725
v 0.06738449 0.02217421 -0.02316315 0.54117647 0.42352941 0.64313725
v 0.06739965 -0.00072906 -0.02433301 0.54117647 0.42352941 0.64313725
v 0.06739965 -0.00207396 -0.02433814 0.54117647 0.42352941 0.64313725
v 0.06740723 -0.00746356 -0.02434840 0.54117647 0.42352941 0.64313725
v 0.06739965 0.02082431 -0.02328629 0.54117647 0.42352941 0.64313725
v 0.06741482 0.01947941 -0.02336839 0.54117647 0.42352941 0.64313725
v 0.06742240 0.01812951 -0.02342996 0.54117647 0.42352941 0.64313725
v 0.06742998 0.01678461 -0.02347614 0.54117647 0.42352941 0.64313725
v 0.06744515 0.01150001 -0.02374808 0.54117647 0.42352941 0.64313725
v 0.06736173 0.01273992 -0.02426118 0.54117647 0.42352941 0.64313725
v 0.06752857 -0.00207396 -0.02361468 0.54117647 0.42352941 0.64313725
v 0.06740723 -0.01150825 -0.02434840 0.54117647 0.42352941 0.64313725
v 0.06739965 -0.01824274 -0.02434327 0.54117647 0.42352941 0.64313725
v 0.06754373 -0.00881345 -0.02361468 0.54117647 0.42352941 0.64313725
v 0.06751340 -0.01959264 -0.02361468 0.54117647 0.42352941 0.64313725
v 0.06764990 -0.01959264 -0.02226523 0.54117647 0.42352941 0.64313725
v 0.06774090 -0.02228744 -0.02091579 0.54117647 0.42352941 0.64313725
v 0.06749824 -0.02320737 -0.02226523 0.54117647 0.42352941 0.64313725
v 0.06755131 -0.02326236 -0.02091579 0.54117647 0.42352941 0.64313725
v 0.06758924 -0.02331736 -0.01957148 0.54117647 0.42352941 0.64313725
v 0.06764990 -0.02338235 -0.01687773 0.54117647 0.42352941 0.64313725
v 0.06790016 -0.02228744 -0.01822204 0.54117647 0.42352941 0.64313725
v 0.06794566 -0.02228744 -0.01687773 0.54117647 0.42352941 0.64313725
v 0.06689156 -0.02406730 -0.01552829 0.54117647 0.42352941 0.64313725
v 0.06766507 -0.02339235 -0.01552829 0.54117647 0.42352941 0.64313725
v 0.06694464 -0.02409230 -0.00879134 0.54117647 0.42352941 0.64313725
v 0.06534454 -0.02505723 0.02219451 0.54117647 0.42352941 0.64313725
v 0.06534454 -0.02503223 0.01815132 0.54117647 0.42352941 0.64313725
v 0.06534454 -0.02502223 0.01680188 0.54117647 0.42352941 0.64313725
v 0.06399468 -0.02545720 0.02219451 0.54117647 0.42352941 0.64313725
v 0.06399468 -0.02482225 -0.02091579 0.54117647 0.42352941 0.64313725
v 0.06399468 -0.02480225 -0.02226523 0.54117647 0.42352941 0.64313725
v 0.06265241 -0.02482725 -0.02226523 0.54117647 0.42352941 0.64313725
v 0.05995270 -0.02486724 -0.02226523 0.54117647 0.42352941 0.64313725
v 0.05726058 -0.02490224 -0.02226523 0.54117647 0.42352941 0.64313725
v 0.05456845 -0.02493224 -0.02226523 0.54117647 0.42352941 0.64313725
v 0.05052648 -0.02497724 -0.02226523 0.54117647 0.42352941 0.64313725
v 0.04782677 -0.02500223 -0.02226523 0.54117647 0.42352941 0.64313725
v 0.04648449 -0.02501223 -0.02226523 0.54117647 0.42352941 0.64313725
v 0.04378479 -0.02503223 -0.02226523 0.54117647 0.42352941 0.64313725
v 0.04109267 -0.02504723 -0.02226523 0.54117647 0.42352941 0.64313725
v 0.03839296 -0.02505723 -0.02226523 0.54117647 0.42352941 0.64313725
v 0.02762446 -0.02507723 -0.02226523 0.54117647 0.42352941 0.64313725
v -0.00740349 -0.02503723 -0.02226523 0.54117647 0.42352941 0.64313725
v -0.00936761 -0.02493224 -0.02287582 0.54117647 0.42352941 0.64313725
v -0.00936761 -0.02480725 -0.02361468 0.54117647 0.42352941 0.64313725
v -0.00936761 0.02521898 -0.02226523 0.54117647 0.42352941 0.64313725
v 0.00741457 0.02529897 -0.02226523 0.54117647 0.42352941 0.64313725
v 0.01010669 0.02530897 -0.02226523 0.54117647 0.42352941 0.64313725
v 0.01414867 0.02532397 -0.02226523 0.54117647 0.42352941 0.64313725
v 0.02897431 0.02533897 -0.02091579 0.54117647 0.42352941 0.64313725
v 0.03030900 0.02533397 -0.02091579 0.54117647 0.42352941 0.64313725
v 0.03300871 0.02531397 -0.02091579 0.54117647 0.42352941 0.64313725
v 0.03030900 0.02534897 -0.01957148 0.54117647 0.42352941 0.64313725
v 0.03570083 0.02521898 0.02219451 0.54117647 0.42352941 0.64313725
v 0.03705069 0.02520398 0.02353882 0.54117647 0.42352941 0.64313725
v 0.06265241 0.02517398 0.02353882 0.54117647 0.42352941 0.64313725
v 0.06399468 0.02516898 0.02353882 0.54117647 0.42352941 0.64313725
v 0.02897431 0.02536397 -0.01822204 0.54117647 0.42352941 0.64313725
v 0.02627460 0.02537397 -0.01687773 0.54117647 0.42352941 0.64313725
v 0.02358248 0.02537896 -0.01687773 0.54117647 0.42352941 0.64313725
v 0.06534454 0.02485900 0.02353882 0.54117647 0.42352941 0.64313725
v 0.06620905 0.02439904 0.02219451 0.54117647 0.42352941 0.64313725
v 0.06639105 0.02438404 0.00198367 0.54117647 0.42352941 0.64313725
v 0.06640622 0.02437904 0.00063423 0.54117647 0.42352941 0.64313725
v 0.06711148 0.02389408 -0.00744190 0.54117647 0.42352941 0.64313725
v 0.06711148 0.02388408 -0.00609759 0.54117647 0.42352941 0.64313725
v 0.06749824 0.02322913 -0.01014078 0.54117647 0.42352941 0.64313725
v 0.06749824 0.02323413 -0.01148509 0.54117647 0.42352941 0.64313725
v 0.06749824 0.02323413 -0.01283453 0.54117647 0.42352941 0.64313725
v 0.06749065 0.02322413 -0.01417884 0.54117647 0.42352941 0.64313725
v 0.06748307 0.02320913 -0.01552829 0.54117647 0.42352941 0.64313725
v 0.06763473 0.02217421 -0.01417884 0.54117647 0.42352941 0.64313725
v 0.06758924 0.02217421 -0.01687773 0.54117647 0.42352941 0.64313725
v 0.06751340 0.02217421 -0.01957148 0.54117647 0.42352941 0.64313725
v 0.06747549 0.02217421 -0.02091579 0.54117647 0.42352941 0.64313725
v 0.06742998 0.02217421 -0.02226523 0.54117647 0.42352941 0.64313725
v 0.06746032 0.02082431 -0.02226523 0.54117647 0.42352941 0.64313725
v 0.06748307 0.01947941 -0.02226523 0.54117647 0.42352941 0.64313725
v 0.06740723 -0.00611866 -0.02434327 0.54117647 0.42352941 0.64313725
v 0.06754373 -0.00746356 -0.02361468 0.54117647 0.42352941 0.64313725
v 0.06757407 0.01273992 -0.02226523 0.54117647 0.42352941 0.64313725
v 0.06758924 0.01139502 -0.02226523 0.54117647 0.42352941 0.64313725
v 0.06760440 0.01004512 -0.02226523 0.54117647 0.42352941 0.64313725
v 0.06745273 0.01273992 -0.02358902 0.54117647 0.42352941 0.64313725
v 0.06746790 0.01004512 -0.02361468 0.54117647 0.42352941 0.64313725
v 0.06767266 -0.00207396 -0.02226523 0.54117647 0.42352941 0.64313725
v 0.06768782 -0.00611866 -0.02226523 0.54117647 0.42352941 0.64313725
v 0.06768782 -0.01015835 -0.02226523 0.54117647 0.42352941 0.64313725
v 0.06767266 -0.01420305 -0.02226523 0.54117647 0.42352941 0.64313725
v 0.06765748 -0.01824274 -0.02226523 0.54117647 0.42352941 0.64313725
v 0.06778641 -0.01420305 -0.02091579 0.54117647 0.42352941 0.64313725
v 0.06786982 -0.01689784 -0.01957148 0.54117647 0.42352941 0.64313725
v 0.06782432 -0.02228744 -0.01957148 0.54117647 0.42352941 0.64313725
v 0.06796841 -0.02228744 -0.01552829 0.54117647 0.42352941 0.64313725
v 0.06791532 -0.02093754 -0.01822204 0.54117647 0.42352941 0.64313725
v 0.06797599 -0.01959264 -0.01687773 0.54117647 0.42352941 0.64313725
v 0.06800633 -0.01959264 -0.01552829 0.54117647 0.42352941 0.64313725
v 0.06799116 -0.02093754 -0.01552829 0.54117647 0.42352941 0.64313725
v 0.06799874 -0.02228744 -0.01283453 0.54117647 0.42352941 0.64313725
v 0.06767266 -0.02339735 -0.01417884 0.54117647 0.42352941 0.64313725
v 0.06695223 -0.02409230 -0.00744190 0.54117647 0.42352941 0.64313725
v 0.06768782 -0.02341735 -0.00879134 0.54117647 0.42352941 0.64313725
v 0.06607255 -0.02439228 0.02353882 0.54117647 0.42352941 0.64313725
v 0.06534454 -0.02487724 0.02353882 0.54117647 0.42352941 0.64313725
v 0.06399468 -0.02529221 0.02353882 0.54117647 0.42352941 0.64313725
v 0.06629247 -0.02451227 0.01275868 0.54117647 0.42352941 0.64313725
v 0.06628488 -0.02451727 0.01410812 0.54117647 0.42352941 0.64313725
v 0.06627730 -0.02451727 0.01545756 0.54117647 0.42352941 0.64313725
v 0.06626213 -0.02451727 0.01680188 0.54117647 0.42352941 0.64313725
v 0.06623938 -0.02451727 0.01815132 0.54117647 0.42352941 0.64313725
v 0.06620905 -0.02451227 0.01949563 0.54117647 0.42352941 0.64313725
v 0.06617871 -0.02450227 0.02084507 0.54117647 0.42352941 0.64313725
v 0.06614838 -0.02448227 0.02219451 0.54117647 0.42352941 0.64313725
v 0.06130256 -0.02491224 -0.01822204 0.54117647 0.42352941 0.64313725
v 0.06265241 -0.02486724 -0.01957148 0.54117647 0.42352941 0.64313725
v 0.06265241 -0.02531721 0.02353882 0.54117647 0.42352941 0.64313725
v 0.06265241 -0.02547220 0.02219451 0.54117647 0.42352941 0.64313725
v 0.05052648 -0.02511722 -0.01552829 0.54117647 0.42352941 0.64313725
v 0.05321860 -0.02506223 -0.01687773 0.54117647 0.42352941 0.64313725
v 0.05456845 -0.02504223 -0.01687773 0.54117647 0.42352941 0.64313725
v 0.05591073 -0.02502223 -0.01687773 0.54117647 0.42352941 0.64313725
v 0.05726058 -0.02498223 -0.01822204 0.54117647 0.42352941 0.64313725
v 0.06130256 -0.02489224 -0.01957148 0.54117647 0.42352941 0.64313725
v 0.06130256 -0.02487224 -0.02091579 0.54117647 0.42352941 0.64313725
v 0.05861043 -0.02493724 -0.01957148 0.54117647 0.42352941 0.64313725
v 0.05456845 -0.02499723 -0.01957148 0.54117647 0.42352941 0.64313725
v 0.05186875 -0.02503223 -0.01957148 0.54117647 0.42352941 0.64313725
v 0.04917662 -0.02503223 -0.02091579 0.54117647 0.42352941 0.64313725
v 0.04782677 -0.02504723 -0.02091579 0.54117647 0.42352941 0.64313725
v 0.04648449 -0.02505723 -0.02091579 0.54117647 0.42352941 0.64313725
v 0.04513464 -0.02506723 -0.02091579 0.54117647 0.42352941 0.64313725
v 0.04243494 -0.02508223 -0.02091579 0.54117647 0.42352941 0.64313725
v 0.04109267 -0.02508723 -0.02091579 0.54117647 0.42352941 0.64313725
v 0.03705069 -0.02510222 -0.02091579 0.54117647 0.42352941 0.64313725
v 0.03435098 -0.02511222 -0.02091579 0.54117647 0.42352941 0.64313725
v 0.02897431 -0.02511722 -0.02091579 0.54117647 0.42352941 0.64313725
v 0.02762446 -0.02511722 -0.02091579 0.54117647 0.42352941 0.64313725
v -0.00936761 -0.02514222 -0.01957148 0.54117647 0.42352941 0.64313725
v -0.00936761 -0.02503223 -0.02226523 0.54117647 0.42352941 0.64313725
v -0.00936761 0.02515898 0.02353882 0.54117647 0.42352941 0.64313725
v 0.01280640 0.02534397 -0.01957148 0.54117647 0.42352941 0.64313725
v 0.01145655 0.02533397 -0.02091579 0.54117647 0.42352941 0.64313725
v 0.01414867 0.02534397 -0.02091579 0.54117647 0.42352941 0.64313725
v 0.01549852 0.02534397 -0.02091579 0.54117647 0.42352941 0.64313725
v 0.02897431 0.02535897 -0.01957148 0.54117647 0.42352941 0.64313725
v 0.03570083 0.02520398 0.02353882 0.54117647 0.42352941 0.64313725
v 0.03974281 0.02468902 0.02474460 0.54117647 0.42352941 0.64313725
v 0.06130256 0.02466902 0.02474973 0.54117647 0.42352941 0.64313725
v 0.06265241 0.02466902 0.02474460 0.54117647 0.42352941 0.64313725
v 0.06399468 0.02466402 0.02472408 0.54117647 0.42352941 0.64313725
v 0.06534454 0.02448903 0.02452397 0.54117647 0.42352941 0.64313725
v 0.02762446 0.02536897 -0.01822204 0.54117647 0.42352941 0.64313725
v 0.02089036 0.02535897 -0.01957148 0.54117647 0.42352941 0.64313725
v 0.02089036 0.02536897 -0.01822204 0.54117647 0.42352941 0.64313725
v 0.01414867 0.02534897 -0.01957148 0.54117647 0.42352941 0.64313725
v 0.02223263 0.02537397 -0.01687773 0.54117647 0.42352941 0.64313725
v 0.06607255 0.02427905 0.02429820 0.54117647 0.42352941 0.64313725
v 0.06616355 0.02437404 0.02353882 0.54117647 0.42352941 0.64313725
v 0.06667922 0.02351910 0.02084507 0.54117647 0.42352941 0.64313725
v 0.06678539 0.02351910 0.01815132 0.54117647 0.42352941 0.64313725
v 0.06683089 0.02351910 0.01680188 0.54117647 0.42352941 0.64313725
v 0.06706598 0.02371409 0.00198367 0.54117647 0.42352941 0.64313725
v 0.06707356 0.02375409 0.00063423 0.54117647 0.42352941 0.64313725
v 0.06708115 0.02378909 -0.00071008 0.54117647 0.42352941 0.64313725
v 0.06708873 0.02381408 -0.00205439 0.54117647 0.42352941 0.64313725
v 0.06710390 0.02386408 -0.00474814 0.54117647 0.42352941 0.64313725
v 0.06747549 0.02320913 -0.00609759 0.54117647 0.42352941 0.64313725
v 0.06748307 0.02321913 -0.00744190 0.54117647 0.42352941 0.64313725
v 0.06762715 0.02217421 -0.00879134 0.54117647 0.42352941 0.64313725
v 0.06764232 0.02217421 -0.01148509 0.54117647 0.42352941 0.64313725
v 0.06764232 0.02217421 -0.01283453 0.54117647 0.42352941 0.64313725
v 0.06766507 0.01947941 -0.01552829 0.54117647 0.42352941 0.64313725
v 0.06780916 0.01139502 -0.01552829 0.54117647 0.42352941 0.64313725
v 0.06781674 0.01004512 -0.01687773 0.54117647 0.42352941 0.64313725
v 0.06764232 0.01947941 -0.01687773 0.54117647 0.42352941 0.64313725
v 0.06761199 0.01947941 -0.01822204 0.54117647 0.42352941 0.64313725
v 0.06757407 0.01947941 -0.01957148 0.54117647 0.42352941 0.64313725
v 0.06750582 0.02082431 -0.02091579 0.54117647 0.42352941 0.64313725
v 0.06784707 0.00600543 -0.01822204 0.54117647 0.42352941 0.64313725
v 0.06777124 0.00735033 -0.01957148 0.54117647 0.42352941 0.64313725
v 0.06778641 0.00600543 -0.01957148 0.54117647 0.42352941 0.64313725
v 0.06781674 0.00331063 -0.01957148 0.54117647 0.42352941 0.64313725
v 0.06761199 0.00870022 -0.02226523 0.54117647 0.42352941 0.64313725
v 0.06771815 0.00600543 -0.02091579 0.54117647 0.42352941 0.64313725
v 0.06784707 -0.00072906 -0.01957148 0.54117647 0.42352941 0.64313725
v 0.06785465 -0.00207396 -0.01957148 0.54117647 0.42352941 0.64313725
v 0.06786224 -0.00342386 -0.01957148 0.54117647 0.42352941 0.64313725
v 0.06778641 -0.00611866 -0.02091579 0.54117647 0.42352941 0.64313725
v 0.06779399 -0.01015835 -0.02091579 0.54117647 0.42352941 0.64313725
v 0.06788499 -0.01420305 -0.01957148 0.54117647 0.42352941 0.64313725
v 0.06794566 -0.01689784 -0.01822204 0.54117647 0.42352941 0.64313725
v 0.06793807 -0.01824274 -0.01822204 0.54117647 0.42352941 0.64313725
v 0.06802908 -0.01959264 -0.01417884 0.54117647 0.42352941 0.64313725
v 0.06799116 -0.01824274 -0.01687773 0.54117647 0.42352941 0.64313725
v 0.06803666 -0.01689784 -0.01552829 0.54117647 0.42352941 0.64313725
v 0.06805182 -0.01959264 -0.01148509 0.54117647 0.42352941 0.64313725
v 0.06805182 -0.02228744 -0.00474814 0.54117647 0.42352941 0.64313725
v 0.06769541 -0.02341735 -0.00744190 0.54117647 0.42352941 0.64313725
v 0.06805941 -0.02228744 -0.00340383 0.54117647 0.42352941 0.64313725
v 0.06807458 -0.02228744 -0.00071008 0.54117647 0.42352941 0.64313725
v 0.06697498 -0.02409230 0.00063423 0.54117647 0.42352941 0.64313725
v 0.06771815 -0.02341735 -0.00071008 0.54117647 0.42352941 0.64313725
v 0.06601946 -0.02431228 0.02421611 0.54117647 0.42352941 0.64313725
v 0.06744515 -0.02309738 0.01815132 0.54117647 0.42352941 0.64313725
v 0.06739965 -0.02301738 0.01909541 0.54117647 0.42352941 0.64313725
v 0.06534454 -0.02450227 0.02441622 0.54117647 0.42352941 0.64313725
v 0.06399468 -0.02470725 0.02461633 0.54117647 0.42352941 0.64313725
v 0.06697498 -0.02408730 0.00198367 0.54117647 0.42352941 0.64313725
v 0.06697498 -0.02407730 0.00332798 0.54117647 0.42352941 0.64313725
v 0.06696740 -0.02400731 0.01141437 0.54117647 0.42352941 0.64313725
v 0.06696740 -0.02399231 0.01275868 0.54117647 0.42352941 0.64313725
v 0.06695981 -0.02396231 0.01410812 0.54117647 0.42352941 0.64313725
v 0.06695223 -0.02391731 0.01545756 0.54117647 0.42352941 0.64313725
v 0.06762715 -0.02331736 0.01275868 0.54117647 0.42352941 0.64313725
v 0.06759682 -0.02328736 0.01410812 0.54117647 0.42352941 0.64313725
v 0.06755890 -0.02324737 0.01545756 0.54117647 0.42352941 0.64313725
v 0.06750582 -0.02318237 0.01680188 0.54117647 0.42352941 0.64313725
v 0.06265241 -0.02472225 0.02462659 0.54117647 0.42352941 0.64313725
v 0.06130256 -0.02532721 0.02353882 0.54117647 0.42352941 0.64313725
v 0.06130256 -0.02548720 0.02219451 0.54117647 0.42352941 0.64313725
v 0.04782677 -0.02514722 -0.01552829 0.54117647 0.42352941 0.64313725
v 0.05052648 -0.02509722 -0.01687773 0.54117647 0.42352941 0.64313725
v 0.05321860 -0.02504223 -0.01822204 0.54117647 0.42352941 0.64313725
v 0.05456845 -0.02502223 -0.01822204 0.54117647 0.42352941 0.64313725
v 0.05052648 -0.02504723 -0.01957148 0.54117647 0.42352941 0.64313725
v 0.04648449 -0.02509223 -0.01957148 0.54117647 0.42352941 0.64313725
v 0.04513464 -0.02510222 -0.01957148 0.54117647 0.42352941 0.64313725
v 0.04243494 -0.02511722 -0.01957148 0.54117647 0.42352941 0.64313725
v 0.04109267 -0.02512222 -0.01957148 0.54117647 0.42352941 0.64313725
v 0.03974281 -0.02512722 -0.01957148 0.54117647 0.42352941 0.64313725
v 0.03435098 -0.02514222 -0.01957148 0.54117647 0.42352941 0.64313725
v 0.03030900 -0.02515222 -0.01957148 0.54117647 0.42352941 0.64313725
v 0.02762446 -0.02515222 -0.01957148 0.54117647 0.42352941 0.64313725
v -0.00936761 -0.02516222 -0.01883262 0.54117647 0.42352941 0.64313725
v 0.01819065 0.02535897 -0.01687773 0.54117647 0.42352941 0.64313725
v -0.00936761 0.02466902 0.02472920 0.54117647 0.42352941 0.64313725
v 0.04243494 0.02467902 0.02475486 0.54117647 0.42352941 0.64313725
v 0.04109267 0.02468402 0.02474973 0.54117647 0.42352941 0.64313725
v 0.05861043 0.02466902 0.02475486 0.54117647 0.42352941 0.64313725
v -0.00606122 0.02466402 0.02473947 0.54117647 0.42352941 0.64313725
v 0.05052648 0.02351910 0.02541162 0.54117647 0.42352941 0.64313725
v 0.06130256 0.02351910 0.02535005 0.54117647 0.42352941 0.64313725
v 0.06265241 0.02351910 0.02533979 0.54117647 0.42352941 0.64313725
v 0.06399468 0.02351910 0.02530900 0.54117647 0.42352941 0.64313725
v 0.06534454 0.02351910 0.02492418 0.54117647 0.42352941 0.64313725
v 0.06612563 0.02351910 0.02438543 0.54117647 0.42352941 0.64313725
v 0.06639105 0.02351910 0.02353882 0.54117647 0.42352941 0.64313725
v 0.06660339 0.02351910 0.02219451 0.54117647 0.42352941 0.64313725
v 0.06707356 0.02217421 0.01949563 0.54117647 0.42352941 0.64313725
v 0.06713423 0.02217421 0.01815132 0.54117647 0.42352941 0.64313725
v 0.06736173 0.02284916 0.00805872 0.54117647 0.42352941 0.64313725
v 0.06738449 0.02290915 0.00602173 0.54117647 0.42352941 0.64313725
v 0.06740723 0.02299915 0.00332798 0.54117647 0.42352941 0.64313725
v 0.06742998 0.02308414 0.00063423 0.54117647 0.42352941 0.64313725
v 0.06745273 0.02314414 -0.00205439 0.54117647 0.42352941 0.64313725
v 0.06746032 0.02316913 -0.00340383 0.54117647 0.42352941 0.64313725
v 0.06746790 0.02318913 -0.00474814 0.54117647 0.42352941 0.64313725
v 0.06765748 0.02082431 -0.01014078 0.54117647 0.42352941 0.64313725
v 0.06766507 0.02082431 -0.01148509 0.54117647 0.42352941 0.64313725
v 0.06761199 0.02217421 -0.00744190 0.54117647 0.42352941 0.64313725
v 0.06764232 0.01947941 -0.00609759 0.54117647 0.42352941 0.64313725
v 0.06798358 -0.00207396 -0.00474814 0.54117647 0.42352941 0.64313725
v 0.06795324 0.00061583 -0.00609759 0.54117647 0.42352941 0.64313725
v 0.06794566 0.00331063 -0.01014078 0.54117647 0.42352941 0.64313725
v 0.06786982 0.00870022 -0.01283453 0.54117647 0.42352941 0.64313725
v 0.06771815 0.01543472 -0.01687773 0.54117647 0.42352941 0.64313725
v 0.06794566 0.00331063 -0.01552829 0.54117647 0.42352941 0.64313725
v 0.06783949 0.00870022 -0.01687773 0.54117647 0.42352941 0.64313725
v 0.06775607 0.01139502 -0.01822204 0.54117647 0.42352941 0.64313725
v 0.06788499 0.00600543 -0.01687773 0.54117647 0.42352941 0.64313725
v 0.06792291 0.00331063 -0.01687773 0.54117647 0.42352941 0.64313725
v 0.06787741 0.00331063 -0.01822204 0.54117647 0.42352941 0.64313725
v 0.06789258 0.00196073 -0.01822204 0.54117647 0.42352941 0.64313725
v 0.06791532 -0.00072906 -0.01822204 0.54117647 0.42352941 0.64313725
v 0.06792291 -0.00207396 -0.01822204 0.54117647 0.42352941 0.64313725
v 0.06795324 -0.00746356 -0.01822204 0.54117647 0.42352941 0.64313725
v 0.06787741 -0.00746356 -0.01957148 0.54117647 0.42352941 0.64313725
v 0.06796082 -0.00881345 -0.01822204 0.54117647 0.42352941 0.64313725
v 0.06788499 -0.01015835 -0.01957148 0.54117647 0.42352941 0.64313725
v 0.06796082 -0.01420305 -0.01822204 0.54117647 0.42352941 0.64313725
v 0.06799874 -0.01689784 -0.01687773 0.54117647 0.42352941 0.64313725
v 0.06804424 -0.01824274 -0.01417884 0.54117647 0.42352941 0.64313725
v 0.06805182 -0.01285315 -0.01552829 0.54117647 0.42352941 0.64313725
v 0.06806699 -0.01420305 -0.01417884 0.54117647 0.42352941 0.64313725
v 0.06806699 -0.01689784 -0.01283453 0.54117647 0.42352941 0.64313725
v 0.06806699 -0.01824274 -0.01148509 0.54117647 0.42352941 0.64313725
v 0.06805941 -0.01959264 -0.01014078 0.54117647 0.42352941 0.64313725
v 0.06808216 -0.01959264 -0.00609759 0.54117647 0.42352941 0.64313725
v 0.06808975 -0.01959264 -0.00340383 0.54117647 0.42352941 0.64313725
v 0.06807458 -0.02228744 0.00198367 0.54117647 0.42352941 0.64313725
v 0.06771815 -0.02341735 0.00063423 0.54117647 0.42352941 0.64313725
v 0.06608013 -0.02363234 0.02429307 0.54117647 0.42352941 0.64313725
v 0.06534454 -0.02363234 0.02475486 0.54117647 0.42352941 0.64313725
v 0.06662613 -0.02363234 0.02219451 0.54117647 0.42352941 0.64313725
v 0.06699014 -0.02228744 0.02219451 0.54117647 0.42352941 0.64313725
v 0.06655031 -0.02228744 0.02353882 0.54117647 0.42352941 0.64313725
v 0.06782432 -0.02228744 0.01410812 0.54117647 0.42352941 0.64313725
v 0.06774090 -0.02228744 0.01545756 0.54117647 0.42352941 0.64313725
v 0.06763473 -0.02228744 0.01680188 0.54117647 0.42352941 0.64313725
v 0.06751340 -0.02228744 0.01815132 0.54117647 0.42352941 0.64313725
v 0.06740723 -0.02228744 0.01918777 0.54117647 0.42352941 0.64313725
v 0.06732381 -0.02228744 0.01986506 0.54117647 0.42352941 0.64313725
v 0.06720248 -0.02228744 0.02084507 0.54117647 0.42352941 0.64313725
v 0.06399468 -0.02363234 0.02514481 0.54117647 0.42352941 0.64313725
v 0.06771815 -0.02341235 0.00198367 0.54117647 0.42352941 0.64313725
v 0.06771815 -0.02340235 0.00332798 0.54117647 0.42352941 0.64313725
v 0.06771057 -0.02339235 0.00467742 0.54117647 0.42352941 0.64313725
v 0.06768024 -0.02335736 0.00872062 0.54117647 0.42352941 0.64313725
v 0.06766507 -0.02334736 0.01006493 0.54117647 0.42352941 0.64313725
v 0.06764990 -0.02333236 0.01141437 0.54117647 0.42352941 0.64313725
v 0.06802149 -0.02228744 0.00737118 0.54117647 0.42352941 0.64313725
v 0.06799116 -0.02228744 0.00872062 0.54117647 0.42352941 0.64313725
v 0.06793049 -0.02228744 0.01141437 0.54117647 0.42352941 0.64313725
v 0.06788499 -0.02228744 0.01275868 0.54117647 0.42352941 0.64313725
v 0.06130256 -0.02472725 0.02463172 0.54117647 0.42352941 0.64313725
v 0.06265241 -0.02363234 0.02516021 0.54117647 0.42352941 0.64313725
v 0.04378479 -0.02363234 0.02533466 0.54117647 0.42352941 0.64313725
v -0.00936761 -0.02414730 0.02553990 0.54117647 0.42352941 0.64313725
v 0.05861043 -0.02550219 0.02219451 0.54117647 0.42352941 0.64313725
v 0.05995270 -0.02549719 0.02219451 0.54117647 0.42352941 0.64313725
v 0.02627460 -0.02479725 0.02474460 0.54117647 0.42352941 0.64313725
v 0.00472244 -0.02483724 0.02481643 0.54117647 0.42352941 0.64313725
v -0.00936761 -0.02485224 0.02486261 0.54117647 0.42352941 0.64313725
v 0.01280640 -0.02545220 0.02353882 0.54117647 0.42352941 0.64313725
v 0.04648449 -0.02517722 -0.01417884 0.54117647 0.42352941 0.64313725
v 0.04782677 -0.02512722 -0.01687773 0.54117647 0.42352941 0.64313725
v 0.04648449 -0.02511722 -0.01822204 0.54117647 0.42352941 0.64313725
v 0.04243494 -0.02514722 -0.01822204 0.54117647 0.42352941 0.64313725
v 0.04109267 -0.02515222 -0.01822204 0.54117647 0.42352941 0.64313725
v 0.03974281 -0.02515722 -0.01822204 0.54117647 0.42352941 0.64313725
v 0.02897431 -0.02517722 -0.01822204 0.54117647 0.42352941 0.64313725
v -0.00936761 -0.02522222 -0.01613887 0.54117647 0.42352941 0.64313725
v -0.00936761 -0.02520722 -0.01687773 0.54117647 0.42352941 0.64313725
v 0.03839296 -0.02518222 -0.01687773 0.54117647 0.42352941 0.64313725
v 0.03570083 -0.02518722 -0.01687773 0.54117647 0.42352941 0.64313725
v -0.00936761 -0.02517722 -0.01822204 0.54117647 0.42352941 0.64313725
v -0.00936761 0.02351910 0.02530900 0.54117647 0.42352941 0.64313725
v -0.00875335 0.02351910 0.02531414 0.54117647 0.42352941 0.64313725
v -0.00606122 0.02351910 0.02533466 0.54117647 0.42352941 0.64313725
v -0.00471137 0.02351910 0.02534492 0.54117647 0.42352941 0.64313725
v -0.00201924 0.02351910 0.02535518 0.54117647 0.42352941 0.64313725
v -0.00336151 0.02465902 0.02474460 0.54117647 0.42352941 0.64313725
v 0.04782677 0.02351910 0.02541162 0.54117647 0.42352941 0.64313725
v 0.04917662 0.02251918 0.02553477 0.54117647 0.42352941 0.64313725
v 0.05052648 0.02247918 0.02553477 0.54117647 0.42352941 0.64313725
v 0.06130256 0.02217421 0.02544754 0.54117647 0.42352941 0.64313725
v 0.06265241 0.02217421 0.02543215 0.54117647 0.42352941 0.64313725
v 0.06399468 0.02217421 0.02540649 0.54117647 0.42352941 0.64313725
v 0.05321860 0.02159425 0.02557068 0.54117647 0.42352941 0.64313725
v 0.06534454 0.02217421 0.02501654 0.54117647 0.42352941 0.64313725
v 0.06614838 0.02217421 0.02442648 0.54117647 0.42352941 0.64313725
v 0.06654272 0.02082431 0.02353882 0.54117647 0.42352941 0.64313725
v 0.06649722 0.02217421 0.02353882 0.54117647 0.42352941 0.64313725
v 0.06683089 0.02217421 0.02219451 0.54117647 0.42352941 0.64313725
v 0.06699014 0.02217421 0.02084507 0.54117647 0.42352941 0.64313725
v 0.06705081 0.01812951 0.02084507 0.54117647 0.42352941 0.64313725
v 0.06706598 0.01678461 0.02084507 0.54117647 0.42352941 0.64313725
v 0.06716457 0.01408982 0.01949563 0.54117647 0.42352941 0.64313725
v 0.06786982 -0.02093754 0.01275868 0.54117647 0.42352941 0.64313725
v 0.06701289 0.02082431 0.02084507 0.54117647 0.42352941 0.64313725
v 0.06717973 0.02217421 0.01680188 0.54117647 0.42352941 0.64313725
v 0.06792291 -0.02093754 0.01141437 0.54117647 0.42352941 0.64313725
v 0.06721765 0.02217421 0.01545756 0.54117647 0.42352941 0.64313725
v 0.06730865 0.02217421 0.01141437 0.54117647 0.42352941 0.64313725
v 0.06733898 0.02217421 0.01006493 0.54117647 0.42352941 0.64313725
v 0.06736173 0.02217421 0.00901821 0.54117647 0.42352941 0.64313725
v 0.06748307 0.02217421 0.00198367 0.54117647 0.42352941 0.64313725
v 0.06752857 0.02217421 -0.00071008 0.54117647 0.42352941 0.64313725
v 0.06758166 0.02217421 -0.00474814 0.54117647 0.42352941 0.64313725
v 0.06793049 0.00465553 -0.01148509 0.54117647 0.42352941 0.64313725
v 0.06789258 0.00735033 -0.01283453 0.54117647 0.42352941 0.64313725
v 0.06762715 0.01947941 -0.00474814 0.54117647 0.42352941 0.64313725
v 0.06796841 -0.00207396 -0.00340383 0.54117647 0.42352941 0.64313725
v 0.06799116 -0.00476876 -0.00205439 0.54117647 0.42352941 0.64313725
v 0.06800633 -0.00476876 -0.00340383 0.54117647 0.42352941 0.64313725
v 0.06801391 -0.00342386 -0.00609759 0.54117647 0.42352941 0.64313725
v 0.06797599 0.00061583 -0.00879134 0.54117647 0.42352941 0.64313725
v 0.06801391 -0.00207396 -0.00879134 0.54117647 0.42352941 0.64313725
v 0.06802149 -0.00207396 -0.01014078 0.54117647 0.42352941 0.64313725
v 0.06796841 0.00196073 -0.01417884 0.54117647 0.42352941 0.64313725
v 0.06802149 -0.00207396 -0.01283453 0.54117647 0.42352941 0.64313725
v 0.06801391 -0.00207396 -0.01417884 0.54117647 0.42352941 0.64313725
v 0.06797599 0.00061583 -0.01552829 0.54117647 0.42352941 0.64313725
v 0.06793049 0.00465553 -0.01417884 0.54117647 0.42352941 0.64313725
v 0.06793807 0.00196073 -0.01687773 0.54117647 0.42352941 0.64313725
v 0.06796841 -0.00207396 -0.01687773 0.54117647 0.42352941 0.64313725
v 0.06799874 -0.00611866 -0.01687773 0.54117647 0.42352941 0.64313725
v 0.06800633 -0.00746356 -0.01687773 0.54117647 0.42352941 0.64313725
v 0.06801391 -0.00881345 -0.01687773 0.54117647 0.42352941 0.64313725
v 0.06801391 -0.01285315 -0.01687773 0.54117647 0.42352941 0.64313725
v 0.06805182 -0.01015835 -0.01552829 0.54117647 0.42352941 0.64313725
v 0.06807458 -0.01150825 -0.01417884 0.54117647 0.42352941 0.64313725
v 0.06808216 -0.01150825 -0.01283453 0.54117647 0.42352941 0.64313725
v 0.06808216 -0.01689784 -0.01014078 0.54117647 0.42352941 0.64313725
v 0.06807458 -0.01824274 -0.01014078 0.54117647 0.42352941 0.64313725
v 0.06808216 -0.01824274 -0.00879134 0.54117647 0.42352941 0.64313725
v 0.06808975 -0.01689784 -0.00879134 0.54117647 0.42352941 0.64313725
v 0.06809733 -0.01689784 -0.00609759 0.54117647 0.42352941 0.64313725
v 0.06809733 -0.01824274 -0.00340383 0.54117647 0.42352941 0.64313725
v 0.06808975 -0.01959264 -0.00071008 0.54117647 0.42352941 0.64313725
v 0.06808216 -0.01959264 0.00198367 0.54117647 0.42352941 0.64313725
v 0.06806699 -0.02228744 0.00332798 0.54117647 0.42352941 0.64313725
v 0.06613321 -0.02228744 0.02436491 0.54117647 0.42352941 0.64313725
v 0.06534454 -0.02228744 0.02489853 0.54117647 0.42352941 0.64313725
v 0.06399468 -0.02228744 0.02529361 0.54117647 0.42352941 0.64313725
v 0.06698256 0.01273992 0.02219451 0.54117647 0.42352941 0.64313725
v 0.06663372 0.01139502 0.02353882 0.54117647 0.42352941 0.64313725
v 0.06618630 0.00735033 0.02445726 0.54117647 0.42352941 0.64313725
v 0.06708115 0.01543472 0.02084507 0.54117647 0.42352941 0.64313725
v 0.06696740 0.01543472 0.02219451 0.54117647 0.42352941 0.64313725
v 0.06697498 0.01408982 0.02219451 0.54117647 0.42352941 0.64313725
v 0.04243494 -0.02251742 0.02552964 0.54117647 0.42352941 0.64313725
v 0.06770299 -0.02337736 0.00602173 0.54117647 0.42352941 0.64313725
v 0.06805182 -0.02228744 0.00467742 0.54117647 0.42352941 0.64313725
v 0.06805941 -0.02093754 0.00467742 0.54117647 0.42352941 0.64313725
v 0.06799116 -0.02093754 0.00872062 0.54117647 0.42352941 0.64313725
v 0.04109267 -0.02258742 0.02553477 0.54117647 0.42352941 0.64313725
v 0.03974281 -0.02265241 0.02553990 0.54117647 0.42352941 0.64313725
v 0.03839296 -0.02270741 0.02554503 0.54117647 0.42352941 0.64313725
v 0.04109267 -0.02363234 0.02535518 0.54117647 0.42352941 0.64313725
v -0.00936761 -0.02347235 0.02561686 0.54117647 0.42352941 0.64313725
v 0.03839296 -0.02363234 0.02537571 0.54117647 0.42352941 0.64313725
v 0.01010669 -0.02545720 0.02353882 0.54117647 0.42352941 0.64313725
v -0.00936761 -0.02549220 0.02353882 0.54117647 0.42352941 0.64313725
v 0.01954050 -0.02556219 0.02219451 0.54117647 0.42352941 0.64313725
v -0.00740349 -0.02566718 0.01806922 0.54117647 0.42352941 0.64313725
v -0.00740349 -0.02568218 0.01680188 0.54117647 0.42352941 0.64313725
v -0.00936761 -0.02569218 0.01545756 0.54117647 0.42352941 0.64313725
v -0.00936761 -0.02569718 0.01410812 0.54117647 0.42352941 0.64313725
v -0.00936761 -0.02568718 0.01275868 0.54117647 0.42352941 0.64313725
v 0.03974281 -0.02521722 -0.01417884 0.54117647 0.42352941 0.64313725
v 0.04378479 -0.02519722 -0.01417884 0.54117647 0.42352941 0.64313725
v 0.04648449 -0.02513722 -0.01687773 0.54117647 0.42352941 0.64313725
v 0.04243494 -0.02516722 -0.01687773 0.54117647 0.42352941 0.64313725
v 0.04109267 -0.02517222 -0.01687773 0.54117647 0.42352941 0.64313725
v 0.03300871 -0.02521222 -0.01552829 0.54117647 0.42352941 0.64313725
v -0.00936761 -0.02565718 0.01051645 0.54117647 0.42352941 0.64313725
v -0.00936761 -0.02525721 -0.01417884 0.54117647 0.42352941 0.64313725
v 0.03839296 -0.02520222 -0.01552829 0.54117647 0.42352941 0.64313725
v -0.00936761 0.02217421 0.02541162 0.54117647 0.42352941 0.64313725
v -0.00740349 0.02217421 0.02543215 0.54117647 0.42352941 0.64313725
v -0.00606122 0.02217421 0.02544241 0.54117647 0.42352941 0.64313725
v -0.00336151 0.02217421 0.02546293 0.54117647 0.42352941 0.64313725
v -0.00066939 0.02217421 0.02547833 0.54117647 0.42352941 0.64313725
v 0.04782677 0.02181924 0.02558608 0.54117647 0.42352941 0.64313725
v 0.04917662 0.02184423 0.02558608 0.54117647 0.42352941 0.64313725
v 0.05052648 0.02180424 0.02558094 0.54117647 0.42352941 0.64313725
v 0.05186875 0.02170924 0.02557581 0.54117647 0.42352941 0.64313725
v 0.05321860 0.02082431 0.02562199 0.54117647 0.42352941 0.64313725
v 0.05726058 0.01947941 0.02563739 0.54117647 0.42352941 0.64313725
v 0.05861043 0.01947941 0.02561173 0.54117647 0.42352941 0.64313725
v 0.05591073 0.02070432 0.02559634 0.54117647 0.42352941 0.64313725
v 0.05456845 0.01947941 0.02567843 0.54117647 0.42352941 0.64313725
v 0.06399468 0.02082431 0.02544754 0.54117647 0.42352941 0.64313725
v 0.05726058 0.01812951 0.02568869 0.54117647 0.42352941 0.64313725
v 0.05861043 0.01812951 0.02565791 0.54117647 0.42352941 0.64313725
v 0.06534454 0.02082431 0.02505246 0.54117647 0.42352941 0.64313725
v 0.06617113 0.02082431 0.02444700 0.54117647 0.42352941 0.64313725
v 0.06657306 0.01947941 0.02353882 0.54117647 0.42352941 0.64313725
v 0.06686881 0.02082431 0.02219451 0.54117647 0.42352941 0.64313725
v 0.06689914 0.01947941 0.02219451 0.54117647 0.42352941 0.64313725
v 0.06694464 0.01678461 0.02219451 0.54117647 0.42352941 0.64313725
v 0.06752098 0.00600543 0.01275868 0.54117647 0.42352941 0.64313725
v 0.06754373 0.00735033 0.01141437 0.54117647 0.42352941 0.64313725
v 0.06796082 -0.01824274 0.00872062 0.54117647 0.42352941 0.64313725
v 0.06794566 -0.01689784 0.00872062 0.54117647 0.42352941 0.64313725
v 0.06727073 0.02082431 0.01410812 0.54117647 0.42352941 0.64313725
v 0.06733140 0.02082431 0.01141437 0.54117647 0.42352941 0.64313725
v 0.06761199 0.00735033 0.00872062 0.54117647 0.42352941 0.64313725
v 0.06755131 0.01408982 0.00602173 0.54117647 0.42352941 0.64313725
v 0.06775607 0.00196073 0.00602173 0.54117647 0.42352941 0.64313725
v 0.06773332 0.00331063 0.00602173 0.54117647 0.42352941 0.64313725
v 0.06757407 0.01408982 0.00467742 0.54117647 0.42352941 0.64313725
v 0.06786982 -0.00072906 0.00198367 0.54117647 0.42352941 0.64313725
v 0.06782432 0.00331063 0.00063423 0.54117647 0.42352941 0.64313725
v 0.06784707 0.00196073 0.00063423 0.54117647 0.42352941 0.64313725
v 0.06788499 0.00196073 -0.00205439 0.54117647 0.42352941 0.64313725
v 0.06800633 -0.00072906 -0.01148509 0.54117647 0.42352941 0.64313725
v 0.06795324 -0.00342386 -0.00071008 0.54117647 0.42352941 0.64313725
v 0.06799116 -0.00746356 0.00063423 0.54117647 0.42352941 0.64313725
v 0.06802149 -0.00746356 -0.00205439 0.54117647 0.42352941 0.64313725
v 0.06795324 -0.00476876 0.00063423 0.54117647 0.42352941 0.64313725
v 0.06802149 -0.00611866 -0.00340383 0.54117647 0.42352941 0.64313725
v 0.06802908 -0.00476876 -0.00609759 0.54117647 0.42352941 0.64313725
v 0.06803666 -0.00476876 -0.00744190 0.54117647 0.42352941 0.64313725
v 0.06805182 -0.00476876 -0.01014078 0.54117647 0.42352941 0.64313725
v 0.06805182 -0.00476876 -0.01148509 0.54117647 0.42352941 0.64313725
v 0.06803666 -0.00342386 -0.01283453 0.54117647 0.42352941 0.64313725
v 0.06802908 -0.00342386 -0.01417884 0.54117647 0.42352941 0.64313725
v 0.06799874 -0.00207396 -0.01552829 0.54117647 0.42352941 0.64313725
v 0.06802149 -0.00476876 -0.01552829 0.54117647 0.42352941 0.64313725
v 0.06807458 -0.01015835 -0.01417884 0.54117647 0.42352941 0.64313725
v 0.06808975 -0.01015835 -0.01014078 0.54117647 0.42352941 0.64313725
v 0.06810491 -0.01285315 -0.00744190 0.54117647 0.42352941 0.64313725
v 0.06809733 -0.01420305 -0.00879134 0.54117647 0.42352941 0.64313725
v 0.06808975 -0.01420305 -0.01014078 0.54117647 0.42352941 0.64313725
v 0.06809733 -0.01554795 -0.00340383 0.54117647 0.42352941 0.64313725
v 0.06808975 -0.01554795 -0.00205439 0.54117647 0.42352941 0.64313725
v 0.06807458 -0.01824274 0.00198367 0.54117647 0.42352941 0.64313725
v 0.06534454 0.00735033 0.02506785 0.54117647 0.42352941 0.64313725
v 0.06399468 -0.01285315 0.02545780 0.54117647 0.42352941 0.64313725
v 0.06399468 -0.01554795 0.02543215 0.54117647 0.42352941 0.64313725
v 0.06399468 -0.01824274 0.02539623 0.54117647 0.42352941 0.64313725
v 0.06399468 -0.01959264 0.02537058 0.54117647 0.42352941 0.64313725
v 0.06399468 -0.02093754 0.02533979 0.54117647 0.42352941 0.64313725
v 0.05321860 -0.01554795 0.02574514 0.54117647 0.42352941 0.64313725
v 0.05186875 -0.01689784 0.02571948 0.54117647 0.42352941 0.64313725
v 0.05052648 -0.01689784 0.02574000 0.54117647 0.42352941 0.64313725
v 0.04917662 -0.01824274 0.02569896 0.54117647 0.42352941 0.64313725
v 0.04782677 -0.01959264 0.02565278 0.54117647 0.42352941 0.64313725
v 0.04634800 -0.02100254 0.02559121 0.54117647 0.42352941 0.64313725
v 0.04513464 -0.02166748 0.02556555 0.54117647 0.42352941 0.64313725
v 0.06662613 0.01543472 0.02353882 0.54117647 0.42352941 0.64313725
v 0.06617871 0.01947941 0.02445726 0.54117647 0.42352941 0.64313725
v 0.06618630 0.01004512 0.02445726 0.54117647 0.42352941 0.64313725
v 0.06534454 0.01947941 0.02507298 0.54117647 0.42352941 0.64313725
v 0.06661097 0.01678461 0.02353882 0.54117647 0.42352941 0.64313725
v 0.04243494 -0.02184247 0.02558094 0.54117647 0.42352941 0.64313725
v 0.06805182 -0.01959264 0.00467742 0.54117647 0.42352941 0.64313725
v 0.06802149 -0.01824274 0.00602173 0.54117647 0.42352941 0.64313725
v 0.04109267 -0.02191246 0.02558608 0.54117647 0.42352941 0.64313725
v 0.03839296 -0.02203246 0.02559121 0.54117647 0.42352941 0.64313725
v -0.00936761 -0.02283740 0.02566304 0.54117647 0.42352941 0.64313725
v -0.00936761 -0.02559219 0.02219451 0.54117647 0.42352941 0.64313725
v -0.00936761 -0.02561719 0.02084507 0.54117647 0.42352941 0.64313725
v -0.00936761 -0.02564218 0.01946484 0.54117647 0.42352941 0.64313725
v -0.00936761 -0.02565718 0.01850535 0.54117647 0.42352941 0.64313725
v -0.00936761 -0.02567218 0.01748942 0.54117647 0.42352941 0.64313725
v -0.00936761 -0.02568218 0.01680188 0.54117647 0.42352941 0.64313725
v -0.00936761 -0.02568718 0.01619129 0.54117647 0.42352941 0.64313725
v 0.04109267 -0.02519222 -0.01552829 0.54117647 0.42352941 0.64313725
v 0.04243494 -0.02518722 -0.01552829 0.54117647 0.42352941 0.64313725
v -0.00936761 0.02156425 0.02544241 0.54117647 0.42352941 0.64313725
v -0.00936761 0.02082431 0.02547833 0.54117647 0.42352941 0.64313725
v -0.00606122 0.02082431 0.02550911 0.54117647 0.42352941 0.64313725
v -0.00066939 0.02097930 0.02553990 0.54117647 0.42352941 0.64313725
v 0.00068046 0.02106929 0.02554503 0.54117647 0.42352941 0.64313725
v 0.04782677 0.02082431 0.02564765 0.54117647 0.42352941 0.64313725
v 0.04917662 0.02082431 0.02564765 0.54117647 0.42352941 0.64313725
v 0.05052648 0.02082431 0.02564252 0.54117647 0.42352941 0.64313725
v 0.05186875 0.01947941 0.02570922 0.54117647 0.42352941 0.64313725
v 0.05456845 0.01812951 0.02573487 0.54117647 0.42352941 0.64313725
v 0.05591073 0.01812951 0.02571435 0.54117647 0.42352941 0.64313725
v 0.05052648 0.01812951 0.02578105 0.54117647 0.42352941 0.64313725
v 0.06399468 0.01947941 0.02546806 0.54117647 0.42352941 0.64313725
v 0.05726058 0.01678461 0.02572974 0.54117647 0.42352941 0.64313725
v 0.05726058 0.01543472 0.02576566 0.54117647 0.42352941 0.64313725
v 0.05861043 0.01543472 0.02572461 0.54117647 0.42352941 0.64313725
v 0.05861043 0.01408982 0.02575027 0.54117647 0.42352941 0.64313725
v 0.05591073 0.01678461 0.02576053 0.54117647 0.42352941 0.64313725
v 0.06785465 -0.00746356 0.00737118 0.54117647 0.42352941 0.64313725
v 0.06772574 0.00196073 0.00737118 0.54117647 0.42352941 0.64313725
v 0.06796082 -0.01554795 0.00737118 0.54117647 0.42352941 0.64313725
v 0.06794566 -0.01420305 0.00737118 0.54117647 0.42352941 0.64313725
v 0.06779399 -0.00072906 0.00602173 0.54117647 0.42352941 0.64313725
v 0.06780157 0.00061583 0.00467742 0.54117647 0.42352941 0.64313725
v 0.06799874 -0.01015835 0.00198367 0.54117647 0.42352941 0.64313725
v 0.06802149 -0.01015835 0.00063423 0.54117647 0.42352941 0.64313725
v 0.06791532 -0.00746356 0.00467742 0.54117647 0.42352941 0.64313725
v 0.06798358 -0.00881345 0.00198367 0.54117647 0.42352941 0.64313725
v 0.06803666 -0.01015835 -0.00071008 0.54117647 0.42352941 0.64313725
v 0.06803666 -0.00881345 -0.00205439 0.54117647 0.42352941 0.64313725
v 0.06783949 -0.00207396 0.00467742 0.54117647 0.42352941 0.64313725
v 0.06804424 -0.00611866 -0.00609759 0.54117647 0.42352941 0.64313725
v 0.06806699 -0.00746356 -0.00744190 0.54117647 0.42352941 0.64313725
v 0.06807458 -0.00746356 -0.00879134 0.54117647 0.42352941 0.64313725
v 0.06806699 -0.00611866 -0.01014078 0.54117647 0.42352941 0.64313725
v 0.06806699 -0.00746356 -0.01283453 0.54117647 0.42352941 0.64313725
v 0.06805182 -0.00611866 -0.01417884 0.54117647 0.42352941 0.64313725
v 0.06805941 -0.00746356 -0.01417884 0.54117647 0.42352941 0.64313725
v 0.06807458 -0.00881345 -0.01283453 0.54117647 0.42352941 0.64313725
v 0.06807458 -0.00746356 -0.01014078 0.54117647 0.42352941 0.64313725
v 0.06808975 -0.01015835 -0.00744190 0.54117647 0.42352941 0.64313725
v 0.06808216 -0.01420305 -0.00205439 0.54117647 0.42352941 0.64313725
v 0.06806699 -0.01689784 0.00198367 0.54117647 0.42352941 0.64313725
v 0.06399468 -0.00342386 0.02548859 0.54117647 0.42352941 0.64313725
v 0.06399468 -0.01015835 0.02546806 0.54117647 0.42352941 0.64313725
v 0.06399468 -0.01150825 0.02546293 0.54117647 0.42352941 0.64313725
v 0.06312258 -0.00342386 0.02555016 0.54117647 0.42352941 0.64313725
v 0.06244766 -0.00342386 0.02559121 0.54117647 0.42352941 0.64313725
v 0.06234149 -0.00611866 0.02558608 0.54117647 0.42352941 0.64313725
v 0.06130256 -0.00746356 0.02563739 0.54117647 0.42352941 0.64313725
v 0.05995270 -0.00746356 0.02570409 0.54117647 0.42352941 0.64313725
v 0.05995270 -0.00881345 0.02568869 0.54117647 0.42352941 0.64313725
v 0.05995270 -0.01015835 0.02567330 0.54117647 0.42352941 0.64313725
v 0.05861043 -0.01015835 0.02572461 0.54117647 0.42352941 0.64313725
v 0.05861043 -0.01285315 0.02567843 0.54117647 0.42352941 0.64313725
v 0.05861043 -0.01420305 0.02565278 0.54117647 0.42352941 0.64313725
v 0.05726058 -0.01420305 0.02569383 0.54117647 0.42352941 0.64313725
v 0.05726058 -0.01554795 0.02565791 0.54117647 0.42352941 0.64313725
v 0.05591073 -0.01554795 0.02568869 0.54117647 0.42352941 0.64313725
v 0.05456845 -0.01420305 0.02575540 0.54117647 0.42352941 0.64313725
v 0.05186875 -0.01420305 0.02580671 0.54117647 0.42352941 0.64313725
v 0.05052648 -0.01420305 0.02582723 0.54117647 0.42352941 0.64313725
v 0.05052648 -0.01554795 0.02578618 0.54117647 0.42352941 0.64313725
v 0.04917662 -0.01420305 0.02584775 0.54117647 0.42352941 0.64313725
v 0.04917662 -0.01689784 0.02575540 0.54117647 0.42352941 0.64313725
v 0.04782677 -0.01824274 0.02571435 0.54117647 0.42352941 0.64313725
v 0.04648449 -0.01959264 0.02566817 0.54117647 0.42352941 0.64313725
v 0.04378479 -0.02093754 0.02562199 0.54117647 0.42352941 0.64313725
v 0.06399468 0.01812951 0.02547833 0.54117647 0.42352941 0.64313725
v 0.06399468 0.01678461 0.02548346 0.54117647 0.42352941 0.64313725
v 0.06399468 0.00331063 0.02548859 0.54117647 0.42352941 0.64313725
v 0.04109267 -0.02093754 0.02564252 0.54117647 0.42352941 0.64313725
v 0.06802908 -0.01689784 0.00467742 0.54117647 0.42352941 0.64313725
v 0.06801391 -0.01554795 0.00467742 0.54117647 0.42352941 0.64313725
v 0.06799116 -0.01554795 0.00602173 0.54117647 0.42352941 0.64313725
v 0.03705069 -0.02093754 0.02565791 0.54117647 0.42352941 0.64313725
v -0.00936761 -0.02228744 0.02569896 0.54117647 0.42352941 0.64313725
v -0.00936761 0.02021436 0.02550398 0.54117647 0.42352941 0.64313725
v -0.00740349 0.01972939 0.02554503 0.54117647 0.42352941 0.64313725
v -0.00606122 0.01985438 0.02555016 0.54117647 0.42352941 0.64313725
v -0.00359660 0.02005937 0.02556042 0.54117647 0.42352941 0.64313725
v -0.00201924 0.02019936 0.02556555 0.54117647 0.42352941 0.64313725
v 0.00068046 0.01947941 0.02560660 0.54117647 0.42352941 0.64313725
v 0.02493234 0.01408982 0.02592985 0.54117647 0.42352941 0.64313725
v 0.02627460 0.01408982 0.02593498 0.54117647 0.42352941 0.64313725
v 0.02627460 0.01678461 0.02582210 0.54117647 0.42352941 0.64313725
v 0.02897431 0.01678461 0.02583236 0.54117647 0.42352941 0.64313725
v 0.02897431 0.01812951 0.02576053 0.54117647 0.42352941 0.64313725
v 0.04648449 0.01947941 0.02571948 0.54117647 0.42352941 0.64313725
v 0.04917662 0.01947941 0.02571948 0.54117647 0.42352941 0.64313725
v 0.05052648 0.01947941 0.02571435 0.54117647 0.42352941 0.64313725
v 0.05321860 0.01678461 0.02580158 0.54117647 0.42352941 0.64313725
v 0.05456845 0.01678461 0.02578105 0.54117647 0.42352941 0.64313725
v 0.05052648 0.01678461 0.02583236 0.54117647 0.42352941 0.64313725
v 0.04917662 0.01812951 0.02578618 0.54117647 0.42352941 0.64313725
v 0.05861043 0.01139502 0.02578105 0.54117647 0.42352941 0.64313725
v 0.05995270 0.01139502 0.02571948 0.54117647 0.42352941 0.64313725
v 0.05591073 0.01543472 0.02579644 0.54117647 0.42352941 0.64313725
v 0.05591073 0.01408982 0.02582723 0.54117647 0.42352941 0.64313725
v 0.05726058 0.01408982 0.02579131 0.54117647 0.42352941 0.64313725
v 0.05726058 0.01273992 0.02581184 0.54117647 0.42352941 0.64313725
v 0.05726058 0.01139502 0.02582723 0.54117647 0.42352941 0.64313725
v 0.05456845 0.01543472 0.02582210 0.54117647 0.42352941 0.64313725
v 0.06786982 -0.00611866 0.00602173 0.54117647 0.42352941 0.64313725
v 0.06797599 -0.01420305 0.00602173 0.54117647 0.42352941 0.64313725
v 0.06792291 -0.01015835 0.00602173 0.54117647 0.42352941 0.64313725
v 0.06802908 -0.01285315 0.00198367 0.54117647 0.42352941 0.64313725
v 0.06798358 -0.01285315 0.00467742 0.54117647 0.42352941 0.64313725
v 0.06803666 -0.01150825 0.00063423 0.54117647 0.42352941 0.64313725
v 0.06796841 -0.01150825 0.00467742 0.54117647 0.42352941 0.64313725
v 0.06805182 -0.01150825 -0.00071008 0.54117647 0.42352941 0.64313725
v 0.06808216 -0.00881345 -0.00744190 0.54117647 0.42352941 0.64313725
v 0.06804424 -0.01420305 0.00198367 0.54117647 0.42352941 0.64313725
v 0.06320600 0.00196073 0.02555529 0.54117647 0.42352941 0.64313725
v 0.06253107 0.00196073 0.02560147 0.54117647 0.42352941 0.64313725
v 0.06130256 0.00196073 0.02567330 0.54117647 0.42352941 0.64313725
v 0.06130256 -0.00611866 0.02564252 0.54117647 0.42352941 0.64313725
v 0.05995270 -0.00611866 0.02570922 0.54117647 0.42352941 0.64313725
v 0.05861043 -0.00611866 0.02577079 0.54117647 0.42352941 0.64313725
v 0.05861043 -0.00746356 0.02576053 0.54117647 0.42352941 0.64313725
v 0.05726058 -0.01015835 0.02577079 0.54117647 0.42352941 0.64313725
v 0.05726058 -0.01150825 0.02574514 0.54117647 0.42352941 0.64313725
v 0.05456845 -0.01150825 0.02581697 0.54117647 0.42352941 0.64313725
v 0.05456845 -0.01285315 0.02579131 0.54117647 0.42352941 0.64313725
v 0.05186875 -0.01285315 0.02584262 0.54117647 0.42352941 0.64313725
v 0.05052648 -0.01285315 0.02586315 0.54117647 0.42352941 0.64313725
v 0.04917662 -0.01285315 0.02588367 0.54117647 0.42352941 0.64313725
v 0.04648449 -0.01285315 0.02591959 0.54117647 0.42352941 0.64313725
v 0.04782677 -0.01554795 0.02581697 0.54117647 0.42352941 0.64313725
v 0.04648449 -0.01689784 0.02578105 0.54117647 0.42352941 0.64313725
v 0.04109267 -0.01959264 0.02570922 0.54117647 0.42352941 0.64313725
v 0.06130256 0.00870022 0.02565791 0.54117647 0.42352941 0.64313725
v 0.06130256 0.00600543 0.02566817 0.54117647 0.42352941 0.64313725
v 0.06130256 0.00465553 0.02567330 0.54117647 0.42352941 0.64313725
v 0.06251591 0.00465553 0.02560147 0.54117647 0.42352941 0.64313725
v 0.03839296 -0.01959264 0.02572461 0.54117647 0.42352941 0.64313725
v 0.03705069 -0.01959264 0.02572974 0.54117647 0.42352941 0.64313725
v -0.00936761 -0.02154749 0.02572461 0.54117647 0.42352941 0.64313725
v 0.03570083 -0.01824274 0.02579644 0.54117647 0.42352941 0.64313725
v 0.03435098 -0.01689784 0.02585289 0.54117647 0.42352941 0.64313725
v -0.00936761 0.01910944 0.02555016 0.54117647 0.42352941 0.64313725
v -0.00740349 0.01905444 0.02557068 0.54117647 0.42352941 0.64313725
v -0.00606122 0.01917943 0.02557581 0.54117647 0.42352941 0.64313725
v 0.01145655 0.01408982 0.02586315 0.54117647 0.42352941 0.64313725
v 0.02358248 0.01273992 0.02596577 0.54117647 0.42352941 0.64313725
v 0.02762446 0.01139502 0.02602221 0.54117647 0.42352941 0.64313725
v 0.02762446 0.01408982 0.02594011 0.54117647 0.42352941 0.64313725
v 0.03030900 0.01139502 0.02603247 0.54117647 0.42352941 0.64313725
v 0.03165885 0.01543472 0.02589906 0.54117647 0.42352941 0.64313725
v 0.03165885 0.01678461 0.02583749 0.54117647 0.42352941 0.64313725
v 0.04378479 0.01812951 0.02578618 0.54117647 0.42352941 0.64313725
v 0.05186875 0.01543472 0.02586315 0.54117647 0.42352941 0.64313725
v 0.04782677 0.01678461 0.02584262 0.54117647 0.42352941 0.64313725
v 0.04917662 0.01543472 0.02588367 0.54117647 0.42352941 0.64313725
v 0.05052648 0.01543472 0.02587341 0.54117647 0.42352941 0.64313725
v 0.04378479 0.01678461 0.02584775 0.54117647 0.42352941 0.64313725
v 0.05861043 0.00870022 0.02579131 0.54117647 0.42352941 0.64313725
v 0.05591073 0.00870022 0.02589393 0.54117647 0.42352941 0.64313725
v 0.05995270 0.00600543 0.02574000 0.54117647 0.42352941 0.64313725
v 0.05456845 0.01408982 0.02585289 0.54117647 0.42352941 0.64313725
v 0.05456845 0.01273992 0.02587854 0.54117647 0.42352941 0.64313725
v 0.05456845 0.01139502 0.02589906 0.54117647 0.42352941 0.64313725
v 0.05591073 0.01139502 0.02586828 0.54117647 0.42352941 0.64313725
v 0.05321860 0.01408982 0.02587854 0.54117647 0.42352941 0.64313725
v 0.06253107 0.00331063 0.02560147 0.54117647 0.42352941 0.64313725
v 0.05995270 0.00331063 0.02574000 0.54117647 0.42352941 0.64313725
v 0.05995270 0.00061583 0.02573487 0.54117647 0.42352941 0.64313725
v 0.05726058 -0.00611866 0.02581697 0.54117647 0.42352941 0.64313725
v 0.05861043 0.00061583 0.02579644 0.54117647 0.42352941 0.64313725
v 0.05726058 0.00196073 0.02585289 0.54117647 0.42352941 0.64313725
v 0.05591073 -0.00342386 0.02588367 0.54117647 0.42352941 0.64313725
v 0.05726058 -0.00746356 0.02580671 0.54117647 0.42352941 0.64313725
v 0.05456845 -0.00746356 0.02588367 0.54117647 0.42352941 0.64313725
v 0.05456845 -0.00881345 0.02586315 0.54117647 0.42352941 0.64313725
v 0.05456845 -0.01015835 0.02584262 0.54117647 0.42352941 0.64313725
v 0.05321860 -0.01150825 0.02584775 0.54117647 0.42352941 0.64313725
v 0.05186875 -0.01150825 0.02587341 0.54117647 0.42352941 0.64313725
v 0.05052648 -0.01150825 0.02589393 0.54117647 0.42352941 0.64313725
v 0.04782677 -0.01150825 0.02593498 0.54117647 0.42352941 0.64313725
v 0.04648449 -0.01150825 0.02595037 0.54117647 0.42352941 0.64313725
v 0.04378479 -0.01150825 0.02598116 0.54117647 0.42352941 0.64313725
v 0.04243494 -0.01285315 0.02595550 0.54117647 0.42352941 0.64313725
v 0.04378479 -0.01420305 0.02589906 0.54117647 0.42352941 0.64313725
v 0.04378479 -0.01554795 0.02585289 0.54117647 0.42352941 0.64313725
v 0.04109267 -0.01554795 0.02587341 0.54117647 0.42352941 0.64313725
v 0.04109267 -0.01689784 0.02582210 0.54117647 0.42352941 0.64313725
v 0.03974281 -0.01689784 0.02583236 0.54117647 0.42352941 0.64313725
v 0.03839296 -0.01824274 0.02578618 0.54117647 0.42352941 0.64313725
v 0.03705069 -0.01824274 0.02579131 0.54117647 0.42352941 0.64313725
v 0.03300871 -0.01420305 0.02594524 0.54117647 0.42352941 0.64313725
v -0.00936761 -0.02093754 0.02574514 0.54117647 0.42352941 0.64313725
v 0.03435098 -0.01554795 0.02589906 0.54117647 0.42352941 0.64313725
v 0.03705069 -0.01689784 0.02584262 0.54117647 0.42352941 0.64313725
v 0.03570083 -0.01420305 0.02594011 0.54117647 0.42352941 0.64313725
v -0.00936761 0.01761455 0.02560147 0.54117647 0.42352941 0.64313725
v -0.00880643 0.01823450 0.02558608 0.54117647 0.42352941 0.64313725
v -0.00606122 0.01678461 0.02565791 0.54117647 0.42352941 0.64313725
v 0.02089036 0.01004512 0.02602221 0.54117647 0.42352941 0.64313725
v 0.02358248 0.01139502 0.02600168 0.54117647 0.42352941 0.64313725
v -0.00740349 0.01408982 0.02572461 0.54117647 0.42352941 0.64313725
v 0.02897431 0.01004512 0.02606325 0.54117647 0.42352941 0.64313725
v 0.03030900 0.01004512 0.02606839 0.54117647 0.42352941 0.64313725
v 0.03165885 0.01139502 0.02603760 0.54117647 0.42352941 0.64313725
v 0.03165885 0.01273992 0.02599655 0.54117647 0.42352941 0.64313725
v 0.03165885 0.01408982 0.02595037 0.54117647 0.42352941 0.64313725
v 0.03570083 0.01408982 0.02595550 0.54117647 0.42352941 0.64313725
v 0.03705069 0.01543472 0.02590419 0.54117647 0.42352941 0.64313725
v 0.03570083 0.01678461 0.02584262 0.54117647 0.42352941 0.64313725
v 0.05052648 0.01408982 0.02590933 0.54117647 0.42352941 0.64313725
v 0.04782677 0.01543472 0.02588880 0.54117647 0.42352941 0.64313725
v 0.04378479 0.01543472 0.02589906 0.54117647 0.42352941 0.64313725
v 0.04917662 0.01408982 0.02591959 0.54117647 0.42352941 0.64313725
v 0.04648449 0.01408982 0.02593498 0.54117647 0.42352941 0.64313725
v 0.03839296 0.01408982 0.02595550 0.54117647 0.42352941 0.64313725
v 0.05726058 0.00600543 0.02585289 0.54117647 0.42352941 0.64313725
v 0.05861043 0.00735033 0.02579644 0.54117647 0.42352941 0.64313725
v 0.05456845 0.01004512 0.02591446 0.54117647 0.42352941 0.64313725
v 0.05456845 0.00870022 0.02592472 0.54117647 0.42352941 0.64313725
v 0.05456845 0.00735033 0.02593498 0.54117647 0.42352941 0.64313725
v 0.05456845 0.00600543 0.02594011 0.54117647 0.42352941 0.64313725
v 0.05591073 0.00735033 0.02589906 0.54117647 0.42352941 0.64313725
v 0.05321860 0.01273992 0.02590419 0.54117647 0.42352941 0.64313725
v 0.05186875 0.01139502 0.02595037 0.54117647 0.42352941 0.64313725
v 0.05186875 0.01273992 0.02592472 0.54117647 0.42352941 0.64313725
v 0.05052648 0.01273992 0.02594011 0.54117647 0.42352941 0.64313725
v 0.05591073 0.00331063 0.02590419 0.54117647 0.42352941 0.64313725
v 0.05591073 0.00061583 0.02589906 0.54117647 0.42352941 0.64313725
v 0.05456845 0.00061583 0.02594524 0.54117647 0.42352941 0.64313725
v 0.05456845 -0.00072906 0.02594011 0.54117647 0.42352941 0.64313725
v 0.05456845 -0.00342386 0.02592472 0.54117647 0.42352941 0.64313725
v 0.05591073 -0.00476876 0.02587341 0.54117647 0.42352941 0.64313725
v 0.05456845 -0.00611866 0.02589906 0.54117647 0.42352941 0.64313725
v 0.05321860 -0.00746356 0.02591446 0.54117647 0.42352941 0.64313725
v 0.05321860 -0.00881345 0.02589393 0.54117647 0.42352941 0.64313725
v 0.05321860 -0.01015835 0.02587341 0.54117647 0.42352941 0.64313725
v 0.05052648 -0.01015835 0.02592472 0.54117647 0.42352941 0.64313725
v 0.04648449 -0.01015835 0.02598116 0.54117647 0.42352941 0.64313725
v 0.04917662 -0.01015835 0.02594524 0.54117647 0.42352941 0.64313725
v 0.04243494 -0.01015835 0.02602734 0.54117647 0.42352941 0.64313725
v 0.04109267 -0.01150825 0.02600168 0.54117647 0.42352941 0.64313725
v 0.04109267 -0.01285315 0.02596577 0.54117647 0.42352941 0.64313725
v 0.04109267 -0.01420305 0.02591959 0.54117647 0.42352941 0.64313725
v 0.03435098 -0.01285315 0.02598629 0.54117647 0.42352941 0.64313725
v 0.03030900 -0.01285315 0.02598629 0.54117647 0.42352941 0.64313725
v 0.03300871 -0.01150825 0.02602221 0.54117647 0.42352941 0.64313725
v -0.00936761 -0.01959264 0.02577592 0.54117647 0.42352941 0.64313725
v 0.03705069 -0.01420305 0.02593498 0.54117647 0.42352941 0.64313725
v 0.03839296 -0.01285315 0.02597603 0.54117647 0.42352941 0.64313725
v -0.00936761 0.01678461 0.02562712 0.54117647 0.42352941 0.64313725
v 0.01954050 0.00870022 0.02603760 0.54117647 0.42352941 0.64313725
v 0.02223263 0.00870022 0.02605812 0.54117647 0.42352941 0.64313725
v 0.02493234 0.00870022 0.02607352 0.54117647 0.42352941 0.64313725
v -0.00936761 0.01408982 0.02569896 0.54117647 0.42352941 0.64313725
v -0.00936761 0.01347986 0.02571435 0.54117647 0.42352941 0.64313725
v -0.00936761 0.01273992 0.02572974 0.54117647 0.42352941 0.64313725
v -0.00740349 0.01273992 0.02575027 0.54117647 0.42352941 0.64313725
v 0.02897431 0.00870022 0.02609404 0.54117647 0.42352941 0.64313725
v 0.03030900 0.00870022 0.02609917 0.54117647 0.42352941 0.64313725
v 0.03165885 0.01004512 0.02607352 0.54117647 0.42352941 0.64313725
v 0.03839296 0.01139502 0.02603760 0.54117647 0.42352941 0.64313725
v 0.03435098 0.01273992 0.02600168 0.54117647 0.42352941 0.64313725
v 0.04648449 0.01273992 0.02597090 0.54117647 0.42352941 0.64313725
v 0.04513464 0.01408982 0.02594011 0.54117647 0.42352941 0.64313725
v 0.04109267 0.01408982 0.02595037 0.54117647 0.42352941 0.64313725
v 0.04109267 0.01139502 0.02602734 0.54117647 0.42352941 0.64313725
v 0.04378479 0.01139502 0.02601708 0.54117647 0.42352941 0.64313725
v 0.03705069 0.01273992 0.02600168 0.54117647 0.42352941 0.64313725
v 0.05186875 0.01004512 0.02596577 0.54117647 0.42352941 0.64313725
v 0.05052648 0.00870022 0.02600168 0.54117647 0.42352941 0.64313725
v 0.05052648 0.00735033 0.02601194 0.54117647 0.42352941 0.64313725
v 0.05321860 0.00600543 0.02597090 0.54117647 0.42352941 0.64313725
v 0.05321860 0.00331063 0.02598116 0.54117647 0.42352941 0.64313725
v 0.05456845 0.00465553 0.02594524 0.54117647 0.42352941 0.64313725
v 0.05052648 0.01139502 0.02596577 0.54117647 0.42352941 0.64313725
v 0.05052648 0.01004512 0.02598629 0.54117647 0.42352941 0.64313725
v 0.04648449 0.01004512 0.02602734 0.54117647 0.42352941 0.64313725
v 0.05321860 0.00196073 0.02598116 0.54117647 0.42352941 0.64313725
v 0.05321860 -0.00207396 0.02596577 0.54117647 0.42352941 0.64313725
v 0.05321860 -0.00342386 0.02595550 0.54117647 0.42352941 0.64313725
v 0.05321860 -0.00476876 0.02594524 0.54117647 0.42352941 0.64313725
v 0.05186875 -0.00611866 0.02596064 0.54117647 0.42352941 0.64313725
v 0.05052648 -0.00611866 0.02598629 0.54117647 0.42352941 0.64313725
v 0.05052648 -0.00881345 0.02594524 0.54117647 0.42352941 0.64313725
v 0.04917662 -0.00881345 0.02597090 0.54117647 0.42352941 0.64313725
v 0.04513464 -0.00881345 0.02602221 0.54117647 0.42352941 0.64313725
v 0.04243494 -0.00881345 0.02605299 0.54117647 0.42352941 0.64313725
v 0.04109267 -0.00881345 0.02606325 0.54117647 0.42352941 0.64313725
v 0.03705069 -0.01150825 0.02601708 0.54117647 0.42352941 0.64313725
v 0.03570083 -0.01150825 0.02602221 0.54117647 0.42352941 0.64313725
v 0.03300871 -0.01015835 0.02605299 0.54117647 0.42352941 0.64313725
v -0.00936761 -0.01554795 0.02582723 0.54117647 0.42352941 0.64313725
v 0.03030900 -0.01015835 0.02604786 0.54117647 0.42352941 0.64313725
v 0.02762446 -0.00881345 0.02606839 0.54117647 0.42352941 0.64313725
v 0.02897431 -0.00746356 0.02609404 0.54117647 0.42352941 0.64313725
v 0.02762446 -0.00611866 0.02610943 0.54117647 0.42352941 0.64313725
v 0.02627460 -0.00611866 0.02610430 0.54117647 0.42352941 0.64313725
v 0.02493234 -0.00611866 0.02609917 0.54117647 0.42352941 0.64313725
v 0.01954050 0.00600543 0.02607865 0.54117647 0.42352941 0.64313725
v 0.02223263 0.00600543 0.02609917 0.54117647 0.42352941 0.64313725
v 0.02358248 0.00735033 0.02608891 0.54117647 0.42352941 0.64313725
v 0.02627460 0.00735033 0.02610430 0.54117647 0.42352941 0.64313725
v 0.03030900 0.00735033 0.02612483 0.54117647 0.42352941 0.64313725
v -0.00936761 0.01139502 0.02574514 0.54117647 0.42352941 0.64313725
v -0.00606122 0.01004512 0.02579644 0.54117647 0.42352941 0.64313725
v -0.00066939 0.00735033 0.02588367 0.54117647 0.42352941 0.64313725
v 0.03165885 0.00870022 0.02610430 0.54117647 0.42352941 0.64313725
v 0.03570083 0.01004512 0.02607352 0.54117647 0.42352941 0.64313725
v 0.03705069 0.00870022 0.02610430 0.54117647 0.42352941 0.64313725
v 0.03974281 0.01004512 0.02606839 0.54117647 0.42352941 0.64313725
v 0.03974281 0.01273992 0.02599655 0.54117647 0.42352941 0.64313725
v 0.04513464 0.01004512 0.02603760 0.54117647 0.42352941 0.64313725
v 0.04648449 0.00870022 0.02604786 0.54117647 0.42352941 0.64313725
v 0.04648449 0.00600543 0.02607865 0.54117647 0.42352941 0.64313725
v 0.04917662 0.00735033 0.02603247 0.54117647 0.42352941 0.64313725
v 0.04917662 0.00600543 0.02604273 0.54117647 0.42352941 0.64313725
v 0.05052648 0.00465553 0.02602734 0.54117647 0.42352941 0.64313725
v 0.05186875 0.00600543 0.02599655 0.54117647 0.42352941 0.64313725
v 0.05052648 0.00331063 0.02603247 0.54117647 0.42352941 0.64313725
v 0.04917662 0.01004512 0.02600168 0.54117647 0.42352941 0.64313725
v 0.05052648 0.00061583 0.02603247 0.54117647 0.42352941 0.64313725
v 0.05186875 0.00061583 0.02600681 0.54117647 0.42352941 0.64313725
v 0.05186875 -0.00072906 0.02600168 0.54117647 0.42352941 0.64313725
v 0.05052648 -0.00207396 0.02602221 0.54117647 0.42352941 0.64313725
v 0.05052648 -0.00342386 0.02601194 0.54117647 0.42352941 0.64313725
v 0.04917662 -0.00476876 0.02602734 0.54117647 0.42352941 0.64313725
v 0.04917662 -0.00746356 0.02599142 0.54117647 0.42352941 0.64313725
v 0.04782677 -0.00746356 0.02601194 0.54117647 0.42352941 0.64313725
v 0.04648449 -0.00746356 0.02602734 0.54117647 0.42352941 0.64313725
v 0.04648449 -0.00611866 0.02604786 0.54117647 0.42352941 0.64313725
v 0.04243494 -0.00746356 0.02607352 0.54117647 0.42352941 0.64313725
v 0.04513464 -0.00611866 0.02606325 0.54117647 0.42352941 0.64313725
v 0.04109267 -0.00746356 0.02608378 0.54117647 0.42352941 0.64313725
v 0.03974281 -0.00611866 0.02610943 0.54117647 0.42352941 0.64313725
v 0.03705069 -0.00611866 0.02611969 0.54117647 0.42352941 0.64313725
v 0.03705069 -0.00881345 0.02607865 0.54117647 0.42352941 0.64313725
v 0.03570083 -0.01015835 0.02605299 0.54117647 0.42352941 0.64313725
v 0.03300871 -0.00881345 0.02607865 0.54117647 0.42352941 0.64313725
v -0.00875335 -0.01420305 0.02584262 0.54117647 0.42352941 0.64313725
v -0.00936761 -0.01420305 0.02583749 0.54117647 0.42352941 0.64313725
v 0.02627460 -0.00476876 0.02611969 0.54117647 0.42352941 0.64313725
v 0.03030900 -0.00881345 0.02607352 0.54117647 0.42352941 0.64313725
v 0.03165885 -0.00746356 0.02609917 0.54117647 0.42352941 0.64313725
v 0.03165885 -0.00611866 0.02611969 0.54117647 0.42352941 0.64313725
v 0.02897431 -0.00476876 0.02612996 0.54117647 0.42352941 0.64313725
v 0.01954050 0.00465553 0.02608891 0.54117647 0.42352941 0.64313725
v -0.00066939 0.00600543 0.02589906 0.54117647 0.42352941 0.64313725
v 0.00068046 0.00465553 0.02592472 0.54117647 0.42352941 0.64313725
v 0.00068046 0.00331063 0.02593498 0.54117647 0.42352941 0.64313725
v 0.02223263 0.00465553 0.02610943 0.54117647 0.42352941 0.64313725
v 0.02493234 0.00465553 0.02612996 0.54117647 0.42352941 0.64313725
v 0.03030900 0.00600543 0.02614535 0.54117647 0.42352941 0.64313725
v 0.03300871 0.00735033 0.02612996 0.54117647 0.42352941 0.64313725
v -0.00936761 0.00870022 0.02577592 0.54117647 0.42352941 0.64313725
v -0.00936761 0.00735033 0.02579131 0.54117647 0.42352941 0.64313725
v 0.03570083 0.00735033 0.02612996 0.54117647 0.42352941 0.64313725
v 0.03570083 0.00600543 0.02615048 0.54117647 0.42352941 0.64313725
v 0.03974281 0.00870022 0.02609404 0.54117647 0.42352941 0.64313725
v 0.04243494 0.00870022 0.02607865 0.54117647 0.42352941 0.64313725
v 0.04513464 0.00735033 0.02607865 0.54117647 0.42352941 0.64313725
v 0.04648449 0.00331063 0.02609404 0.54117647 0.42352941 0.64313725
v 0.04378479 0.00465553 0.02611456 0.54117647 0.42352941 0.64313725
v 0.04648449 0.00196073 0.02609917 0.54117647 0.42352941 0.64313725
v 0.04782677 0.00061583 0.02608378 0.54117647 0.42352941 0.64313725
v 0.04917662 -0.00072906 0.02605812 0.54117647 0.42352941 0.64313725
v 0.04782677 -0.00342386 0.02606325 0.54117647 0.42352941 0.64313725
v 0.04782677 -0.00476876 0.02604786 0.54117647 0.42352941 0.64313725
v 0.04648449 -0.00342386 0.02607865 0.54117647 0.42352941 0.64313725
v 0.04243494 -0.00611866 0.02608891 0.54117647 0.42352941 0.64313725
v 0.04513464 -0.00342386 0.02609404 0.54117647 0.42352941 0.64313725
v 0.04109267 -0.00611866 0.02609917 0.54117647 0.42352941 0.64313725
v 0.03974281 -0.00476876 0.02612483 0.54117647 0.42352941 0.64313725
v 0.03570083 -0.00342386 0.02615561 0.54117647 0.42352941 0.64313725
v 0.03435098 -0.00611866 0.02612483 0.54117647 0.42352941 0.64313725
v 0.03570083 -0.00746356 0.02610430 0.54117647 0.42352941 0.64313725
v 0.03435098 -0.00746356 0.02610430 0.54117647 0.42352941 0.64313725
v -0.00936761 -0.01346310 0.02584262 0.54117647 0.42352941 0.64313725
v 0.02358248 -0.00476876 0.02610430 0.54117647 0.42352941 0.64313725
v 0.02358248 -0.00342386 0.02611456 0.54117647 0.42352941 0.64313725
v 0.02223263 -0.00207396 0.02611456 0.54117647 0.42352941 0.64313725
v 0.02627460 -0.00342386 0.02612996 0.54117647 0.42352941 0.64313725
v 0.03030900 -0.00342386 0.02614535 0.54117647 0.42352941 0.64313725
v 0.03300871 -0.00476876 0.02614022 0.54117647 0.42352941 0.64313725
v 0.03300871 -0.00342386 0.02615561 0.54117647 0.42352941 0.64313725
v 0.01954050 0.00331063 0.02609404 0.54117647 0.42352941 0.64313725
v -0.00936761 0.00674037 0.02579644 0.54117647 0.42352941 0.64313725
v -0.00936761 0.00539547 0.02580671 0.54117647 0.42352941 0.64313725
v -0.00201924 0.00331063 0.02590419 0.54117647 0.42352941 0.64313725
v 0.00068046 0.00196073 0.02594011 0.54117647 0.42352941 0.64313725
v 0.02223263 0.00331063 0.02611456 0.54117647 0.42352941 0.64313725
v 0.02493234 0.00331063 0.02613509 0.54117647 0.42352941 0.64313725
v 0.02762446 0.00465553 0.02614535 0.54117647 0.42352941 0.64313725
v 0.03030900 0.00465553 0.02615561 0.54117647 0.42352941 0.64313725
v 0.03165885 0.00465553 0.02616074 0.54117647 0.42352941 0.64313725
v 0.03300871 0.00600543 0.02615048 0.54117647 0.42352941 0.64313725
v 0.03570083 0.00465553 0.02616074 0.54117647 0.42352941 0.64313725
v 0.04109267 0.00331063 0.02614022 0.54117647 0.42352941 0.64313725
v 0.04109267 0.00465553 0.02612996 0.54117647 0.42352941 0.64313725
v 0.03974281 0.00735033 0.02611456 0.54117647 0.42352941 0.64313725
v 0.04378479 0.00735033 0.02608891 0.54117647 0.42352941 0.64313725
v 0.04378479 0.00331063 0.02611969 0.54117647 0.42352941 0.64313725
v 0.04378479 0.00196073 0.02612483 0.54117647 0.42352941 0.64313725
v 0.04513464 0.00061583 0.02611456 0.54117647 0.42352941 0.64313725
v 0.04648449 -0.00072906 0.02609917 0.54117647 0.42352941 0.64313725
v 0.04782677 -0.00072906 0.02608378 0.54117647 0.42352941 0.64313725
v 0.04648449 -0.00207396 0.02609404 0.54117647 0.42352941 0.64313725
v 0.04109267 -0.00476876 0.02611456 0.54117647 0.42352941 0.64313725
v 0.04109267 -0.00342386 0.02612483 0.54117647 0.42352941 0.64313725
v 0.03974281 -0.00342386 0.02613509 0.54117647 0.42352941 0.64313725
v 0.03839296 -0.00072906 0.02616074 0.54117647 0.42352941 0.64313725
v 0.03435098 -0.00207396 0.02616587 0.54117647 0.42352941 0.64313725
v 0.00068046 0.00061583 0.02594011 0.54117647 0.42352941 0.64313725
v -0.00936761 -0.01076831 0.02584262 0.54117647 0.42352941 0.64313725
v 0.02223263 -0.00072906 0.02611969 0.54117647 0.42352941 0.64313725
v 0.01819065 -0.00072906 0.02608891 0.54117647 0.42352941 0.64313725
v 0.02493234 -0.00207396 0.02612996 0.54117647 0.42352941 0.64313725
v 0.02762446 -0.00072906 0.02615048 0.54117647 0.42352941 0.64313725
v 0.03030900 -0.00207396 0.02615561 0.54117647 0.42352941 0.64313725
v 0.02897431 -0.00207396 0.02615048 0.54117647 0.42352941 0.64313725
v 0.03165885 -0.00207396 0.02616074 0.54117647 0.42352941 0.64313725
v 0.01954050 0.00196073 0.02609917 0.54117647 0.42352941 0.64313725
v -0.00936761 0.00270068 0.02581697 0.54117647 0.42352941 0.64313725
v -0.00201924 0.00196073 0.02590933 0.54117647 0.42352941 0.64313725
v 0.01819065 0.00061583 0.02608891 0.54117647 0.42352941 0.64313725
v 0.02089036 0.00196073 0.02610943 0.54117647 0.42352941 0.64313725
v 0.02358248 0.00061583 0.02612996 0.54117647 0.42352941 0.64313725
v 0.02627460 0.00196073 0.02614535 0.54117647 0.42352941 0.64313725
v 0.02762446 0.00331063 0.02615048 0.54117647 0.42352941 0.64313725
v 0.03030900 0.00331063 0.02616074 0.54117647 0.42352941 0.64313725
v 0.03165885 0.00331063 0.02616587 0.54117647 0.42352941 0.64313725
v 0.03570083 0.00331063 0.02616587 0.54117647 0.42352941 0.64313725
v 0.03705069 0.00331063 0.02616074 0.54117647 0.42352941 0.64313725
v 0.03839296 0.00331063 0.02615561 0.54117647 0.42352941 0.64313725
v 0.03974281 0.00196073 0.02615561 0.54117647 0.42352941 0.64313725
v 0.04109267 0.00196073 0.02614535 0.54117647 0.42352941 0.64313725
v 0.03974281 0.00061583 0.02615561 0.54117647 0.42352941 0.64313725
v 0.04513464 -0.00207396 0.02610430 0.54117647 0.42352941 0.64313725
v 0.03839296 0.00196073 0.02616074 0.54117647 0.42352941 0.64313725
v 0.03165885 0.00196073 0.02617100 0.54117647 0.42352941 0.64313725
v -0.00936761 -0.00342386 0.02583236 0.54117647 0.42352941 0.64313725
v 0.02627460 0.00061583 0.02614535 0.54117647 0.42352941 0.64313725
v 0.02223263 0.00061583 0.02611969 0.54117647 0.42352941 0.64313725
v 0.03030900 -0.00072906 0.02616074 0.54117647 0.42352941 0.64313725
v 0.03030900 0.00196073 0.02616587 0.54117647 0.42352941 0.64313725
v -0.00936761 0.00135078 0.02582210 0.54117647 0.42352941 0.64313725
v -0.00936761 -0.00072906 0.02582723 0.54117647 0.42352941 0.64313725
f 104 105 106
f 104 106 115
f 104 115 107
f 104 107 118
f 104 118 108
f 104 108 109
f 104 109 110
f 104 110 111
f 104 111 112
f 104 112 105
f 105 113 114
f 105 114 106
f 105 112 129
f 105 129 113
f 106 114 115
f 107 116 117
f 107 117 118
f 107 115 135
f 107 135 119
f 107 119 136
f 107 136 116
f 108 118 120
f 108 120 121
f 108 121 122
f 108 122 109
f 109 122 123
f 109 123 110
f 110 123 124
f 110 124 125
f 110 125 126
f 110 126 111
f 111 126 127
f 111 127 112
f 112 127 128
f 112 128 129
f 113 130 131
f 113 131 115
f 113 115 114
f 113 129 128
f 113 128 132
f 113 132 133
f 113 133 130
f 115 131 134
f 115 134 166
f 115 166 135
f 116 136 137
f 116 137 138
f 116 138 117
f 117 120 118
f 117 138 139
f 117 139 120
f 119 135 140
f 119 140 141
f 119 141 142
f 119 142 143
f 119 143 136
f 120 139 144
f 120 144 122
f 120 122 121
f 122 145 146
f 122 146 147
f 122 147 123
f 122 144 148
f 122 148 145
f 123 147 149
f 123 149 124
f 124 149 150
f 124 150 125
f 125 150 151
f 125 151 152
f 125 152 153
f 125 153 126
f 126 153 154
f 126 154 127
f 127 154 155
f 127 155 128
f 128 155 156
f 128 156 157
f 128 157 158
f 128 158 159
f 128 159 133
f 128 133 132
f 130 160 161
f 130 161 162
f 130 162 163
f 130 163 134
f 130 134 131
f 130 133 160
f 133 159 164
f 133 164 160
f 134 163 165
f 134 165 166
f 135 166 165
f 135 165 140
f 136 143 167
f 136 167 137
f 137 167 170
f 137 170 139
f 137 139 138
f 139 168 169
f 139 169 144
f 139 170 168
f 140 165 171
f 140 171 172
f 140 172 141
f 141 172 173
f 141 173 142
f 142 174 167
f 142 167 143
f 142 173 175
f 142 175 176
f 142 176 174
f 144 169 148
f 145 177 178
f 145 178 146
f 145 148 177
f 146 178 179
f 146 179 180
f 146 180 181
f 146 181 147
f 147 181 149
f 148 169 177
f 149 181 182
f 149 182 150
f 150 182 229
f 150 229 183
f 150 183 151
f 151 183 184
f 151 184 185
f 151 185 186
f 151 186 152
f 152 186 154
f 152 154 153
f 154 186 185
f 154 185 187
f 154 187 188
f 154 188 189
f 154 189 155
f 155 189 190
f 155 190 156
f 156 190 158
f 156 158 157
f 158 191 194
f 158 194 159
f 158 190 192
f 158 192 193
f 158 193 239
f 158 239 191
f 159 194 195
f 159 195 196
f 159 196 197
f 159 197 164
f 160 164 197
f 160 197 161
f 161 198 200
f 161 200 162
f 161 197 199
f 161 199 198
f 162 200 245
f 162 245 201
f 162 201 163
f 163 201 202
f 163 202 247
f 163 247 203
f 163 203 165
f 165 203 204
f 165 204 205
f 165 205 171
f 167 174 206
f 167 206 207
f 167 207 208
f 167 208 209
f 167 209 170
f 168 210 211
f 168 211 212
f 168 212 213
f 168 213 169
f 168 170 210
f 169 213 177
f 170 214 210
f 170 209 215
f 170 215 214
f 171 205 252
f 171 252 216
f 171 216 217
f 171 217 218
f 171 218 172
f 172 218 173
f 173 218 219
f 173 219 175
f 174 176 206
f 175 219 218
f 175 218 217
f 175 217 256
f 175 256 290
f 175 290 289
f 175 289 288
f 175 288 328
f 175 328 286
f 175 286 285
f 175 285 327
f 175 327 369
f 175 369 412
f 175 412 411
f 175 411 455
f 175 455 454
f 175 454 453
f 175 453 499
f 175 499 536
f 175 536 541
f 175 541 540
f 175 540 539
f 175 539 538
f 175 538 537
f 175 537 533
f 175 533 532
f 175 532 591
f 175 591 658
f 175 658 657
f 175 657 752
f 175 752 751
f 175 751 847
f 175 847 949
f 175 949 946
f 175 946 945
f 175 945 1051
f 175 1051 1050
f 175 1050 1043
f 175 1043 1042
f 175 1042 1041
f 175 1041 1143
f 175 1143 1142
f 175 1142 1141
f 175 1141 1140
f 175 1140 1139
f 175 1139 1138
f 175 1138 1137
f 175 1137 1037
f 175 1037 936
f 175 936 931
f 175 931 1034
f 175 1034 1136
f 175 1136 1222
f 175 1222 1283
f 175 1283 1336
f 175 1336 1391
f 175 1391 1436
f 175 1436 1484
f 175 1484 1521
f 175 1521 1557
f 175 1557 1584
f 175 1584 1590
f 175 1590 1589
f 175 1589 1566
f 175 1566 1531
f 175 1531 1530
f 175 1530 1499
f 175 1499 1498
f 175 1498 1448
f 175 1448 1400
f 175 1400 1399
f 175 1399 1398
f 175 1398 1394
f 175 1394 1340
f 175 1340 1286
f 175 1286 1223
f 175 1223 1147
f 175 1147 1146
f 175 1146 1053
f 175 1053 950
f 175 950 849
f 175 849 753
f 175 753 659
f 175 659 592
f 175 592 542
f 175 542 500
f 175 500 457
f 175 457 414
f 175 414 372
f 175 372 331
f 175 331 329
f 175 329 292
f 175 292 291
f 175 291 253
f 175 253 209
f 175 209 208
f 175 208 207
f 175 207 176
f 176 207 206
f 177 220 221
f 177 221 222
f 177 222 178
f 177 213 255
f 177 255 220
f 178 222 223
f 178 223 179
f 179 223 224
f 179 224 261
f 179 261 225
f 179 225 226
f 179 226 180
f 180 226 182
f 180 182 181
f 182 226 227
f 182 227 228
f 182 228 229
f 183 229 184
f 184 228 230
f 184 230 231
f 184 231 185
f 184 229 228
f 185 231 232
f 185 232 233
f 185 233 234
f 185 234 187
f 187 234 235
f 187 235 188
f 188 235 236
f 188 236 189
f 189 236 237
f 189 237 190
f 190 237 238
f 190 238 192
f 191 239 194
f 192 238 240
f 192 240 193
f 193 240 273
f 193 273 239
f 194 239 241
f 194 241 195
f 195 242 244
f 195 244 199
f 195 199 197
f 195 197 196
f 195 241 242
f 198 243 200
f 198 199 243
f 199 244 243
f 200 243 245
f 201 245 246
f 201 246 247
f 201 247 202
f 203 247 248
f 203 248 204
f 204 248 205
f 205 249 250
f 205 250 251
f 205 251 287
f 205 287 252
f 205 248 249
f 209 253 254
f 209 254 215
f 210 214 211
f 211 214 254
f 211 254 253
f 211 253 212
f 212 253 213
f 213 253 255
f 214 215 254
f 216 252 290
f 216 290 256
f 216 256 217
f 220 257 221
f 220 255 258
f 220 258 257
f 221 257 259
f 221 259 222
f 222 259 223
f 223 259 260
f 223 260 224
f 224 260 295
f 224 295 261
f 225 261 227
f 225 227 226
f 227 261 262
f 227 262 228
f 228 262 298
f 228 298 263
f 228 263 230
f 230 263 299
f 230 299 264
f 230 264 231
f 231 264 265
f 231 265 266
f 231 266 232
f 232 266 233
f 233 266 267
f 233 267 234
f 234 267 268
f 234 268 235
f 235 268 269
f 235 269 236
f 236 269 307
f 236 307 270
f 236 270 237
f 237 270 271
f 237 271 238
f 238 271 308
f 238 308 272
f 238 272 240
f 239 273 312
f 239 312 274
f 239 274 275
f 239 275 241
f 240 272 310
f 240 310 273
f 241 275 242
f 242 275 278
f 242 278 244
f 243 276 277
f 243 277 245
f 243 244 276
f 244 278 279
f 244 279 276
f 245 277 318
f 245 318 280
f 245 280 281
f 245 281 246
f 246 281 247
f 247 281 282
f 247 282 248
f 248 282 249
f 249 283 284
f 249 284 251
f 249 251 250
f 249 282 283
f 251 285 286
f 251 286 287
f 251 284 285
f 252 287 288
f 252 288 289
f 252 289 290
f 253 291 255
f 255 291 292
f 255 292 258
f 257 293 294
f 257 294 259
f 257 258 292
f 257 292 293
f 259 294 260
f 260 294 334
f 260 334 295
f 261 295 262
f 262 295 296
f 262 296 297
f 262 297 298
f 263 298 297
f 263 297 299
f 264 299 300
f 264 300 301
f 264 301 302
f 264 302 265
f 265 302 266
f 266 302 303
f 266 303 267
f 267 303 304
f 267 304 269
f 267 269 268
f 269 304 305
f 269 305 306
f 269 306 347
f 269 347 307
f 270 307 308
f 270 308 271
f 272 308 309
f 272 309 310
f 273 310 309
f 273 309 311
f 273 311 312
f 274 312 313
f 274 313 314
f 274 314 275
f 275 314 315
f 275 315 278
f 276 316 358
f 276 358 317
f 276 317 277
f 276 279 316
f 277 317 359
f 277 359 318
f 278 319 320
f 278 320 321
f 278 321 279
f 278 315 319
f 279 321 316
f 280 282 281
f 280 318 322
f 280 322 323
f 280 323 324
f 280 324 325
f 280 325 283
f 280 283 282
f 283 325 326
f 283 326 285
f 283 285 284
f 285 326 327
f 286 328 287
f 287 328 288
f 292 329 293
f 293 330 332
f 293 332 294
f 293 329 331
f 293 331 330
f 294 332 333
f 294 333 334
f 295 334 335
f 295 335 296
f 296 335 336
f 296 336 297
f 297 336 337
f 297 337 338
f 297 338 299
f 299 338 300
f 300 338 339
f 300 339 340
f 300 340 341
f 300 341 301
f 301 341 342
f 301 342 302
f 302 342 303
f 303 342 343
f 303 343 305
f 303 305 304
f 305 343 384
f 305 384 344
f 305 344 345
f 305 345 346
f 305 346 306
f 306 346 388
f 306 388 347
f 307 347 348
f 307 348 349
f 307 349 308
f 308 349 350
f 308 350 351
f 308 351 309
f 309 351 352
f 309 352 353
f 309 353 311
f 311 353 313
f 311 313 312
f 313 353 354
f 313 354 355
f 313 355 314
f 314 356 315
f 314 355 356
f 315 356 357
f 315 357 319
f 316 321 363
f 316 363 358
f 317 358 359
f 318 359 322
f 319 357 360
f 319 360 320
f 320 360 361
f 320 361 321
f 321 361 362
f 321 362 363
f 322 359 323
f 323 359 364
f 323 364 365
f 323 365 324
f 324 365 366
f 324 366 367
f 324 367 368
f 324 368 326
f 324 326 325
f 326 368 369
f 326 369 327
f 330 370 371
f 330 371 373
f 330 373 332
f 330 331 370
f 331 372 370
f 332 373 333
f 333 373 416
f 333 416 374
f 333 374 335
f 333 335 334
f 335 374 375
f 335 375 376
f 335 376 336
f 336 376 377
f 336 377 378
f 336 378 379
f 336 379 337
f 337 379 339
f 337 339 338
f 339 379 380
f 339 380 381
f 339 381 382
f 339 382 340
f 340 382 341
f 341 382 342
f 342 382 383
f 342 383 384
f 342 384 343
f 344 384 428
f 344 428 385
f 344 385 386
f 344 386 387
f 344 387 345
f 345 387 346
f 346 387 388
f 347 388 348
f 348 388 387
f 348 387 389
f 348 389 390
f 348 390 391
f 348 391 349
f 349 391 392
f 349 392 350
f 350 392 351
f 351 392 352
f 352 392 390
f 352 390 393
f 352 393 394
f 352 394 395
f 352 395 353
f 353 395 396
f 353 396 354
f 354 396 397
f 354 397 398
f 354 398 399
f 354 399 355
f 355 399 356
f 356 399 400
f 356 400 357
f 357 400 360
f 358 363 401
f 358 401 402
f 358 402 449
f 358 449 403
f 358 403 359
f 359 403 404
f 359 404 364
f 360 405 361
f 360 400 405
f 361 406 362
f 361 405 406
f 362 406 407
f 362 407 408
f 362 408 401
f 362 401 363
f 364 404 409
f 364 409 410
f 364 410 366
f 364 366 365
f 366 410 411
f 366 411 412
f 366 412 369
f 366 369 367
f 367 369 368
f 370 372 371
f 371 413 415
f 371 415 373
f 371 372 413
f 372 414 413
f 373 415 463
f 373 463 416
f 374 416 417
f 374 417 375
f 375 417 418
f 375 418 376
f 376 418 419
f 376 419 377
f 377 420 422
f 377 422 378
f 377 419 421
f 377 421 420
f 378 422 380
f 378 380 379
f 380 422 423
f 380 423 424
f 380 424 425
f 380 425 381
f 381 425 426
f 381 426 382
f 382 426 383
f 383 426 427
f 383 427 428
f 383 428 384
f 385 428 472
f 385 472 429
f 385 429 430
f 385 430 386
f 386 430 431
f 386 431 432
f 386 432 387
f 387 432 389
f 389 432 433
f 389 433 434
f 389 434 390
f 390 434 435
f 390 435 436
f 390 436 393
f 390 392 391
f 393 436 437
f 393 437 394
f 394 437 438
f 394 438 395
f 395 438 439
f 395 439 396
f 396 439 397
f 397 439 438
f 397 438 440
f 397 440 441
f 397 441 442
f 397 442 398
f 398 442 399
f 399 442 443
f 399 443 444
f 399 444 400
f 400 444 445
f 400 445 446
f 400 446 447
f 400 447 405
f 401 408 448
f 401 448 402
f 402 448 449
f 403 449 404
f 404 449 409
f 405 447 406
f 406 447 407
f 407 447 450
f 407 450 451
f 407 451 448
f 407 448 408
f 409 449 494
f 409 494 452
f 409 452 410
f 410 452 453
f 410 453 454
f 410 454 455
f 410 455 411
f 413 456 462
f 413 462 415
f 413 414 456
f 414 457 458
f 414 458 459
f 414 459 460
f 414 460 461
f 414 461 456
f 415 462 463
f 416 463 417
f 417 463 419
f 417 419 418
f 419 464 465
f 419 465 466
f 419 466 421
f 419 463 462
f 419 462 467
f 419 467 468
f 419 468 459
f 419 459 458
f 419 458 464
f 420 421 422
f 421 466 469
f 421 469 423
f 421 423 422
f 423 469 424
f 424 469 470
f 424 470 425
f 425 470 426
f 426 470 471
f 426 471 472
f 426 472 427
f 427 472 428
f 429 472 517
f 429 517 473
f 429 473 430
f 430 473 474
f 430 474 475
f 430 475 431
f 431 475 432
f 432 475 476
f 432 476 477
f 432 477 433
f 433 477 434
f 434 477 478
f 434 478 435
f 435 478 437
f 435 437 436
f 437 478 479
f 437 479 438
f 438 479 480
f 438 480 481
f 438 481 482
f 438 482 483
f 438 483 440
f 440 483 484
f 440 484 485
f 440 485 486
f 440 486 487
f 440 487 488
f 440 488 489
f 440 489 490
f 440 490 491
f 440 491 442
f 440 442 441
f 442 491 443
f 443 491 492
f 443 492 445
f 443 445 444
f 445 492 490
f 445 490 489
f 445 489 488
f 445 488 487
f 445 487 446
f 446 487 447
f 447 487 493
f 447 493 450
f 448 451 494
f 448 494 449
f 450 493 495
f 450 495 496
f 450 496 451
f 451 496 497
f 451 497 498
f 451 498 494
f 452 494 453
f 453 494 499
f 456 461 462
f 457 500 501
f 457 501 502
f 457 502 503
f 457 503 458
f 458 503 464
f 459 468 504
f 459 504 460
f 460 504 505
f 460 505 461
f 461 505 462
f 462 505 506
f 462 506 467
f 464 507 508
f 464 508 465
f 464 503 509
f 464 509 507
f 465 510 511
f 465 511 512
f 465 512 466
f 465 508 510
f 466 512 513
f 466 513 514
f 466 514 470
f 466 470 469
f 467 506 468
f 468 506 504
f 470 514 515
f 470 515 471
f 471 516 517
f 471 517 472
f 471 515 516
f 473 517 518
f 473 518 519
f 473 519 476
f 473 476 474
f 474 476 475
f 476 520 521
f 476 521 477
f 476 519 520
f 477 521 522
f 477 522 479
f 477 479 478
f 479 522 480
f 480 522 523
f 480 523 524
f 480 524 525
f 480 525 481
f 481 526 482
f 481 525 526
f 482 526 527
f 482 527 528
f 482 528 483
f 483 528 529
f 483 529 530
f 483 530 531
f 483 531 532
f 483 532 533
f 483 533 484
f 484 534 485
f 484 533 535
f 484 535 534
f 485 487 486
f 485 534 535
f 485 535 495
f 485 495 487
f 487 495 493
f 490 492 491
f 494 498 536
f 494 536 499
f 495 535 537
f 495 537 538
f 495 538 539
f 495 539 496
f 496 539 497
f 497 539 540
f 497 540 498
f 498 540 541
f 498 541 536
f 500 542 501
f 501 542 543
f 501 543 502
f 502 543 544
f 502 544 545
f 502 545 546
f 502 546 509
f 502 509 503
f 504 506 505
f 507 547 508
f 507 509 548
f 507 548 549
f 507 549 547
f 508 550 510
f 508 547 549
f 508 549 551
f 508 551 552
f 508 552 550
f 509 546 548
f 510 553 511
f 510 550 553
f 511 553 554
f 511 554 555
f 511 555 512
f 512 555 556
f 512 556 513
f 513 557 514
f 513 556 558
f 513 558 559
f 513 559 560
f 513 560 561
f 513 561 562
f 513 562 563
f 513 563 557
f 514 557 564
f 514 564 515
f 515 564 565
f 515 565 518
f 515 518 517
f 515 517 516
f 518 565 520
f 518 520 519
f 520 565 566
f 520 566 567
f 520 567 521
f 521 567 523
f 521 523 522
f 523 567 568
f 523 568 524
f 524 568 569
f 524 569 525
f 525 569 570
f 525 570 571
f 525 571 572
f 525 572 526
f 526 572 573
f 526 573 574
f 526 574 575
f 526 575 576
f 526 576 577
f 526 577 527
f 527 577 578
f 527 578 528
f 528 578 579
f 528 579 580
f 528 580 581
f 528 581 582
f 528 582 529
f 529 582 583
f 529 583 584
f 529 584 530
f 530 584 585
f 530 585 531
f 531 586 587
f 531 587 588
f 531 588 532
f 531 585 589
f 531 589 586
f 532 587 590
f 532 590 591
f 532 588 587
f 533 537 535
f 542 592 593
f 542 593 543
f 543 593 594
f 543 594 595
f 543 595 596
f 543 596 544
f 544 596 545
f 545 596 548
f 545 548 546
f 548 596 597
f 548 597 598
f 548 598 549
f 549 598 551
f 550 599 553
f 550 552 599
f 551 598 552
f 552 598 599
f 553 599 600
f 553 600 601
f 553 601 554
f 554 601 602
f 554 602 603
f 554 603 604
f 554 604 605
f 554 605 606
f 554 606 607
f 554 607 555
f 555 607 608
f 555 608 609
f 555 609 610
f 555 610 611
f 555 611 612
f 555 612 556
f 556 612 613
f 556 613 617
f 556 617 558
f 557 566 564
f 557 563 614
f 557 614 615
f 557 615 616
f 557 616 566
f 558 617 618
f 558 618 559
f 559 618 619
f 559 619 560
f 560 619 620
f 560 620 561
f 561 620 621
f 561 621 622
f 561 622 562
f 562 622 563
f 563 622 621
f 563 621 623
f 563 623 614
f 564 566 565
f 566 616 624
f 566 624 625
f 566 625 568
f 566 568 567
f 568 625 624
f 568 624 626
f 568 626 627
f 568 627 569
f 569 627 628
f 569 628 570
f 570 628 704
f 570 704 629
f 570 629 571
f 571 629 630
f 571 630 572
f 572 630 631
f 572 631 632
f 572 632 573
f 573 633 575
f 573 575 574
f 573 632 634
f 573 634 635
f 573 635 633
f 575 636 576
f 575 633 637
f 575 637 636
f 576 636 638
f 576 638 639
f 576 639 640
f 576 640 641
f 576 641 642
f 576 642 577
f 577 642 643
f 577 643 644
f 577 644 578
f 578 644 645
f 578 645 646
f 578 646 647
f 578 647 579
f 579 647 648
f 579 648 649
f 579 649 580
f 580 649 650
f 580 650 651
f 580 651 581
f 581 651 652
f 581 652 582
f 582 652 653
f 582 653 654
f 582 654 583
f 583 654 584
f 584 654 655
f 584 655 585
f 585 655 656
f 585 656 589
f 586 589 590
f 586 590 587
f 589 656 657
f 589 657 658
f 589 658 591
f 589 591 590
f 592 659 593
f 593 659 660
f 593 660 661
f 593 661 662
f 593 662 594
f 594 662 595
f 595 662 596
f 596 662 597
f 597 663 598
f 597 662 663
f 598 663 664
f 598 664 665
f 598 665 599
f 599 665 666
f 599 666 600
f 600 667 668
f 600 668 669
f 600 669 670
f 600 670 601
f 600 666 671
f 600 671 672
f 600 672 673
f 600 673 667
f 601 674 675
f 601 675 676
f 601 676 602
f 601 670 674
f 602 676 677
f 602 677 603
f 603 677 676
f 603 676 675
f 603 675 678
f 603 678 679
f 603 679 680
f 603 680 681
f 603 681 682
f 603 682 604
f 604 682 605
f 605 682 606
f 606 682 683
f 606 683 684
f 606 684 608
f 606 608 607
f 608 684 685
f 608 685 609
f 609 685 686
f 609 686 610
f 610 686 611
f 611 686 612
f 612 686 687
f 612 687 688
f 612 688 689
f 612 689 690
f 612 690 613
f 613 690 691
f 613 691 617
f 614 692 616
f 614 616 615
f 614 623 693
f 614 693 692
f 616 692 693
f 616 693 626
f 616 626 624
f 617 691 618
f 618 691 694
f 618 694 695
f 618 695 696
f 618 696 619
f 619 696 620
f 620 697 621
f 620 696 697
f 621 697 696
f 621 696 698
f 621 698 623
f 623 699 700
f 623 700 693
f 623 698 699
f 626 693 700
f 626 700 701
f 626 701 627
f 627 701 702
f 627 702 703
f 627 703 628
f 628 703 704
f 629 704 803
f 629 803 705
f 629 705 706
f 629 706 630
f 630 706 634
f 630 634 631
f 631 634 632
f 633 635 707
f 633 707 637
f 634 706 708
f 634 708 807
f 634 807 709
f 634 709 635
f 635 709 808
f 635 808 710
f 635 710 711
f 635 711 707
f 636 637 638
f 637 707 712
f 637 712 713
f 637 713 638
f 638 714 639
f 638 713 715
f 638 715 811
f 638 811 714
f 639 716 717
f 639 717 718
f 639 718 642
f 639 642 640
f 639 714 719
f 639 719 720
f 639 720 721
f 639 721 722
f 639 722 723
f 639 723 724
f 639 724 725
f 639 725 726
f 639 726 716
f 640 642 641
f 642 727 728
f 642 728 643
f 642 718 729
f 642 729 730
f 642 730 731
f 642 731 732
f 642 732 733
f 642 733 734
f 642 734 735
f 642 735 727
f 643 728 644
f 644 728 645
f 645 728 736
f 645 736 737
f 645 737 735
f 645 735 738
f 645 738 739
f 645 739 646
f 646 739 647
f 647 739 740
f 647 740 741
f 647 741 648
f 648 741 649
f 649 741 742
f 649 742 650
f 650 742 743
f 650 743 651
f 651 743 744
f 651 744 652
f 652 744 653
f 653 744 745
f 653 745 746
f 653 746 747
f 653 747 748
f 653 748 654
f 654 748 655
f 655 749 750
f 655 750 751
f 655 751 656
f 655 748 749
f 656 751 752
f 656 752 657
f 659 753 754
f 659 754 755
f 659 755 660
f 660 755 756
f 660 756 661
f 661 756 662
f 662 756 757
f 662 757 663
f 663 758 664
f 663 757 758
f 664 758 665
f 665 758 666
f 666 758 671
f 667 759 668
f 667 673 753
f 667 753 759
f 668 759 760
f 668 760 761
f 668 761 669
f 669 761 762
f 669 762 670
f 670 762 763
f 670 763 764
f 670 764 674
f 671 758 765
f 671 765 672
f 672 765 673
f 673 765 758
f 673 758 766
f 673 766 767
f 673 767 768
f 673 768 769
f 673 769 753
f 674 764 770
f 674 770 771
f 674 771 675
f 675 771 772
f 675 772 773
f 675 773 774
f 675 774 775
f 675 775 776
f 675 776 777
f 675 777 778
f 675 778 779
f 675 779 679
f 675 679 678
f 679 779 870
f 679 870 780
f 679 780 781
f 679 781 680
f 680 781 782
f 680 782 783
f 680 783 681
f 681 783 784
f 681 784 682
f 682 784 685
f 682 685 683
f 683 685 684
f 685 785 788
f 685 788 686
f 685 784 786
f 685 786 787
f 685 787 785
f 686 788 789
f 686 789 790
f 686 790 687
f 687 790 688
f 688 790 791
f 688 791 690
f 688 690 689
f 690 791 790
f 690 790 691
f 691 790 792
f 691 792 793
f 691 793 694
f 694 793 794
f 694 794 695
f 695 794 795
f 695 795 696
f 696 796 698
f 696 795 797
f 696 797 798
f 696 798 799
f 696 799 796
f 698 796 699
f 699 796 799
f 699 799 800
f 699 800 801
f 699 801 700
f 700 801 802
f 700 802 701
f 701 802 704
f 701 704 702
f 702 704 703
f 704 802 803
f 705 803 893
f 705 893 804
f 705 804 805
f 705 805 708
f 705 708 706
f 707 711 806
f 707 806 712
f 708 805 807
f 709 807 808
f 710 808 806
f 710 806 711
f 712 806 809
f 712 809 810
f 712 810 713
f 713 811 715
f 713 810 812
f 713 812 813
f 713 813 811
f 714 814 719
f 714 811 815
f 714 815 814
f 716 816 717
f 716 726 817
f 716 817 818
f 716 818 816
f 717 816 819
f 717 819 718
f 718 820 729
f 718 819 820
f 719 814 720
f 720 814 821
f 720 821 721
f 721 821 822
f 721 822 722
f 722 822 823
f 722 823 824
f 722 824 723
f 723 824 724
f 724 824 825
f 724 825 725
f 725 825 726
f 726 825 826
f 726 826 827
f 726 827 828
f 726 828 829
f 726 829 830
f 726 830 817
f 727 736 728
f 727 735 736
f 729 831 832
f 729 832 933
f 729 933 833
f 729 833 730
f 729 820 831
f 730 833 834
f 730 834 731
f 731 834 939
f 731 939 835
f 731 835 732
f 732 835 836
f 732 836 837
f 732 837 733
f 733 837 735
f 733 735 734
f 735 837 738
f 735 737 736
f 738 837 739
f 739 837 836
f 739 836 740
f 740 836 838
f 740 838 741
f 741 838 839
f 741 839 742
f 742 839 743
f 743 839 840
f 743 840 744
f 744 840 841
f 744 841 745
f 745 841 842
f 745 842 746
f 746 842 747
f 747 842 843
f 747 843 748
f 748 843 844
f 748 844 845
f 748 845 749
f 749 845 846
f 749 846 750
f 750 846 847
f 750 847 751
f 753 769 848
f 753 848 754
f 753 849 759
f 754 848 768
f 754 768 755
f 755 768 756
f 756 768 767
f 756 767 766
f 756 766 758
f 756 758 757
f 759 849 760
f 760 850 851
f 760 851 852
f 760 852 761
f 760 849 853
f 760 853 850
f 761 852 854
f 761 854 762
f 762 855 856
f 762 856 763
f 762 854 855
f 763 856 857
f 763 857 764
f 764 858 770
f 764 857 858
f 768 848 769
f 770 858 859
f 770 859 860
f 770 860 861
f 770 861 771
f 771 861 772
f 772 861 862
f 772 862 863
f 772 863 864
f 772 864 773
f 773 864 774
f 774 864 865
f 774 865 866
f 774 866 867
f 774 867 775
f 775 867 776
f 776 867 868
f 776 868 777
f 777 868 778
f 778 868 779
f 779 868 869
f 779 869 870
f 780 782 781
f 780 870 782
f 782 871 872
f 782 872 783
f 782 870 869
f 782 869 868
f 782 868 867
f 782 867 873
f 782 873 985
f 782 985 874
f 782 874 875
f 782 875 876
f 782 876 877
f 782 877 871
f 783 872 984
f 783 984 878
f 783 878 784
f 784 878 880
f 784 880 786
f 785 787 879
f 785 879 788
f 786 880 883
f 786 883 881
f 786 881 787
f 787 881 882
f 787 882 789
f 787 789 879
f 788 879 789
f 789 882 790
f 790 882 792
f 792 882 881
f 792 881 883
f 792 883 884
f 792 884 885
f 792 885 795
f 792 795 794
f 792 794 793
f 795 885 886
f 795 886 887
f 795 887 798
f 795 798 797
f 798 887 888
f 798 888 799
f 799 888 889
f 799 889 891
f 799 891 800
f 800 890 801
f 800 891 890
f 801 890 892
f 801 892 802
f 802 892 803
f 803 892 891
f 803 891 893
f 804 893 894
f 804 894 807
f 804 807 805
f 806 808 895
f 806 895 899
f 806 899 809
f 807 894 808
f 808 894 1003
f 808 1003 896
f 808 896 897
f 808 897 898
f 808 898 895
f 809 899 1008
f 809 1008 900
f 809 900 812
f 809 812 810
f 811 813 815
f 812 900 813
f 813 901 902
f 813 902 1013
f 813 1013 903
f 813 903 904
f 813 904 815
f 813 900 901
f 814 815 904
f 814 904 918
f 814 918 821
f 816 905 906
f 816 906 819
f 816 818 907
f 816 907 908
f 816 908 909
f 816 909 905
f 817 830 910
f 817 910 818
f 818 910 911
f 818 911 912
f 818 912 913
f 818 913 914
f 818 914 915
f 818 915 916
f 818 916 908
f 818 908 907
f 819 906 917
f 819 917 820
f 820 917 831
f 821 918 919
f 821 919 822
f 822 919 823
f 823 919 824
f 824 919 920
f 824 920 921
f 824 921 922
f 824 922 923
f 824 923 825
f 825 923 827
f 825 827 826
f 827 923 924
f 827 924 925
f 827 925 926
f 827 926 828
f 828 926 927
f 828 927 829
f 829 927 910
f 829 910 830
f 831 928 832
f 831 917 929
f 831 929 930
f 831 930 931
f 831 931 928
f 832 932 933
f 832 928 934
f 832 934 935
f 832 935 936
f 832 936 937
f 832 937 932
f 833 933 1045
f 833 1045 938
f 833 938 834
f 834 938 1046
f 834 1046 939
f 835 939 839
f 835 839 838
f 835 838 836
f 839 939 940
f 839 940 941
f 839 941 840
f 840 941 841
f 841 941 942
f 841 942 842
f 842 942 943
f 842 943 843
f 843 943 844
f 844 943 845
f 845 944 945
f 845 945 946
f 845 946 846
f 845 943 947
f 845 947 948
f 845 948 944
f 846 946 949
f 846 949 847
f 849 950 951
f 849 951 952
f 849 952 953
f 849 953 954
f 849 954 853
f 850 853 955
f 850 955 956
f 850 956 854
f 850 854 852
f 850 852 851
f 853 954 956
f 853 956 955
f 854 956 957
f 854 957 958
f 854 958 855
f 855 958 856
f 856 959 960
f 856 960 961
f 856 961 857
f 856 958 962
f 856 962 959
f 857 961 858
f 858 961 963
f 858 963 859
f 859 963 964
f 859 964 965
f 859 965 966
f 859 966 860
f 860 966 967
f 860 967 861
f 861 967 968
f 861 968 862
f 862 969 970
f 862 970 971
f 862 971 910
f 862 910 972
f 862 972 863
f 862 968 973
f 862 973 969
f 863 974 864
f 863 972 975
f 863 975 974
f 864 974 976
f 864 976 977
f 864 977 978
f 864 978 979
f 864 979 980
f 864 980 981
f 864 981 865
f 865 981 982
f 865 982 866
f 866 982 867
f 867 982 873
f 871 877 872
f 872 877 983
f 872 983 984
f 873 982 985
f 874 985 875
f 875 986 987
f 875 987 988
f 875 988 989
f 875 989 990
f 875 990 877
f 875 877 876
f 875 985 986
f 877 990 991
f 877 991 992
f 877 992 1091
f 877 1091 983
f 878 984 880
f 880 993 994
f 880 994 995
f 880 995 996
f 880 996 884
f 880 884 883
f 880 984 997
f 880 997 993
f 884 996 998
f 884 998 886
f 884 886 885
f 886 998 887
f 887 998 999
f 887 999 1000
f 887 1000 1001
f 887 1001 888
f 888 1001 889
f 889 1001 1002
f 889 1002 891
f 890 891 892
f 891 1002 1003
f 891 1003 893
f 893 1003 894
f 895 898 899
f 896 1004 1105
f 896 1105 1005
f 896 1005 897
f 896 1003 1002
f 896 1002 1004
f 897 1005 1006
f 897 1006 898
f 898 1006 1109
f 898 1109 1007
f 898 1007 1008
f 898 1008 899
f 900 1008 901
f 901 1008 1009
f 901 1009 1010
f 901 1010 1011
f 901 1011 902
f 902 1011 1012
f 902 1012 1013
f 903 1013 1014
f 903 1014 1015
f 903 1015 919
f 903 919 918
f 903 918 904
f 905 1016 1017
f 905 1017 906
f 905 909 1016
f 906 1017 1018
f 906 1018 917
f 908 1019 1020
f 908 1020 909
f 908 916 1019
f 909 1020 1021
f 909 1021 1016
f 910 927 972
f 910 971 1022
f 910 1022 911
f 911 1022 912
f 912 1022 1023
f 912 1023 1024
f 912 1024 1019
f 912 1019 913
f 913 1019 914
f 914 1019 915
f 915 1019 916
f 917 1018 1025
f 917 1025 929
f 919 1015 920
f 920 1015 1026
f 920 1026 921
f 921 1026 1015
f 921 1015 1027
f 921 1027 924
f 921 924 922
f 922 924 923
f 924 1027 1028
f 924 1028 1029
f 924 1029 925
f 925 1029 926
f 926 1029 975
f 926 975 927
f 927 975 972
f 928 931 934
f 929 1025 1030
f 929 1030 1031
f 929 1031 1032
f 929 1032 930
f 930 1032 1033
f 930 1033 931
f 931 936 935
f 931 935 934
f 931 1033 1035
f 931 1035 1032
f 931 1032 1034
f 932 937 1036
f 932 1036 1037
f 932 1037 1038
f 932 1038 1039
f 932 1039 1040
f 932 1040 1041
f 932 1041 1042
f 932 1042 933
f 933 1042 1043
f 933 1043 1044
f 933 1044 1045
f 936 1037 1036
f 936 1036 937
f 938 1045 1145
f 938 1145 1047
f 938 1047 1046
f 939 1046 940
f 940 1046 1047
f 940 1047 941
f 941 1047 1048
f 941 1048 942
f 942 1048 947
f 942 947 943
f 944 948 1049
f 944 1049 1050
f 944 1050 1051
f 944 1051 945
f 947 1052 1049
f 947 1049 948
f 947 1048 1144
f 947 1144 1044
f 947 1044 1052
f 950 1053 1054
f 950 1054 951
f 951 1054 1055
f 951 1055 952
f 952 1055 1056
f 952 1056 953
f 953 1056 1057
f 953 1057 954
f 954 1057 957
f 954 957 956
f 957 1058 1059
f 957 1059 958
f 957 1057 1058
f 958 1059 1060
f 958 1060 1061
f 958 1061 962
f 959 962 1062
f 959 1062 960
f 960 1063 1064
f 960 1064 961
f 960 1062 1065
f 960 1065 1066
f 960 1066 1063
f 961 1067 963
f 961 1064 1068
f 961 1068 1069
f 961 1069 1067
f 962 1061 1062
f 963 1070 1071
f 963 1071 964
f 963 1067 1070
f 964 1071 965
f 965 1071 1072
f 965 1072 1074
f 965 1074 1073
f 965 1073 967
f 965 967 966
f 967 1073 968
f 968 1073 1074
f 968 1074 1075
f 968 1075 1023
f 968 1023 973
f 969 973 1023
f 969 1023 970
f 970 1023 1022
f 970 1022 971
f 974 1076 1077
f 974 1077 976
f 974 975 1076
f 975 1029 1078
f 975 1078 1079
f 975 1079 1077
f 975 1077 1076
f 976 1080 1081
f 976 1081 977
f 976 1077 1082
f 976 1082 1080
f 977 1081 978
f 978 1081 1082
f 978 1082 979
f 979 1083 980
f 979 1082 1084
f 979 1084 1085
f 979 1085 1083
f 980 1083 1086
f 980 1086 1087
f 980 1087 981
f 981 985 982
f 981 1087 1088
f 981 1088 1089
f 981 1089 1090
f 981 1090 985
f 983 1091 984
f 984 1091 997
f 985 1090 986
f 986 1090 1092
f 986 1092 987
f 987 1093 1171
f 987 1171 1174
f 987 1174 1094
f 987 1094 988
f 987 1092 1095
f 987 1095 1093
f 988 1094 1175
f 988 1175 1096
f 988 1096 1177
f 988 1177 1097
f 988 1097 989
f 989 1097 991
f 989 991 990
f 991 1097 1098
f 991 1098 1178
f 991 1178 1179
f 991 1179 1099
f 991 1099 992
f 992 994 1091
f 992 1099 1100
f 992 1100 994
f 993 1091 994
f 993 997 1091
f 994 1100 1101
f 994 1101 1102
f 994 1102 995
f 995 1102 996
f 996 1102 1103
f 996 1103 998
f 998 1103 1104
f 998 1104 999
f 999 1104 1000
f 1000 1104 1001
f 1001 1104 1004
f 1001 1004 1002
f 1004 1104 1183
f 1004 1183 1105
f 1005 1105 1006
f 1006 1106 1107
f 1006 1107 1108
f 1006 1108 1109
f 1006 1105 1106
f 1007 1109 1108
f 1007 1108 1010
f 1007 1010 1009
f 1007 1009 1008
f 1010 1108 1011
f 1011 1108 1107
f 1011 1107 1012
f 1012 1107 1110
f 1012 1110 1014
f 1012 1014 1013
f 1014 1110 1111
f 1014 1111 1112
f 1014 1112 1028
f 1014 1028 1015
f 1015 1028 1027
f 1016 1021 1113
f 1016 1113 1017
f 1017 1113 1114
f 1017 1114 1115
f 1017 1115 1116
f 1017 1116 1117
f 1017 1117 1118
f 1017 1118 1018
f 1018 1118 1119
f 1018 1119 1120
f 1018 1120 1121
f 1018 1121 1122
f 1018 1122 1123
f 1018 1123 1124
f 1018 1124 1125
f 1018 1125 1025
f 1019 1024 1126
f 1019 1126 1020
f 1020 1126 1127
f 1020 1127 1128
f 1020 1128 1021
f 1021 1128 1129
f 1021 1129 1113
f 1023 1075 1072
f 1023 1072 1130
f 1023 1130 1126
f 1023 1126 1024
f 1025 1125 1131
f 1025 1131 1134
f 1025 1134 1030
f 1028 1112 1188
f 1028 1188 1132
f 1028 1132 1029
f 1029 1133 1220
f 1029 1220 1166
f 1029 1166 1078
f 1029 1132 1133
f 1030 1134 1031
f 1031 1134 1032
f 1032 1035 1033
f 1032 1134 1135
f 1032 1135 1136
f 1032 1136 1034
f 1037 1137 1038
f 1038 1137 1039
f 1039 1137 1138
f 1039 1138 1139
f 1039 1139 1140
f 1039 1140 1141
f 1039 1141 1142
f 1039 1142 1040
f 1040 1142 1143
f 1040 1143 1041
f 1043 1050 1052
f 1043 1052 1044
f 1044 1144 1145
f 1044 1145 1045
f 1047 1145 1144
f 1047 1144 1048
f 1049 1052 1050
f 1053 1146 1054
f 1054 1146 1147
f 1054 1147 1148
f 1054 1148 1055
f 1055 1148 1056
f 1056 1148 1149
f 1056 1149 1150
f 1056 1150 1057
f 1057 1150 1151
f 1057 1151 1058
f 1058 1151 1059
f 1059 1151 1152
f 1059 1152 1153
f 1059 1153 1060
f 1060 1153 1062
f 1060 1062 1061
f 1062 1153 1154
f 1062 1154 1066
f 1062 1066 1065
f 1063 1066 1155
f 1063 1155 1156
f 1063 1156 1068
f 1063 1068 1064
f 1066 1154 1157
f 1066 1157 1155
f 1067 1158 1129
f 1067 1129 1070
f 1067 1069 1159
f 1067 1159 1160
f 1067 1160 1161
f 1067 1161 1162
f 1067 1162 1158
f 1068 1156 1163
f 1068 1163 1159
f 1068 1159 1069
f 1070 1129 1071
f 1071 1129 1127
f 1071 1127 1126
f 1071 1126 1130
f 1071 1130 1072
f 1072 1075 1074
f 1077 1079 1164
f 1077 1164 1165
f 1077 1165 1082
f 1078 1166 1167
f 1078 1167 1079
f 1079 1167 1164
f 1080 1082 1081
f 1082 1165 1084
f 1083 1085 1169
f 1083 1169 1086
f 1084 1168 1176
f 1084 1176 1169
f 1084 1169 1085
f 1084 1165 1168
f 1086 1169 1087
f 1087 1169 1095
f 1087 1095 1092
f 1087 1092 1089
f 1087 1089 1088
f 1089 1092 1090
f 1093 1170 1252
f 1093 1252 1171
f 1093 1095 1176
f 1093 1176 1172
f 1093 1172 1173
f 1093 1173 1170
f 1094 1174 1256
f 1094 1256 1175
f 1095 1169 1176
f 1096 1175 1257
f 1096 1257 1177
f 1097 1177 1257
f 1097 1257 1178
f 1097 1178 1098
f 1099 1179 1180
f 1099 1180 1100
f 1100 1180 1181
f 1100 1181 1101
f 1101 1181 1182
f 1101 1182 1102
f 1102 1182 1104
f 1102 1104 1103
f 1104 1182 1183
f 1105 1183 1181
f 1105 1181 1184
f 1105 1184 1106
f 1106 1184 1181
f 1106 1181 1185
f 1106 1185 1179
f 1106 1179 1186
f 1106 1186 1107
f 1107 1111 1110
f 1107 1186 1111
f 1111 1186 1257
f 1111 1257 1187
f 1111 1187 1188
f 1111 1188 1112
f 1113 1129 1189
f 1113 1189 1190
f 1113 1190 1191
f 1113 1191 1114
f 1114 1191 1192
f 1114 1192 1193
f 1114 1193 1194
f 1114 1194 1195
f 1114 1195 1196
f 1114 1196 1115
f 1115 1196 1197
f 1115 1197 1198
f 1115 1198 1116
f 1116 1198 1199
f 1116 1199 1200
f 1116 1200 1201
f 1116 1201 1117
f 1117 1201 1202
f 1117 1202 1118
f 1118 1202 1203
f 1118 1203 1204
f 1118 1204 1119
f 1119 1204 1205
f 1119 1205 1206
f 1119 1206 1207
f 1119 1207 1208
f 1119 1208 1121
f 1119 1121 1120
f 1121 1208 1209
f 1121 1209 1210
f 1121 1210 1211
f 1121 1211 1122
f 1122 1211 1212
f 1122 1212 1123
f 1123 1212 1124
f 1124 1212 1213
f 1124 1213 1125
f 1125 1213 1131
f 1127 1129 1128
f 1129 1158 1214
f 1129 1214 1215
f 1129 1215 1216
f 1129 1216 1189
f 1131 1213 1217
f 1131 1217 1134
f 1132 1188 1258
f 1132 1258 1218
f 1132 1218 1133
f 1133 1218 1219
f 1133 1219 1253
f 1133 1253 1220
f 1134 1217 1135
f 1135 1217 1221
f 1135 1221 1222
f 1135 1222 1136
f 1147 1223 1224
f 1147 1224 1148
f 1148 1224 1225
f 1148 1225 1226
f 1148 1226 1227
f 1148 1227 1149
f 1149 1227 1150
f 1150 1227 1228
f 1150 1228 1229
f 1150 1229 1230
f 1150 1230 1231
f 1150 1231 1232
f 1150 1232 1233
f 1150 1233 1234
f 1150 1234 1151
f 1151 1234 1235
f 1151 1235 1152
f 1152 1235 1236
f 1152 1236 1153
f 1153 1236 1154
f 1154 1236 1157
f 1155 1237 1238
f 1155 1238 1163
f 1155 1163 1156
f 1155 1157 1239
f 1155 1239 1237
f 1157 1236 1235
f 1157 1235 1240
f 1157 1240 1298
f 1157 1298 1239
f 1158 1162 1241
f 1158 1241 1242
f 1158 1242 1214
f 1159 1163 1243
f 1159 1243 1160
f 1160 1243 1244
f 1160 1244 1245
f 1160 1245 1162
f 1160 1162 1161
f 1162 1245 1246
f 1162 1246 1247
f 1162 1247 1241
f 1163 1238 1248
f 1163 1248 1243
f 1164 1167 1249
f 1164 1249 1165
f 1165 1249 1168
f 1166 1220 1250
f 1166 1250 1167
f 1167 1250 1251
f 1167 1251 1249
f 1168 1249 1172
f 1168 1172 1176
f 1170 1173 1255
f 1170 1255 1253
f 1170 1253 1219
f 1170 1219 1252
f 1171 1252 1258
f 1171 1258 1254
f 1171 1254 1256
f 1171 1256 1174
f 1172 1249 1251
f 1172 1251 1250
f 1172 1250 1255
f 1172 1255 1173
f 1175 1256 1257
f 1178 1257 1179
f 1179 1257 1186
f 1179 1185 1180
f 1180 1185 1181
f 1181 1183 1182
f 1187 1257 1256
f 1187 1256 1188
f 1188 1256 1258
f 1189 1216 1259
f 1189 1259 1192
f 1189 1192 1190
f 1190 1192 1191
f 1192 1259 1260
f 1192 1260 1193
f 1193 1260 1261
f 1193 1261 1262
f 1193 1262 1195
f 1193 1195 1194
f 1195 1262 1263
f 1195 1263 1196
f 1196 1263 1264
f 1196 1264 1265
f 1196 1265 1197
f 1197 1265 1198
f 1198 1265 1199
f 1199 1265 1317
f 1199 1317 1266
f 1199 1266 1200
f 1200 1266 1267
f 1200 1267 1201
f 1201 1267 1202
f 1202 1267 1268
f 1202 1268 1269
f 1202 1269 1205
f 1202 1205 1203
f 1203 1205 1204
f 1205 1269 1270
f 1205 1270 1206
f 1206 1270 1271
f 1206 1271 1207
f 1207 1271 1272
f 1207 1272 1209
f 1207 1209 1208
f 1209 1272 1273
f 1209 1273 1274
f 1209 1274 1210
f 1210 1274 1275
f 1210 1275 1211
f 1211 1275 1212
f 1212 1275 1331
f 1212 1331 1276
f 1212 1276 1217
f 1212 1217 1213
f 1214 1242 1277
f 1214 1277 1215
f 1215 1259 1216
f 1215 1277 1278
f 1215 1278 1279
f 1215 1279 1280
f 1215 1280 1259
f 1217 1276 1281
f 1217 1281 1282
f 1217 1282 1221
f 1218 1258 1252
f 1218 1252 1219
f 1220 1253 1255
f 1220 1255 1250
f 1221 1282 1222
f 1222 1282 1284
f 1222 1284 1285
f 1222 1285 1283
f 1223 1286 1224
f 1224 1286 1287
f 1224 1287 1288
f 1224 1288 1225
f 1225 1288 1226
f 1226 1288 1227
f 1227 1288 1289
f 1227 1289 1228
f 1228 1289 1229
f 1229 1289 1290
f 1229 1290 1291
f 1229 1291 1293
f 1229 1293 1230
f 1230 1292 1232
f 1230 1232 1231
f 1230 1293 1348
f 1230 1348 1292
f 1232 1294 1295
f 1232 1295 1233
f 1232 1292 1294
f 1233 1295 1234
f 1234 1296 1240
f 1234 1240 1235
f 1234 1295 1296
f 1237 1297 1248
f 1237 1248 1238
f 1237 1239 1297
f 1239 1298 1355
f 1239 1355 1299
f 1239 1299 1300
f 1239 1300 1297
f 1240 1296 1301
f 1240 1301 1298
f 1241 1302 1304
f 1241 1304 1242
f 1241 1247 1303
f 1241 1303 1360
f 1241 1360 1302
f 1242 1304 1278
f 1242 1278 1277
f 1243 1248 1305
f 1243 1305 1244
f 1244 1305 1306
f 1244 1306 1307
f 1244 1307 1308
f 1244 1308 1245
f 1245 1308 1246
f 1246 1308 1247
f 1247 1308 1303
f 1248 1297 1309
f 1248 1309 1305
f 1254 1258 1256
f 1259 1280 1310
f 1259 1310 1260
f 1260 1310 1279
f 1260 1279 1261
f 1261 1279 1304
f 1261 1304 1311
f 1261 1311 1312
f 1261 1312 1263
f 1261 1263 1262
f 1263 1312 1314
f 1263 1314 1264
f 1264 1313 1317
f 1264 1317 1265
f 1264 1314 1315
f 1264 1315 1316
f 1264 1316 1313
f 1266 1317 1318
f 1266 1318 1319
f 1266 1319 1320
f 1266 1320 1268
f 1266 1268 1267
f 1268 1320 1380
f 1268 1380 1321
f 1268 1321 1269
f 1269 1321 1322
f 1269 1322 1270
f 1270 1322 1323
f 1270 1323 1271
f 1271 1323 1324
f 1271 1324 1272
f 1272 1324 1273
f 1273 1324 1325
f 1273 1325 1326
f 1273 1326 1327
f 1273 1327 1328
f 1273 1328 1274
f 1274 1328 1329
f 1274 1329 1275
f 1275 1329 1330
f 1275 1330 1331
f 1276 1331 1332
f 1276 1332 1333
f 1276 1333 1281
f 1278 1304 1279
f 1279 1310 1280
f 1281 1333 1334
f 1281 1334 1282
f 1282 1334 1284
f 1283 1335 1336
f 1283 1285 1337
f 1283 1337 1335
f 1284 1334 1338
f 1284 1338 1285
f 1285 1338 1392
f 1285 1392 1339
f 1285 1339 1337
f 1286 1340 1341
f 1286 1341 1287
f 1287 1341 1342
f 1287 1342 1288
f 1288 1342 1289
f 1289 1343 1344
f 1289 1344 1290
f 1289 1342 1345
f 1289 1345 1343
f 1290 1344 1291
f 1291 1344 1343
f 1291 1343 1346
f 1291 1346 1347
f 1291 1347 1293
f 1292 1348 1349
f 1292 1349 1350
f 1292 1350 1294
f 1293 1347 1404
f 1293 1404 1348
f 1294 1350 1351
f 1294 1351 1352
f 1294 1352 1353
f 1294 1353 1295
f 1295 1353 1296
f 1296 1353 1301
f 1297 1300 1354
f 1297 1354 1309
f 1298 1301 1356
f 1298 1356 1355
f 1299 1357 1354
f 1299 1354 1300
f 1299 1355 1408
f 1299 1408 1358
f 1299 1358 1357
f 1301 1353 1352
f 1301 1352 1359
f 1301 1359 1356
f 1302 1360 1361
f 1302 1361 1304
f 1303 1308 1362
f 1303 1362 1363
f 1303 1363 1364
f 1303 1364 1365
f 1303 1365 1418
f 1303 1418 1366
f 1303 1366 1360
f 1304 1361 1314
f 1304 1314 1311
f 1305 1309 1367
f 1305 1367 1306
f 1306 1367 1368
f 1306 1368 1307
f 1307 1368 1413
f 1307 1413 1362
f 1307 1362 1308
f 1309 1369 1368
f 1309 1368 1367
f 1309 1354 1370
f 1309 1370 1369
f 1311 1314 1312
f 1313 1316 1376
f 1313 1376 1317
f 1314 1361 1360
f 1314 1360 1315
f 1315 1371 1372
f 1315 1372 1316
f 1315 1360 1371
f 1316 1372 1373
f 1316 1373 1374
f 1316 1374 1375
f 1316 1375 1376
f 1317 1376 1377
f 1317 1377 1318
f 1318 1377 1426
f 1318 1426 1378
f 1318 1378 1379
f 1318 1379 1319
f 1319 1379 1380
f 1319 1380 1320
f 1321 1380 1381
f 1321 1381 1322
f 1322 1381 1323
f 1323 1381 1383
f 1323 1383 1324
f 1324 1382 1325
f 1324 1383 1382
f 1325 1382 1384
f 1325 1384 1326
f 1326 1384 1385
f 1326 1385 1386
f 1326 1386 1327
f 1327 1386 1328
f 1328 1386 1387
f 1328 1387 1330
f 1328 1330 1329
f 1330 1387 1332
f 1330 1332 1331
f 1332 1387 1338
f 1332 1338 1334
f 1332 1334 1333
f 1335 1337 1339
f 1335 1339 1388
f 1335 1388 1336
f 1336 1389 1390
f 1336 1390 1391
f 1336 1388 1389
f 1338 1387 1392
f 1339 1392 1386
f 1339 1386 1393
f 1339 1393 1388
f 1340 1394 1342
f 1340 1342 1341
f 1342 1394 1345
f 1343 1345 1395
f 1343 1395 1396
f 1343 1396 1397
f 1343 1397 1402
f 1343 1402 1346
f 1345 1394 1398
f 1345 1398 1399
f 1345 1399 1400
f 1345 1400 1401
f 1345 1401 1395
f 1346 1402 1403
f 1346 1403 1347
f 1347 1403 1451
f 1347 1451 1404
f 1348 1404 1452
f 1348 1452 1405
f 1348 1405 1412
f 1348 1412 1406
f 1348 1406 1349
f 1349 1406 1350
f 1350 1406 1351
f 1351 1406 1412
f 1351 1412 1359
f 1351 1359 1352
f 1354 1357 1407
f 1354 1407 1370
f 1355 1356 1409
f 1355 1409 1408
f 1356 1359 1409
f 1357 1358 1407
f 1358 1408 1405
f 1358 1405 1410
f 1358 1410 1411
f 1358 1411 1407
f 1359 1412 1409
f 1360 1366 1371
f 1362 1413 1414
f 1362 1414 1363
f 1363 1414 1415
f 1363 1415 1364
f 1364 1415 1416
f 1364 1416 1365
f 1365 1416 1417
f 1365 1417 1418
f 1366 1418 1371
f 1368 1369 1370
f 1368 1370 1419
f 1368 1419 1420
f 1368 1420 1414
f 1368 1414 1413
f 1370 1407 1421
f 1370 1421 1419
f 1371 1418 1373
f 1371 1373 1372
f 1373 1418 1417
f 1373 1417 1422
f 1373 1422 1466
f 1373 1466 1467
f 1373 1467 1423
f 1373 1423 1374
f 1374 1423 1375
f 1375 1423 1424
f 1375 1424 1425
f 1375 1425 1377
f 1375 1377 1376
f 1377 1425 1426
f 1378 1426 1427
f 1378 1427 1379
f 1379 1427 1428
f 1379 1428 1381
f 1379 1381 1380
f 1381 1428 1429
f 1381 1429 1383
f 1382 1383 1429
f 1382 1429 1430
f 1382 1430 1431
f 1382 1431 1384
f 1384 1431 1432
f 1384 1432 1385
f 1385 1432 1480
f 1385 1480 1433
f 1385 1433 1386
f 1386 1433 1434
f 1386 1434 1393
f 1386 1392 1387
f 1388 1393 1434
f 1388 1434 1390
f 1388 1390 1389
f 1390 1435 1391
f 1390 1434 1481
f 1390 1481 1435
f 1391 1435 1437
f 1391 1437 1438
f 1391 1438 1439
f 1391 1439 1440
f 1391 1440 1441
f 1391 1441 1442
f 1391 1442 1436
f 1395 1443 1444
f 1395 1444 1396
f 1395 1401 1443
f 1396 1444 1445
f 1396 1445 1446
f 1396 1446 1397
f 1397 1446 1447
f 1397 1447 1402
f 1400 1448 1449
f 1400 1449 1401
f 1401 1449 1450
f 1401 1450 1443
f 1402 1447 1403
f 1403 1447 1451
f 1404 1451 1453
f 1404 1453 1452
f 1405 1452 1453
f 1405 1453 1454
f 1405 1454 1410
f 1405 1408 1455
f 1405 1455 1412
f 1407 1456 1421
f 1407 1411 1456
f 1408 1409 1455
f 1409 1412 1455
f 1410 1454 1411
f 1411 1454 1456
f 1414 1420 1457
f 1414 1457 1458
f 1414 1458 1459
f 1414 1459 1460
f 1414 1460 1415
f 1415 1460 1461
f 1415 1461 1462
f 1415 1462 1416
f 1416 1462 1461
f 1416 1461 1463
f 1416 1463 1417
f 1417 1463 1465
f 1417 1465 1422
f 1419 1421 1464
f 1419 1464 1420
f 1420 1464 1457
f 1421 1456 1503
f 1421 1503 1457
f 1421 1457 1464
f 1422 1465 1509
f 1422 1509 1466
f 1423 1467 1509
f 1423 1509 1468
f 1423 1468 1469
f 1423 1469 1424
f 1424 1469 1425
f 1425 1469 1426
f 1426 1469 1470
f 1426 1470 1427
f 1427 1470 1471
f 1427 1471 1429
f 1427 1429 1428
f 1429 1471 1472
f 1429 1472 1430
f 1430 1472 1473
f 1430 1473 1474
f 1430 1474 1476
f 1430 1476 1431
f 1431 1475 1477
f 1431 1477 1432
f 1431 1476 1475
f 1432 1477 1478
f 1432 1478 1479
f 1432 1479 1480
f 1433 1480 1434
f 1434 1480 1481
f 1435 1482 1486
f 1435 1486 1437
f 1435 1481 1480
f 1435 1480 1482
f 1436 1483 1484
f 1436 1442 1485
f 1436 1485 1483
f 1437 1486 1438
f 1438 1486 1487
f 1438 1487 1439
f 1439 1487 1488
f 1439 1488 1440
f 1440 1488 1527
f 1440 1527 1489
f 1440 1489 1485
f 1440 1485 1441
f 1441 1485 1442
f 1443 1490 1494
f 1443 1494 1444
f 1443 1450 1491
f 1443 1491 1492
f 1443 1492 1493
f 1443 1493 1490
f 1444 1494 1495
f 1444 1495 1536
f 1444 1536 1496
f 1444 1496 1446
f 1444 1446 1445
f 1446 1496 1447
f 1447 1496 1539
f 1447 1539 1497
f 1447 1497 1451
f 1448 1498 1449
f 1449 1498 1499
f 1449 1499 1491
f 1449 1491 1450
f 1451 1497 1500
f 1451 1500 1453
f 1453 1500 1501
f 1453 1501 1502
f 1453 1502 1454
f 1454 1502 1456
f 1456 1502 1503
f 1457 1504 1458
f 1457 1503 1544
f 1457 1544 1504
f 1458 1505 1460
f 1458 1460 1459
f 1458 1504 1506
f 1458 1506 1505
f 1460 1505 1461
f 1461 1505 1463
f 1463 1505 1507
f 1463 1507 1508
f 1463 1508 1549
f 1463 1549 1509
f 1463 1509 1465
f 1466 1509 1467
f 1468 1509 1469
f 1469 1509 1549
f 1469 1549 1510
f 1469 1510 1470
f 1470 1510 1511
f 1470 1511 1472
f 1470 1472 1471
f 1472 1511 1474
f 1472 1474 1473
f 1474 1511 1510
f 1474 1510 1512
f 1474 1512 1514
f 1474 1514 1476
f 1475 1513 1515
f 1475 1515 1477
f 1475 1476 1513
f 1476 1514 1513
f 1477 1515 1478
f 1478 1515 1551
f 1478 1551 1516
f 1478 1516 1517
f 1478 1517 1479
f 1479 1517 1518
f 1479 1518 1519
f 1479 1519 1480
f 1480 1519 1520
f 1480 1520 1482
f 1482 1520 1486
f 1483 1521 1484
f 1483 1485 1522
f 1483 1522 1523
f 1483 1523 1524
f 1483 1524 1521
f 1485 1525 1523
f 1485 1523 1522
f 1485 1489 1528
f 1485 1528 1526
f 1485 1526 1525
f 1486 1520 1487
f 1487 1520 1518
f 1487 1518 1488
f 1488 1518 1527
f 1489 1527 1528
f 1490 1529 1534
f 1490 1534 1494
f 1490 1493 1529
f 1491 1499 1530
f 1491 1530 1492
f 1492 1530 1531
f 1492 1531 1493
f 1493 1531 1532
f 1493 1532 1567
f 1493 1567 1533
f 1493 1533 1565
f 1493 1565 1529
f 1494 1534 1535
f 1494 1535 1495
f 1495 1535 1572
f 1495 1572 1536
f 1496 1536 1537
f 1496 1537 1538
f 1496 1538 1539
f 1497 1539 1501
f 1497 1501 1500
f 1501 1540 1541
f 1501 1541 1542
f 1501 1542 1506
f 1501 1506 1543
f 1501 1543 1502
f 1501 1539 1538
f 1501 1538 1540
f 1502 1543 1503
f 1503 1543 1544
f 1504 1544 1506
f 1505 1506 1545
f 1505 1545 1546
f 1505 1546 1507
f 1506 1544 1543
f 1506 1542 1541
f 1506 1541 1545
f 1507 1546 1547
f 1507 1547 1548
f 1507 1548 1549
f 1507 1549 1508
f 1510 1549 1550
f 1510 1550 1512
f 1512 1550 1514
f 1513 1551 1515
f 1513 1514 1551
f 1514 1550 1552
f 1514 1552 1551
f 1516 1553 1517
f 1516 1551 1552
f 1516 1552 1553
f 1517 1553 1554
f 1517 1554 1555
f 1517 1555 1528
f 1517 1528 1518
f 1518 1520 1519
f 1518 1528 1527
f 1521 1556 1533
f 1521 1533 1557
f 1521 1524 1558
f 1521 1558 1559
f 1521 1559 1556
f 1523 1525 1524
f 1524 1525 1560
f 1524 1560 1561
f 1524 1561 1558
f 1525 1526 1562
f 1525 1562 1563
f 1525 1563 1561
f 1525 1561 1560
f 1526 1528 1564
f 1526 1564 1562
f 1528 1555 1564
f 1529 1565 1534
f 1531 1566 1532
f 1532 1566 1589
f 1532 1589 1567
f 1533 1567 1557
f 1533 1556 1559
f 1533 1559 1568
f 1533 1568 1565
f 1534 1565 1569
f 1534 1569 1535
f 1535 1569 1570
f 1535 1570 1571
f 1535 1571 1572
f 1536 1572 1573
f 1536 1573 1537
f 1537 1573 1574
f 1537 1574 1538
f 1538 1574 1575
f 1538 1575 1540
f 1540 1575 1576
f 1540 1576 1577
f 1540 1577 1541
f 1541 1578 1579
f 1541 1579 1546
f 1541 1546 1545
f 1541 1577 1578
f 1546 1579 1547
f 1547 1579 1580
f 1547 1580 1548
f 1548 1580 1550
f 1548 1550 1549
f 1550 1580 1554
f 1550 1554 1581
f 1550 1581 1553
f 1550 1553 1552
f 1553 1581 1554
f 1554 1580 1578
f 1554 1578 1582
f 1554 1582 1575
f 1554 1575 1583
f 1554 1583 1555
f 1555 1583 1564
f 1557 1567 1584
f 1558 1585 1570
f 1558 1570 1586
f 1558 1586 1568
f 1558 1568 1559
f 1558 1561 1585
f 1561 1563 1562
f 1561 1562 1587
f 1561 1587 1588
f 1561 1588 1585
f 1562 1564 1587
f 1564 1583 1587
f 1565 1568 1586
f 1565 1586 1570
f 1565 1570 1569
f 1567 1589 1590
f 1567 1590 1584
f 1570 1585 1571
f 1571 1585 1588
f 1571 1588 1572
f 1572 1588 1573
f 1573 1588 1583
f 1573 1583 1574
f 1574 1583 1575
f 1575 1582 1578
f 1575 1578 1576
f 1576 1578 1577
f 1578 1580 1579
f 1583 1588 1587

o geometry_2
v -0.04254937 0.02217245 0.02096247 0.43529412 0.89019608 0.96078431
v -0.04254937 0.02351690 0.02079061 0.43529412 0.89019608 0.96078431
v -0.04316216 0.02306875 0.02022544 0.43529412 0.89019608 0.96078431
v -0.04257869 0.02217245 0.02093058 0.43529412 0.89019608 0.96078431
v -0.04319652 0.02082319 0.02026087 0.43529412 0.89019608 0.96078431
v -0.04319620 0.01947875 0.02026087 0.43529412 0.89019608 0.96078431
v -0.04319400 0.01812948 0.02025733 0.43529412 0.89019608 0.96078431
v -0.04254937 0.02082319 0.02095361 0.43529412 0.89019608 0.96078431
v -0.04254937 0.02355063 0.02078352 0.43529412 0.89019608 0.96078431
v -0.04576967 0.02314103 0.01705053 0.43529412 0.89019608 0.96078431
v -0.04568866 0.02217245 0.01733223 0.43529412 0.89019608 0.96078431
v -0.04501503 0.02217245 0.01813482 0.43529412 0.89019608 0.96078431
v -0.04444826 0.02217245 0.01880806 0.43529412 0.89019608 0.96078431
v -0.04384934 0.02217245 0.01949903 0.43529412 0.89019608 0.96078431
v -0.04319053 0.02217245 0.02025555 0.43529412 0.89019608 0.96078431
v -0.04304679 0.02396505 0.02009787 0.43529412 0.89019608 0.96078431
v -0.04358582 0.02351690 0.01958939 0.43529412 0.89019608 0.96078431
v -0.04434235 0.02352172 0.01868759 0.43529412 0.89019608 0.96078431
v -0.04490785 0.02352172 0.01801434 0.43529412 0.89019608 0.96078431
v -0.04558148 0.02352172 0.01720644 0.43529412 0.89019608 0.96078431
v -0.04398741 0.02077018 0.01936615 0.43529412 0.89019608 0.96078431
v -0.04386983 0.01947875 0.01950258 0.43529412 0.89019608 0.96078431
v -0.04446055 0.01678504 0.01882224 0.43529412 0.89019608 0.96078431
v -0.04445520 0.01543577 0.01881692 0.43529412 0.89019608 0.96078431
v -0.04318769 0.01678504 0.02024847 0.43529412 0.89019608 0.96078431
v -0.04254937 0.01947875 0.02094298 0.43529412 0.89019608 0.96078431
v -0.04255788 0.01947875 0.02093412 0.43529412 0.89019608 0.96078431
v -0.04398520 0.01816321 0.01936615 0.43529412 0.89019608 0.96078431
v -0.04254937 0.02415298 0.02047348 0.43529412 0.89019608 0.96078431
v -0.04576967 0.02217245 0.01723301 0.43529412 0.89019608 0.96078431
v -0.04576967 0.02352172 0.01697789 0.43529412 0.89019608 0.96078431
v -0.04576967 0.02198452 0.01724010 0.43529412 0.89019608 0.96078431
v -0.04576967 0.02082319 0.01728085 0.43529412 0.89019608 0.96078431
v -0.04570789 0.02082319 0.01735526 0.43529412 0.89019608 0.96078431
v -0.04446118 0.02117978 0.01882401 0.43529412 0.89019608 0.96078431
v -0.04469697 0.02435055 0.01776453 0.43529412 0.89019608 0.96078431
v -0.04576967 0.02434091 0.01643397 0.43529412 0.89019608 0.96078431
v -0.04446434 0.02028348 0.01882755 0.43529412 0.89019608 0.96078431
v -0.04446528 0.01947875 0.01882755 0.43529412 0.89019608 0.96078431
v -0.04446528 0.01863064 0.01882755 0.43529412 0.89019608 0.96078431
v -0.04576967 0.01812948 0.01729148 0.43529412 0.89019608 0.96078431
v -0.04570284 0.01678504 0.01734994 0.43529412 0.89019608 0.96078431
v -0.04576967 0.01678504 0.01727022 0.43529412 0.89019608 0.96078431
v -0.04501944 0.01543577 0.01814367 0.43529412 0.89019608 0.96078431
v -0.04576967 -0.01824281 0.01661646 0.43529412 0.89019608 0.96078431
v -0.04542293 -0.01824281 0.01702395 0.43529412 0.89019608 0.96078431
v -0.04473795 -0.01959207 0.01779819 0.43529412 0.89019608 0.96078431
v -0.04415668 -0.01959207 0.01847144 0.43529412 0.89019608 0.96078431
v -0.04348305 -0.01959207 0.01924213 0.43529412 0.89019608 0.96078431
v -0.04287878 -0.02093652 0.01990298 0.43529412 0.89019608 0.96078431
v -0.04254937 -0.02093652 0.02027504 0.43529412 0.89019608 0.96078431
v -0.04254937 0.02445656 0.01958408 0.43529412 0.89019608 0.96078431
v -0.04342159 0.02437464 0.01919961 0.43529412 0.89019608 0.96078431
v -0.04576967 0.02067863 0.01728262 0.43529412 0.89019608 0.96078431
v -0.04571387 0.01947875 0.01736412 0.43529412 0.89019608 0.96078431
v -0.04514270 0.02444211 0.01678654 0.43529412 0.89019608 0.96078431
v -0.04576967 0.02441801 0.01541346 0.43529412 0.89019608 0.96078431
v -0.04504214 0.01947875 0.01815253 0.43529412 0.89019608 0.96078431
v -0.04576967 0.01934382 0.01729679 0.43529412 0.89019608 0.96078431
v -0.04576967 -0.01959207 0.01658811 0.43529412 0.89019608 0.96078431
v -0.04541158 -0.01959207 0.01700977 0.43529412 0.89019608 0.96078431
v -0.04414061 -0.02093652 0.01844841 0.43529412 0.89019608 0.96078431
v -0.04346698 -0.02093652 0.01922973 0.43529412 0.89019608 0.96078431
v -0.04254937 -0.02228578 0.02022189 0.43529412 0.89019608 0.96078431
v -0.04254937 0.02440837 0.01823403 0.43529412 0.89019608 0.96078431
v -0.04380805 0.02443729 0.01684146 0.43529412 0.89019608 0.96078431
v -0.04383862 0.02446138 0.01818974 0.43529412 0.89019608 0.96078431
v -0.04576967 0.01947875 0.01729679 0.43529412 0.89019608 0.96078431
v -0.04511432 0.02444211 0.01545067 0.43529412 0.89019608 0.96078431
v -0.04576967 0.02437464 0.01434335 0.43529412 0.89019608 0.96078431
v -0.04576967 -0.02093652 0.01653141 0.43529412 0.89019608 0.96078431
v -0.04538888 -0.02093652 0.01698143 0.43529412 0.89019608 0.96078431
v -0.04471525 -0.02093652 0.01777516 0.43529412 0.89019608 0.96078431
v -0.04343356 -0.02228578 0.01919784 0.43529412 0.89019608 0.96078431
v -0.04285513 -0.02228578 0.01987109 0.43529412 0.89019608 0.96078431
v -0.04254937 -0.02363504 0.02002346 0.43529412 0.89019608 0.96078431
v -0.04254937 0.02439392 0.01813127 0.43529412 0.89019608 0.96078431
v -0.04554838 0.02435537 0.01444788 0.43529412 0.89019608 0.96078431
v -0.04254937 0.01876556 0.00286265 0.43529412 0.89019608 0.96078431
v -0.04576967 0.01608631 0.00286265 0.43529412 0.89019608 0.96078431
v -0.04576967 -0.02228578 0.01644460 0.43529412 0.89019608 0.96078431
v -0.04535295 -0.02228578 0.01693714 0.43529412 0.89019608 0.96078431
v -0.04467932 -0.02228578 0.01773263 0.43529412 0.89019608 0.96078431
v -0.04410719 -0.02228578 0.01840766 0.43529412 0.89019608 0.96078431
v -0.04576967 -0.02311461 0.01635070 0.43529412 0.89019608 0.96078431
v -0.04334719 -0.02363504 0.01909685 0.43529412 0.89019608 0.96078431
v -0.04276845 -0.02363504 0.01977011 0.43529412 0.89019608 0.96078431
v -0.04576967 -0.02419402 0.01613809 0.43529412 0.89019608 0.96078431
v -0.04451257 -0.02435787 0.01753597 0.43529412 0.89019608 0.96078431
v -0.04322741 -0.02441087 0.01895512 0.43529412 0.89019608 0.96078431
v -0.04254937 -0.02456989 0.01936084 0.43529412 0.89019608 0.96078431
v -0.04297839 0.02430236 0.01731628 0.43529412 0.89019608 0.96078431
v -0.04254937 -0.01756336 0.00286265 0.43529412 0.89019608 0.96078431
v -0.04576967 -0.01772238 0.00286265 0.43529412 0.89019608 0.96078431
v -0.04576967 -0.02339892 0.01630818 0.43529412 0.89019608 0.96078431
v -0.04459799 -0.02363504 0.01763696 0.43529412 0.89019608 0.96078431
v -0.04576967 -0.02423258 0.01608849 0.43529412 0.89019608 0.96078431
v -0.04482148 -0.02452652 0.01680426 0.43529412 0.89019608 0.96078431
v -0.04372199 -0.02454580 0.01805154 0.43529412 0.89019608 0.96078431
v -0.04254937 -0.02459399 0.01929706 0.43529412 0.89019608 0.96078431
v -0.04254937 -0.02449761 0.01689461 0.43529412 0.89019608 0.96078431
v -0.04304017 -0.02437232 0.01604065 0.43529412 0.89019608 0.96078431
v -0.04431902 -0.02442051 0.01460910 0.43529412 0.89019608 0.96078431
v -0.04560103 -0.02445906 0.01318110 0.43529412 0.89019608 0.96078431
v -0.04576967 -0.02449279 0.01309429 0.43529412 0.89019608 0.96078431
v -0.04576967 -0.02459880 0.01537271 0.43529412 0.89019608 0.96078431
v -0.04576967 -0.02466627 0.01503432 0.43529412 0.89019608 0.96078431
v -0.04379008 -0.02475783 0.01680426 0.43529412 0.89019608 0.96078431
v -0.04254937 -0.02475783 0.01804623 0.43529412 0.89019608 0.96078431
v -0.04254937 -0.02450243 0.01690702 0.43529412 0.89019608 0.96078431
v -0.04383799 -0.02456026 0.01553748 0.43529412 0.89019608 0.96078431
v -0.04514585 -0.02460844 0.01413960 0.43529412 0.89019608 0.96078431
v -0.04576967 -0.02462290 0.01347344 0.43529412 0.89019608 0.96078431
v -0.04254937 -0.02450725 0.01692473 0.43529412 0.89019608 0.96078431
f 1591 1592 1593
f 1591 1593 1594
f 1591 1594 1595
f 1591 1595 1596
f 1591 1596 1597
f 1591 1597 1598
f 1591 1598 1616
f 1591 1616 1641
f 1591 1641 1654
f 1591 1654 1666
f 1591 1666 1681
f 1591 1681 1690
f 1591 1690 1699
f 1591 1699 1704
f 1591 1704 1700
f 1591 1700 1691
f 1591 1691 1683
f 1591 1683 1669
f 1591 1669 1667
f 1591 1667 1655
f 1591 1655 1642
f 1591 1642 1619
f 1591 1619 1599
f 1591 1599 1592
f 1592 1599 1593
f 1593 1600 1601
f 1593 1601 1602
f 1593 1602 1603
f 1593 1603 1604
f 1593 1604 1605
f 1593 1605 1594
f 1593 1599 1606
f 1593 1606 1607
f 1593 1607 1608
f 1593 1608 1609
f 1593 1609 1610
f 1593 1610 1600
f 1594 1605 1595
f 1595 1611 1612
f 1595 1612 1596
f 1595 1605 1611
f 1596 1612 1597
f 1597 1613 1614
f 1597 1614 1615
f 1597 1615 1616
f 1597 1616 1617
f 1597 1617 1598
f 1597 1612 1618
f 1597 1618 1613
f 1598 1617 1616
f 1599 1619 1606
f 1600 1620 1601
f 1600 1610 1621
f 1600 1621 1627
f 1600 1627 1647
f 1600 1647 1660
f 1600 1660 1670
f 1600 1670 1684
f 1600 1684 1695
f 1600 1695 1703
f 1600 1703 1697
f 1600 1697 1696
f 1600 1696 1687
f 1600 1687 1678
f 1600 1678 1685
f 1600 1685 1675
f 1600 1675 1671
f 1600 1671 1661
f 1600 1661 1650
f 1600 1650 1635
f 1600 1635 1633
f 1600 1633 1631
f 1600 1631 1649
f 1600 1649 1658
f 1600 1658 1644
f 1600 1644 1623
f 1600 1623 1622
f 1600 1622 1620
f 1601 1620 1622
f 1601 1622 1623
f 1601 1623 1624
f 1601 1624 1602
f 1602 1624 1603
f 1603 1624 1625
f 1603 1625 1604
f 1604 1625 1605
f 1605 1625 1611
f 1606 1621 1610
f 1606 1610 1609
f 1606 1609 1608
f 1606 1608 1607
f 1606 1619 1626
f 1606 1626 1627
f 1606 1627 1621
f 1611 1628 1612
f 1611 1625 1628
f 1612 1628 1629
f 1612 1629 1630
f 1612 1630 1618
f 1613 1631 1614
f 1613 1618 1630
f 1613 1630 1631
f 1614 1631 1632
f 1614 1632 1633
f 1614 1633 1634
f 1614 1634 1635
f 1614 1635 1636
f 1614 1636 1637
f 1614 1637 1638
f 1614 1638 1639
f 1614 1639 1640
f 1614 1640 1641
f 1614 1641 1615
f 1615 1641 1616
f 1619 1642 1643
f 1619 1643 1626
f 1623 1644 1624
f 1624 1644 1645
f 1624 1645 1625
f 1625 1645 1628
f 1626 1643 1646
f 1626 1646 1627
f 1627 1646 1647
f 1628 1645 1648
f 1628 1648 1629
f 1629 1648 1630
f 1630 1648 1645
f 1630 1645 1631
f 1631 1633 1632
f 1631 1645 1649
f 1633 1635 1634
f 1635 1650 1651
f 1635 1651 1636
f 1636 1651 1637
f 1637 1651 1652
f 1637 1652 1653
f 1637 1653 1638
f 1638 1653 1640
f 1638 1640 1639
f 1640 1653 1654
f 1640 1654 1641
f 1642 1655 1656
f 1642 1656 1657
f 1642 1657 1643
f 1643 1657 1646
f 1644 1658 1645
f 1645 1658 1649
f 1646 1657 1659
f 1646 1659 1647
f 1647 1659 1660
f 1650 1661 1662
f 1650 1662 1663
f 1650 1663 1651
f 1651 1663 1652
f 1652 1663 1664
f 1652 1664 1665
f 1652 1665 1653
f 1653 1665 1654
f 1654 1665 1666
f 1655 1667 1656
f 1656 1667 1668
f 1656 1668 1659
f 1656 1659 1657
f 1659 1668 1660
f 1660 1668 1669
f 1660 1669 1670
f 1661 1671 1672
f 1661 1672 1662
f 1662 1672 1673
f 1662 1673 1674
f 1662 1674 1663
f 1663 1674 1664
f 1664 1674 1675
f 1664 1675 1676
f 1664 1676 1665
f 1665 1676 1677
f 1665 1677 1666
f 1666 1677 1678
f 1666 1678 1679
f 1666 1679 1680
f 1666 1680 1681
f 1667 1682 1668
f 1667 1669 1682
f 1668 1682 1669
f 1669 1683 1684
f 1669 1684 1670
f 1671 1675 1672
f 1672 1675 1673
f 1673 1675 1674
f 1675 1685 1676
f 1676 1686 1678
f 1676 1678 1677
f 1676 1685 1686
f 1678 1687 1679
f 1678 1686 1685
f 1679 1687 1688
f 1679 1688 1680
f 1680 1688 1689
f 1680 1689 1681
f 1681 1689 1690
f 1683 1691 1692
f 1683 1692 1693
f 1683 1693 1694
f 1683 1694 1695
f 1683 1695 1684
f 1687 1696 1688
f 1688 1696 1690
f 1688 1690 1689
f 1690 1696 1697
f 1690 1697 1698
f 1690 1698 1699
f 1691 1700 1694
f 1691 1694 1693
f 1691 1693 1692
f 1694 1700 1701
f 1694 1701 1702
f 1694 1702 1703
f 1694 1703 1695
f 1697 1703 1698
f 1698 1703 1699
f 1699 1703 1702
f 1699 1702 1701
f 1699 1701 1704
f 1700 1704 1701

o geometry_3
v -0.05859374 -0.02476341 0.00063721 0.38039216 0.78823529 0.52549020
v -0.05591601 -0.02475355 0.00198431 0.38039216 0.78823529 0.52549020
v -0.05493287 -0.02470427 0.00286197 0.38039216 0.78823529 0.52549020
v -0.05859374 -0.02464513 0.00162372 0.38039216 0.78823529 0.52549020
v -0.05859374 -0.02442828 -0.00014112 0.38039216 0.78823529 0.52549020
v -0.05268861 -0.02432479 -0.00408717 0.38039216 0.78823529 0.52549020
v -0.05243575 -0.02432479 -0.00408717 0.38039216 0.78823529 0.52549020
v -0.05463605 -0.02462541 0.00286197 0.38039216 0.78823529 0.52549020
v -0.05588774 -0.02465006 0.00286197 0.38039216 0.78823529 0.52549020
v -0.05627723 -0.02462049 0.00286197 0.38039216 0.78823529 0.52549020
v -0.05650181 -0.02443814 0.00286197 0.38039216 0.78823529 0.52549020
v -0.05859374 -0.02463034 0.00162985 0.38039216 0.78823529 0.52549020
v -0.05859374 -0.02442336 -0.00015064 0.38039216 0.78823529 0.52549020
v -0.05277342 -0.02427058 -0.00408717 0.38039216 0.78823529 0.52549020
v -0.05236037 -0.02428044 -0.00408717 0.38039216 0.78823529 0.52549020
v -0.04254937 -0.01756324 0.00286197 0.38039216 0.78823529 0.52549020
v -0.05660547 -0.02428044 0.00286197 0.38039216 0.78823529 0.52549020
v -0.05859374 -0.02363484 0.00196254 0.38039216 0.78823529 0.52549020
v -0.05859374 -0.02363484 -0.00049830 0.38039216 0.78823529 0.52549020
v -0.05401569 -0.02319622 -0.00408717 0.38039216 0.78823529 0.52549020
v -0.05333880 -0.02387139 -0.00408717 0.38039216 0.78823529 0.52549020
v -0.04254937 -0.01781458 -0.00408717 0.38039216 0.78823529 0.52549020
v -0.04254937 0.01876778 0.00286197 0.38039216 0.78823529 0.52549020
v -0.05673425 -0.02363484 0.00286197 0.38039216 0.78823529 0.52549020
v -0.05859374 -0.02361512 0.00196322 0.38039216 0.78823529 0.52549020
v -0.05859374 -0.02228450 -0.00073711 0.38039216 0.78823529 0.52549020
v -0.05409422 -0.02300895 -0.00408717 0.38039216 0.78823529 0.52549020
v -0.04254937 0.01872836 -0.00408717 0.38039216 0.78823529 0.52549020
v -0.05118406 0.02420857 -0.00408717 0.38039216 0.78823529 0.52549020
v -0.05186095 0.02460775 -0.00408717 0.38039216 0.78823529 0.52549020
v -0.05263050 0.02501187 -0.00408717 0.38039216 0.78823529 0.52549020
v -0.05332781 0.02525828 -0.00347485 0.38039216 0.78823529 0.52549020
v -0.05475697 0.02440077 0.00286197 0.38039216 0.78823529 0.52549020
v -0.05677980 -0.02228450 0.00286197 0.38039216 0.78823529 0.52549020
v -0.05859374 -0.02228450 0.00198839 0.38039216 0.78823529 0.52549020
v -0.05419944 -0.02228450 -0.00408717 0.38039216 0.78823529 0.52549020
v -0.05859374 0.02217320 -0.00278089 0.38039216 0.78823529 0.52549020
v -0.05701694 0.02217320 -0.00408717 0.38039216 0.78823529 0.52549020
v -0.05384765 0.02555398 -0.00408717 0.38039216 0.78823529 0.52549020
v -0.05384765 0.02555398 -0.00397083 0.38039216 0.78823529 0.52549020
v -0.05416175 0.02548991 -0.00307276 0.38039216 0.78823529 0.52549020
v -0.05506008 0.02557369 -0.00258767 0.38039216 0.78823529 0.52549020
v -0.05586733 0.02443526 0.00286197 0.38039216 0.78823529 0.52549020
v -0.05716300 0.02172473 0.00286197 0.38039216 0.78823529 0.52549020
v -0.05716614 0.02217320 0.00286197 0.38039216 0.78823529 0.52549020
v -0.05859374 -0.02226479 0.00198839 0.38039216 0.78823529 0.52549020
v -0.05859374 0.02351861 -0.00280334 0.38039216 0.78823529 0.52549020
v -0.05705307 0.02351861 -0.00408717 0.38039216 0.78823529 0.52549020
v -0.05403611 0.02556383 -0.00408717 0.38039216 0.78823529 0.52549020
v -0.05459364 0.02558355 -0.00347485 0.38039216 0.78823529 0.52549020
v -0.05566787 0.02557369 -0.00258767 0.38039216 0.78823529 0.52549020
v -0.05726352 0.02523857 -0.00070989 0.38039216 0.78823529 0.52549020
v -0.05658977 0.02429727 0.00286197 0.38039216 0.78823529 0.52549020
v -0.05726352 0.02490838 0.00063721 0.38039216 0.78823529 0.52549020
v -0.05859374 0.02479995 0.00061952 0.38039216 0.78823529 0.52549020
v -0.05859374 0.02479503 0.00063721 0.38039216 0.78823529 0.52549020
v -0.05697611 0.02351861 0.00286197 0.38039216 0.78823529 0.52549020
v -0.05859374 0.02351861 0.00182987 0.38039216 0.78823529 0.52549020
v -0.05859374 0.02217320 0.00191968 0.38039216 0.78823529 0.52549020
v -0.05859374 0.02471618 -0.00218150 0.38039216 0.78823529 0.52549020
v -0.05818541 0.02434656 -0.00286185 0.38039216 0.78823529 0.52549020
v -0.05682220 0.02444512 -0.00408717 0.38039216 0.78823529 0.52549020
v -0.05457479 0.02556876 -0.00408717 0.38039216 0.78823529 0.52549020
v -0.05560348 0.02557862 -0.00340477 0.38039216 0.78823529 0.52549020
v -0.05480566 0.02556876 -0.00408717 0.38039216 0.78823529 0.52549020
v -0.05859374 0.02514986 -0.00072690 0.38039216 0.78823529 0.52549020
v -0.05859374 0.02514986 -0.00070989 0.38039216 0.78823529 0.52549020
v -0.05859374 0.02442048 0.00151214 0.38039216 0.78823529 0.52549020
v -0.05859374 0.02441062 0.00152915 0.38039216 0.78823529 0.52549020
v -0.05675467 0.02400651 0.00286197 0.38039216 0.78823529 0.52549020
v -0.05859374 0.02474574 -0.00215564 0.38039216 0.78823529 0.52549020
v -0.05642015 0.02478517 -0.00408717 0.38039216 0.78823529 0.52549020
v -0.05532236 0.02556383 -0.00408717 0.38039216 0.78823529 0.52549020
v -0.05859374 0.02476053 -0.00212707 0.38039216 0.78823529 0.52549020
v -0.05602438 0.02508579 -0.00408717 0.38039216 0.78823529 0.52549020
f 1705 1706 1707
f 1705 1707 1708
f 1705 1708 1716
f 1705 1716 1722
f 1705 1722 1729
f 1705 1729 1739
f 1705 1739 1750
f 1705 1750 1763
f 1705 1763 1762
f 1705 1762 1773
f 1705 1773 1772
f 1705 1772 1760
f 1705 1760 1759
f 1705 1759 1771
f 1705 1771 1770
f 1705 1770 1778
f 1705 1778 1775
f 1705 1775 1764
f 1705 1764 1751
f 1705 1751 1741
f 1705 1741 1730
f 1705 1730 1723
f 1705 1723 1717
f 1705 1717 1709
f 1705 1709 1710
f 1705 1710 1711
f 1705 1711 1706
f 1706 1711 1707
f 1707 1712 1720
f 1707 1720 1727
f 1707 1727 1737
f 1707 1737 1747
f 1707 1747 1757
f 1707 1757 1774
f 1707 1774 1761
f 1707 1761 1749
f 1707 1749 1748
f 1707 1748 1738
f 1707 1738 1728
f 1707 1728 1721
f 1707 1721 1715
f 1707 1715 1714
f 1707 1714 1713
f 1707 1713 1708
f 1707 1711 1712
f 1708 1713 1714
f 1708 1714 1715
f 1708 1715 1716
f 1709 1717 1710
f 1710 1717 1718
f 1710 1718 1725
f 1710 1725 1724
f 1710 1724 1731
f 1710 1731 1740
f 1710 1740 1742
f 1710 1742 1752
f 1710 1752 1766
f 1710 1766 1776
f 1710 1776 1779
f 1710 1779 1777
f 1710 1777 1769
f 1710 1769 1767
f 1710 1767 1753
f 1710 1753 1743
f 1710 1743 1735
f 1710 1735 1734
f 1710 1734 1733
f 1710 1733 1732
f 1710 1732 1726
f 1710 1726 1719
f 1710 1719 1711
f 1711 1719 1720
f 1711 1720 1712
f 1715 1721 1716
f 1716 1721 1722
f 1717 1723 1724
f 1717 1724 1725
f 1717 1725 1718
f 1719 1726 1720
f 1720 1726 1732
f 1720 1732 1727
f 1721 1728 1722
f 1722 1728 1729
f 1723 1730 1731
f 1723 1731 1724
f 1727 1732 1733
f 1727 1733 1734
f 1727 1734 1735
f 1727 1735 1736
f 1727 1736 1737
f 1728 1738 1739
f 1728 1739 1729
f 1730 1740 1731
f 1730 1741 1742
f 1730 1742 1740
f 1735 1743 1744
f 1735 1744 1736
f 1736 1744 1745
f 1736 1745 1737
f 1737 1745 1746
f 1737 1746 1747
f 1738 1748 1739
f 1739 1748 1749
f 1739 1749 1750
f 1741 1751 1752
f 1741 1752 1742
f 1743 1753 1744
f 1744 1753 1754
f 1744 1754 1746
f 1744 1746 1745
f 1746 1754 1755
f 1746 1755 1756
f 1746 1756 1747
f 1747 1756 1758
f 1747 1758 1759
f 1747 1759 1760
f 1747 1760 1757
f 1749 1761 1762
f 1749 1762 1763
f 1749 1763 1750
f 1751 1764 1765
f 1751 1765 1766
f 1751 1766 1752
f 1753 1767 1754
f 1754 1768 1755
f 1754 1767 1769
f 1754 1769 1768
f 1755 1768 1770
f 1755 1770 1771
f 1755 1771 1756
f 1756 1771 1758
f 1757 1760 1772
f 1757 1772 1773
f 1757 1773 1774
f 1758 1771 1759
f 1761 1774 1762
f 1762 1774 1773
f 1764 1775 1766
f 1764 1766 1765
f 1766 1775 1776
f 1768 1769 1777
f 1768 1777 1770
f 1770 1777 1778
f 1775 1778 1777
f 1775 1777 1779
f 1775 1779 1776

o geometry_4
v -0.04577078 0.01948035 0.01729766 0.56470588 0.92549020 0.07058824
v -0.04577078 0.02067942 0.01728353 0.56470588 0.92549020 0.07058824
v -0.04627615 0.01948035 0.01669008 0.56470588 0.92549020 0.07058824
v -0.04695109 0.01813200 0.01587903 0.56470588 0.92549020 0.07058824
v -0.04627726 0.01813200 0.01668725 0.56470588 0.92549020 0.07058824
v -0.04577078 0.01813200 0.01729060 0.56470588 0.92549020 0.07058824
v -0.04577078 0.02082389 0.01728071 0.56470588 0.92549020 0.07058824
v -0.04626611 0.02082389 0.01668160 0.56470588 0.92549020 0.07058824
v -0.04694997 0.01948035 0.01587762 0.56470588 0.92549020 0.07058824
v -0.04750442 0.01813200 0.01520504 0.56470588 0.92549020 0.07058824
v -0.04749550 0.01678365 0.01519373 0.56470588 0.92549020 0.07058824
v -0.04722999 -0.01824457 0.01487157 0.56470588 0.92549020 0.07058824
v -0.04693993 0.01678365 0.01586772 0.56470588 0.92549020 0.07058824
v -0.04577078 0.01678365 0.01727081 0.56470588 0.92549020 0.07058824
v -0.04577078 0.02217224 0.01723408 0.56470588 0.92549020 0.07058824
v -0.04624603 0.02217224 0.01665758 0.56470588 0.92549020 0.07058824
v -0.04691985 0.02217224 0.01583947 0.56470588 0.92549020 0.07058824
v -0.04693882 0.02082389 0.01586349 0.56470588 0.92549020 0.07058824
v -0.04750108 0.01948035 0.01520362 0.56470588 0.92549020 0.07058824
v -0.04817713 0.01813200 0.01437420 0.56470588 0.92549020 0.07058824
v -0.04816932 0.01678365 0.01436290 0.56470588 0.92549020 0.07058824
v -0.04817490 0.01948035 0.01437279 0.56470588 0.92549020 0.07058824
v -0.04845157 -0.01824457 0.01336957 0.56470588 0.92549020 0.07058824
v -0.04785026 -0.01824457 0.01410998 0.56470588 0.92549020 0.07058824
v -0.04721660 -0.01959292 0.01485321 0.56470588 0.92549020 0.07058824
v -0.04665769 -0.01959292 0.01552720 0.56470588 0.92549020 0.07058824
v -0.04598386 -0.01959292 0.01633684 0.56470588 0.92549020 0.07058824
v -0.04666996 -0.01824457 0.01554415 0.56470588 0.92549020 0.07058824
v -0.04599614 -0.01824457 0.01635096 0.56470588 0.92549020 0.07058824
v -0.04577078 -0.01824457 0.01661661 0.56470588 0.92549020 0.07058824
v -0.04577078 0.02352059 0.01697833 0.56470588 0.92549020 0.07058824
v -0.04613893 0.02352059 0.01653183 0.56470588 0.92549020 0.07058824
v -0.04987173 0.02292346 0.01211202 0.56470588 0.92549020 0.07058824
v -0.04746873 0.02217224 0.01516547 0.56470588 0.92549020 0.07058824
v -0.04748769 0.02082389 0.01518949 0.56470588 0.92549020 0.07058824
v -0.04871597 0.01813200 0.01370163 0.56470588 0.92549020 0.07058824
v -0.05019748 -0.01959292 0.01117098 0.56470588 0.92549020 0.07058824
v -0.04966757 -0.01824457 0.01185627 0.56470588 0.92549020 0.07058824
v -0.04899375 -0.01824457 0.01269558 0.56470588 0.92549020 0.07058824
v -0.04871485 0.01948035 0.01369880 0.56470588 0.92549020 0.07058824
v -0.04816151 0.02082389 0.01435583 0.56470588 0.92549020 0.07058824
v -0.04870258 0.02082389 0.01368184 0.56470588 0.92549020 0.07058824
v -0.04965642 -0.01959292 0.01184497 0.56470588 0.92549020 0.07058824
v -0.04843818 -0.01959292 0.01335262 0.56470588 0.92549020 0.07058824
v -0.04842033 -0.02093645 0.01333142 0.56470588 0.92549020 0.07058824
v -0.04719206 -0.02093645 0.01482495 0.56470588 0.92549020 0.07058824
v -0.04663314 -0.02093645 0.01549894 0.56470588 0.92549020 0.07058824
v -0.04595932 -0.02093645 0.01630716 0.56470588 0.92549020 0.07058824
v -0.04577078 -0.02093645 0.01653183 0.56470588 0.92549020 0.07058824
v -0.04577078 -0.01959292 0.01658835 0.56470588 0.92549020 0.07058824
v -0.04577078 0.02433923 0.01643433 0.56470588 0.92549020 0.07058824
v -0.04596601 0.02431033 0.01632412 0.56470588 0.92549020 0.07058824
v -0.04722775 0.02425255 0.01487016 0.56470588 0.92549020 0.07058824
v -0.04681275 0.02352059 0.01570664 0.56470588 0.92549020 0.07058824
v -0.04861668 0.02323647 0.01357446 0.56470588 0.92549020 0.07058824
v -0.04847500 0.02413216 0.01340349 0.56470588 0.92549020 0.07058824
v -0.05397602 0.02316423 0.00680628 0.56470588 0.92549020 0.07058824
v -0.05716664 0.02217224 0.00286265 0.56470588 0.92549020 0.07058824
v -0.05162545 0.02217224 0.00993886 0.56470588 0.92549020 0.07058824
v -0.05109777 0.02217224 0.01061002 0.56470588 0.92549020 0.07058824
v -0.05046411 0.02217224 0.01141542 0.56470588 0.92549020 0.07058824
v -0.04989293 0.02217224 0.01213887 0.56470588 0.92549020 0.07058824
v -0.04935744 0.02217224 0.01281286 0.56470588 0.92549020 0.07058824
v -0.04868362 0.02217224 0.01365782 0.56470588 0.92549020 0.07058824
v -0.04814255 0.02217224 0.01433181 0.56470588 0.92549020 0.07058824
v -0.05272320 0.02352059 0.00827578 0.56470588 0.92549020 0.07058824
v -0.04938868 0.01948035 0.01284536 0.56470588 0.92549020 0.07058824
v -0.04991859 0.01948035 0.01217278 0.56470588 0.92549020 0.07058824
v -0.04938979 0.01813200 0.01284536 0.56470588 0.92549020 0.07058824
v -0.05678064 -0.02228480 0.00286265 0.56470588 0.92549020 0.07058824
v -0.05085904 -0.02093645 0.01031330 0.56470588 0.92549020 0.07058824
v -0.05018521 -0.02093645 0.01115402 0.56470588 0.92549020 0.07058824
v -0.04937640 0.02082389 0.01283547 0.56470588 0.92549020 0.07058824
v -0.04991078 0.02082389 0.01216148 0.56470588 0.92549020 0.07058824
v -0.04964192 -0.02093645 0.01182801 0.56470588 0.92549020 0.07058824
v -0.04896809 -0.02093645 0.01265743 0.56470588 0.92549020 0.07058824
v -0.04961514 -0.02228480 0.01179693 0.56470588 0.92549020 0.07058824
v -0.04839133 -0.02228480 0.01329610 0.56470588 0.92549020 0.07058824
v -0.04717309 -0.02187548 0.01480092 0.56470588 0.92549020 0.07058824
v -0.04670343 -0.02230888 0.01533362 0.56470588 0.92549020 0.07058824
v -0.04592362 -0.02228480 0.01626477 0.56470588 0.92549020 0.07058824
v -0.04577078 -0.02228480 0.01644563 0.56470588 0.92549020 0.07058824
v -0.04577078 0.02442109 0.01541275 0.56470588 0.92549020 0.07058824
v -0.04644349 0.02439701 0.01537459 0.56470588 0.92549020 0.07058824
v -0.05008146 0.02433923 0.01103674 0.56470588 0.92549020 0.07058824
v -0.05134209 0.02429588 0.00957996 0.56470588 0.92549020 0.07058824
v -0.05260160 0.02423810 0.00811894 0.56470588 0.92549020 0.07058824
v -0.04736051 0.02352059 0.01503265 0.56470588 0.92549020 0.07058824
v -0.05383546 0.02405993 0.00663531 0.56470588 0.92549020 0.07058824
v -0.05697587 0.02352059 0.00286265 0.56470588 0.92549020 0.07058824
v -0.05716329 0.02172921 0.00286265 0.56470588 0.92549020 0.07058824
v -0.04991747 0.01813200 0.01217137 0.56470588 0.92549020 0.07058824
v -0.05111786 0.01948035 0.01063404 0.56470588 0.92549020 0.07058824
v -0.05111227 0.02082389 0.01062839 0.56470588 0.92549020 0.07058824
v -0.05673490 -0.02363315 0.00286265 0.56470588 0.92549020 0.07058824
v -0.05205050 -0.02228480 0.00877597 0.56470588 0.92549020 0.07058824
v -0.05137779 -0.02228480 0.00961670 0.56470588 0.92549020 0.07058824
v -0.05016178 -0.02228480 0.01112293 0.56470588 0.92549020 0.07058824
v -0.05257037 -0.02313715 0.00807796 0.56470588 0.92549020 0.07058824
v -0.04714855 -0.02277117 0.01477266 0.56470588 0.92549020 0.07058824
v -0.04761375 -0.02230888 0.01423856 0.56470588 0.92549020 0.07058824
v -0.04577078 -0.02311307 0.01635096 0.56470588 0.92549020 0.07058824
v -0.04641225 0.02443072 0.01404357 0.56470588 0.92549020 0.07058824
v -0.04923360 0.02442591 0.01145781 0.56470588 0.92549020 0.07058824
v -0.04577078 0.02437775 0.01434453 0.56470588 0.92549020 0.07058824
v -0.05052882 0.02442109 0.01004483 0.56470588 0.92549020 0.07058824
v -0.05589485 0.02442109 0.00328089 0.56470588 0.92549020 0.07058824
v -0.05288050 0.02436330 0.00737430 0.56470588 0.92549020 0.07058824
v -0.05658987 0.02430070 0.00286265 0.56470588 0.92549020 0.07058824
v -0.05675498 0.02400695 0.00286265 0.56470588 0.92549020 0.07058824
v -0.05660661 -0.02427843 0.00286265 0.56470588 0.92549020 0.07058824
v -0.05250343 -0.02403766 0.00800025 0.56470588 0.92549020 0.07058824
v -0.05131643 -0.02363315 0.00953757 0.56470588 0.92549020 0.07058824
v -0.05009485 -0.02363315 0.01103816 0.56470588 0.92549020 0.07058824
v -0.04831658 -0.02363315 0.01320849 0.56470588 0.92549020 0.07058824
v -0.04764276 -0.02363315 0.01402520 0.56470588 0.92549020 0.07058824
v -0.04708273 -0.02363315 0.01469778 0.56470588 0.92549020 0.07058824
v -0.04587342 -0.02332014 0.01620543 0.56470588 0.92549020 0.07058824
v -0.04954263 -0.02363315 0.01171215 0.56470588 0.92549020 0.07058824
v -0.04577078 -0.02339719 0.01630858 0.56470588 0.92549020 0.07058824
v -0.05455948 0.02443554 0.00335154 0.56470588 0.92549020 0.07058824
v -0.05459965 0.02444035 0.00469246 0.56470588 0.92549020 0.07058824
v -0.04591358 0.02399251 0.01354902 0.56470588 0.92549020 0.07058824
v -0.04714186 0.02420921 0.01206681 0.56470588 0.92549020 0.07058824
v -0.04688638 0.02433923 0.01276341 0.56470588 0.92549020 0.07058824
v -0.04966423 0.02432959 0.00915324 0.56470588 0.92549020 0.07058824
v -0.05475806 0.02439701 0.00286265 0.56470588 0.92549020 0.07058824
v -0.04577078 0.01608540 0.00286265 0.56470588 0.92549020 0.07058824
v -0.05586808 0.02443554 0.00286265 0.56470588 0.92549020 0.07058824
v -0.05124503 -0.02435548 0.00944996 0.56470588 0.92549020 0.07058824
v -0.05650174 -0.02443735 0.00286265 0.56470588 0.92549020 0.07058824
v -0.04579086 -0.02421583 0.01610935 0.56470588 0.92549020 0.07058824
v -0.04577078 -0.02419175 0.01613902 0.56470588 0.92549020 0.07058824
v -0.04632747 -0.02371502 0.01557948 0.56470588 0.92549020 0.07058824
v -0.04701021 0.01764081 0.00286265 0.56470588 0.92549020 0.07058824
v -0.04762380 0.01831499 0.00286265 0.56470588 0.92549020 0.07058824
v -0.04785807 0.01855577 0.00286265 0.56470588 0.92549020 0.07058824
v -0.05249339 0.02424292 0.00528308 0.56470588 0.92549020 0.07058824
v -0.05374844 0.02430552 0.00381217 0.56470588 0.92549020 0.07058824
v -0.04829762 0.01899398 0.00286265 0.56470588 0.92549020 0.07058824
v -0.04577078 -0.01772449 0.00286265 0.56470588 0.92549020 0.07058824
v -0.05539953 -0.02446624 0.00420215 0.56470588 0.92549020 0.07058824
v -0.04997994 -0.02442772 0.01089686 0.56470588 0.92549020 0.07058824
v -0.05627639 -0.02462034 0.00286265 0.56470588 0.92549020 0.07058824
v -0.04871150 -0.02448550 0.01234234 0.56470588 0.92549020 0.07058824
v -0.04744307 -0.02452403 0.01378358 0.56470588 0.92549020 0.07058824
v -0.04617017 -0.02454810 0.01521069 0.56470588 0.92549020 0.07058824
v -0.04577078 -0.02423510 0.01608956 0.56470588 0.92549020 0.07058824
v -0.04577078 -0.02449513 0.01309546 0.56470588 0.92549020 0.07058824
v -0.04852185 -0.02427843 0.00941464 0.56470588 0.92549020 0.07058824
v -0.04980145 -0.02435548 0.00798612 0.56470588 0.92549020 0.07058824
v -0.05361680 -0.02451439 0.00366663 0.56470588 0.92549020 0.07058824
v -0.05394256 -0.02412915 0.00286265 0.56470588 0.92549020 0.07058824
v -0.05588816 -0.02465405 0.00286265 0.56470588 0.92549020 0.07058824
v -0.05052770 -0.02475517 0.00872228 0.56470588 0.92549020 0.07058824
v -0.04786811 -0.02465405 0.01278036 0.56470588 0.92549020 0.07058824
v -0.04916890 -0.02461552 0.01137445 0.56470588 0.92549020 0.07058824
v -0.04656509 -0.02467331 0.01418345 0.56470588 0.92549020 0.07058824
v -0.04577078 -0.02460108 0.01537318 0.56470588 0.92549020 0.07058824
v -0.04577078 -0.02462515 0.01347272 0.56470588 0.92549020 0.07058824
v -0.05318841 -0.02464923 0.00466985 0.56470588 0.92549020 0.07058824
v -0.05463646 -0.02462515 0.00286265 0.56470588 0.92549020 0.07058824
v -0.05493321 -0.02470220 0.00286265 0.56470588 0.92549020 0.07058824
v -0.04645130 -0.02463960 0.01274504 0.56470588 0.92549020 0.07058824
v -0.04577078 -0.02466849 0.01503407 0.56470588 0.92549020 0.07058824
v -0.05448585 -0.02467812 0.00326393 0.56470588 0.92549020 0.07058824
f 1780 1781 1782
f 1780 1782 1783
f 1780 1783 1784
f 1780 1784 1785
f 1780 1785 1793
f 1780 1793 1809
f 1780 1809 1829
f 1780 1829 1828
f 1780 1828 1861
f 1780 1861 1881
f 1780 1881 1899
f 1780 1899 1912
f 1780 1912 1927
f 1780 1927 1938
f 1780 1938 1944
f 1780 1944 1939
f 1780 1939 1928
f 1780 1928 1920
f 1780 1920 1907
f 1780 1907 1884
f 1780 1884 1862
f 1780 1862 1830
f 1780 1830 1810
f 1780 1810 1794
f 1780 1794 1786
f 1780 1786 1781
f 1781 1786 1787
f 1781 1787 1788
f 1781 1788 1782
f 1782 1788 1783
f 1783 1789 1790
f 1783 1790 1791
f 1783 1791 1792
f 1783 1792 1793
f 1783 1793 1784
f 1783 1788 1789
f 1784 1793 1785
f 1786 1794 1787
f 1787 1794 1795
f 1787 1795 1796
f 1787 1796 1797
f 1787 1797 1788
f 1788 1798 1789
f 1788 1797 1798
f 1789 1799 1800
f 1789 1800 1790
f 1789 1798 1801
f 1789 1801 1799
f 1790 1800 1802
f 1790 1802 1803
f 1790 1803 1791
f 1791 1803 1804
f 1791 1804 1805
f 1791 1805 1806
f 1791 1806 1807
f 1791 1807 1792
f 1792 1807 1793
f 1793 1807 1808
f 1793 1808 1809
f 1794 1810 1811
f 1794 1811 1795
f 1795 1811 1796
f 1796 1811 1812
f 1796 1812 1813
f 1796 1813 1814
f 1796 1814 1797
f 1797 1814 1798
f 1798 1814 1801
f 1799 1815 1800
f 1799 1801 1815
f 1800 1815 1816
f 1800 1816 1817
f 1800 1817 1818
f 1800 1818 1802
f 1801 1819 1815
f 1801 1814 1820
f 1801 1820 1821
f 1801 1821 1819
f 1802 1818 1822
f 1802 1822 1823
f 1802 1823 1803
f 1803 1823 1804
f 1804 1823 1824
f 1804 1824 1825
f 1804 1825 1826
f 1804 1826 1805
f 1805 1826 1806
f 1806 1826 1827
f 1806 1827 1828
f 1806 1828 1829
f 1806 1829 1808
f 1806 1808 1807
f 1808 1829 1809
f 1810 1830 1831
f 1810 1831 1832
f 1810 1832 1811
f 1811 1833 1834
f 1811 1834 1812
f 1811 1832 1835
f 1811 1835 1833
f 1812 1836 1837
f 1812 1837 1838
f 1812 1838 1839
f 1812 1839 1840
f 1812 1840 1841
f 1812 1841 1842
f 1812 1842 1843
f 1812 1843 1844
f 1812 1844 1813
f 1812 1834 1835
f 1812 1835 1845
f 1812 1845 1836
f 1813 1844 1820
f 1813 1820 1814
f 1815 1819 1846
f 1815 1846 1847
f 1815 1847 1848
f 1815 1848 1849
f 1815 1849 1816
f 1816 1850 1851
f 1816 1851 1822
f 1816 1822 1817
f 1816 1849 1850
f 1817 1822 1818
f 1819 1821 1852
f 1819 1852 1853
f 1819 1853 1846
f 1820 1844 1843
f 1820 1843 1821
f 1821 1843 1842
f 1821 1842 1852
f 1822 1851 1854
f 1822 1854 1823
f 1823 1854 1855
f 1823 1855 1824
f 1824 1855 1856
f 1824 1856 1857
f 1824 1857 1858
f 1824 1858 1825
f 1825 1858 1826
f 1826 1858 1827
f 1827 1858 1859
f 1827 1859 1860
f 1827 1860 1828
f 1828 1860 1861
f 1830 1862 1863
f 1830 1863 1831
f 1831 1863 1864
f 1831 1864 1865
f 1831 1865 1832
f 1832 1866 1835
f 1832 1865 1866
f 1833 1867 1834
f 1833 1835 1867
f 1834 1867 1835
f 1835 1866 1868
f 1835 1868 1845
f 1836 1845 1869
f 1836 1869 1837
f 1837 1870 1871
f 1837 1871 1872
f 1837 1872 1847
f 1837 1847 1873
f 1837 1873 1838
f 1837 1869 1889
f 1837 1889 1888
f 1837 1888 1908
f 1837 1908 1906
f 1837 1906 1919
f 1837 1919 1916
f 1837 1916 1915
f 1837 1915 1914
f 1837 1914 1907
f 1837 1907 1920
f 1837 1920 1932
f 1837 1932 1941
f 1837 1941 1942
f 1837 1942 1933
f 1837 1933 1923
f 1837 1923 1910
f 1837 1910 1890
f 1837 1890 1874
f 1837 1874 1849
f 1837 1849 1870
f 1838 1873 1853
f 1838 1853 1839
f 1839 1853 1840
f 1840 1853 1841
f 1841 1853 1852
f 1841 1852 1842
f 1845 1868 1869
f 1846 1853 1847
f 1847 1872 1871
f 1847 1871 1848
f 1847 1853 1873
f 1848 1871 1849
f 1849 1874 1875
f 1849 1875 1850
f 1849 1871 1870
f 1850 1875 1876
f 1850 1876 1851
f 1851 1876 1854
f 1854 1876 1877
f 1854 1877 1856
f 1854 1856 1855
f 1856 1877 1878
f 1856 1878 1879
f 1856 1879 1857
f 1857 1879 1880
f 1857 1880 1858
f 1858 1880 1879
f 1858 1879 1859
f 1859 1879 1860
f 1860 1879 1861
f 1861 1879 1881
f 1862 1882 1883
f 1862 1883 1863
f 1862 1884 1882
f 1863 1883 1885
f 1863 1885 1886
f 1863 1886 1864
f 1864 1887 1888
f 1864 1888 1865
f 1864 1886 1887
f 1865 1888 1866
f 1866 1889 1868
f 1866 1888 1889
f 1868 1889 1869
f 1874 1890 1891
f 1874 1891 1892
f 1874 1892 1878
f 1874 1878 1876
f 1874 1876 1875
f 1876 1878 1877
f 1878 1892 1893
f 1878 1893 1879
f 1879 1894 1895
f 1879 1895 1896
f 1879 1896 1897
f 1879 1897 1881
f 1879 1893 1898
f 1879 1898 1894
f 1881 1897 1899
f 1882 1900 1901
f 1882 1901 1883
f 1882 1884 1900
f 1883 1901 1885
f 1884 1902 1903
f 1884 1903 1904
f 1884 1904 1905
f 1884 1905 1906
f 1884 1906 1900
f 1884 1907 1902
f 1885 1901 1886
f 1886 1901 1908
f 1886 1908 1888
f 1886 1888 1887
f 1890 1909 1891
f 1890 1910 1909
f 1891 1909 1894
f 1891 1894 1898
f 1891 1898 1893
f 1891 1893 1892
f 1894 1909 1911
f 1894 1911 1895
f 1895 1911 1896
f 1896 1911 1912
f 1896 1912 1913
f 1896 1913 1897
f 1897 1913 1912
f 1897 1912 1899
f 1900 1908 1901
f 1900 1906 1908
f 1902 1914 1915
f 1902 1915 1916
f 1902 1916 1903
f 1902 1907 1914
f 1903 1917 1918
f 1903 1918 1904
f 1903 1916 1919
f 1903 1919 1917
f 1904 1918 1905
f 1905 1918 1906
f 1906 1918 1919
f 1909 1910 1921
f 1909 1921 1922
f 1909 1922 1911
f 1910 1923 1921
f 1911 1922 1924
f 1911 1924 1925
f 1911 1925 1926
f 1911 1926 1927
f 1911 1927 1912
f 1917 1919 1918
f 1920 1928 1929
f 1920 1929 1930
f 1920 1930 1931
f 1920 1931 1932
f 1921 1923 1922
f 1922 1923 1924
f 1923 1933 1934
f 1923 1934 1935
f 1923 1935 1936
f 1923 1936 1925
f 1923 1925 1924
f 1925 1936 1935
f 1925 1935 1926
f 1926 1935 1937
f 1926 1937 1938
f 1926 1938 1927
f 1928 1939 1931
f 1928 1931 1930
f 1928 1930 1929
f 1931 1939 1940
f 1931 1940 1941
f 1931 1941 1932
f 1933 1942 1934
f 1934 1942 1943
f 1934 1943 1939
f 1934 1939 1944
f 1934 1944 1937
f 1934 1937 1935
f 1937 1944 1938
f 1939 1943 1942
f 1939 1942 1945
f 1939 1945 1940
f 1940 1945 1941
f 1941 1945 1942

o geometry_5
v -0.05457457 0.02557297 -0.00408785 0.08627451 0.01960784 0.83137255
v -0.05532136 0.02556319 -0.00408785 0.08627451 0.01960784 0.83137255
v -0.05403507 0.02556319 -0.00408785 0.08627451 0.01960784 0.83137255
v -0.05384767 0.02555830 -0.00429521 0.08627451 0.01960784 0.83137255
v -0.05456747 0.02556808 -0.00429197 0.08627451 0.01960784 0.83137255
v -0.04254937 0.02464405 -0.01959164 0.08627451 0.01960784 0.83137255
v -0.05529722 0.02555830 -0.00414779 0.08627451 0.01960784 0.83137255
v -0.05602555 0.02508895 -0.00408785 0.08627451 0.01960784 0.83137255
v -0.05384767 0.02555830 -0.00408785 0.08627451 0.01960784 0.83137255
v -0.04254937 0.02463427 -0.01805747 0.08627451 0.01960784 0.83137255
v -0.04254937 0.02463916 -0.01961433 0.08627451 0.01960784 0.83137255
v -0.04340973 0.02445337 -0.01922390 0.08627451 0.01960784 0.83137255
v -0.04470880 0.02441915 -0.01782904 0.08627451 0.01960784 0.83137255
v -0.05581827 0.02486895 -0.00464676 0.08627451 0.01960784 0.83137255
v -0.05642024 0.02478583 -0.00408785 0.08627451 0.01960784 0.83137255
v -0.04600928 0.02438004 -0.01642446 0.08627451 0.01960784 0.83137255
v -0.05262953 0.02501072 -0.00408785 0.08627451 0.01960784 0.83137255
v -0.05186003 0.02460493 -0.00408785 0.08627451 0.01960784 0.83137255
v -0.04254937 0.02457071 -0.01789222 0.08627451 0.01960784 0.83137255
v -0.04254937 0.02351956 -0.02057663 0.08627451 0.01960784 0.83137255
v -0.04298523 0.02351956 -0.02010358 0.08627451 0.01960784 0.83137255
v -0.04730408 0.02433604 -0.01502313 0.08627451 0.01960784 0.83137255
v -0.05544203 0.02445337 -0.00565119 0.08627451 0.01960784 0.83137255
v -0.05682344 0.02444359 -0.00408785 0.08627451 0.01960784 0.83137255
v -0.04359998 0.02351956 -0.01942964 0.08627451 0.01960784 0.83137255
v -0.05118423 0.02420892 -0.00408785 0.08627451 0.01960784 0.83137255
v -0.04254937 0.01872829 -0.00408785 0.08627451 0.01960784 0.83137255
v -0.04364399 0.02217507 -0.01946852 0.08627451 0.01960784 0.83137255
v -0.04254937 0.02217507 -0.02063819 0.08627451 0.01960784 0.83137255
v -0.04301930 0.02217507 -0.02014246 0.08627451 0.01960784 0.83137255
v -0.04431695 0.02217507 -0.01873788 0.08627451 0.01960784 0.83137255
v -0.04859463 0.02429203 -0.01361045 0.08627451 0.01960784 0.83137255
v -0.04427293 0.02351956 -0.01868928 0.08627451 0.01960784 0.83137255
v -0.05673826 0.02439471 -0.00424823 0.08627451 0.01960784 0.83137255
v -0.05705344 0.02351956 -0.00408785 0.08627451 0.01960784 0.83137255
v -0.04254937 -0.01781742 -0.00408785 0.08627451 0.01960784 0.83137255
v -0.04430843 0.02082569 -0.01872978 0.08627451 0.01960784 0.83137255
v -0.04300369 0.02082569 -0.02012788 0.08627451 0.01960784 0.83137255
v -0.04254937 -0.02222735 -0.01953170 0.08627451 0.01960784 0.83137255
v -0.04363547 0.02082569 -0.01945394 0.08627451 0.01960784 0.83137255
v -0.04492175 0.02082569 -0.01805585 0.08627451 0.01960784 0.83137255
v -0.04559471 0.02082569 -0.01730901 0.08627451 0.01960784 0.83137255
v -0.04492175 0.02217507 -0.01806394 0.08627451 0.01960784 0.83137255
v -0.04987665 0.02422359 -0.01219292 0.08627451 0.01960784 0.83137255
v -0.04487632 0.02351956 -0.01801534 0.08627451 0.01960784 0.83137255
v -0.05701653 0.02217507 -0.00408785 0.08627451 0.01960784 0.83137255
v -0.04808636 0.02351956 -0.01437349 0.08627451 0.01960784 0.83137255
v -0.04745315 0.02217507 -0.01519323 0.08627451 0.01960784 0.83137255
v -0.04812611 0.02217507 -0.01441885 0.08627451 0.01960784 0.83137255
v -0.04871104 0.02082569 -0.01374654 0.08627451 0.01960784 0.83137255
v -0.04811759 0.01947631 -0.01440427 0.08627451 0.01960784 0.83137255
v -0.04869543 0.01947631 -0.01373033 0.08627451 0.01960784 0.83137255
v -0.05235978 -0.02427587 -0.00408785 0.08627451 0.01960784 0.83137255
v -0.05119275 -0.02431009 -0.00541628 0.08627451 0.01960784 0.83137255
v -0.04307184 -0.02433454 -0.01614744 0.08627451 0.01960784 0.83137255
v -0.04254937 -0.02434920 -0.01700930 0.08627451 0.01960784 0.83137255
v -0.04254937 -0.02228602 -0.01952846 0.08627451 0.01960784 0.83137255
v -0.04309455 -0.02228602 -0.01887073 0.08627451 0.01960784 0.83137255
v -0.04744464 0.01947631 -0.01518513 0.08627451 0.01960784 0.83137255
v -0.04685544 0.01947631 -0.01585745 0.08627451 0.01960784 0.83137255
v -0.04618107 0.01947631 -0.01661887 0.08627451 0.01960784 0.83137255
v -0.04557768 0.01947631 -0.01729280 0.08627451 0.01960784 0.83137255
v -0.04619100 0.02082569 -0.01663507 0.08627451 0.01960784 0.83137255
v -0.04559613 0.02217507 -0.01730739 0.08627451 0.01960784 0.83137255
v -0.04554928 0.02351956 -0.01725717 0.08627451 0.01960784 0.83137255
v -0.04614699 0.02351956 -0.01658323 0.08627451 0.01960784 0.83137255
v -0.04681995 0.02351956 -0.01582019 0.08627451 0.01960784 0.83137255
v -0.04741198 0.02351956 -0.01514625 0.08627451 0.01960784 0.83137255
v -0.04433824 -0.02093664 -0.01739487 0.08627451 0.01960784 0.83137255
v -0.04487491 -0.02093664 -0.01672093 0.08627451 0.01960784 0.83137255
v -0.04554928 -0.02093664 -0.01586717 0.08627451 0.01960784 0.83137255
v -0.04607316 -0.02093664 -0.01519485 0.08627451 0.01960784 0.83137255
v -0.04674754 -0.02093664 -0.01431517 0.08627451 0.01960784 0.83137255
v -0.04729982 -0.01959215 -0.01369307 0.08627451 0.01960784 0.83137255
v -0.04848246 -0.01959215 -0.01213135 0.08627451 0.01960784 0.83137255
v -0.04844129 -0.02093664 -0.01207789 0.08627451 0.01960784 0.83137255
v -0.04894246 -0.02093664 -0.01140396 0.08627451 0.01960784 0.83137255
v -0.04961684 -0.02093664 -0.01049511 0.08627451 0.01960784 0.83137255
v -0.05011233 -0.02093664 -0.00982117 0.08627451 0.01960784 0.83137255
v -0.05128077 -0.02093664 -0.00823191 0.08627451 0.01960784 0.83137255
v -0.05289360 -0.02228602 -0.00590230 0.08627451 0.01960784 0.83137255
v -0.05356798 -0.02228602 -0.00497239 0.08627451 0.01960784 0.83137255
v -0.05405069 -0.02228602 -0.00429845 0.08627451 0.01960784 0.83137255
v -0.05419834 -0.02228602 -0.00408785 0.08627451 0.01960784 0.83137255
v -0.04618816 0.02217507 -0.01663345 0.08627451 0.01960784 0.83137255
v -0.04686538 0.02082569 -0.01586879 0.08627451 0.01960784 0.83137255
v -0.04745457 0.02082569 -0.01519485 0.08627451 0.01960784 0.83137255
v -0.04812753 0.02082569 -0.01442047 0.08627451 0.01960784 0.83137255
v -0.05243644 -0.02432476 -0.00408785 0.08627451 0.01960784 0.83137255
v -0.04436948 -0.02435409 -0.01470560 0.08627451 0.01960784 0.83137255
v -0.04254937 -0.02437365 -0.01805423 0.08627451 0.01960784 0.83137255
v -0.04254937 -0.02303894 -0.01926764 0.08627451 0.01960784 0.83137255
v -0.04469318 -0.02337139 -0.01649899 0.08627451 0.01960784 0.83137255
v -0.04593545 -0.02321494 -0.01501827 0.08627451 0.01960784 0.83137255
v -0.04363263 -0.02228602 -0.01819679 0.08627451 0.01960784 0.83137255
v -0.04430701 -0.02228602 -0.01735113 0.08627451 0.01960784 0.83137255
v -0.04483373 -0.02228602 -0.01667719 0.08627451 0.01960784 0.83137255
v -0.04550811 -0.02228602 -0.01580885 0.08627451 0.01960784 0.83137255
v -0.04602489 -0.02228602 -0.01513491 0.08627451 0.01960784 0.83137255
v -0.04725865 -0.02093664 -0.01364123 0.08627451 0.01960784 0.83137255
v -0.04669785 -0.02228602 -0.01424713 0.08627451 0.01960784 0.83137255
v -0.04720754 -0.02228602 -0.01357319 0.08627451 0.01960784 0.83137255
v -0.04838451 -0.02228602 -0.01200013 0.08627451 0.01960784 0.83137255
v -0.04888709 -0.02228602 -0.01132619 0.08627451 0.01960784 0.83137255
v -0.04956147 -0.02228602 -0.01042059 0.08627451 0.01960784 0.83137255
v -0.05120411 -0.02297049 -0.00812823 0.08627451 0.01960784 0.83137255
v -0.05123250 -0.02228602 -0.00816549 0.08627451 0.01960784 0.83137255
v -0.05240237 -0.02228602 -0.00657623 0.08627451 0.01960784 0.83137255
v -0.05398964 -0.02313672 -0.00421097 0.08627451 0.01960784 0.83137255
v -0.05409328 -0.02300960 -0.00408785 0.08627451 0.01960784 0.83137255
v -0.05268916 -0.02432476 -0.00408785 0.08627451 0.01960784 0.83137255
v -0.04254937 -0.02388474 -0.01878000 0.08627451 0.01960784 0.83137255
v -0.04591132 -0.02434920 -0.01367039 0.08627451 0.01960784 0.83137255
v -0.04318825 -0.02434920 -0.01765246 0.08627451 0.01960784 0.83137255
v -0.04254937 -0.02361584 -0.01903597 0.08627451 0.01960784 0.83137255
v -0.04341825 -0.02363540 -0.01794244 0.08627451 0.01960784 0.83137255
v -0.04996894 -0.02317583 -0.00962515 0.08627451 0.01960784 0.83137255
v -0.04717204 -0.02299004 -0.01352783 0.08627451 0.01960784 0.83137255
v -0.05276440 -0.02330294 -0.00572409 0.08627451 0.01960784 0.83137255
v -0.05401661 -0.02320028 -0.00408785 0.08627451 0.01960784 0.83137255
v -0.05277434 -0.02427098 -0.00408785 0.08627451 0.01960784 0.83137255
v -0.04716494 -0.02431009 -0.01217185 0.08627451 0.01960784 0.83137255
v -0.05333940 -0.02387007 -0.00408785 0.08627451 0.01960784 0.83137255
f 1946 1947 1953
f 1946 1953 1960
f 1946 1960 1969
f 1946 1969 1980
f 1946 1980 1991
f 1946 1991 2029
f 1946 2029 2055
f 1946 2055 2065
f 1946 2065 2068
f 1946 2068 2066
f 1946 2066 2056
f 1946 2056 2034
f 1946 2034 1998
f 1946 1998 1981
f 1946 1981 1972
f 1946 1972 1971
f 1946 1971 1963
f 1946 1963 1962
f 1946 1962 1954
f 1946 1954 1948
f 1946 1948 1949
f 1946 1949 1950
f 1946 1950 1947
f 1947 1950 1951
f 1947 1951 1952
f 1947 1952 1953
f 1948 1954 1949
f 1949 1954 1951
f 1949 1951 1950
f 1951 1954 1955
f 1951 1955 1964
f 1951 1964 1972
f 1951 1972 1981
f 1951 1981 2001
f 1951 2001 2036
f 1951 2036 2057
f 1951 2057 2060
f 1951 2060 2037
f 1951 2037 2002
f 1951 2002 1984
f 1951 1984 1974
f 1951 1974 1965
f 1951 1965 1956
f 1951 1956 1952
f 1952 1956 1957
f 1952 1957 1958
f 1952 1958 1953
f 1953 1959 1960
f 1953 1958 1961
f 1953 1961 1959
f 1954 1962 1955
f 1955 1963 1964
f 1955 1962 1963
f 1956 1965 1957
f 1957 1965 1966
f 1957 1966 1958
f 1958 1966 1961
f 1959 1961 1960
f 1960 1961 1967
f 1960 1967 1968
f 1960 1968 1969
f 1961 1966 1970
f 1961 1970 1967
f 1963 1971 1964
f 1964 1971 1972
f 1965 1973 1966
f 1965 1974 1975
f 1965 1975 1973
f 1966 1973 1976
f 1966 1976 1970
f 1967 1977 1968
f 1967 1970 1978
f 1967 1978 1977
f 1968 1977 1979
f 1968 1979 1969
f 1969 1979 1980
f 1970 1976 1978
f 1973 1975 1982
f 1973 1982 1976
f 1974 1983 1975
f 1974 1984 1983
f 1975 1983 1985
f 1975 1985 1982
f 1976 1982 1986
f 1976 1986 1987
f 1976 1987 1988
f 1976 1988 1978
f 1977 1989 1979
f 1977 1978 1990
f 1977 1990 1989
f 1978 1988 1990
f 1979 1989 1980
f 1980 1989 1992
f 1980 1992 1993
f 1980 1993 1994
f 1980 1994 1995
f 1980 1995 1996
f 1980 1996 1997
f 1980 1997 1991
f 1981 1998 1999
f 1981 1999 2000
f 1981 2000 2001
f 1982 1985 1984
f 1982 1984 1986
f 1983 1984 1985
f 1984 2002 2003
f 1984 2003 1991
f 1984 1991 1997
f 1984 1997 1996
f 1984 1996 2004
f 1984 2004 2005
f 1984 2005 2006
f 1984 2006 2007
f 1984 2007 1986
f 1986 2007 1987
f 1987 2007 2006
f 1987 2006 2005
f 1987 2005 2008
f 1987 2008 2009
f 1987 2009 1988
f 1988 2009 1990
f 1989 1990 2010
f 1989 2010 2011
f 1989 2011 2012
f 1989 2012 2013
f 1989 2013 1992
f 1990 2009 2010
f 1991 2003 2014
f 1991 2014 2015
f 1991 2015 2016
f 1991 2016 2017
f 1991 2017 2018
f 1991 2018 2019
f 1991 2019 2020
f 1991 2020 2021
f 1991 2021 2022
f 1991 2022 2023
f 1991 2023 2024
f 1991 2024 2025
f 1991 2025 2026
f 1991 2026 2027
f 1991 2027 2028
f 1991 2028 2029
f 1992 2013 1993
f 1993 2030 2031
f 1993 2031 2032
f 1993 2032 2033
f 1993 2033 1994
f 1993 2013 2030
f 1994 2033 1995
f 1995 2033 2004
f 1995 2004 1996
f 1998 2034 1999
f 1999 2034 2035
f 1999 2035 2000
f 2000 2035 2001
f 2001 2035 2036
f 2002 2037 2003
f 2003 2037 2038
f 2003 2038 2039
f 2003 2039 2040
f 2003 2040 2014
f 2004 2033 2032
f 2004 2032 2031
f 2004 2031 2005
f 2005 2031 2008
f 2008 2031 2009
f 2009 2031 2030
f 2009 2030 2013
f 2009 2013 2012
f 2009 2012 2011
f 2009 2011 2010
f 2014 2040 2041
f 2014 2041 2015
f 2015 2041 2016
f 2016 2041 2042
f 2016 2042 2017
f 2017 2042 2043
f 2017 2043 2044
f 2017 2044 2018
f 2018 2045 2019
f 2018 2044 2045
f 2019 2045 2020
f 2020 2045 2021
f 2021 2045 2046
f 2021 2046 2047
f 2021 2047 2048
f 2021 2048 2049
f 2021 2049 2050
f 2021 2050 2022
f 2022 2050 2023
f 2023 2050 2051
f 2023 2051 2052
f 2023 2052 2053
f 2023 2053 2024
f 2024 2053 2025
f 2025 2053 2026
f 2026 2053 2051
f 2026 2051 2027
f 2027 2051 2054
f 2027 2054 2028
f 2028 2054 2029
f 2029 2054 2055
f 2034 2056 2036
f 2034 2036 2035
f 2036 2056 2058
f 2036 2058 2059
f 2036 2059 2057
f 2037 2060 2038
f 2038 2060 2061
f 2038 2061 2039
f 2039 2061 2059
f 2039 2059 2062
f 2039 2062 2051
f 2039 2051 2063
f 2039 2063 2041
f 2039 2041 2040
f 2041 2063 2042
f 2042 2063 2043
f 2043 2063 2044
f 2044 2063 2046
f 2044 2046 2045
f 2046 2063 2047
f 2047 2063 2048
f 2048 2063 2051
f 2048 2051 2049
f 2049 2051 2050
f 2051 2062 2054
f 2051 2053 2052
f 2054 2062 2064
f 2054 2064 2065
f 2054 2065 2055
f 2056 2059 2058
f 2056 2066 2067
f 2056 2067 2059
f 2057 2059 2060
f 2059 2067 2064
f 2059 2064 2062
f 2059 2061 2060
f 2064 2067 2068
f 2064 2068 2065
f 2066 2068 2067

o geometry_6
v -0.04254612 -0.02475554 0.01804453 0.77647059 0.86666667 0.97647059
v -0.03589418 -0.02558600 0.02219377 0.77647059 0.86666667 0.97647059
v -0.03561810 -0.02555581 0.02346601 0.77647059 0.86666667 0.97647059
v -0.04254612 -0.02459448 0.01929509 0.77647059 0.86666667 0.97647059
v -0.04254612 -0.02450892 0.01692409 0.77647059 0.86666667 0.97647059
v -0.03702449 -0.02488640 0.00123072 0.77647059 0.86666667 0.97647059
v -0.03570255 -0.02555077 0.00123072 0.77647059 0.86666667 0.97647059
v -0.03573827 -0.02558097 0.00468119 0.77647059 0.86666667 0.97647059
v -0.03526731 -0.02569170 0.01007134 0.77647059 0.86666667 0.97647059
v -0.03531278 -0.02569674 0.01141828 0.77647059 0.86666667 0.97647059
v -0.03534851 -0.02570177 0.01276521 0.77647059 0.86666667 0.97647059
v -0.03535176 -0.02570680 0.01410974 0.77647059 0.86666667 0.97647059
v -0.03535825 -0.02570680 0.01545668 0.77647059 0.86666667 0.97647059
v -0.03535500 -0.02570680 0.01680361 0.77647059 0.86666667 0.97647059
v -0.03534526 -0.02570680 0.01815296 0.77647059 0.86666667 0.97647059
v -0.03534851 -0.02570177 0.01949990 0.77647059 0.86666667 0.97647059
v -0.03531928 -0.02569170 0.02084683 0.77647059 0.86666667 0.97647059
v -0.03522184 -0.02567660 0.02219377 0.77647059 0.86666667 0.97647059
v -0.03511465 -0.02566150 0.02296724 0.77647059 0.86666667 0.97647059
v -0.03705047 -0.02520852 0.02354071 0.77647059 0.86666667 0.97647059
v -0.03435787 -0.02560111 0.02367564 0.77647059 0.86666667 0.97647059
v -0.03570255 -0.02492667 0.02489005 0.77647059 0.86666667 0.97647059
v -0.03692380 -0.02465991 0.02491174 0.77647059 0.86666667 0.97647059
v -0.04193874 -0.02445859 0.02037456 0.77647059 0.86666667 0.97647059
v -0.04254612 -0.02456931 0.01936014 0.77647059 0.86666667 0.97647059
v -0.04240970 -0.02459951 0.01944207 0.77647059 0.86666667 0.97647059
v -0.04254612 -0.02450389 0.01690722 0.77647059 0.86666667 0.97647059
v -0.03769683 -0.02427236 0.00123072 0.77647059 0.86666667 0.97647059
v -0.03531603 -0.02559607 0.00123072 0.77647059 0.86666667 0.97647059
v -0.03503670 -0.02565647 0.00391495 0.77647059 0.86666667 0.97647059
v -0.03435787 -0.02575713 0.01141828 0.77647059 0.86666667 0.97647059
v -0.03435787 -0.02576720 0.01276521 0.77647059 0.86666667 0.97647059
v -0.03435787 -0.02576720 0.01680361 0.77647059 0.86666667 0.97647059
v -0.03435787 -0.02576216 0.01815296 0.77647059 0.86666667 0.97647059
v -0.03435787 -0.02574707 0.01949990 0.77647059 0.86666667 0.97647059
v -0.03435787 -0.02572693 0.02084683 0.77647059 0.86666667 0.97647059
v -0.03435787 -0.02569674 0.02219377 0.77647059 0.86666667 0.97647059
v -0.03435787 -0.02566653 0.02300097 0.77647059 0.86666667 0.97647059
v -0.03803787 -0.02452905 0.02447802 0.77647059 0.86666667 0.97647059
v -0.03935657 -0.02452402 0.02317927 0.77647059 0.86666667 0.97647059
v -0.04110075 -0.02463475 0.02083238 0.77647059 0.86666667 0.97647059
v -0.03300994 -0.02560111 0.02363950 0.77647059 0.86666667 0.97647059
v -0.01010815 -0.02549541 0.02354071 0.77647059 0.86666667 0.97647059
v -0.00937085 -0.02549037 0.02354071 0.77647059 0.86666667 0.97647059
v -0.03166201 -0.02500720 0.02489005 0.77647059 0.86666667 0.97647059
v -0.03300994 -0.02500720 0.02489005 0.77647059 0.86666667 0.97647059
v -0.03435787 -0.02500216 0.02489005 0.77647059 0.86666667 0.97647059
v -0.03570255 -0.02434282 0.02558400 0.77647059 0.86666667 0.97647059
v -0.03638788 -0.02431263 0.02556713 0.77647059 0.86666667 0.97647059
v -0.04065577 -0.02449382 0.02178897 0.77647059 0.86666667 0.97647059
v -0.04083442 -0.02363316 0.02198414 0.77647059 0.86666667 0.97647059
v -0.04151000 -0.02363316 0.02122272 0.77647059 0.86666667 0.97647059
v -0.04209140 -0.02363316 0.02055046 0.77647059 0.86666667 0.97647059
v -0.04254612 -0.02363316 0.02002277 0.77647059 0.86666667 0.97647059
v -0.04254612 -0.02449885 0.01689518 0.77647059 0.86666667 0.97647059
v -0.03797941 -0.02389488 0.00123072 0.77647059 0.86666667 0.97647059
v -0.03474438 -0.02564640 0.00123072 0.77647059 0.86666667 0.97647059
v -0.03407204 -0.02566653 0.00123072 0.77647059 0.86666667 0.97647059
v -0.03241555 -0.02570680 0.00123072 0.77647059 0.86666667 0.97647059
v -0.03166201 -0.02572190 0.00123072 0.77647059 0.86666667 0.97647059
v -0.03166201 -0.02580746 0.01141828 0.77647059 0.86666667 0.97647059
v -0.03300994 -0.02579236 0.01276521 0.77647059 0.86666667 0.97647059
v -0.03300994 -0.02579236 0.01410974 0.77647059 0.86666667 0.97647059
v -0.03166201 -0.02581249 0.01276521 0.77647059 0.86666667 0.97647059
v -0.03031408 -0.02582760 0.01276521 0.77647059 0.86666667 0.97647059
v -0.03031408 -0.02582256 0.01410974 0.77647059 0.86666667 0.97647059
v -0.02896615 -0.02583263 0.01410974 0.77647059 0.86666667 0.97647059
v -0.02896615 -0.02582256 0.01545668 0.77647059 0.86666667 0.97647059
v -0.03300994 -0.02572693 0.02084683 0.77647059 0.86666667 0.97647059
v -0.02896615 -0.02580243 0.01680361 0.77647059 0.86666667 0.97647059
v -0.03031408 -0.02577726 0.01815296 0.77647059 0.86666667 0.97647059
v -0.03031408 -0.02572190 0.02084683 0.77647059 0.86666667 0.97647059
v -0.02761822 -0.02567660 0.02208775 0.77647059 0.86666667 0.97647059
v -0.02939814 -0.02565647 0.02288049 0.77647059 0.86666667 0.97647059
v -0.03166201 -0.02566150 0.02293591 0.77647059 0.86666667 0.97647059
v -0.03823600 -0.02363316 0.02464428 0.77647059 0.86666667 0.97647059
v -0.03890834 -0.02363316 0.02405153 0.77647059 0.86666667 0.97647059
v -0.03955469 -0.02363316 0.02337686 0.77647059 0.86666667 0.97647059
v -0.04022703 -0.02363316 0.02265881 0.77647059 0.86666667 0.97647059
v -0.01010815 -0.02559607 0.02219377 0.77647059 0.86666667 0.97647059
v -0.00937085 -0.02559104 0.02219377 0.77647059 0.86666667 0.97647059
v -0.00937085 -0.02485620 0.02486595 0.77647059 0.86666667 0.97647059
v -0.02896615 -0.02498706 0.02489005 0.77647059 0.86666667 0.97647059
v -0.01232330 -0.02430256 0.02556232 0.77647059 0.86666667 0.97647059
v -0.03031408 -0.02438812 0.02561532 0.77647059 0.86666667 0.97647059
v -0.03166201 -0.02438812 0.02561773 0.77647059 0.86666667 0.97647059
v -0.01145283 -0.02486124 0.02488282 0.77647059 0.86666667 0.97647059
v -0.03300994 -0.02438812 0.02561773 0.77647059 0.86666667 0.97647059
v -0.03435787 -0.02437806 0.02560810 0.77647059 0.86666667 0.97647059
v -0.03435787 -0.02363316 0.02569484 0.77647059 0.86666667 0.97647059
v -0.03570255 -0.02363316 0.02563701 0.77647059 0.86666667 0.97647059
v -0.03643010 -0.02363316 0.02557918 0.77647059 0.86666667 0.97647059
v -0.03710569 -0.02363316 0.02531654 0.77647059 0.86666667 0.97647059
v -0.04158471 -0.02228428 0.02131669 0.77647059 0.86666667 0.97647059
v -0.04217910 -0.02228428 0.02064202 0.77647059 0.86666667 0.97647059
v -0.04254612 -0.02228428 0.02022035 0.77647059 0.86666667 0.97647059
v -0.03820027 -0.02359792 0.00123072 0.77647059 0.86666667 0.97647059
v -0.04254612 -0.01760348 0.00123072 0.77647059 0.86666667 0.97647059
v -0.03887261 -0.02268189 0.00123072 0.77647059 0.86666667 0.97647059
v -0.03106762 -0.02573197 0.00123072 0.77647059 0.86666667 0.97647059
v -0.03031408 -0.02575210 0.00198490 0.77647059 0.86666667 0.97647059
v -0.03031408 -0.02581753 0.01007134 0.77647059 0.86666667 0.97647059
v -0.03031408 -0.02582760 0.01141828 0.77647059 0.86666667 0.97647059
v -0.02896615 -0.02583766 0.01276521 0.77647059 0.86666667 0.97647059
v -0.02761822 -0.02583766 0.01410974 0.77647059 0.86666667 0.97647059
v -0.02761822 -0.02582256 0.01545668 0.77647059 0.86666667 0.97647059
v -0.02896615 -0.02575210 0.01949990 0.77647059 0.86666667 0.97647059
v -0.02761822 -0.02580243 0.01680361 0.77647059 0.86666667 0.97647059
v -0.02761822 -0.02577726 0.01815296 0.77647059 0.86666667 0.97647059
v -0.02761822 -0.02571183 0.02084683 0.77647059 0.86666667 0.97647059
v -0.03827173 -0.02228428 0.02466596 0.77647059 0.86666667 0.97647059
v -0.03894407 -0.02228428 0.02409008 0.77647059 0.86666667 0.97647059
v -0.03960991 -0.02228428 0.02341541 0.77647059 0.86666667 0.97647059
v -0.04028550 -0.02228428 0.02272628 0.77647059 0.86666667 0.97647059
v -0.04091237 -0.02228428 0.02205402 0.77647059 0.86666667 0.97647059
v -0.02761822 -0.02574707 0.01949990 0.77647059 0.86666667 0.97647059
v -0.02627355 -0.02577223 0.01815296 0.77647059 0.86666667 0.97647059
v -0.02358094 -0.02578733 0.01680361 0.77647059 0.86666667 0.97647059
v -0.02088508 -0.02577223 0.01680361 0.77647059 0.86666667 0.97647059
v -0.00937085 -0.02561620 0.02084683 0.77647059 0.86666667 0.97647059
v -0.00937085 -0.02414653 0.02553822 0.77647059 0.86666667 0.97647059
v -0.01145283 -0.02425726 0.02555509 0.77647059 0.86666667 0.97647059
v -0.01414869 -0.02487634 0.02489005 0.77647059 0.86666667 0.97647059
v -0.01278452 -0.02475554 0.02502258 0.77647059 0.86666667 0.97647059
v -0.01010815 -0.02418177 0.02554545 0.77647059 0.86666667 0.97647059
v -0.00937085 -0.02377911 0.02558400 0.77647059 0.86666667 0.97647059
v -0.00937085 -0.02347210 0.02561773 0.77647059 0.86666667 0.97647059
v -0.01010815 -0.02350733 0.02562014 0.77647059 0.86666667 0.97647059
v -0.01145283 -0.02358282 0.02562255 0.77647059 0.86666667 0.97647059
v -0.02896615 -0.02363316 0.02571412 0.77647059 0.86666667 0.97647059
v -0.03031408 -0.02363316 0.02572135 0.77647059 0.86666667 0.97647059
v -0.03166201 -0.02363316 0.02572376 0.77647059 0.86666667 0.97647059
v -0.03300994 -0.02363316 0.02571894 0.77647059 0.86666667 0.97647059
v -0.03300994 -0.02228428 0.02576231 0.77647059 0.86666667 0.97647059
v -0.03435787 -0.02228428 0.02572857 0.77647059 0.86666667 0.97647059
v -0.03570255 -0.02228428 0.02565388 0.77647059 0.86666667 0.97647059
v -0.03643660 -0.02228428 0.02558159 0.77647059 0.86666667 0.97647059
v -0.03711219 -0.02228428 0.02534064 0.77647059 0.86666667 0.97647059
v -0.04160095 -0.02094044 0.02133838 0.77647059 0.86666667 0.97647059
v -0.04220183 -0.02094044 0.02066371 0.77647059 0.86666667 0.97647059
v -0.04254612 -0.02094044 0.02027577 0.77647059 0.86666667 0.97647059
v -0.04254612 0.01874067 0.00123072 0.77647059 0.86666667 0.97647059
v -0.02971969 -0.02575210 0.00123072 0.77647059 0.86666667 0.97647059
v -0.02896615 -0.02582256 0.00872200 0.77647059 0.86666667 0.97647059
v -0.02896615 -0.02583263 0.01007134 0.77647059 0.86666667 0.97647059
v -0.02761822 -0.02584773 0.01141828 0.77647059 0.86666667 0.97647059
v -0.02761822 -0.02584270 0.01276521 0.77647059 0.86666667 0.97647059
v -0.02627355 -0.02584270 0.01276521 0.77647059 0.86666667 0.97647059
v -0.02223301 -0.02581753 0.01410974 0.77647059 0.86666667 0.97647059
v -0.02088508 -0.02579740 0.01545668 0.77647059 0.86666667 0.97647059
v -0.03908373 0.02352213 0.02422261 0.77647059 0.86666667 0.97647059
v -0.03961316 0.02215313 0.02377684 0.77647059 0.86666667 0.97647059
v -0.04055508 0.02217326 0.02299374 0.77647059 0.86666667 0.97647059
v -0.04122742 0.02217326 0.02233834 0.77647059 0.86666667 0.97647059
v -0.04190301 0.02217326 0.02166608 0.77647059 0.86666667 0.97647059
v -0.04254612 0.01947551 0.02094322 0.77647059 0.86666667 0.97647059
v -0.00937085 -0.02564137 0.01946375 0.77647059 0.86666667 0.97647059
v -0.00937085 -0.02228428 0.02569966 0.77647059 0.86666667 0.97647059
v -0.01414869 -0.02228428 0.02571894 0.77647059 0.86666667 0.97647059
v -0.02896615 -0.02228428 0.02577676 0.77647059 0.86666667 0.97647059
v -0.03031408 -0.02228428 0.02578158 0.77647059 0.86666667 0.97647059
v -0.03166201 -0.02228428 0.02577676 0.77647059 0.86666667 0.97647059
v -0.03031408 -0.00611790 0.02574062 0.77647059 0.86666667 0.97647059
v -0.03166201 -0.00611790 0.02572376 0.77647059 0.86666667 0.97647059
v -0.03300994 -0.00476903 0.02569966 0.77647059 0.86666667 0.97647059
v -0.03435787 -0.00476903 0.02567797 0.77647059 0.86666667 0.97647059
v -0.03570255 -0.00476903 0.02563942 0.77647059 0.86666667 0.97647059
v -0.03643010 -0.00342015 0.02558641 0.77647059 0.86666667 0.97647059
v -0.03643985 -0.01150837 0.02558882 0.77647059 0.86666667 0.97647059
v -0.03643335 -0.00476903 0.02558641 0.77647059 0.86666667 0.97647059
v -0.03839840 0.02352213 0.02458886 0.77647059 0.86666667 0.97647059
v -0.03908373 0.02420160 0.02422261 0.77647059 0.86666667 0.97647059
v -0.04254612 0.02439790 0.01813127 0.77647059 0.86666667 0.97647059
v -0.04251364 0.01879100 0.00123072 0.77647059 0.86666667 0.97647059
v -0.02837501 -0.02576216 0.00123072 0.77647059 0.86666667 0.97647059
v -0.02761822 -0.02581753 0.00737506 0.77647059 0.86666667 0.97647059
v -0.02761822 -0.02582760 0.00872200 0.77647059 0.86666667 0.97647059
v -0.02627355 -0.02583766 0.01007134 0.77647059 0.86666667 0.97647059
v -0.02492886 -0.02583766 0.01141828 0.77647059 0.86666667 0.97647059
v -0.02627355 -0.02582760 0.00872200 0.77647059 0.86666667 0.97647059
v -0.02492886 -0.02583766 0.01276521 0.77647059 0.86666667 0.97647059
v -0.02223301 -0.02582256 0.01276521 0.77647059 0.86666667 0.97647059
v -0.01953715 -0.02579740 0.01410974 0.77647059 0.86666667 0.97647059
v -0.01953715 -0.02578733 0.01545668 0.77647059 0.86666667 0.97647059
v -0.04053560 0.02352213 0.02297928 0.77647059 0.86666667 0.97647059
v -0.04120794 0.02352213 0.02227087 0.77647059 0.86666667 0.97647059
v -0.04183805 0.02352213 0.02159620 0.77647059 0.86666667 0.97647059
v -0.04254612 0.02222359 0.02095526 0.77647059 0.86666667 0.97647059
v -0.04254612 0.02217326 0.02096008 0.77647059 0.86666667 0.97647059
v -0.04254612 0.02082438 0.02095285 0.77647059 0.86666667 0.97647059
v -0.00937085 -0.02565647 0.01850475 0.77647059 0.86666667 0.97647059
v -0.01819247 -0.02577726 0.01545668 0.77647059 0.86666667 0.97647059
v -0.00937085 -0.02154944 0.02572616 0.77647059 0.86666667 0.97647059
v -0.00937085 -0.02094044 0.02574544 0.77647059 0.86666667 0.97647059
v -0.01010815 -0.02094044 0.02574785 0.77647059 0.86666667 0.97647059
v -0.00937085 -0.02020057 0.02576231 0.77647059 0.86666667 0.97647059
v -0.01010815 -0.01959156 0.02577676 0.77647059 0.86666667 0.97647059
v -0.01010815 -0.01824268 0.02579604 0.77647059 0.86666667 0.97647059
v -0.00937085 -0.01615897 0.02582014 0.77647059 0.86666667 0.97647059
v -0.00937085 -0.01554997 0.02582737 0.77647059 0.86666667 0.97647059
v -0.00937085 -0.01420109 0.02584182 0.77647059 0.86666667 0.97647059
v -0.02223301 -0.01689884 0.02581773 0.77647059 0.86666667 0.97647059
v -0.03031408 -0.02094044 0.02578640 0.77647059 0.86666667 0.97647059
v -0.02896615 -0.00881062 0.02576231 0.77647059 0.86666667 0.97647059
v -0.02896615 -0.00611790 0.02575267 0.77647059 0.86666667 0.97647059
v -0.03031408 -0.00476903 0.02573339 0.77647059 0.86666667 0.97647059
v -0.03300994 -0.00342015 0.02569243 0.77647059 0.86666667 0.97647059
v -0.03435787 -0.00342015 0.02567074 0.77647059 0.86666667 0.97647059
v -0.03570255 -0.00342015 0.02563460 0.77647059 0.86666667 0.97647059
v -0.03641711 -0.00207631 0.02557918 0.77647059 0.86666667 0.97647059
v -0.03639762 -0.00072743 0.02557195 0.77647059 0.86666667 0.97647059
v -0.03705047 0.02217326 0.02506836 0.77647059 0.86666667 0.97647059
v -0.03705047 0.02352213 0.02503704 0.77647059 0.86666667 0.97647059
v -0.03839840 0.02440293 0.02439850 0.77647059 0.86666667 0.97647059
v -0.03961641 0.02434756 0.02343227 0.77647059 0.86666667 0.97647059
v -0.04046089 0.02423181 0.02290940 0.77647059 0.86666667 0.97647059
v -0.04254612 0.02440796 0.01823248 0.77647059 0.86666667 0.97647059
v -0.03705047 0.02515790 0.00123072 0.77647059 0.86666667 0.97647059
v -0.03752468 0.02491128 0.00123072 0.77647059 0.86666667 0.97647059
v -0.03812557 0.02458916 0.00123072 0.77647059 0.86666667 0.97647059
v -0.03850234 0.02417141 0.00123072 0.77647059 0.86666667 0.97647059
v -0.03879791 0.02383922 0.00123072 0.77647059 0.86666667 0.97647059
v -0.03931434 0.02316478 0.00123072 0.77647059 0.86666667 0.97647059
v -0.03998993 0.02226385 0.00123072 0.77647059 0.86666667 0.97647059
v -0.04021080 0.02196690 0.00123072 0.77647059 0.86666667 0.97647059
v -0.04079869 0.02116663 0.00123072 0.77647059 0.86666667 0.97647059
v -0.04164967 0.01998889 0.00123072 0.77647059 0.86666667 0.97647059
v -0.04213687 0.01931445 0.00123072 0.77647059 0.86666667 0.97647059
v -0.02627355 -0.02576216 0.00123072 0.77647059 0.86666667 0.97647059
v -0.02761822 -0.02578230 0.00333425 0.77647059 0.86666667 0.97647059
v -0.02627355 -0.02581753 0.00737506 0.77647059 0.86666667 0.97647059
v -0.02492886 -0.02583263 0.01007134 0.77647059 0.86666667 0.97647059
v -0.02492886 -0.02582256 0.00872200 0.77647059 0.86666667 0.97647059
v -0.02088508 -0.02581249 0.01276521 0.77647059 0.86666667 0.97647059
v -0.01684454 -0.02577726 0.01410974 0.77647059 0.86666667 0.97647059
v -0.04176984 0.02419657 0.02152392 0.77647059 0.86666667 0.97647059
v -0.04254612 0.02351710 0.02079141 0.77647059 0.86666667 0.97647059
v -0.00937085 -0.02567157 0.01748793 0.77647059 0.86666667 0.97647059
v -0.01280076 -0.02572693 0.01545668 0.77647059 0.86666667 0.97647059
v -0.00937085 -0.02568163 0.01680361 0.77647059 0.86666667 0.97647059
v -0.00937085 -0.01959156 0.02577435 0.77647059 0.86666667 0.97647059
v -0.00937085 -0.01824268 0.02579363 0.77647059 0.86666667 0.97647059
v -0.00937085 -0.01750785 0.02580327 0.77647059 0.86666667 0.97647059
v -0.00937085 -0.01285222 0.02584664 0.77647059 0.86666667 0.97647059
v -0.02088508 -0.01554997 0.02582496 0.77647059 0.86666667 0.97647059
v -0.02223301 -0.01420109 0.02582254 0.77647059 0.86666667 0.97647059
v -0.02358094 -0.01420109 0.02581773 0.77647059 0.86666667 0.97647059
v -0.02492886 -0.01285222 0.02580809 0.77647059 0.86666667 0.97647059
v -0.02761822 -0.01015950 0.02577917 0.77647059 0.86666667 0.97647059
v -0.02761822 -0.00881062 0.02577435 0.77647059 0.86666667 0.97647059
v -0.02896615 -0.00476903 0.02574544 0.77647059 0.86666667 0.97647059
v -0.01549662 0.00196025 0.02580568 0.77647059 0.86666667 0.97647059
v -0.01414869 0.00330913 0.02580809 0.77647059 0.86666667 0.97647059
v -0.03031408 -0.00342015 0.02572376 0.77647059 0.86666667 0.97647059
v -0.03166201 -0.00342015 0.02570930 0.77647059 0.86666667 0.97647059
v -0.03300994 -0.00207631 0.02568279 0.77647059 0.86666667 0.97647059
v -0.03435787 -0.00207631 0.02566111 0.77647059 0.86666667 0.97647059
v -0.03570255 -0.00207631 0.02562255 0.77647059 0.86666667 0.97647059
v -0.03638138 0.00002754 0.02556473 0.77647059 0.86666667 0.97647059
v -0.03570255 0.02217326 0.02520811 0.77647059 0.86666667 0.97647059
v -0.03570255 0.02352213 0.02515269 0.77647059 0.86666667 0.97647059
v -0.03705047 0.02465962 0.02461054 0.77647059 0.86666667 0.97647059
v -0.03705047 0.02518810 0.02354071 0.77647059 0.86666667 0.97647059
v -0.03839840 0.02476531 0.02354071 0.77647059 0.86666667 0.97647059
v -0.04098382 0.02433247 0.02206124 0.77647059 0.86666667 0.97647059
v -0.04205242 0.02434253 0.02084683 0.77647059 0.86666667 0.97647059
v -0.04254612 0.02445830 0.01958423 0.77647059 0.86666667 0.97647059
v -0.03638788 0.02554545 0.01723733 0.77647059 0.86666667 0.97647059
v -0.03629693 0.02526862 0.00123072 0.77647059 0.86666667 0.97647059
v -0.02492886 -0.02575210 0.00123072 0.77647059 0.86666667 0.97647059
v -0.02492886 -0.02576216 0.00198490 0.77647059 0.86666667 0.97647059
v -0.02492886 -0.02580243 0.00602812 0.77647059 0.86666667 0.97647059
v -0.02627355 -0.02578230 0.00333425 0.77647059 0.86666667 0.97647059
v -0.02358094 -0.02582256 0.01007134 0.77647059 0.86666667 0.97647059
v -0.02358094 -0.02581249 0.00872200 0.77647059 0.86666667 0.97647059
v -0.01684454 -0.02577726 0.01276521 0.77647059 0.86666667 0.97647059
v -0.00937085 -0.02569674 0.01410974 0.77647059 0.86666667 0.97647059
v -0.00937085 -0.02569170 0.01545668 0.77647059 0.86666667 0.97647059
v -0.04254612 0.02415127 0.02047335 0.77647059 0.86666667 0.97647059
v -0.04254612 0.02355233 0.02078178 0.77647059 0.86666667 0.97647059
v -0.00937085 -0.02568667 0.01619400 0.77647059 0.86666667 0.97647059
v -0.01953715 -0.01285222 0.02582977 0.77647059 0.86666667 0.97647059
v -0.01953715 -0.01420109 0.02582977 0.77647059 0.86666667 0.97647059
v -0.00937085 -0.00476903 0.02583460 0.77647059 0.86666667 0.97647059
v -0.02358094 -0.01285222 0.02581532 0.77647059 0.86666667 0.97647059
v -0.02492886 -0.01150837 0.02580327 0.77647059 0.86666667 0.97647059
v -0.03031408 -0.00207631 0.02571412 0.77647059 0.86666667 0.97647059
v -0.01549662 0.00330913 0.02579845 0.77647059 0.86666667 0.97647059
v -0.01280076 0.00196025 0.02581532 0.77647059 0.86666667 0.97647059
v -0.01010815 0.00196025 0.02582014 0.77647059 0.86666667 0.97647059
v -0.01280076 0.00330913 0.02581050 0.77647059 0.86666667 0.97647059
v -0.00937085 0.00600185 0.02580327 0.77647059 0.86666667 0.97647059
v -0.01280076 0.00465801 0.02580327 0.77647059 0.86666667 0.97647059
v -0.01414869 0.00465801 0.02579845 0.77647059 0.86666667 0.97647059
v -0.03166201 -0.00207631 0.02569966 0.77647059 0.86666667 0.97647059
v -0.03300994 -0.00072743 0.02566834 0.77647059 0.86666667 0.97647059
v -0.03435787 -0.00072743 0.02564665 0.77647059 0.86666667 0.97647059
v -0.03570255 -0.00072743 0.02560569 0.77647059 0.86666667 0.97647059
v -0.03574477 0.00053085 0.02558400 0.77647059 0.86666667 0.97647059
v -0.03435787 0.02217326 0.02527076 0.77647059 0.86666667 0.97647059
v -0.03435787 0.02352213 0.02519847 0.77647059 0.86666667 0.97647059
v -0.03570255 0.02471498 0.02466114 0.77647059 0.86666667 0.97647059
v -0.03570255 0.02535922 0.02354071 0.77647059 0.86666667 0.97647059
v -0.03570255 0.02551022 0.02219377 0.77647059 0.86666667 0.97647059
v -0.03638463 0.02554545 0.02047817 0.77647059 0.86666667 0.97647059
v -0.03639437 0.02555048 0.01949990 0.77647059 0.86666667 0.97647059
v -0.03639437 0.02555048 0.01815296 0.77647059 0.86666667 0.97647059
v -0.03570255 0.02557061 0.01815296 0.77647059 0.86666667 0.97647059
v -0.03300994 0.02545485 0.00123072 0.77647059 0.86666667 0.97647059
v -0.03435787 0.02540955 0.00123072 0.77647059 0.86666667 0.97647059
v -0.03570255 0.02535419 0.00123072 0.77647059 0.86666667 0.97647059
v -0.02433448 -0.02574707 0.00123072 0.77647059 0.86666667 0.97647059
v -0.02358094 -0.02579236 0.00602812 0.77647059 0.86666667 0.97647059
v -0.01549662 -0.02575210 0.01141828 0.77647059 0.86666667 0.97647059
v -0.01414869 -0.02574707 0.01276521 0.77647059 0.86666667 0.97647059
v -0.00937085 -0.02568667 0.01276521 0.77647059 0.86666667 0.97647059
v -0.00937085 -0.00342015 0.02583218 0.77647059 0.86666667 0.97647059
v -0.00937085 -0.00072743 0.02582737 0.77647059 0.86666667 0.97647059
v -0.00937085 0.00061641 0.02582496 0.77647059 0.86666667 0.97647059
v -0.01684454 0.01139232 0.02571653 0.77647059 0.86666667 0.97647059
v -0.00937085 0.00404900 0.02581291 0.77647059 0.86666667 0.97647059
v -0.00937085 0.00135125 0.02582254 0.77647059 0.86666667 0.97647059
v -0.00937085 0.00674172 0.02579845 0.77647059 0.86666667 0.97647059
v -0.00937085 0.00735072 0.02579363 0.77647059 0.86666667 0.97647059
v -0.01414869 0.01004848 0.02574544 0.77647059 0.86666667 0.97647059
v -0.01549662 0.01004848 0.02573821 0.77647059 0.86666667 0.97647059
v -0.01819247 0.01139232 0.02570207 0.77647059 0.86666667 0.97647059
v -0.02088508 0.01139232 0.02566834 0.77647059 0.86666667 0.97647059
v -0.02896615 0.01813167 0.02545389 0.77647059 0.86666667 0.97647059
v -0.03435787 0.00061641 0.02562737 0.77647059 0.86666667 0.97647059
v -0.03300994 0.02217326 0.02531172 0.77647059 0.86666667 0.97647059
v -0.03300994 0.02352213 0.02522739 0.77647059 0.86666667 0.97647059
v -0.03166201 0.02352213 0.02524426 0.77647059 0.86666667 0.97647059
v -0.03435787 0.02470492 0.02467560 0.77647059 0.86666667 0.97647059
v -0.02223301 0.02468982 0.02472138 0.77647059 0.86666667 0.97647059
v -0.02088508 0.02468982 0.02472138 0.77647059 0.86666667 0.97647059
v -0.01549662 0.02468982 0.02471656 0.77647059 0.86666667 0.97647059
v -0.00937085 0.02466968 0.02472861 0.77647059 0.86666667 0.97647059
v -0.01414869 0.02519816 0.02354071 0.77647059 0.86666667 0.97647059
v -0.03570255 0.02554041 0.02137934 0.77647059 0.86666667 0.97647059
v -0.00937085 0.02515790 0.02354071 0.77647059 0.86666667 0.97647059
v -0.03570255 0.02555048 0.02070467 0.77647059 0.86666667 0.97647059
v -0.03570255 0.02556558 0.01949990 0.77647059 0.86666667 0.97647059
v -0.03435787 0.02556558 0.01815296 0.77647059 0.86666667 0.97647059
v -0.03031408 0.02549008 0.00123072 0.77647059 0.86666667 0.97647059
v -0.03166201 0.02548002 0.00123072 0.77647059 0.86666667 0.97647059
v -0.03225640 0.02546995 0.00123072 0.77647059 0.86666667 0.97647059
v -0.02298655 -0.02573197 0.00123072 0.77647059 0.86666667 0.97647059
v -0.00937085 -0.02567157 0.01141587 0.77647059 0.86666667 0.97647059
v -0.01549662 0.01139232 0.02572376 0.77647059 0.86666667 0.97647059
v -0.01549662 0.01274119 0.02570207 0.77647059 0.86666667 0.97647059
v -0.01684454 0.01274119 0.02569243 0.77647059 0.86666667 0.97647059
v -0.01819247 0.01274119 0.02568038 0.77647059 0.86666667 0.97647059
v -0.00937085 0.00943443 0.02576954 0.77647059 0.86666667 0.97647059
v -0.01280076 0.01004848 0.02575026 0.77647059 0.86666667 0.97647059
v -0.00937085 0.01213219 0.02573821 0.77647059 0.86666667 0.97647059
v -0.01953715 0.01274119 0.02566593 0.77647059 0.86666667 0.97647059
v -0.02896615 0.01947551 0.02543220 0.77647059 0.86666667 0.97647059
v -0.03031408 0.02082438 0.02538883 0.77647059 0.86666667 0.97647059
v -0.03166201 0.02082438 0.02536714 0.77647059 0.86666667 0.97647059
v -0.03166201 0.02217326 0.02534064 0.77647059 0.86666667 0.97647059
v -0.03031408 0.02217326 0.02535751 0.77647059 0.86666667 0.97647059
v -0.03031408 0.02352213 0.02525389 0.77647059 0.86666667 0.97647059
v -0.02358094 0.02352213 0.02528040 0.77647059 0.86666667 0.97647059
v -0.02223301 0.02352213 0.02528522 0.77647059 0.86666667 0.97647059
v -0.00937085 0.02352213 0.02531172 0.77647059 0.86666667 0.97647059
v -0.03470540 0.02555048 0.02057696 0.77647059 0.86666667 0.97647059
v -0.00937085 0.02515287 0.02280338 0.77647059 0.86666667 0.97647059
v -0.02627355 0.02543472 0.00123072 0.77647059 0.86666667 0.97647059
v -0.02761822 0.02545988 0.00123072 0.77647059 0.86666667 0.97647059
v -0.02821261 0.02546995 0.00123072 0.77647059 0.86666667 0.97647059
v -0.03429615 0.02555551 0.01950472 0.77647059 0.86666667 0.97647059
v -0.02896615 0.02548002 0.00123072 0.77647059 0.86666667 0.97647059
v -0.02956054 0.02548505 0.00123072 0.77647059 0.86666667 0.97647059
v -0.01745842 -0.02565647 0.00123072 0.77647059 0.86666667 0.97647059
v -0.01745517 -0.02565647 0.00123313 0.77647059 0.86666667 0.97647059
v -0.01636059 -0.02563634 0.00123072 0.77647059 0.86666667 0.97647059
v -0.00937085 -0.02565647 0.01052193 0.77647059 0.86666667 0.97647059
v -0.01280076 0.01274119 0.02571412 0.77647059 0.86666667 0.97647059
v -0.00937085 0.01348106 0.02571412 0.77647059 0.86666667 0.97647059
v -0.01280076 0.01409007 0.02568520 0.77647059 0.86666667 0.97647059
v -0.01414869 0.01409007 0.02567797 0.77647059 0.86666667 0.97647059
v -0.01684454 0.01409007 0.02566111 0.77647059 0.86666667 0.97647059
v -0.01819247 0.01409007 0.02565147 0.77647059 0.86666667 0.97647059
v -0.00937085 0.01274119 0.02572857 0.77647059 0.86666667 0.97647059
v -0.02896615 0.02082438 0.02540329 0.77647059 0.86666667 0.97647059
v -0.02896615 0.02217326 0.02536473 0.77647059 0.86666667 0.97647059
v -0.01280076 0.01543391 0.02565147 0.77647059 0.86666667 0.97647059
v -0.00937085 0.02217326 0.02541533 0.77647059 0.86666667 0.97647059
v -0.00937085 0.02514783 0.02219377 0.77647059 0.86666667 0.97647059
v -0.02417532 0.02537936 0.00123072 0.77647059 0.86666667 0.97647059
v -0.02492886 0.02539949 0.00123072 0.77647059 0.86666667 0.97647059
v -0.01414869 -0.02559104 0.00123072 0.77647059 0.86666667 0.97647059
v -0.01355430 -0.02557594 0.00123072 0.77647059 0.86666667 0.97647059
v -0.00937085 -0.02547024 0.00137529 0.77647059 0.86666667 0.97647059
v -0.00937085 0.01409007 0.02569966 0.77647059 0.86666667 0.97647059
v -0.01549662 0.01543391 0.02563460 0.77647059 0.86666667 0.97647059
v -0.01280076 0.01678279 0.02561051 0.77647059 0.86666667 0.97647059
v -0.00937085 0.01678279 0.02562737 0.77647059 0.86666667 0.97647059
v -0.00937085 0.01815180 0.02558400 0.77647059 0.86666667 0.97647059
v -0.00937085 0.01910809 0.02555027 0.77647059 0.86666667 0.97647059
v -0.00937085 0.01944027 0.02553822 0.77647059 0.86666667 0.97647059
v -0.00937085 0.02082438 0.02548280 0.77647059 0.86666667 0.97647059
v -0.00937085 0.01482490 0.02568038 0.77647059 0.86666667 0.97647059
v -0.00937085 0.02483075 0.00123072 0.77647059 0.86666667 0.97647059
v -0.01743568 0.02513777 0.00123072 0.77647059 0.86666667 0.97647059
v -0.02358094 0.02535922 0.00123072 0.77647059 0.86666667 0.97647059
v -0.00951376 -0.02547024 0.00123072 0.77647059 0.86666667 0.97647059
v -0.00937085 -0.02546521 0.00123072 0.77647059 0.86666667 0.97647059
f 2069 2070 2071
f 2069 2071 2072
f 2069 2072 2093
f 2069 2093 2122
f 2069 2122 2164
f 2069 2164 2209
f 2069 2209 2224
f 2069 2224 2258
f 2069 2258 2257
f 2069 2257 2256
f 2069 2256 2305
f 2069 2305 2348
f 2069 2348 2347
f 2069 2347 2335
f 2069 2335 2285
f 2069 2285 2241
f 2069 2241 2210
f 2069 2210 2166
f 2069 2166 2123
f 2069 2123 2095
f 2069 2095 2073
f 2069 2073 2074
f 2069 2074 2075
f 2069 2075 2076
f 2069 2076 2077
f 2069 2077 2078
f 2069 2078 2079
f 2069 2079 2080
f 2069 2080 2081
f 2069 2081 2082
f 2069 2082 2083
f 2069 2083 2084
f 2069 2084 2085
f 2069 2085 2070
f 2070 2085 2086
f 2070 2086 2087
f 2070 2087 2071
f 2071 2088 2072
f 2071 2087 2089
f 2071 2089 2090
f 2071 2090 2091
f 2071 2091 2088
f 2072 2092 2093
f 2072 2088 2094
f 2072 2094 2092
f 2073 2095 2096
f 2073 2096 2074
f 2074 2096 2124
f 2074 2124 2165
f 2074 2165 2167
f 2074 2167 2166
f 2074 2166 2210
f 2074 2210 2242
f 2074 2242 2296
f 2074 2296 2295
f 2074 2295 2294
f 2074 2294 2293
f 2074 2293 2292
f 2074 2292 2291
f 2074 2291 2290
f 2074 2290 2289
f 2074 2289 2288
f 2074 2288 2287
f 2074 2287 2286
f 2074 2286 2337
f 2074 2337 2379
f 2074 2379 2378
f 2074 2378 2377
f 2074 2377 2415
f 2074 2415 2414
f 2074 2414 2413
f 2074 2413 2442
f 2074 2442 2441
f 2074 2441 2439
f 2074 2439 2438
f 2074 2438 2437
f 2074 2437 2460
f 2074 2460 2459
f 2074 2459 2475
f 2074 2475 2474
f 2074 2474 2473
f 2074 2473 2477
f 2074 2477 2476
f 2074 2476 2462
f 2074 2462 2461
f 2074 2461 2445
f 2074 2445 2443
f 2074 2443 2416
f 2074 2416 2380
f 2074 2380 2338
f 2074 2338 2297
f 2074 2297 2243
f 2074 2243 2211
f 2074 2211 2168
f 2074 2168 2128
f 2074 2128 2127
f 2074 2127 2126
f 2074 2126 2125
f 2074 2125 2097
f 2074 2097 2075
f 2075 2097 2098
f 2075 2098 2077
f 2075 2077 2076
f 2077 2098 2099
f 2077 2099 2100
f 2077 2100 2078
f 2078 2100 2079
f 2079 2100 2080
f 2080 2100 2081
f 2081 2100 2101
f 2081 2101 2082
f 2082 2101 2083
f 2083 2101 2084
f 2084 2101 2102
f 2084 2102 2085
f 2085 2102 2103
f 2085 2103 2086
f 2086 2103 2104
f 2086 2104 2105
f 2086 2105 2087
f 2087 2105 2106
f 2087 2106 2089
f 2088 2091 2107
f 2088 2107 2108
f 2088 2108 2109
f 2088 2109 2094
f 2089 2110 2111
f 2089 2111 2112
f 2089 2112 2113
f 2089 2113 2114
f 2089 2114 2115
f 2089 2115 2090
f 2089 2106 2110
f 2090 2116 2117
f 2090 2117 2091
f 2090 2115 2116
f 2091 2117 2107
f 2092 2094 2118
f 2092 2118 2119
f 2092 2119 2120
f 2092 2120 2121
f 2092 2121 2122
f 2092 2122 2093
f 2094 2109 2118
f 2095 2123 2096
f 2096 2123 2124
f 2097 2125 2098
f 2098 2125 2099
f 2099 2126 2127
f 2099 2127 2128
f 2099 2128 2129
f 2099 2129 2130
f 2099 2130 2100
f 2099 2125 2126
f 2100 2130 2131
f 2100 2131 2101
f 2101 2131 2132
f 2101 2132 2102
f 2102 2132 2133
f 2102 2133 2134
f 2102 2134 2135
f 2102 2135 2136
f 2102 2136 2103
f 2103 2136 2138
f 2103 2138 2104
f 2104 2137 2105
f 2104 2138 2139
f 2104 2139 2177
f 2104 2177 2175
f 2104 2175 2137
f 2105 2137 2175
f 2105 2175 2140
f 2105 2140 2141
f 2105 2141 2142
f 2105 2142 2143
f 2105 2143 2106
f 2106 2143 2110
f 2107 2117 2144
f 2107 2144 2145
f 2107 2145 2108
f 2108 2145 2146
f 2108 2146 2147
f 2108 2147 2118
f 2108 2118 2109
f 2110 2143 2142
f 2110 2142 2111
f 2111 2148 2149
f 2111 2149 2112
f 2111 2142 2148
f 2112 2149 2188
f 2112 2188 2225
f 2112 2225 2259
f 2112 2259 2306
f 2112 2306 2308
f 2112 2308 2349
f 2112 2349 2346
f 2112 2346 2345
f 2112 2345 2384
f 2112 2384 2417
f 2112 2417 2446
f 2112 2446 2463
f 2112 2463 2477
f 2112 2477 2473
f 2112 2473 2458
f 2112 2458 2436
f 2112 2436 2409
f 2112 2409 2406
f 2112 2406 2434
f 2112 2434 2457
f 2112 2457 2471
f 2112 2471 2470
f 2112 2470 2469
f 2112 2469 2468
f 2112 2468 2467
f 2112 2467 2472
f 2112 2472 2464
f 2112 2464 2448
f 2112 2448 2453
f 2112 2453 2424
f 2112 2424 2422
f 2112 2422 2392
f 2112 2392 2391
f 2112 2391 2360
f 2112 2360 2389
f 2112 2389 2390
f 2112 2390 2387
f 2112 2387 2386
f 2112 2386 2385
f 2112 2385 2352
f 2112 2352 2312
f 2112 2312 2269
f 2112 2269 2268
f 2112 2268 2267
f 2112 2267 2311
f 2112 2311 2310
f 2112 2310 2309
f 2112 2309 2264
f 2112 2264 2262
f 2112 2262 2261
f 2112 2261 2226
f 2112 2226 2195
f 2112 2195 2194
f 2112 2194 2189
f 2112 2189 2150
f 2112 2150 2113
f 2113 2151 2152
f 2113 2152 2153
f 2113 2153 2154
f 2113 2154 2156
f 2113 2156 2114
f 2113 2150 2155
f 2113 2155 2151
f 2114 2156 2115
f 2115 2156 2157
f 2115 2157 2116
f 2116 2157 2158
f 2116 2158 2117
f 2117 2158 2159
f 2117 2159 2160
f 2117 2160 2161
f 2117 2161 2144
f 2118 2147 2119
f 2119 2147 2162
f 2119 2162 2120
f 2120 2162 2163
f 2120 2163 2164
f 2120 2164 2121
f 2121 2164 2122
f 2123 2165 2124
f 2123 2166 2167
f 2123 2167 2165
f 2128 2168 2169
f 2128 2169 2129
f 2129 2170 2171
f 2129 2171 2132
f 2129 2132 2130
f 2129 2169 2170
f 2130 2132 2131
f 2132 2171 2133
f 2133 2171 2214
f 2133 2214 2172
f 2133 2172 2135
f 2133 2135 2134
f 2135 2172 2215
f 2135 2215 2173
f 2135 2173 2136
f 2136 2173 2174
f 2136 2174 2176
f 2136 2176 2138
f 2138 2176 2177
f 2138 2177 2139
f 2140 2178 2141
f 2140 2175 2184
f 2140 2184 2178
f 2141 2178 2148
f 2141 2148 2142
f 2144 2161 2179
f 2144 2179 2180
f 2144 2180 2145
f 2145 2180 2181
f 2145 2181 2182
f 2145 2182 2146
f 2146 2182 2147
f 2147 2182 2183
f 2147 2183 2162
f 2148 2178 2184
f 2148 2184 2185
f 2148 2185 2186
f 2148 2186 2187
f 2148 2187 2149
f 2149 2187 2218
f 2149 2218 2188
f 2150 2189 2190
f 2150 2190 2152
f 2150 2152 2155
f 2151 2155 2191
f 2151 2191 2152
f 2152 2191 2192
f 2152 2192 2155
f 2152 2190 2193
f 2152 2193 2194
f 2152 2194 2195
f 2152 2195 2196
f 2152 2196 2197
f 2152 2197 2198
f 2152 2198 2199
f 2152 2199 2153
f 2153 2199 2200
f 2153 2200 2154
f 2154 2200 2156
f 2155 2192 2191
f 2156 2200 2201
f 2156 2201 2157
f 2157 2201 2158
f 2158 2201 2202
f 2158 2202 2203
f 2158 2203 2159
f 2159 2203 2204
f 2159 2204 2160
f 2160 2204 2205
f 2160 2205 2206
f 2160 2206 2161
f 2161 2206 2179
f 2162 2183 2207
f 2162 2207 2208
f 2162 2208 2209
f 2162 2209 2163
f 2163 2209 2164
f 2168 2211 2169
f 2169 2211 2212
f 2169 2212 2170
f 2170 2212 2171
f 2171 2213 2214
f 2171 2212 2213
f 2172 2214 2215
f 2173 2215 2216
f 2173 2216 2217
f 2173 2217 2218
f 2173 2218 2174
f 2174 2218 2176
f 2175 2177 2184
f 2176 2218 2186
f 2176 2186 2177
f 2177 2185 2184
f 2177 2186 2185
f 2179 2206 2219
f 2179 2219 2220
f 2179 2220 2221
f 2179 2221 2180
f 2180 2221 2222
f 2180 2222 2223
f 2180 2223 2181
f 2181 2223 2182
f 2182 2207 2183
f 2182 2223 2224
f 2182 2224 2207
f 2186 2218 2187
f 2188 2218 2225
f 2189 2194 2193
f 2189 2193 2190
f 2195 2226 2196
f 2196 2226 2197
f 2197 2226 2198
f 2198 2226 2199
f 2199 2226 2227
f 2199 2227 2228
f 2199 2228 2229
f 2199 2229 2200
f 2200 2229 2230
f 2200 2230 2201
f 2201 2230 2202
f 2202 2230 2231
f 2202 2231 2232
f 2202 2232 2233
f 2202 2233 2234
f 2202 2234 2203
f 2203 2234 2235
f 2203 2235 2204
f 2204 2235 2236
f 2204 2236 2237
f 2204 2237 2205
f 2205 2237 2206
f 2206 2237 2238
f 2206 2238 2236
f 2206 2236 2239
f 2206 2239 2240
f 2206 2240 2219
f 2207 2224 2208
f 2208 2224 2209
f 2210 2241 2242
f 2211 2243 2212
f 2212 2244 2245
f 2212 2245 2214
f 2212 2214 2213
f 2212 2243 2244
f 2214 2246 2300
f 2214 2300 2247
f 2214 2247 2249
f 2214 2249 2216
f 2214 2216 2215
f 2214 2245 2248
f 2214 2248 2246
f 2216 2249 2217
f 2217 2249 2250
f 2217 2250 2302
f 2217 2302 2251
f 2217 2251 2252
f 2217 2252 2218
f 2218 2252 2225
f 2219 2240 2221
f 2219 2221 2220
f 2221 2240 2253
f 2221 2253 2222
f 2222 2253 2223
f 2223 2253 2254
f 2223 2254 2255
f 2223 2255 2256
f 2223 2256 2257
f 2223 2257 2258
f 2223 2258 2224
f 2225 2252 2260
f 2225 2260 2259
f 2226 2261 2227
f 2227 2261 2228
f 2228 2261 2262
f 2228 2262 2229
f 2229 2262 2263
f 2229 2263 2264
f 2229 2264 2265
f 2229 2265 2266
f 2229 2266 2267
f 2229 2267 2268
f 2229 2268 2269
f 2229 2269 2270
f 2229 2270 2271
f 2229 2271 2230
f 2230 2271 2231
f 2231 2272 2318
f 2231 2318 2273
f 2231 2273 2319
f 2231 2319 2274
f 2231 2274 2323
f 2231 2323 2275
f 2231 2275 2233
f 2231 2233 2232
f 2231 2271 2272
f 2233 2275 2276
f 2233 2276 2234
f 2234 2276 2277
f 2234 2277 2235
f 2235 2277 2236
f 2236 2238 2237
f 2236 2277 2278
f 2236 2278 2239
f 2239 2279 2280
f 2239 2280 2281
f 2239 2281 2240
f 2239 2278 2279
f 2240 2281 2282
f 2240 2282 2283
f 2240 2283 2284
f 2240 2284 2253
f 2241 2285 2286
f 2241 2286 2287
f 2241 2287 2288
f 2241 2288 2289
f 2241 2289 2290
f 2241 2290 2291
f 2241 2291 2292
f 2241 2292 2293
f 2241 2293 2294
f 2241 2294 2295
f 2241 2295 2296
f 2241 2296 2242
f 2243 2297 2341
f 2243 2341 2298
f 2243 2298 2244
f 2244 2299 2248
f 2244 2248 2245
f 2244 2298 2341
f 2244 2341 2299
f 2246 2248 2301
f 2246 2301 2300
f 2247 2300 2342
f 2247 2342 2302
f 2247 2302 2250
f 2247 2250 2249
f 2248 2299 2340
f 2248 2340 2301
f 2251 2302 2303
f 2251 2303 2252
f 2252 2303 2260
f 2253 2284 2254
f 2254 2284 2304
f 2254 2304 2255
f 2255 2305 2256
f 2255 2304 2305
f 2259 2260 2306
f 2260 2303 2307
f 2260 2307 2308
f 2260 2308 2306
f 2262 2264 2263
f 2264 2309 2265
f 2265 2309 2310
f 2265 2310 2266
f 2266 2310 2311
f 2266 2311 2267
f 2269 2312 2313
f 2269 2313 2270
f 2270 2313 2271
f 2271 2313 2314
f 2271 2314 2315
f 2271 2315 2316
f 2271 2316 2317
f 2271 2317 2272
f 2272 2317 2318
f 2273 2318 2320
f 2273 2320 2321
f 2273 2321 2319
f 2274 2319 2322
f 2274 2322 2323
f 2275 2323 2363
f 2275 2363 2324
f 2275 2324 2325
f 2275 2325 2276
f 2276 2325 2277
f 2277 2325 2326
f 2277 2326 2279
f 2277 2279 2278
f 2279 2327 2280
f 2279 2326 2327
f 2280 2328 2281
f 2280 2327 2328
f 2281 2329 2330
f 2281 2330 2282
f 2281 2328 2329
f 2282 2330 2331
f 2282 2331 2332
f 2282 2332 2283
f 2283 2332 2284
f 2284 2333 2334
f 2284 2334 2304
f 2284 2332 2333
f 2285 2335 2286
f 2286 2336 2337
f 2286 2335 2336
f 2297 2338 2339
f 2297 2339 2340
f 2297 2340 2341
f 2299 2341 2340
f 2300 2301 2343
f 2300 2343 2342
f 2301 2340 2381
f 2301 2381 2343
f 2302 2342 2344
f 2302 2344 2303
f 2303 2344 2345
f 2303 2345 2346
f 2303 2346 2307
f 2304 2334 2347
f 2304 2347 2348
f 2304 2348 2305
f 2307 2346 2349
f 2307 2349 2308
f 2312 2350 2351
f 2312 2351 2313
f 2312 2352 2350
f 2313 2351 2314
f 2314 2351 2350
f 2314 2350 2353
f 2314 2353 2315
f 2315 2353 2316
f 2316 2353 2321
f 2316 2321 2354
f 2316 2354 2318
f 2316 2318 2317
f 2318 2354 2320
f 2319 2355 2322
f 2319 2321 2356
f 2319 2356 2355
f 2320 2354 2321
f 2321 2357 2358
f 2321 2358 2359
f 2321 2359 2360
f 2321 2360 2361
f 2321 2361 2362
f 2321 2362 2356
f 2321 2353 2350
f 2321 2350 2357
f 2322 2355 2363
f 2322 2363 2323
f 2324 2363 2364
f 2324 2364 2365
f 2324 2365 2325
f 2325 2365 2326
f 2326 2365 2366
f 2326 2366 2327
f 2327 2366 2367
f 2327 2367 2368
f 2327 2368 2328
f 2328 2368 2329
f 2329 2368 2369
f 2329 2369 2370
f 2329 2370 2330
f 2330 2370 2371
f 2330 2371 2331
f 2331 2371 2372
f 2331 2372 2373
f 2331 2373 2335
f 2331 2335 2334
f 2331 2334 2332
f 2332 2334 2333
f 2334 2335 2347
f 2335 2373 2374
f 2335 2374 2375
f 2335 2375 2336
f 2336 2375 2376
f 2336 2376 2377
f 2336 2377 2378
f 2336 2378 2379
f 2336 2379 2337
f 2338 2380 2339
f 2339 2380 2381
f 2339 2381 2340
f 2342 2343 2344
f 2343 2381 2344
f 2344 2381 2382
f 2344 2382 2383
f 2344 2383 2345
f 2345 2383 2384
f 2350 2352 2385
f 2350 2385 2386
f 2350 2386 2387
f 2350 2387 2357
f 2355 2356 2388
f 2355 2388 2395
f 2355 2395 2363
f 2356 2362 2388
f 2357 2387 2358
f 2358 2389 2359
f 2358 2387 2390
f 2358 2390 2389
f 2359 2389 2360
f 2360 2391 2361
f 2361 2391 2392
f 2361 2392 2362
f 2362 2392 2393
f 2362 2393 2394
f 2362 2394 2388
f 2363 2395 2364
f 2364 2395 2396
f 2364 2396 2397
f 2364 2397 2398
f 2364 2398 2365
f 2365 2398 2366
f 2366 2398 2367
f 2367 2398 2368
f 2368 2399 2369
f 2368 2398 2399
f 2369 2399 2429
f 2369 2429 2400
f 2369 2400 2370
f 2370 2400 2401
f 2370 2401 2402
f 2370 2402 2403
f 2370 2403 2371
f 2371 2403 2404
f 2371 2404 2405
f 2371 2405 2406
f 2371 2406 2407
f 2371 2407 2372
f 2372 2408 2373
f 2372 2407 2409
f 2372 2409 2408
f 2373 2408 2410
f 2373 2410 2411
f 2373 2411 2374
f 2374 2411 2376
f 2374 2376 2375
f 2376 2411 2412
f 2376 2412 2413
f 2376 2413 2414
f 2376 2414 2415
f 2376 2415 2377
f 2380 2416 2381
f 2381 2416 2382
f 2382 2416 2417
f 2382 2417 2384
f 2382 2384 2383
f 2388 2394 2393
f 2388 2393 2418
f 2388 2418 2419
f 2388 2419 2420
f 2388 2420 2421
f 2388 2421 2395
f 2392 2422 2423
f 2392 2423 2393
f 2393 2423 2424
f 2393 2424 2418
f 2395 2421 2425
f 2395 2425 2396
f 2396 2425 2397
f 2397 2425 2426
f 2397 2426 2427
f 2397 2427 2428
f 2397 2428 2398
f 2398 2428 2399
f 2399 2428 2429
f 2400 2429 2430
f 2400 2430 2401
f 2401 2430 2431
f 2401 2431 2402
f 2402 2431 2432
f 2402 2432 2433
f 2402 2433 2403
f 2403 2433 2434
f 2403 2434 2404
f 2404 2434 2406
f 2404 2406 2405
f 2406 2409 2407
f 2408 2435 2410
f 2408 2409 2435
f 2409 2436 2437
f 2409 2437 2438
f 2409 2438 2439
f 2409 2439 2412
f 2409 2412 2440
f 2409 2440 2435
f 2410 2435 2411
f 2411 2435 2440
f 2411 2440 2412
f 2412 2439 2441
f 2412 2441 2442
f 2412 2442 2413
f 2416 2443 2444
f 2416 2444 2417
f 2417 2444 2445
f 2417 2445 2446
f 2418 2424 2447
f 2418 2447 2419
f 2419 2447 2448
f 2419 2448 2449
f 2419 2449 2450
f 2419 2450 2451
f 2419 2451 2452
f 2419 2452 2420
f 2420 2452 2421
f 2421 2452 2454
f 2421 2454 2426
f 2421 2426 2425
f 2422 2424 2423
f 2424 2453 2447
f 2426 2454 2427
f 2427 2454 2430
f 2427 2430 2429
f 2427 2429 2428
f 2430 2455 2431
f 2430 2454 2456
f 2430 2456 2455
f 2431 2455 2432
f 2432 2455 2433
f 2433 2455 2457
f 2433 2457 2434
f 2436 2458 2459
f 2436 2459 2460
f 2436 2460 2437
f 2443 2445 2444
f 2445 2461 2446
f 2446 2461 2462
f 2446 2462 2463
f 2447 2453 2448
f 2448 2464 2449
f 2449 2464 2456
f 2449 2456 2450
f 2450 2456 2465
f 2450 2465 2451
f 2451 2465 2454
f 2451 2454 2452
f 2454 2465 2456
f 2455 2456 2466
f 2455 2466 2467
f 2455 2467 2468
f 2455 2468 2469
f 2455 2469 2470
f 2455 2470 2471
f 2455 2471 2457
f 2456 2464 2472
f 2456 2472 2467
f 2456 2467 2466
f 2458 2473 2474
f 2458 2474 2475
f 2458 2475 2459
f 2462 2476 2463
f 2463 2476 2477

o geometry_7
v -0.04254612 -0.02437050 -0.01805446 0.79607843 0.45882353 0.78039216
v -0.04254612 -0.02435036 -0.01700936 0.79607843 0.45882353 0.78039216
v -0.04254612 -0.02388207 -0.01877779 0.79607843 0.45882353 0.78039216
v -0.04191276 -0.02437553 -0.01910222 0.79607843 0.45882353 0.78039216
v -0.03705047 -0.02495459 -0.02226678 0.79607843 0.45882353 0.78039216
v -0.03570255 -0.02518118 -0.02226678 0.79607843 0.45882353 0.78039216
v -0.03570255 -0.02527182 -0.02091852 0.79607843 0.45882353 0.78039216
v -0.03570255 -0.02533728 -0.01957292 0.79607843 0.45882353 0.78039216
v -0.03570255 -0.02538763 -0.01822466 0.79607843 0.45882353 0.78039216
v -0.03570255 -0.02541784 -0.01687640 0.79607843 0.45882353 0.78039216
v -0.03570255 -0.02543799 -0.01553080 0.79607843 0.45882353 0.78039216
v -0.03570255 -0.02545813 -0.01418253 0.79607843 0.45882353 0.78039216
v -0.03570255 -0.02548834 -0.01149133 0.79607843 0.45882353 0.78039216
v -0.03570255 -0.02553366 -0.00610095 0.79607843 0.45882353 0.78039216
v -0.03570255 -0.02555380 -0.00340709 0.79607843 0.45882353 0.78039216
v -0.03570255 -0.02555380 0.00123072 0.79607843 0.45882353 0.78039216
v -0.03702449 -0.02488913 0.00123072 0.79607843 0.45882353 0.78039216
v -0.03769683 -0.02426979 0.00123072 0.79607843 0.45882353 0.78039216
v -0.03797941 -0.02389214 0.00123072 0.79607843 0.45882353 0.78039216
v -0.03820027 -0.02359506 0.00123072 0.79607843 0.45882353 0.78039216
v -0.03887261 -0.02268366 0.00123072 0.79607843 0.45882353 0.78039216
v -0.04254612 -0.01760303 0.00123072 0.79607843 0.45882353 0.78039216
v -0.04155223 -0.02401803 -0.01999840 0.79607843 0.45882353 0.78039216
v -0.04254612 -0.02361520 -0.01903574 0.79607843 0.45882353 0.78039216
v -0.04026276 -0.02416908 -0.02145835 0.79607843 0.45882353 0.78039216
v -0.03902202 -0.02424461 -0.02285182 0.79607843 0.45882353 0.78039216
v -0.04065577 -0.02440071 -0.02055951 0.79607843 0.45882353 0.78039216
v -0.03706022 -0.02460716 -0.02367886 0.79607843 0.45882353 0.78039216
v -0.03812557 -0.02446113 -0.02327199 0.79607843 0.45882353 0.78039216
v -0.03570255 -0.02482871 -0.02361504 0.79607843 0.45882353 0.78039216
v -0.00937085 -0.02480857 -0.02361504 0.79607843 0.45882353 0.78039216
v -0.00937085 -0.02503013 -0.02226678 0.79607843 0.45882353 0.78039216
v -0.03435787 -0.02533728 -0.01957292 0.79607843 0.45882353 0.78039216
v -0.03435787 -0.02540274 -0.01822466 0.79607843 0.45882353 0.78039216
v -0.03435787 -0.02545309 -0.01687640 0.79607843 0.45882353 0.78039216
v -0.03435787 -0.02548330 -0.01553080 0.79607843 0.45882353 0.78039216
v -0.03435787 -0.02555883 -0.01149133 0.79607843 0.45882353 0.78039216
v -0.03435787 -0.02557897 -0.01014307 0.79607843 0.45882353 0.78039216
v -0.03435787 -0.02560919 -0.00744921 0.79607843 0.45882353 0.78039216
v -0.03435787 -0.02562933 -0.00475269 0.79607843 0.45882353 0.78039216
v -0.03448778 -0.02563940 -0.00205883 0.79607843 0.45882353 0.78039216
v -0.03468591 -0.02564443 0.00063504 0.79607843 0.45882353 0.78039216
v -0.03474438 -0.02564443 0.00123072 0.79607843 0.45882353 0.78039216
v -0.03531603 -0.02559408 0.00123072 0.79607843 0.45882353 0.78039216
v -0.04254612 0.01874191 0.00123072 0.79607843 0.45882353 0.78039216
v -0.04214661 -0.02359506 -0.01955962 0.79607843 0.45882353 0.78039216
v -0.04182831 -0.02312174 -0.02031752 0.79607843 0.45882353 0.78039216
v -0.04254612 -0.02304117 -0.01926710 0.79607843 0.45882353 0.78039216
v -0.04053885 -0.02326776 -0.02172428 0.79607843 0.45882353 0.78039216
v -0.03840490 -0.02369073 -0.02363099 0.79607843 0.45882353 0.78039216
v -0.03751169 -0.02403817 -0.02417083 0.79607843 0.45882353 0.78039216
v -0.03922340 -0.02334329 -0.02309116 0.79607843 0.45882353 0.78039216
v -0.03661524 -0.02438057 -0.02434900 0.79607843 0.45882353 0.78039216
v -0.03570255 -0.02442085 -0.02438358 0.79607843 0.45882353 0.78039216
v -0.02223301 -0.02445106 -0.02442346 0.79607843 0.45882353 0.78039216
v -0.01145283 -0.02446113 -0.02443676 0.79607843 0.45882353 0.78039216
v -0.01010815 -0.02446113 -0.02443676 0.79607843 0.45882353 0.78039216
v -0.00937085 -0.02465248 -0.02398468 0.79607843 0.45882353 0.78039216
v -0.00937085 -0.02509055 -0.02091852 0.79607843 0.45882353 0.78039216
v -0.02492886 -0.02543295 -0.01553080 0.79607843 0.45882353 0.78039216
v -0.02761822 -0.02545309 -0.01553080 0.79607843 0.45882353 0.78039216
v -0.02896615 -0.02546316 -0.01553080 0.79607843 0.45882353 0.78039216
v -0.02896615 -0.02554373 -0.01283427 0.79607843 0.45882353 0.78039216
v -0.02896615 -0.02557897 -0.01149133 0.79607843 0.45882353 0.78039216
v -0.03031408 -0.02557897 -0.01149133 0.79607843 0.45882353 0.78039216
v -0.03300994 -0.02554373 -0.01283427 0.79607843 0.45882353 0.78039216
v -0.03300994 -0.02556890 -0.01149133 0.79607843 0.45882353 0.78039216
v -0.03300994 -0.02559408 -0.01014307 0.79607843 0.45882353 0.78039216
v -0.03300994 -0.02561422 -0.00879481 0.79607843 0.45882353 0.78039216
v -0.03300994 -0.02562933 -0.00744921 0.79607843 0.45882353 0.78039216
v -0.03166201 -0.02567968 -0.00475269 0.79607843 0.45882353 0.78039216
v -0.03358808 -0.02565450 -0.00381662 0.79607843 0.45882353 0.78039216
v -0.03381220 -0.02565954 -0.00205883 0.79607843 0.45882353 0.78039216
v -0.03401032 -0.02566458 0.00063504 0.79607843 0.45882353 0.78039216
v -0.03357184 -0.02567968 0.00123072 0.79607843 0.45882353 0.78039216
v -0.04251364 0.01879227 0.00123072 0.79607843 0.45882353 0.78039216
v -0.04254612 0.02463324 -0.01805712 0.79607843 0.45882353 0.78039216
v -0.04254612 -0.02228587 -0.01952771 0.79607843 0.45882353 0.78039216
v -0.04251040 -0.02228587 -0.01957292 0.79607843 0.45882353 0.78039216
v -0.04186079 -0.02228587 -0.02035475 0.79607843 0.45882353 0.78039216
v -0.04126640 -0.02228587 -0.02102755 0.79607843 0.45882353 0.78039216
v -0.04059406 -0.02228587 -0.02178279 0.79607843 0.45882353 0.78039216
v -0.03995745 -0.02228587 -0.02245559 0.79607843 0.45882353 0.78039216
v -0.03778777 -0.02314188 -0.02432507 0.79607843 0.45882353 0.78039216
v -0.03706022 -0.02361016 -0.02444474 0.79607843 0.45882353 0.78039216
v -0.03928511 -0.02228587 -0.02314700 0.79607843 0.45882353 0.78039216
v -0.03849259 -0.02228587 -0.02382246 0.79607843 0.45882353 0.78039216
v -0.03570255 -0.02363534 -0.02463887 0.79607843 0.45882353 0.78039216
v -0.03435787 -0.02363534 -0.02466546 0.79607843 0.45882353 0.78039216
v -0.03300994 -0.02363534 -0.02468141 0.79607843 0.45882353 0.78039216
v -0.03166201 -0.02363534 -0.02468939 0.79607843 0.45882353 0.78039216
v -0.02358094 -0.02363534 -0.02472928 0.79607843 0.45882353 0.78039216
v -0.03435787 -0.02442085 -0.02438889 0.79607843 0.45882353 0.78039216
v -0.02358094 -0.02444603 -0.02442080 0.79607843 0.45882353 0.78039216
v -0.01280076 -0.02363534 -0.02475854 0.79607843 0.45882353 0.78039216
v -0.02088508 -0.02445106 -0.02442612 0.79607843 0.45882353 0.78039216
v -0.01145283 -0.02363534 -0.02476119 0.79607843 0.45882353 0.78039216
v -0.00937085 -0.02363534 -0.02476119 0.79607843 0.45882353 0.78039216
v -0.00937085 -0.02446113 -0.02443410 0.79607843 0.45882353 0.78039216
v -0.00937085 -0.02514090 -0.01957292 0.79607843 0.45882353 0.78039216
v -0.02358094 -0.02546820 -0.01418253 0.79607843 0.45882353 0.78039216
v -0.02627355 -0.02548834 -0.01418253 0.79607843 0.45882353 0.78039216
v -0.02627355 -0.02552862 -0.01283427 0.79607843 0.45882353 0.78039216
v -0.02761822 -0.02557394 -0.01149133 0.79607843 0.45882353 0.78039216
v -0.02761822 -0.02560415 -0.01014307 0.79607843 0.45882353 0.78039216
v -0.02761822 -0.02564947 -0.00782683 0.79607843 0.45882353 0.78039216
v -0.02896615 -0.02564947 -0.00785874 0.79607843 0.45882353 0.78039216
v -0.03031408 -0.02564947 -0.00776832 0.79607843 0.45882353 0.78039216
v -0.03121378 -0.02565954 -0.00694660 0.79607843 0.45882353 0.78039216
v -0.03166201 -0.02566458 -0.00609829 0.79607843 0.45882353 0.78039216
v -0.03031408 -0.02571996 -0.00205883 0.79607843 0.45882353 0.78039216
v -0.03106762 -0.02573507 0.00123072 0.79607843 0.45882353 0.78039216
v -0.03166201 -0.02572500 0.00123072 0.79607843 0.45882353 0.78039216
v -0.03300994 -0.02568472 -0.00071057 0.79607843 0.45882353 0.78039216
v -0.03300994 -0.02569479 0.00123072 0.79607843 0.45882353 0.78039216
v -0.04213687 0.01931594 0.00123072 0.79607843 0.45882353 0.78039216
v -0.03998993 0.02226664 0.00123072 0.79607843 0.45882353 0.78039216
v -0.03931434 0.02316796 0.00123072 0.79607843 0.45882353 0.78039216
v -0.03879791 0.02383766 0.00123072 0.79607843 0.45882353 0.78039216
v -0.03850234 0.02416999 0.00123072 0.79607843 0.45882353 0.78039216
v -0.03812557 0.02459296 0.00123072 0.79607843 0.45882353 0.78039216
v -0.03752468 0.02491018 0.00123072 0.79607843 0.45882353 0.78039216
v -0.03705047 0.02515691 0.00123072 0.79607843 0.45882353 0.78039216
v -0.03639113 0.02554463 -0.01602010 0.79607843 0.45882353 0.78039216
v -0.03641711 0.02555470 -0.01687640 0.79607843 0.45882353 0.78039216
v -0.03644309 0.02556981 -0.01822466 0.79607843 0.45882353 0.78039216
v -0.04254612 0.02464834 -0.01959153 0.79607843 0.45882353 0.78039216
v -0.04164967 0.01999067 0.00123072 0.79607843 0.45882353 0.78039216
v -0.04079869 0.02116390 0.00123072 0.79607843 0.45882353 0.78039216
v -0.04048688 0.02159191 0.00123072 0.79607843 0.45882353 0.78039216
v -0.04021080 0.02196955 0.00123072 0.79607843 0.45882353 0.78039216
v -0.04254612 -0.02222545 -0.01953037 0.79607843 0.45882353 0.78039216
v -0.04254612 -0.02191830 -0.01953835 0.79607843 0.45882353 0.78039216
v -0.04254612 0.02217097 -0.02063663 0.79607843 0.45882353 0.78039216
v -0.04234474 0.02217097 -0.02085203 0.79607843 0.45882353 0.78039216
v -0.04170164 0.02217097 -0.02152484 0.79607843 0.45882353 0.78039216
v -0.03781701 -0.02228587 -0.02434634 0.79607843 0.45882353 0.78039216
v -0.03705047 -0.02228587 -0.02459898 0.79607843 0.45882353 0.78039216
v -0.03570255 -0.02228587 -0.02482236 0.79607843 0.45882353 0.78039216
v -0.04033747 0.02352043 -0.02285980 0.79607843 0.45882353 0.78039216
v -0.03966188 0.02352043 -0.02346346 0.79607843 0.45882353 0.78039216
v -0.03888885 0.02352043 -0.02413892 0.79607843 0.45882353 0.78039216
v -0.03435787 -0.02228587 -0.02487820 0.79607843 0.45882353 0.78039216
v -0.03300994 -0.02228587 -0.02491011 0.79607843 0.45882353 0.78039216
v -0.03166201 -0.02228587 -0.02493139 0.79607843 0.45882353 0.78039216
v -0.03031408 -0.02228587 -0.02494468 0.79607843 0.45882353 0.78039216
v -0.02896615 -0.02228587 -0.02495532 0.79607843 0.45882353 0.78039216
v -0.01280076 -0.02228587 -0.02499521 0.79607843 0.45882353 0.78039216
v -0.01010815 -0.02228587 -0.02500053 0.79607843 0.45882353 0.78039216
v -0.00937085 -0.02302607 -0.02487022 0.79607843 0.45882353 0.78039216
v -0.00937085 -0.02518118 -0.01822466 0.79607843 0.45882353 0.78039216
v -0.02223301 -0.02548834 -0.01283427 0.79607843 0.45882353 0.78039216
v -0.02223301 -0.02552358 -0.01149133 0.79607843 0.45882353 0.78039216
v -0.02492886 -0.02555380 -0.01149133 0.79607843 0.45882353 0.78039216
v -0.02492886 -0.02551855 -0.01283427 0.79607843 0.45882353 0.78039216
v -0.02627355 -0.02562429 -0.00879481 0.79607843 0.45882353 0.78039216
v -0.02627355 -0.02565954 -0.00694926 0.79607843 0.45882353 0.78039216
v -0.02761822 -0.02567968 -0.00610095 0.79607843 0.45882353 0.78039216
v -0.02896615 -0.02567968 -0.00610095 0.79607843 0.45882353 0.78039216
v -0.03031408 -0.02567465 -0.00610095 0.79607843 0.45882353 0.78039216
v -0.02896615 -0.02571493 -0.00340709 0.79607843 0.45882353 0.78039216
v -0.02896615 -0.02573003 -0.00205883 0.79607843 0.45882353 0.78039216
v -0.02837501 -0.02576025 0.00123072 0.79607843 0.45882353 0.78039216
v -0.02971969 -0.02575018 0.00123072 0.79607843 0.45882353 0.78039216
v -0.03031408 -0.02574514 0.00123072 0.79607843 0.45882353 0.78039216
v -0.03629693 0.02526769 0.00123072 0.79607843 0.45882353 0.78039216
v -0.03570255 0.02564030 -0.01822466 0.79607843 0.45882353 0.78039216
v -0.03570255 0.02535329 0.00123072 0.79607843 0.45882353 0.78039216
v -0.03570255 0.02565037 -0.01957292 0.79607843 0.45882353 0.78039216
v -0.03645284 0.02557484 -0.01957292 0.79607843 0.45882353 0.78039216
v -0.04210439 0.02446707 -0.02061536 0.79607843 0.45882353 0.78039216
v -0.04254612 0.02463827 -0.01961281 0.79607843 0.45882353 0.78039216
v -0.03645608 0.02557988 -0.02091852 0.79607843 0.45882353 0.78039216
v -0.03645284 0.02557484 -0.02226678 0.79607843 0.45882353 0.78039216
v -0.03642685 0.02555974 -0.02306191 0.79607843 0.45882353 0.78039216
v -0.03694653 0.02529790 -0.02355122 0.79607843 0.45882353 0.78039216
v -0.04254612 0.02352043 -0.02057547 0.79607843 0.45882353 0.78039216
v -0.04230902 0.02352043 -0.02083342 0.79607843 0.45882353 0.78039216
v -0.04168540 0.02352043 -0.02150622 0.79607843 0.45882353 0.78039216
v -0.04101306 0.02352043 -0.02218700 0.79607843 0.45882353 0.78039216
v -0.03705047 -0.00207410 -0.02485959 0.79607843 0.45882353 0.78039216
v -0.03705047 -0.00342357 -0.02484363 0.79607843 0.45882353 0.78039216
v -0.03705047 -0.00476800 -0.02482767 0.79607843 0.45882353 0.78039216
v -0.03705047 -0.02093641 -0.02461759 0.79607843 0.45882353 0.78039216
v -0.03821327 0.02352043 -0.02460961 0.79607843 0.45882353 0.78039216
v -0.03705047 0.02082654 -0.02511488 0.79607843 0.45882353 0.78039216
v -0.03705047 0.01947707 -0.02510158 0.79607843 0.45882353 0.78039216
v -0.03570255 -0.02093641 -0.02486756 0.79607843 0.45882353 0.78039216
v -0.03570255 0.00600255 -0.02539411 0.79607843 0.45882353 0.78039216
v -0.03570255 0.00330866 -0.02535156 0.79607843 0.45882353 0.78039216
v -0.03570255 0.00061476 -0.02529837 0.79607843 0.45882353 0.78039216
v -0.03435787 -0.02093641 -0.02493405 0.79607843 0.45882353 0.78039216
v -0.04079219 0.02446204 -0.02197691 0.79607843 0.45882353 0.78039216
v -0.03945725 0.02446204 -0.02329061 0.79607843 0.45882353 0.78039216
v -0.03805736 0.02446707 -0.02450058 0.79607843 0.45882353 0.78039216
v -0.03300994 -0.02093641 -0.02497660 0.79607843 0.45882353 0.78039216
v -0.03166201 -0.02093641 -0.02500851 0.79607843 0.45882353 0.78039216
v -0.03031408 -0.02093641 -0.02502978 0.79607843 0.45882353 0.78039216
v -0.02896615 -0.02093641 -0.02504574 0.79607843 0.45882353 0.78039216
v -0.02627355 -0.02093641 -0.02505637 0.79607843 0.45882353 0.78039216
v -0.00937085 -0.01959198 -0.02521061 0.79607843 0.45882353 0.78039216
v -0.00937085 -0.02093641 -0.02511488 0.79607843 0.45882353 0.78039216
v -0.00937085 -0.02228587 -0.02500053 0.79607843 0.45882353 0.78039216
v -0.00937085 -0.02519629 -0.01748803 0.79607843 0.45882353 0.78039216
v -0.02223301 -0.02558401 -0.00879481 0.79607843 0.45882353 0.78039216
v -0.02492886 -0.02558401 -0.01014307 0.79607843 0.45882353 0.78039216
v -0.02358094 -0.02559912 -0.00879481 0.79607843 0.45882353 0.78039216
v -0.02492886 -0.02567968 -0.00475269 0.79607843 0.45882353 0.78039216
v -0.02492886 -0.02569982 -0.00340709 0.79607843 0.45882353 0.78039216
v -0.02627355 -0.02570989 -0.00340709 0.79607843 0.45882353 0.78039216
v -0.02761822 -0.02569982 -0.00475269 0.79607843 0.45882353 0.78039216
v -0.02556872 -0.02565450 -0.00679768 0.79607843 0.45882353 0.78039216
v -0.02761822 -0.02571493 -0.00340709 0.79607843 0.45882353 0.78039216
v -0.02761822 -0.02574514 -0.00071057 0.79607843 0.45882353 0.78039216
v -0.02761822 -0.02576528 0.00123072 0.79607843 0.45882353 0.78039216
v -0.03435787 0.02566548 -0.01822466 0.79607843 0.45882353 0.78039216
v -0.03435787 0.02540868 0.00123072 0.79607843 0.45882353 0.78039216
v -0.03300994 0.02545399 0.00123072 0.79607843 0.45882353 0.78039216
v -0.03225640 0.02546910 0.00123072 0.79607843 0.45882353 0.78039216
v -0.03435787 0.02567555 -0.01957292 0.79607843 0.45882353 0.78039216
v -0.03570255 0.02565037 -0.02091852 0.79607843 0.45882353 0.78039216
v -0.03570255 0.02561512 -0.02226678 0.79607843 0.45882353 0.78039216
v -0.03570255 0.02556477 -0.02309116 0.79607843 0.45882353 0.78039216
v -0.03570255 0.02543385 -0.02376662 0.79607843 0.45882353 0.78039216
v -0.03705047 0.02468863 -0.02467610 0.79607843 0.45882353 0.78039216
v -0.03846336 0.02468863 -0.02368950 0.79607843 0.45882353 0.78039216
v -0.03570255 0.00735202 -0.02541006 0.79607843 0.45882353 0.78039216
v -0.03705047 0.02352043 -0.02509095 0.79607843 0.45882353 0.78039216
v -0.03705047 0.02217097 -0.02511488 0.79607843 0.45882353 0.78039216
v -0.03570255 0.01543371 -0.02545793 0.79607843 0.45882353 0.78039216
v -0.03570255 0.01408928 -0.02545527 0.79607843 0.45882353 0.78039216
v -0.03570255 0.01273981 -0.02544995 0.79607843 0.45882353 0.78039216
v -0.03570255 0.01139538 -0.02544197 0.79607843 0.45882353 0.78039216
v -0.03570255 0.00869645 -0.02542070 0.79607843 0.45882353 0.78039216
v -0.03435787 -0.01824251 -0.02500585 0.79607843 0.45882353 0.78039216
v -0.03435787 -0.01959198 -0.02497660 0.79607843 0.45882353 0.78039216
v -0.03435787 0.00061476 -0.02538879 0.79607843 0.45882353 0.78039216
v -0.03435787 0.00600255 -0.02547920 0.79607843 0.45882353 0.78039216
v -0.03435787 0.00330866 -0.02543931 0.79607843 0.45882353 0.78039216
v -0.03435787 0.00196423 -0.02541538 0.79607843 0.45882353 0.78039216
v -0.03300994 -0.01959198 -0.02502446 0.79607843 0.45882353 0.78039216
v -0.03166201 -0.01959198 -0.02506435 0.79607843 0.45882353 0.78039216
v -0.03031408 -0.01959198 -0.02509626 0.79607843 0.45882353 0.78039216
v -0.02896615 -0.01959198 -0.02511754 0.79607843 0.45882353 0.78039216
v -0.02627355 -0.01959198 -0.02513881 0.79607843 0.45882353 0.78039216
v -0.02358094 -0.01959198 -0.02515211 0.79607843 0.45882353 0.78039216
v -0.00937085 -0.01824251 -0.02529837 0.79607843 0.45882353 0.78039216
v -0.00937085 -0.01898271 -0.02525050 0.79607843 0.45882353 0.78039216
v -0.01280076 -0.01959198 -0.02519732 0.79607843 0.45882353 0.78039216
v -0.01145283 -0.01959198 -0.02520263 0.79607843 0.45882353 0.78039216
v -0.00937085 -0.02522147 -0.01613977 0.79607843 0.45882353 0.78039216
v -0.01684454 -0.02559408 -0.00205883 0.79607843 0.45882353 0.78039216
v -0.01703293 -0.02564947 0.00123072 0.79607843 0.45882353 0.78039216
v -0.02272996 -0.02565954 -0.00432188 0.79607843 0.45882353 0.78039216
v -0.02359718 -0.02566458 -0.00476333 0.79607843 0.45882353 0.78039216
v -0.02359718 -0.02564443 -0.00605574 0.79607843 0.45882353 0.78039216
v -0.00937085 -0.02525671 -0.01418253 0.79607843 0.45882353 0.78039216
v -0.02358094 -0.02569982 -0.00205883 0.79607843 0.45882353 0.78039216
v -0.02358094 -0.02574010 0.00123072 0.79607843 0.45882353 0.78039216
v -0.02492886 -0.02574514 0.00063504 0.79607843 0.45882353 0.78039216
v -0.02627355 -0.02575521 0.00063504 0.79607843 0.45882353 0.78039216
v -0.02627355 -0.02576025 0.00123072 0.79607843 0.45882353 0.78039216
v -0.02942412 0.02554463 -0.00521806 0.79607843 0.45882353 0.78039216
v -0.03166201 0.02547917 0.00123072 0.79607843 0.45882353 0.78039216
v -0.03031408 0.02548924 0.00123072 0.79607843 0.45882353 0.78039216
v -0.03435787 0.02565541 -0.02091852 0.79607843 0.45882353 0.78039216
v -0.03031408 0.02559498 -0.01149133 0.79607843 0.45882353 0.78039216
v -0.02896615 0.02558491 -0.01149133 0.79607843 0.45882353 0.78039216
v -0.02896615 0.02558995 -0.01283427 0.79607843 0.45882353 0.78039216
v -0.02896615 0.02558995 -0.01418253 0.79607843 0.45882353 0.78039216
v -0.00937085 0.02521733 -0.02226678 0.79607843 0.45882353 0.78039216
v -0.00937085 0.02518712 -0.02361504 0.79607843 0.45882353 0.78039216
v -0.00937085 0.02467352 -0.02478247 0.79607843 0.45882353 0.78039216
v -0.03300994 0.02473898 -0.02479045 0.79607843 0.45882353 0.78039216
v -0.03435787 0.02474905 -0.02477981 0.79607843 0.45882353 0.78039216
v -0.03570255 0.02476416 -0.02475854 0.79607843 0.45882353 0.78039216
v -0.03570255 0.02352043 -0.02528241 0.79607843 0.45882353 0.78039216
v -0.03435787 0.01004591 -0.02551909 0.79607843 0.45882353 0.78039216
v -0.03435787 0.00735202 -0.02549516 0.79607843 0.45882353 0.78039216
v -0.03570255 0.02217097 -0.02535953 0.79607843 0.45882353 0.78039216
v -0.03570255 0.02082654 -0.02540740 0.79607843 0.45882353 0.78039216
v -0.03570255 0.01947707 -0.02543665 0.79607843 0.45882353 0.78039216
v -0.03570255 0.01813264 -0.02544995 0.79607843 0.45882353 0.78039216
v -0.03570255 0.01678317 -0.02545793 0.79607843 0.45882353 0.78039216
v -0.03435787 0.01408928 -0.02554037 0.79607843 0.45882353 0.78039216
v -0.03435787 0.01273981 -0.02553771 0.79607843 0.45882353 0.78039216
v -0.03435787 0.01139538 -0.02552973 0.79607843 0.45882353 0.78039216
v -0.03300994 -0.01419915 -0.02516806 0.79607843 0.45882353 0.78039216
v -0.03166201 -0.01419915 -0.02523189 0.79607843 0.45882353 0.78039216
v -0.03166201 -0.01554862 -0.02519732 0.79607843 0.45882353 0.78039216
v -0.03166201 -0.01689808 -0.02515743 0.79607843 0.45882353 0.78039216
v -0.03166201 -0.01285472 -0.02526380 0.79607843 0.45882353 0.78039216
v -0.03166201 -0.01016082 -0.02532230 0.79607843 0.45882353 0.78039216
v -0.03300994 0.00600255 -0.02554302 0.79607843 0.45882353 0.78039216
v -0.03300994 0.00465812 -0.02552441 0.79607843 0.45882353 0.78039216
v -0.03300994 0.00330866 -0.02550313 0.79607843 0.45882353 0.78039216
v -0.03300994 0.00196423 -0.02548186 0.79607843 0.45882353 0.78039216
v -0.03300994 0.00061476 -0.02545793 0.79607843 0.45882353 0.78039216
v -0.03300994 -0.00072967 -0.02543399 0.79607843 0.45882353 0.78039216
v -0.03166201 -0.00881136 -0.02534890 0.79607843 0.45882353 0.78039216
v -0.03166201 -0.01824251 -0.02511222 0.79607843 0.45882353 0.78039216
v -0.03031408 -0.01689808 -0.02519732 0.79607843 0.45882353 0.78039216
v -0.03031408 -0.01824251 -0.02514945 0.79607843 0.45882353 0.78039216
v -0.02896615 -0.01824251 -0.02517870 0.79607843 0.45882353 0.78039216
v -0.02761822 -0.01824251 -0.02519732 0.79607843 0.45882353 0.78039216
v -0.02627355 -0.01824251 -0.02521061 0.79607843 0.45882353 0.78039216
v -0.02223301 -0.01824251 -0.02523721 0.79607843 0.45882353 0.78039216
v -0.02088508 -0.01824251 -0.02524518 0.79607843 0.45882353 0.78039216
v -0.00937085 -0.01763324 -0.02533294 0.79607843 0.45882353 0.78039216
v -0.01676334 -0.02564443 0.00123072 0.79607843 0.45882353 0.78039216
v -0.00937085 -0.02546820 0.00123072 0.79607843 0.45882353 0.78039216
v -0.01414869 -0.02558905 0.00123072 0.79607843 0.45882353 0.78039216
v -0.01549662 -0.02561926 0.00123072 0.79607843 0.45882353 0.78039216
v -0.02818013 0.02554463 -0.00655569 0.79607843 0.45882353 0.78039216
v -0.02896615 0.02549931 -0.00071057 0.79607843 0.45882353 0.78039216
v -0.02896615 0.02552449 -0.00340709 0.79607843 0.45882353 0.78039216
v -0.02956054 0.02548421 0.00123072 0.79607843 0.45882353 0.78039216
v -0.00937085 0.02520223 -0.02300340 0.79607843 0.45882353 0.78039216
v -0.02761822 0.02555974 -0.01014307 0.79607843 0.45882353 0.78039216
v -0.02761822 0.02556477 -0.01149133 0.79607843 0.45882353 0.78039216
v -0.02761822 0.02556477 -0.01418253 0.79607843 0.45882353 0.78039216
v -0.00937085 0.02521733 -0.02165780 0.79607843 0.45882353 0.78039216
v -0.00937085 0.02352043 -0.02535953 0.79607843 0.45882353 0.78039216
v -0.01684454 0.02352043 -0.02544197 0.79607843 0.45882353 0.78039216
v -0.01953715 0.02352043 -0.02545793 0.79607843 0.45882353 0.78039216
v -0.01549662 0.02465841 -0.02481438 0.79607843 0.45882353 0.78039216
v -0.01280076 0.02466849 -0.02479842 0.79607843 0.45882353 0.78039216
v -0.02896615 0.02470877 -0.02480906 0.79607843 0.45882353 0.78039216
v -0.02358094 0.02352043 -0.02546059 0.79607843 0.45882353 0.78039216
v -0.02492886 0.02352043 -0.02545527 0.79607843 0.45882353 0.78039216
v -0.02761822 0.02352043 -0.02542868 0.79607843 0.45882353 0.78039216
v -0.03300994 0.02352043 -0.02535953 0.79607843 0.45882353 0.78039216
v -0.03435787 0.02352043 -0.02533294 0.79607843 0.45882353 0.78039216
v -0.03435787 0.02217097 -0.02542336 0.79607843 0.45882353 0.78039216
v -0.03300994 0.00869645 -0.02557228 0.79607843 0.45882353 0.78039216
v -0.03300994 0.00735202 -0.02555898 0.79607843 0.45882353 0.78039216
v -0.03435787 0.02082654 -0.02547654 0.79607843 0.45882353 0.78039216
v -0.03435787 0.01947707 -0.02550846 0.79607843 0.45882353 0.78039216
v -0.03435787 0.01813264 -0.02552441 0.79607843 0.45882353 0.78039216
v -0.03435787 0.01678317 -0.02553505 0.79607843 0.45882353 0.78039216
v -0.03435787 0.01543371 -0.02554037 0.79607843 0.45882353 0.78039216
v -0.03300994 0.01408928 -0.02560153 0.79607843 0.45882353 0.78039216
v -0.03300994 0.01273981 -0.02559887 0.79607843 0.45882353 0.78039216
v -0.03300994 0.01139538 -0.02559355 0.79607843 0.45882353 0.78039216
v -0.03031408 -0.01285472 -0.02532230 0.79607843 0.45882353 0.78039216
v -0.03031408 -0.01419915 -0.02528507 0.79607843 0.45882353 0.78039216
v -0.03031408 -0.01554862 -0.02524252 0.79607843 0.45882353 0.78039216
v -0.03031408 -0.00881136 -0.02541006 0.79607843 0.45882353 0.78039216
v -0.03031408 -0.01016082 -0.02538081 0.79607843 0.45882353 0.78039216
v -0.03166201 0.00465812 -0.02558291 0.79607843 0.45882353 0.78039216
v -0.03166201 0.00330866 -0.02556430 0.79607843 0.45882353 0.78039216
v -0.03159705 0.00723621 -0.02561748 0.79607843 0.45882353 0.78039216
v -0.03166201 0.00061476 -0.02551909 0.79607843 0.45882353 0.78039216
v -0.03166201 -0.00207410 -0.02547122 0.79607843 0.45882353 0.78039216
v -0.02896615 -0.01554862 -0.02527976 0.79607843 0.45882353 0.78039216
v -0.02896615 -0.01689808 -0.02522923 0.79607843 0.45882353 0.78039216
v -0.02761822 -0.01689808 -0.02525582 0.79607843 0.45882353 0.78039216
v -0.02627355 -0.01689808 -0.02527444 0.79607843 0.45882353 0.78039216
v -0.02492886 -0.01689808 -0.02528773 0.79607843 0.45882353 0.78039216
v -0.02088508 -0.01689808 -0.02531698 0.79607843 0.45882353 0.78039216
v -0.01549662 -0.01689808 -0.02534358 0.79607843 0.45882353 0.78039216
v -0.01280076 -0.01689808 -0.02535687 0.79607843 0.45882353 0.78039216
v -0.00937085 -0.01689808 -0.02537283 0.79607843 0.45882353 0.78039216
v -0.00937085 0.02482962 0.00123072 0.79607843 0.45882353 0.78039216
v -0.02761822 0.02551945 -0.00475269 0.79607843 0.45882353 0.78039216
v -0.02704333 0.02553959 -0.00838528 0.79607843 0.45882353 0.78039216
v -0.02761822 0.02546407 0.00123072 0.79607843 0.45882353 0.78039216
v -0.02896615 0.02547917 0.00123072 0.79607843 0.45882353 0.78039216
v -0.02686144 0.02554463 -0.01014307 0.79607843 0.45882353 0.78039216
v -0.00937085 0.02521230 -0.02091852 0.79607843 0.45882353 0.78039216
v -0.00937085 0.02217097 -0.02548186 0.79607843 0.45882353 0.78039216
v -0.01414869 0.02217097 -0.02553505 0.79607843 0.45882353 0.78039216
v -0.01684454 0.02217097 -0.02556430 0.79607843 0.45882353 0.78039216
v -0.01819247 0.02217097 -0.02557759 0.79607843 0.45882353 0.78039216
v -0.01953715 0.02217097 -0.02558823 0.79607843 0.45882353 0.78039216
v -0.02627355 0.02468359 -0.02482236 0.79607843 0.45882353 0.78039216
v -0.02088508 0.02217097 -0.02559621 0.79607843 0.45882353 0.78039216
v -0.02223301 0.02217097 -0.02559621 0.79607843 0.45882353 0.78039216
v -0.02358094 0.02217097 -0.02559089 0.79607843 0.45882353 0.78039216
v -0.02492886 0.02217097 -0.02557759 0.79607843 0.45882353 0.78039216
v -0.02627355 0.02217097 -0.02556430 0.79607843 0.45882353 0.78039216
v -0.02761822 0.02217097 -0.02554834 0.79607843 0.45882353 0.78039216
v -0.02896615 0.02217097 -0.02552973 0.79607843 0.45882353 0.78039216
v -0.03166201 0.02217097 -0.02548718 0.79607843 0.45882353 0.78039216
v -0.03300994 0.02217097 -0.02546059 0.79607843 0.45882353 0.78039216
v -0.03300994 0.02082654 -0.02551909 0.79607843 0.45882353 0.78039216
v -0.03190561 0.00869645 -0.02562014 0.79607843 0.45882353 0.78039216
v -0.03203878 0.01004591 -0.02562546 0.79607843 0.45882353 0.78039216
v -0.03300994 0.01947707 -0.02555632 0.79607843 0.45882353 0.78039216
v -0.03300994 0.01813264 -0.02557759 0.79607843 0.45882353 0.78039216
v -0.03300994 0.01678317 -0.02559089 0.79607843 0.45882353 0.78039216
v -0.03300994 0.01543371 -0.02559887 0.79607843 0.45882353 0.78039216
v -0.03221417 0.01408928 -0.02563078 0.79607843 0.45882353 0.78039216
v -0.03220443 0.01273981 -0.02563078 0.79607843 0.45882353 0.78039216
v -0.03214596 0.01139538 -0.02562812 0.79607843 0.45882353 0.78039216
v -0.02896615 -0.01285472 -0.02536485 0.79607843 0.45882353 0.78039216
v -0.02896615 -0.01016082 -0.02543133 0.79607843 0.45882353 0.78039216
v -0.02896615 -0.01150525 -0.02539942 0.79607843 0.45882353 0.78039216
v -0.02896615 -0.01419915 -0.02532496 0.79607843 0.45882353 0.78039216
v -0.03031408 -0.00746693 -0.02543399 0.79607843 0.45882353 0.78039216
v -0.02896615 -0.00746693 -0.02548718 0.79607843 0.45882353 0.78039216
v -0.02896615 -0.00881136 -0.02546059 0.79607843 0.45882353 0.78039216
v -0.03062914 0.00465812 -0.02562280 0.79607843 0.45882353 0.78039216
v -0.03097992 0.00670750 -0.02563610 0.79607843 0.45882353 0.78039216
v -0.03025562 0.00326334 -0.02561748 0.79607843 0.45882353 0.78039216
v -0.03031408 -0.00072967 -0.02555100 0.79607843 0.45882353 0.78039216
v -0.03031408 -0.00476800 -0.02548186 0.79607843 0.45882353 0.78039216
v -0.02761822 -0.01285472 -0.02539942 0.79607843 0.45882353 0.78039216
v -0.02761822 -0.01419915 -0.02535422 0.79607843 0.45882353 0.78039216
v -0.02627355 -0.01419915 -0.02538081 0.79607843 0.45882353 0.78039216
v -0.02761822 -0.01554862 -0.02530635 0.79607843 0.45882353 0.78039216
v -0.02627355 -0.01554862 -0.02533028 0.79607843 0.45882353 0.78039216
v -0.02492886 -0.01554862 -0.02534624 0.79607843 0.45882353 0.78039216
v -0.02358094 -0.01554862 -0.02535953 0.79607843 0.45882353 0.78039216
v -0.02223301 -0.01554862 -0.02537017 0.79607843 0.45882353 0.78039216
v -0.01280076 -0.01419915 -0.02548984 0.79607843 0.45882353 0.78039216
v -0.01280076 -0.01554862 -0.02542602 0.79607843 0.45882353 0.78039216
v -0.00937085 -0.01628881 -0.02540474 0.79607843 0.45882353 0.78039216
v -0.00937085 0.02518209 -0.01822466 0.79607843 0.45882353 0.78039216
v -0.01684454 0.02511663 0.00123072 0.79607843 0.45882353 0.78039216
v -0.02627355 0.02551442 -0.00744921 0.79607843 0.45882353 0.78039216
v -0.02627355 0.02543385 0.00123072 0.79607843 0.45882353 0.78039216
v -0.00937085 0.02520223 -0.01957292 0.79607843 0.45882353 0.78039216
v -0.00937085 0.02143581 -0.02552707 0.79607843 0.45882353 0.78039216
v -0.00937085 0.02082654 -0.02556164 0.79607843 0.45882353 0.78039216
v -0.00937085 0.02020719 -0.02559355 0.79607843 0.45882353 0.78039216
v -0.00937085 0.01972884 -0.02561748 0.79607843 0.45882353 0.78039216
v -0.01684454 0.02108334 -0.02561748 0.79607843 0.45882353 0.78039216
v -0.01819247 0.02121425 -0.02562280 0.79607843 0.45882353 0.78039216
v -0.01953715 0.02132503 -0.02562812 0.79607843 0.45882353 0.78039216
v -0.02088508 0.02140056 -0.02563078 0.79607843 0.45882353 0.78039216
v -0.02223301 0.02075101 -0.02566269 0.79607843 0.45882353 0.78039216
v -0.02358094 0.02139049 -0.02563078 0.79607843 0.45882353 0.78039216
v -0.02358094 0.02071576 -0.02566269 0.79607843 0.45882353 0.78039216
v -0.02492886 0.02062009 -0.02566003 0.79607843 0.45882353 0.78039216
v -0.02492886 0.02128978 -0.02562546 0.79607843 0.45882353 0.78039216
v -0.02627355 0.02049924 -0.02565472 0.79607843 0.45882353 0.78039216
v -0.02761822 0.02102291 -0.02561217 0.79607843 0.45882353 0.78039216
v -0.02897265 0.02073590 -0.02560685 0.79607843 0.45882353 0.78039216
v -0.03031408 0.02082654 -0.02557759 0.79607843 0.45882353 0.78039216
v -0.03166201 0.02082654 -0.02555100 0.79607843 0.45882353 0.78039216
v -0.03039203 0.01953749 -0.02562546 0.79607843 0.45882353 0.78039216
v -0.03166201 0.01947707 -0.02559355 0.79607843 0.45882353 0.78039216
v -0.03123002 0.00869645 -0.02564408 0.79607843 0.45882353 0.78039216
v -0.03044400 0.00723621 -0.02566003 0.79607843 0.45882353 0.78039216
v -0.03136644 0.01004591 -0.02564940 0.79607843 0.45882353 0.78039216
v -0.03089223 0.01868149 -0.02563344 0.79607843 0.45882353 0.78039216
v -0.03119429 0.01778520 -0.02564142 0.79607843 0.45882353 0.78039216
v -0.03204203 0.01678317 -0.02562546 0.79607843 0.45882353 0.78039216
v -0.03148662 0.01543371 -0.02565206 0.79607843 0.45882353 0.78039216
v -0.03154183 0.01408928 -0.02565472 0.79607843 0.45882353 0.78039216
v -0.03153209 0.01273981 -0.02565472 0.79607843 0.45882353 0.78039216
v -0.03147038 0.01139538 -0.02565206 0.79607843 0.45882353 0.78039216
v -0.02761822 -0.01016082 -0.02547388 0.79607843 0.45882353 0.78039216
v -0.02761822 -0.01150525 -0.02543931 0.79607843 0.45882353 0.78039216
v -0.02761822 -0.00881136 -0.02550579 0.79607843 0.45882353 0.78039216
v -0.02761822 -0.00746693 -0.02553239 0.79607843 0.45882353 0.78039216
v -0.02896615 -0.00476800 -0.02553505 0.79607843 0.45882353 0.78039216
v -0.02995680 0.00465812 -0.02564674 0.79607843 0.45882353 0.78039216
v -0.03019066 0.00600255 -0.02565472 0.79607843 0.45882353 0.78039216
v -0.02906359 0.00326334 -0.02565737 0.79607843 0.45882353 0.78039216
v -0.02957678 0.00277995 -0.02563344 0.79607843 0.45882353 0.78039216
v -0.02939164 0.00196423 -0.02562812 0.79607843 0.45882353 0.78039216
v -0.02627355 -0.01285472 -0.02542602 0.79607843 0.45882353 0.78039216
v -0.02627355 -0.01150525 -0.02546857 0.79607843 0.45882353 0.78039216
v -0.02492886 -0.01285472 -0.02544729 0.79607843 0.45882353 0.78039216
v -0.02358094 -0.01285472 -0.02546059 0.79607843 0.45882353 0.78039216
v -0.01953715 -0.01419915 -0.02544197 0.79607843 0.45882353 0.78039216
v -0.01280076 -0.01285472 -0.02554302 0.79607843 0.45882353 0.78039216
v -0.00937085 -0.01358988 -0.02552973 0.79607843 0.45882353 0.78039216
v -0.01145283 -0.01419915 -0.02549516 0.79607843 0.45882353 0.78039216
v -0.00937085 -0.01554862 -0.02544197 0.79607843 0.45882353 0.78039216
v -0.00937085 -0.01285472 -0.02555898 0.79607843 0.45882353 0.78039216
v -0.02417532 0.02537846 0.00123072 0.79607843 0.45882353 0.78039216
v -0.02358094 0.02535832 0.00123072 0.79607843 0.45882353 0.78039216
v -0.02492886 0.02541875 -0.00071057 0.79607843 0.45882353 0.78039216
v -0.02492886 0.02539861 0.00123072 0.79607843 0.45882353 0.78039216
v -0.00937085 0.01905914 -0.02564674 0.79607843 0.45882353 0.78039216
v -0.01819247 0.02053952 -0.02565206 0.79607843 0.45882353 0.78039216
v -0.01953715 0.02065533 -0.02565737 0.79607843 0.45882353 0.78039216
v -0.02088508 0.02072583 -0.02566003 0.79607843 0.45882353 0.78039216
v -0.02223301 0.01947707 -0.02571854 0.79607843 0.45882353 0.78039216
v -0.02358094 0.01947707 -0.02571854 0.79607843 0.45882353 0.78039216
v -0.02492886 0.01947707 -0.02571056 0.79607843 0.45882353 0.78039216
v -0.02627355 0.01947707 -0.02569726 0.79607843 0.45882353 0.78039216
v -0.02761822 0.02035322 -0.02564674 0.79607843 0.45882353 0.78039216
v -0.02852767 0.02022733 -0.02563876 0.79607843 0.45882353 0.78039216
v -0.02942737 0.02002592 -0.02563078 0.79607843 0.45882353 0.78039216
v -0.02897265 0.01953749 -0.02565472 0.79607843 0.45882353 0.78039216
v -0.02896615 0.01813264 -0.02569194 0.79607843 0.45882353 0.78039216
v -0.03031408 0.01004591 -0.02568663 0.79607843 0.45882353 0.78039216
v -0.02896615 0.00735202 -0.02570790 0.79607843 0.45882353 0.78039216
v -0.02896615 0.00600255 -0.02569460 0.79607843 0.45882353 0.78039216
v -0.03031408 0.00869645 -0.02567599 0.79607843 0.45882353 0.78039216
v -0.03039203 0.01819306 -0.02565472 0.79607843 0.45882353 0.78039216
v -0.02896615 0.01678317 -0.02571322 0.79607843 0.45882353 0.78039216
v -0.03031408 0.01678317 -0.02567865 0.79607843 0.45882353 0.78039216
v -0.03136644 0.01678317 -0.02564674 0.79607843 0.45882353 0.78039216
v -0.03031408 0.01543371 -0.02568929 0.79607843 0.45882353 0.78039216
v -0.03031408 0.01408928 -0.02569460 0.79607843 0.45882353 0.78039216
v -0.03031408 0.01273981 -0.02569726 0.79607843 0.45882353 0.78039216
v -0.02627355 -0.01016082 -0.02550313 0.79607843 0.45882353 0.78039216
v -0.02627355 -0.00881136 -0.02553505 0.79607843 0.45882353 0.78039216
v -0.02627355 -0.00746693 -0.02556164 0.79607843 0.45882353 0.78039216
v -0.02761822 -0.00611746 -0.02555632 0.79607843 0.45882353 0.78039216
v -0.02627355 -0.00611746 -0.02558823 0.79607843 0.45882353 0.78039216
v -0.02894342 0.00050398 -0.02562014 0.79607843 0.45882353 0.78039216
v -0.02847570 0.00088163 -0.02564142 0.79607843 0.45882353 0.78039216
v -0.02896615 0.00465812 -0.02567865 0.79607843 0.45882353 0.78039216
v -0.02871930 0.00196423 -0.02564940 0.79607843 0.45882353 0.78039216
v -0.02761822 0.00330866 -0.02569992 0.79607843 0.45882353 0.78039216
v -0.02492886 -0.01150525 -0.02548718 0.79607843 0.45882353 0.78039216
v -0.02492886 -0.01016082 -0.02552441 0.79607843 0.45882353 0.78039216
v -0.02358094 -0.01150525 -0.02550313 0.79607843 0.45882353 0.78039216
v -0.02223301 -0.01150525 -0.02551643 0.79607843 0.45882353 0.78039216
v -0.01145283 -0.01150525 -0.02559887 0.79607843 0.45882353 0.78039216
v -0.00941957 -0.01083052 -0.02563610 0.79607843 0.45882353 0.78039216
v -0.00937085 -0.01147504 -0.02561217 0.79607843 0.45882353 0.78039216
v -0.00937085 -0.01224545 -0.02558291 0.79607843 0.45882353 0.78039216
v -0.00937085 -0.01419915 -0.02550313 0.79607843 0.45882353 0.78039216
v -0.00937085 0.01604298 -0.02576907 0.79607843 0.45882353 0.78039216
v -0.01953715 0.01947707 -0.02570790 0.79607843 0.45882353 0.78039216
v -0.02088508 0.01813264 -0.02576641 0.79607843 0.45882353 0.78039216
v -0.02223301 0.01813264 -0.02576907 0.79607843 0.45882353 0.78039216
v -0.02358094 0.01813264 -0.02576641 0.79607843 0.45882353 0.78039216
v -0.02492886 0.01813264 -0.02575311 0.79607843 0.45882353 0.78039216
v -0.02761822 0.01947707 -0.02568131 0.79607843 0.45882353 0.78039216
v -0.02761822 0.01813264 -0.02571854 0.79607843 0.45882353 0.78039216
v -0.02896615 0.01004591 -0.02572652 0.79607843 0.45882353 0.78039216
v -0.02896615 0.00869645 -0.02571854 0.79607843 0.45882353 0.78039216
v -0.02761822 0.00735202 -0.02574513 0.79607843 0.45882353 0.78039216
v -0.02761822 0.00465812 -0.02571588 0.79607843 0.45882353 0.78039216
v -0.02761822 0.01678317 -0.02573981 0.79607843 0.45882353 0.78039216
v -0.02627355 0.01543371 -0.02578236 0.79607843 0.45882353 0.78039216
v -0.02761822 0.01543371 -0.02575577 0.79607843 0.45882353 0.78039216
v -0.02896615 0.01543371 -0.02572652 0.79607843 0.45882353 0.78039216
v -0.02896615 0.01408928 -0.02573449 0.79607843 0.45882353 0.78039216
v -0.02896615 0.01273981 -0.02573449 0.79607843 0.45882353 0.78039216
v -0.02896615 0.01139538 -0.02573183 0.79607843 0.45882353 0.78039216
v -0.02492886 -0.00746693 -0.02558291 0.79607843 0.45882353 0.78039216
v -0.02761822 -0.00342357 -0.02559887 0.79607843 0.45882353 0.78039216
v -0.02680297 -0.00259274 -0.02563344 0.79607843 0.45882353 0.78039216
v -0.02827108 -0.00001969 -0.02563344 0.79607843 0.45882353 0.78039216
v -0.02774165 0.00050398 -0.02565737 0.79607843 0.45882353 0.78039216
v -0.02627355 -0.00476800 -0.02560951 0.79607843 0.45882353 0.78039216
v -0.02492886 -0.00611746 -0.02560951 0.79607843 0.45882353 0.78039216
v -0.02761822 0.00196423 -0.02568131 0.79607843 0.45882353 0.78039216
v -0.02627355 0.00600255 -0.02575843 0.79607843 0.45882353 0.78039216
v -0.02627355 0.00330866 -0.02572652 0.79607843 0.45882353 0.78039216
v -0.02627355 0.00061476 -0.02568929 0.79607843 0.45882353 0.78039216
v -0.02358094 -0.00881136 -0.02557228 0.79607843 0.45882353 0.78039216
v -0.02358094 -0.01016082 -0.02554037 0.79607843 0.45882353 0.78039216
v -0.00937085 -0.01020614 -0.02565737 0.79607843 0.45882353 0.78039216
v -0.02223301 -0.01016082 -0.02555366 0.79607843 0.45882353 0.78039216
v -0.01280076 -0.00974793 -0.02564408 0.79607843 0.45882353 0.78039216
v -0.00937085 -0.01083556 -0.02563610 0.79607843 0.45882353 0.78039216
v -0.00937085 0.01543371 -0.02579300 0.79607843 0.45882353 0.78039216
v -0.01953715 0.01813264 -0.02575843 0.79607843 0.45882353 0.78039216
v -0.01953715 0.01678317 -0.02580364 0.79607843 0.45882353 0.78039216
v -0.02088508 0.01678317 -0.02580895 0.79607843 0.45882353 0.78039216
v -0.02223301 0.01678317 -0.02580629 0.79607843 0.45882353 0.78039216
v -0.02358094 0.01678317 -0.02579566 0.79607843 0.45882353 0.78039216
v -0.02492886 0.01678317 -0.02577970 0.79607843 0.45882353 0.78039216
v -0.02627355 0.01813264 -0.02573715 0.79607843 0.45882353 0.78039216
v -0.02627355 0.01678317 -0.02576109 0.79607843 0.45882353 0.78039216
v -0.02761822 0.01004591 -0.02576375 0.79607843 0.45882353 0.78039216
v -0.02761822 0.00869645 -0.02575577 0.79607843 0.45882353 0.78039216
v -0.02627355 0.00735202 -0.02577172 0.79607843 0.45882353 0.78039216
v -0.02492886 0.01543371 -0.02580098 0.79607843 0.45882353 0.78039216
v -0.02492886 0.01408928 -0.02581427 0.79607843 0.45882353 0.78039216
v -0.02761822 0.01408928 -0.02576641 0.79607843 0.45882353 0.78039216
v -0.02761822 0.01273981 -0.02576907 0.79607843 0.45882353 0.78039216
v -0.02223301 -0.00746693 -0.02561483 0.79607843 0.45882353 0.78039216
v -0.02590977 -0.00310634 -0.02564142 0.79607843 0.45882353 0.78039216
v -0.02632227 -0.00349910 -0.02562812 0.79607843 0.45882353 0.78039216
v -0.02461056 -0.00441049 -0.02564142 0.79607843 0.45882353 0.78039216
v -0.01819247 -0.00072967 -0.02578502 0.79607843 0.45882353 0.78039216
v -0.01549662 -0.00072967 -0.02581959 0.79607843 0.45882353 0.78039216
v -0.01684454 -0.00207410 -0.02577970 0.79607843 0.45882353 0.78039216
v -0.01549662 -0.00342357 -0.02577172 0.79607843 0.45882353 0.78039216
v -0.01414869 -0.00342357 -0.02578768 0.79607843 0.45882353 0.78039216
v -0.02492886 0.00600255 -0.02577970 0.79607843 0.45882353 0.78039216
v -0.02492886 0.00735202 -0.02579566 0.79607843 0.45882353 0.78039216
v -0.02492886 0.00330866 -0.02574779 0.79607843 0.45882353 0.78039216
v -0.02500682 -0.00349910 -0.02564940 0.79607843 0.45882353 0.78039216
v -0.02223301 -0.00881136 -0.02558557 0.79607843 0.45882353 0.78039216
v -0.01414869 -0.00476800 -0.02575843 0.79607843 0.45882353 0.78039216
v -0.00937085 -0.00881136 -0.02569726 0.79607843 0.45882353 0.78039216
v -0.00937085 -0.00820208 -0.02571322 0.79607843 0.45882353 0.78039216
v -0.01280076 -0.00611746 -0.02573715 0.79607843 0.45882353 0.78039216
v -0.00937085 0.01469855 -0.02581693 0.79607843 0.45882353 0.78039216
v -0.00937085 0.01408928 -0.02583555 0.79607843 0.45882353 0.78039216
v -0.00937085 0.01334908 -0.02585682 0.79607843 0.45882353 0.78039216
v -0.01953715 0.01543371 -0.02583821 0.79607843 0.45882353 0.78039216
v -0.02088508 0.01543371 -0.02583821 0.79607843 0.45882353 0.78039216
v -0.02223301 0.01543371 -0.02583023 0.79607843 0.45882353 0.78039216
v -0.02358094 0.01543371 -0.02581959 0.79607843 0.45882353 0.78039216
v -0.02627355 0.01004591 -0.02579300 0.79607843 0.45882353 0.78039216
v -0.02627355 0.00869645 -0.02578236 0.79607843 0.45882353 0.78039216
v -0.02358094 0.01408928 -0.02583289 0.79607843 0.45882353 0.78039216
v -0.02492886 0.01273981 -0.02581693 0.79607843 0.45882353 0.78039216
v -0.02627355 0.01273981 -0.02579566 0.79607843 0.45882353 0.78039216
v -0.02627355 0.01139538 -0.02579566 0.79607843 0.45882353 0.78039216
v -0.01819247 0.00061476 -0.02580629 0.79607843 0.45882353 0.78039216
v -0.01549662 0.00061476 -0.02583821 0.79607843 0.45882353 0.78039216
v -0.01414869 -0.00072967 -0.02583289 0.79607843 0.45882353 0.78039216
v -0.01414869 -0.00207410 -0.02581161 0.79607843 0.45882353 0.78039216
v -0.01280076 -0.00207410 -0.02582491 0.79607843 0.45882353 0.78039216
v -0.01280076 -0.00342357 -0.02579832 0.79607843 0.45882353 0.78039216
v -0.02358094 0.00600255 -0.02579832 0.79607843 0.45882353 0.78039216
v -0.02492886 0.00869645 -0.02580629 0.79607843 0.45882353 0.78039216
v -0.02358094 0.00869645 -0.02582757 0.79607843 0.45882353 0.78039216
v -0.02223301 0.00735202 -0.02583289 0.79607843 0.45882353 0.78039216
v -0.02358094 0.00465812 -0.02578236 0.79607843 0.45882353 0.78039216
v -0.01280076 -0.00476800 -0.02576907 0.79607843 0.45882353 0.78039216
v -0.00937085 -0.00746693 -0.02572918 0.79607843 0.45882353 0.78039216
v -0.01145283 -0.00476800 -0.02577704 0.79607843 0.45882353 0.78039216
v -0.01145283 -0.00342357 -0.02580629 0.79607843 0.45882353 0.78039216
v -0.00937085 0.01273981 -0.02587012 0.79607843 0.45882353 0.78039216
v -0.00937085 0.01200465 -0.02588607 0.79607843 0.45882353 0.78039216
v -0.01280076 0.01139538 -0.02590203 0.79607843 0.45882353 0.78039216
v -0.01819247 0.01408928 -0.02585948 0.79607843 0.45882353 0.78039216
v -0.01953715 0.01408928 -0.02585948 0.79607843 0.45882353 0.78039216
v -0.02088508 0.01408928 -0.02585682 0.79607843 0.45882353 0.78039216
v -0.02223301 0.01408928 -0.02584884 0.79607843 0.45882353 0.78039216
v -0.02492886 0.01004591 -0.02581427 0.79607843 0.45882353 0.78039216
v -0.02223301 0.01273981 -0.02585416 0.79607843 0.45882353 0.78039216
v -0.02492886 0.01139538 -0.02581693 0.79607843 0.45882353 0.78039216
v -0.01684454 0.00196423 -0.02584087 0.79607843 0.45882353 0.78039216
v -0.01414869 0.00061476 -0.02585150 0.79607843 0.45882353 0.78039216
v -0.01549662 0.00196423 -0.02585682 0.79607843 0.45882353 0.78039216
v -0.00937085 -0.00146483 -0.02585150 0.79607843 0.45882353 0.78039216
v -0.01280076 0.00061476 -0.02586214 0.79607843 0.45882353 0.78039216
v -0.00937085 -0.00072967 -0.02586480 0.79607843 0.45882353 0.78039216
v -0.02223301 0.00869645 -0.02584353 0.79607843 0.45882353 0.78039216
v -0.02223301 0.01004591 -0.02585150 0.79607843 0.45882353 0.78039216
v -0.01684454 0.00465812 -0.02587012 0.79607843 0.45882353 0.78039216
v -0.01684454 0.00330866 -0.02585682 0.79607843 0.45882353 0.78039216
v -0.00937085 -0.00685262 -0.02574247 0.79607843 0.45882353 0.78039216
v -0.00937085 0.01139538 -0.02589671 0.79607843 0.45882353 0.78039216
v -0.00937085 0.01004591 -0.02591798 0.79607843 0.45882353 0.78039216
v -0.00937085 0.00931076 -0.02592596 0.79607843 0.45882353 0.78039216
v -0.01549662 0.01139538 -0.02589671 0.79607843 0.45882353 0.78039216
v -0.01684454 0.01273981 -0.02588075 0.79607843 0.45882353 0.78039216
v -0.01819247 0.01273981 -0.02587809 0.79607843 0.45882353 0.78039216
v -0.01953715 0.01273981 -0.02587278 0.79607843 0.45882353 0.78039216
v -0.02088508 0.01273981 -0.02586480 0.79607843 0.45882353 0.78039216
v -0.02088508 0.01139538 -0.02586746 0.79607843 0.45882353 0.78039216
v -0.02223301 0.01139538 -0.02585416 0.79607843 0.45882353 0.78039216
v -0.01280076 0.00196423 -0.02587809 0.79607843 0.45882353 0.78039216
v -0.01549662 0.00330866 -0.02587012 0.79607843 0.45882353 0.78039216
v -0.00937085 0.00122403 -0.02589139 0.79607843 0.45882353 0.78039216
v -0.00937085 0.00061476 -0.02588342 0.79607843 0.45882353 0.78039216
v -0.01684454 0.00735202 -0.02588873 0.79607843 0.45882353 0.78039216
v -0.01549662 0.00600255 -0.02589405 0.79607843 0.45882353 0.78039216
v -0.02088508 0.01004591 -0.02586480 0.79607843 0.45882353 0.78039216
v -0.01549662 0.00465812 -0.02588342 0.79607843 0.45882353 0.78039216
v -0.00937085 0.00869645 -0.02592862 0.79607843 0.45882353 0.78039216
v -0.01280076 0.01004591 -0.02591267 0.79607843 0.45882353 0.78039216
v -0.01684454 0.01139538 -0.02589139 0.79607843 0.45882353 0.78039216
v -0.01819247 0.01139538 -0.02588342 0.79607843 0.45882353 0.78039216
v -0.01684454 0.01004591 -0.02589405 0.79607843 0.45882353 0.78039216
v -0.01953715 0.01004591 -0.02587544 0.79607843 0.45882353 0.78039216
v -0.01414869 0.00330866 -0.02588075 0.79607843 0.45882353 0.78039216
v -0.01145283 0.00465812 -0.02591533 0.79607843 0.45882353 0.78039216
v -0.00937085 0.00465812 -0.02593128 0.79607843 0.45882353 0.78039216
v -0.01549662 0.00735202 -0.02589937 0.79607843 0.45882353 0.78039216
v -0.00937085 0.00526740 -0.02593394 0.79607843 0.45882353 0.78039216
v -0.00937085 0.00735202 -0.02593394 0.79607843 0.45882353 0.78039216
v -0.01549662 0.01004591 -0.02590203 0.79607843 0.45882353 0.78039216
v -0.01549662 0.00869645 -0.02590203 0.79607843 0.45882353 0.78039216
v -0.00937085 0.00600255 -0.02593660 0.79607843 0.45882353 0.78039216
v -0.01414869 0.00869645 -0.02591001 0.79607843 0.45882353 0.78039216
f 2478 2479 2499
f 2478 2499 2522
f 2478 2522 2554
f 2478 2554 2604
f 2478 2604 2649
f 2478 2649 2654
f 2478 2654 2611
f 2478 2611 2610
f 2478 2610 2609
f 2478 2609 2555
f 2478 2555 2525
f 2478 2525 2501
f 2478 2501 2480
f 2478 2480 2481
f 2478 2481 2482
f 2478 2482 2483
f 2478 2483 2484
f 2478 2484 2485
f 2478 2485 2486
f 2478 2486 2487
f 2478 2487 2488
f 2478 2488 2489
f 2478 2489 2490
f 2478 2490 2491
f 2478 2491 2492
f 2478 2492 2493
f 2478 2493 2479
f 2479 2493 2494
f 2479 2494 2495
f 2479 2495 2496
f 2479 2496 2497
f 2479 2497 2498
f 2479 2498 2499
f 2480 2500 2481
f 2480 2501 2500
f 2481 2500 2502
f 2481 2502 2503
f 2481 2503 2504
f 2481 2504 2482
f 2482 2505 2483
f 2482 2504 2506
f 2482 2506 2505
f 2483 2505 2507
f 2483 2507 2508
f 2483 2508 2509
f 2483 2509 2484
f 2484 2509 2510
f 2484 2510 2485
f 2485 2510 2511
f 2485 2511 2512
f 2485 2512 2486
f 2486 2512 2513
f 2486 2513 2487
f 2487 2513 2514
f 2487 2514 2488
f 2488 2514 2515
f 2488 2515 2489
f 2489 2515 2490
f 2490 2515 2516
f 2490 2516 2491
f 2491 2516 2492
f 2492 2516 2517
f 2492 2517 2518
f 2492 2518 2519
f 2492 2519 2520
f 2492 2520 2521
f 2492 2521 2493
f 2493 2521 2520
f 2493 2520 2552
f 2493 2552 2592
f 2493 2592 2590
f 2493 2590 2589
f 2493 2589 2642
f 2493 2642 2641
f 2493 2641 2640
f 2493 2640 2692
f 2493 2692 2739
f 2493 2739 2736
f 2493 2736 2730
f 2493 2730 2787
f 2493 2787 2790
f 2493 2790 2789
f 2493 2789 2788
f 2493 2788 2841
f 2493 2841 2897
f 2493 2897 2952
f 2493 2952 2951
f 2493 2951 2954
f 2493 2954 2899
f 2493 2899 2844
f 2493 2844 2845
f 2493 2845 2794
f 2493 2794 2742
f 2493 2742 2741
f 2493 2741 2696
f 2493 2696 2695
f 2493 2695 2694
f 2493 2694 2645
f 2493 2645 2643
f 2493 2643 2600
f 2493 2600 2599
f 2493 2599 2598
f 2493 2598 2597
f 2493 2597 2596
f 2493 2596 2595
f 2493 2595 2594
f 2493 2594 2608
f 2493 2608 2607
f 2493 2607 2606
f 2493 2606 2605
f 2493 2605 2593
f 2493 2593 2553
f 2493 2553 2522
f 2493 2522 2499
f 2493 2499 2498
f 2493 2498 2497
f 2493 2497 2496
f 2493 2496 2495
f 2493 2495 2494
f 2500 2501 2523
f 2500 2523 2524
f 2500 2524 2502
f 2501 2525 2524
f 2501 2524 2523
f 2502 2524 2526
f 2502 2526 2503
f 2503 2527 2528
f 2503 2528 2506
f 2503 2506 2504
f 2503 2526 2529
f 2503 2529 2527
f 2505 2506 2530
f 2505 2530 2507
f 2506 2528 2530
f 2507 2530 2531
f 2507 2531 2532
f 2507 2532 2533
f 2507 2533 2534
f 2507 2534 2535
f 2507 2535 2508
f 2508 2535 2576
f 2508 2576 2575
f 2508 2575 2627
f 2508 2627 2680
f 2508 2680 2679
f 2508 2679 2678
f 2508 2678 2725
f 2508 2725 2724
f 2508 2724 2786
f 2508 2786 2840
f 2508 2840 2895
f 2508 2895 2949
f 2508 2949 2997
f 2508 2997 2947
f 2508 2947 2950
f 2508 2950 2996
f 2508 2996 2995
f 2508 2995 3033
f 2508 3033 3030
f 2508 3030 3065
f 2508 3065 3066
f 2508 3066 3093
f 2508 3093 3116
f 2508 3116 3109
f 2508 3109 3111
f 2508 3111 3130
f 2508 3130 3129
f 2508 3129 3143
f 2508 3143 3145
f 2508 3145 3149
f 2508 3149 3146
f 2508 3146 3135
f 2508 3135 3119
f 2508 3119 3118
f 2508 3118 3117
f 2508 3117 3097
f 2508 3097 3096
f 2508 3096 3070
f 2508 3070 3069
f 2508 3069 3068
f 2508 3068 3034
f 2508 3034 2998
f 2508 2998 2955
f 2508 2955 2904
f 2508 2904 2903
f 2508 2903 2902
f 2508 2902 2901
f 2508 2901 2848
f 2508 2848 2800
f 2508 2800 2750
f 2508 2750 2749
f 2508 2749 2795
f 2508 2795 2748
f 2508 2748 2799
f 2508 2799 2847
f 2508 2847 2900
f 2508 2900 2896
f 2508 2896 2841
f 2508 2841 2788
f 2508 2788 2734
f 2508 2734 2728
f 2508 2728 2681
f 2508 2681 2628
f 2508 2628 2577
f 2508 2577 2536
f 2508 2536 2509
f 2509 2536 2511
f 2509 2511 2510
f 2511 2537 2538
f 2511 2538 2539
f 2511 2539 2512
f 2511 2536 2537
f 2512 2539 2540
f 2512 2540 2541
f 2512 2541 2542
f 2512 2542 2513
f 2513 2543 2544
f 2513 2544 2514
f 2513 2542 2543
f 2514 2544 2545
f 2514 2545 2546
f 2514 2546 2515
f 2515 2546 2547
f 2515 2547 2516
f 2516 2547 2548
f 2516 2548 2549
f 2516 2549 2517
f 2517 2549 2550
f 2517 2550 2518
f 2518 2550 2551
f 2518 2551 2519
f 2519 2551 2552
f 2519 2552 2520
f 2522 2553 2554
f 2524 2525 2555
f 2524 2555 2556
f 2524 2556 2557
f 2524 2557 2558
f 2524 2558 2559
f 2524 2559 2526
f 2526 2559 2560
f 2526 2560 2529
f 2527 2529 2561
f 2527 2561 2528
f 2528 2561 2562
f 2528 2562 2530
f 2529 2560 2563
f 2529 2563 2564
f 2529 2564 2561
f 2530 2562 2565
f 2530 2565 2531
f 2531 2565 2566
f 2531 2566 2567
f 2531 2567 2568
f 2531 2568 2569
f 2531 2569 2570
f 2531 2570 2571
f 2531 2571 2532
f 2532 2571 2569
f 2532 2569 2572
f 2532 2572 2574
f 2532 2574 2573
f 2532 2573 2533
f 2533 2573 2574
f 2533 2574 2575
f 2533 2575 2534
f 2534 2575 2576
f 2534 2576 2535
f 2536 2577 2537
f 2537 2578 2538
f 2537 2577 2578
f 2538 2578 2579
f 2538 2579 2539
f 2539 2579 2580
f 2539 2580 2540
f 2540 2580 2581
f 2540 2581 2541
f 2541 2582 2583
f 2541 2583 2584
f 2541 2584 2542
f 2541 2581 2582
f 2542 2584 2585
f 2542 2585 2543
f 2543 2585 2544
f 2544 2585 2545
f 2545 2585 2586
f 2545 2586 2546
f 2546 2586 2587
f 2546 2587 2548
f 2546 2548 2547
f 2548 2587 2586
f 2548 2586 2588
f 2548 2588 2589
f 2548 2589 2549
f 2549 2589 2590
f 2549 2590 2591
f 2549 2591 2550
f 2550 2591 2592
f 2550 2592 2552
f 2550 2552 2551
f 2553 2593 2554
f 2554 2594 2595
f 2554 2595 2596
f 2554 2596 2597
f 2554 2597 2598
f 2554 2598 2599
f 2554 2599 2600
f 2554 2600 2601
f 2554 2601 2602
f 2554 2602 2603
f 2554 2603 2604
f 2554 2593 2605
f 2554 2605 2606
f 2554 2606 2607
f 2554 2607 2608
f 2554 2608 2594
f 2555 2609 2556
f 2556 2609 2610
f 2556 2610 2611
f 2556 2611 2557
f 2557 2611 2558
f 2558 2611 2559
f 2559 2611 2612
f 2559 2612 2560
f 2560 2612 2613
f 2560 2613 2563
f 2561 2564 2614
f 2561 2614 2615
f 2561 2615 2562
f 2562 2615 2616
f 2562 2616 2565
f 2563 2613 2617
f 2563 2617 2618
f 2563 2618 2619
f 2563 2619 2564
f 2564 2619 2614
f 2565 2616 2620
f 2565 2620 2621
f 2565 2621 2566
f 2566 2621 2622
f 2566 2622 2567
f 2567 2622 2623
f 2567 2623 2624
f 2567 2624 2568
f 2568 2624 2569
f 2569 2624 2572
f 2569 2571 2570
f 2572 2624 2625
f 2572 2625 2626
f 2572 2626 2574
f 2574 2626 2627
f 2574 2627 2575
f 2577 2628 2578
f 2578 2629 2630
f 2578 2630 2631
f 2578 2631 2632
f 2578 2632 2580
f 2578 2580 2579
f 2578 2628 2629
f 2580 2632 2631
f 2580 2631 2581
f 2581 2631 2683
f 2581 2683 2633
f 2581 2633 2582
f 2582 2633 2583
f 2583 2633 2634
f 2583 2634 2635
f 2583 2635 2584
f 2584 2635 2636
f 2584 2636 2585
f 2585 2636 2586
f 2586 2636 2637
f 2586 2637 2638
f 2586 2638 2639
f 2586 2639 2588
f 2588 2639 2640
f 2588 2640 2641
f 2588 2641 2642
f 2588 2642 2589
f 2590 2592 2591
f 2600 2643 2601
f 2601 2644 2602
f 2601 2643 2645
f 2601 2645 2644
f 2602 2644 2603
f 2603 2644 2646
f 2603 2646 2647
f 2603 2647 2604
f 2604 2648 2649
f 2604 2647 2650
f 2604 2650 2651
f 2604 2651 2652
f 2604 2652 2653
f 2604 2653 2648
f 2611 2654 2655
f 2611 2655 2656
f 2611 2656 2612
f 2612 2656 2613
f 2613 2656 2657
f 2613 2657 2617
f 2614 2658 2659
f 2614 2659 2660
f 2614 2660 2661
f 2614 2661 2615
f 2614 2619 2662
f 2614 2662 2663
f 2614 2663 2664
f 2614 2664 2658
f 2615 2665 2616
f 2615 2661 2666
f 2615 2666 2667
f 2615 2667 2668
f 2615 2668 2665
f 2616 2665 2669
f 2616 2669 2620
f 2617 2657 2670
f 2617 2670 2671
f 2617 2671 2618
f 2618 2671 2619
f 2619 2671 2672
f 2619 2672 2662
f 2620 2669 2673
f 2620 2673 2674
f 2620 2674 2621
f 2621 2674 2675
f 2621 2675 2622
f 2622 2675 2676
f 2622 2676 2623
f 2623 2676 2624
f 2624 2676 2677
f 2624 2677 2678
f 2624 2678 2679
f 2624 2679 2625
f 2625 2679 2626
f 2626 2680 2627
f 2626 2679 2680
f 2628 2681 2682
f 2628 2682 2630
f 2628 2630 2629
f 2630 2682 2684
f 2630 2684 2683
f 2630 2683 2631
f 2633 2683 2684
f 2633 2684 2634
f 2634 2685 2686
f 2634 2686 2687
f 2634 2687 2688
f 2634 2688 2635
f 2634 2684 2689
f 2634 2689 2685
f 2635 2688 2636
f 2636 2688 2638
f 2636 2638 2637
f 2638 2690 2691
f 2638 2691 2639
f 2638 2688 2690
f 2639 2691 2692
f 2639 2692 2640
f 2644 2693 2697
f 2644 2697 2646
f 2644 2645 2694
f 2644 2694 2695
f 2644 2695 2696
f 2644 2696 2693
f 2646 2697 2698
f 2646 2698 2650
f 2646 2650 2647
f 2648 2670 2656
f 2648 2656 2655
f 2648 2655 2654
f 2648 2654 2649
f 2648 2653 2670
f 2650 2698 2651
f 2651 2698 2652
f 2652 2698 2699
f 2652 2699 2700
f 2652 2700 2701
f 2652 2701 2653
f 2653 2701 2702
f 2653 2702 2672
f 2653 2672 2703
f 2653 2703 2670
f 2656 2670 2657
f 2658 2664 2704
f 2658 2704 2666
f 2658 2666 2659
f 2659 2666 2660
f 2660 2666 2661
f 2662 2672 2705
f 2662 2705 2706
f 2662 2706 2663
f 2663 2706 2761
f 2663 2761 2707
f 2663 2707 2708
f 2663 2708 2709
f 2663 2709 2710
f 2663 2710 2711
f 2663 2711 2704
f 2663 2704 2664
f 2665 2712 2713
f 2665 2713 2669
f 2665 2668 2714
f 2665 2714 2712
f 2666 2704 2756
f 2666 2756 2715
f 2666 2715 2716
f 2666 2716 2667
f 2667 2716 2717
f 2667 2717 2714
f 2667 2714 2668
f 2669 2713 2718
f 2669 2718 2673
f 2670 2703 2671
f 2671 2703 2672
f 2672 2702 2705
f 2673 2718 2719
f 2673 2719 2720
f 2673 2720 2674
f 2674 2720 2721
f 2674 2721 2675
f 2675 2721 2676
f 2676 2721 2722
f 2676 2722 2723
f 2676 2723 2724
f 2676 2724 2725
f 2676 2725 2726
f 2676 2726 2677
f 2677 2726 2727
f 2677 2727 2678
f 2678 2727 2725
f 2681 2728 2682
f 2682 2729 2730
f 2682 2730 2731
f 2682 2731 2732
f 2682 2732 2733
f 2682 2733 2689
f 2682 2689 2684
f 2682 2728 2734
f 2682 2734 2729
f 2685 2689 2733
f 2685 2733 2732
f 2685 2732 2686
f 2686 2732 2731
f 2686 2731 2735
f 2686 2735 2736
f 2686 2736 2737
f 2686 2737 2738
f 2686 2738 2687
f 2687 2738 2690
f 2687 2690 2688
f 2690 2738 2691
f 2691 2738 2692
f 2692 2738 2739
f 2693 2740 2697
f 2693 2696 2741
f 2693 2741 2742
f 2693 2742 2740
f 2697 2743 2698
f 2697 2740 2744
f 2697 2744 2745
f 2697 2745 2746
f 2697 2746 2747
f 2697 2747 2748
f 2697 2748 2743
f 2698 2743 2699
f 2699 2743 2749
f 2699 2749 2700
f 2700 2749 2701
f 2701 2749 2750
f 2701 2750 2751
f 2701 2751 2752
f 2701 2752 2753
f 2701 2753 2702
f 2702 2753 2754
f 2702 2754 2705
f 2704 2711 2755
f 2704 2755 2756
f 2705 2754 2757
f 2705 2757 2758
f 2705 2758 2759
f 2705 2759 2706
f 2706 2759 2760
f 2706 2760 2761
f 2707 2761 2818
f 2707 2818 2762
f 2707 2762 2763
f 2707 2763 2708
f 2708 2763 2709
f 2709 2763 2764
f 2709 2764 2710
f 2710 2764 2755
f 2710 2755 2711
f 2712 2765 2713
f 2712 2714 2765
f 2713 2766 2767
f 2713 2767 2768
f 2713 2768 2718
f 2713 2765 2769
f 2713 2769 2766
f 2714 2717 2777
f 2714 2777 2770
f 2714 2770 2765
f 2715 2756 2813
f 2715 2813 2771
f 2715 2771 2772
f 2715 2772 2716
f 2716 2772 2773
f 2716 2773 2774
f 2716 2774 2775
f 2716 2775 2776
f 2716 2776 2717
f 2717 2776 2777
f 2718 2768 2778
f 2718 2778 2719
f 2719 2778 2779
f 2719 2779 2780
f 2719 2780 2720
f 2720 2780 2781
f 2720 2781 2721
f 2721 2781 2782
f 2721 2782 2783
f 2721 2783 2722
f 2722 2783 2784
f 2722 2784 2785
f 2722 2785 2723
f 2723 2785 2724
f 2724 2785 2786
f 2725 2727 2726
f 2729 2787 2730
f 2729 2734 2787
f 2730 2736 2735
f 2730 2735 2731
f 2734 2788 2789
f 2734 2789 2790
f 2734 2790 2787
f 2736 2739 2738
f 2736 2738 2737
f 2740 2791 2745
f 2740 2745 2744
f 2740 2742 2792
f 2740 2792 2793
f 2740 2793 2791
f 2742 2794 2792
f 2743 2748 2795
f 2743 2795 2749
f 2745 2791 2796
f 2745 2796 2746
f 2746 2796 2797
f 2746 2797 2798
f 2746 2798 2747
f 2747 2798 2748
f 2748 2798 2797
f 2748 2797 2799
f 2750 2800 2801
f 2750 2801 2802
f 2750 2802 2803
f 2750 2803 2804
f 2750 2804 2805
f 2750 2805 2751
f 2751 2805 2806
f 2751 2806 2807
f 2751 2807 2752
f 2752 2807 2808
f 2752 2808 2753
f 2753 2808 2809
f 2753 2809 2810
f 2753 2810 2754
f 2754 2810 2811
f 2754 2811 2757
f 2755 2764 2821
f 2755 2821 2812
f 2755 2812 2756
f 2756 2812 2813
f 2757 2811 2814
f 2757 2814 2758
f 2758 2814 2815
f 2758 2815 2759
f 2759 2815 2816
f 2759 2816 2760
f 2760 2816 2817
f 2760 2817 2761
f 2761 2817 2818
f 2762 2818 2819
f 2762 2819 2820
f 2762 2820 2763
f 2763 2820 2821
f 2763 2821 2764
f 2765 2770 2769
f 2766 2769 2822
f 2766 2822 2767
f 2767 2822 2823
f 2767 2823 2768
f 2768 2823 2824
f 2768 2824 2779
f 2768 2779 2778
f 2769 2770 2826
f 2769 2826 2822
f 2770 2777 2825
f 2770 2825 2826
f 2771 2827 2828
f 2771 2828 2772
f 2771 2813 2829
f 2771 2829 2827
f 2772 2828 2773
f 2773 2828 2774
f 2774 2830 2775
f 2774 2828 2830
f 2775 2830 2831
f 2775 2831 2776
f 2776 2831 2777
f 2777 2831 2825
f 2779 2824 2876
f 2779 2876 2832
f 2779 2832 2780
f 2780 2832 2833
f 2780 2833 2781
f 2781 2833 2834
f 2781 2834 2835
f 2781 2835 2782
f 2782 2835 2836
f 2782 2836 2783
f 2783 2836 2837
f 2783 2837 2784
f 2784 2837 2785
f 2785 2837 2838
f 2785 2838 2839
f 2785 2839 2786
f 2786 2839 2840
f 2791 2842 2843
f 2791 2843 2796
f 2791 2793 2792
f 2791 2792 2844
f 2791 2844 2842
f 2792 2794 2845
f 2792 2845 2844
f 2796 2846 2797
f 2796 2843 2846
f 2797 2846 2799
f 2799 2846 2843
f 2799 2843 2847
f 2800 2848 2849
f 2800 2849 2801
f 2801 2849 2850
f 2801 2850 2851
f 2801 2851 2852
f 2801 2852 2802
f 2802 2806 2853
f 2802 2853 2803
f 2802 2852 2854
f 2802 2854 2806
f 2803 2853 2805
f 2803 2805 2804
f 2805 2853 2806
f 2806 2854 2855
f 2806 2855 2856
f 2806 2856 2807
f 2807 2856 2857
f 2807 2857 2858
f 2807 2858 2808
f 2808 2858 2859
f 2808 2859 2809
f 2809 2859 2860
f 2809 2860 2861
f 2809 2861 2862
f 2809 2862 2810
f 2810 2862 2811
f 2811 2862 2863
f 2811 2863 2814
f 2812 2864 2813
f 2812 2821 2865
f 2812 2865 2864
f 2813 2864 2829
f 2814 2863 2866
f 2814 2866 2815
f 2815 2866 2867
f 2815 2867 2816
f 2816 2867 2868
f 2816 2868 2817
f 2817 2868 2869
f 2817 2869 2818
f 2818 2869 2819
f 2819 2869 2870
f 2819 2870 2871
f 2819 2871 2820
f 2820 2871 2872
f 2820 2872 2821
f 2821 2872 2865
f 2822 2873 2823
f 2822 2826 2874
f 2822 2874 2875
f 2822 2875 2873
f 2823 2876 2824
f 2823 2873 2876
f 2825 2831 2830
f 2825 2830 2877
f 2825 2877 2878
f 2825 2878 2879
f 2825 2879 2874
f 2825 2874 2826
f 2827 2880 2828
f 2827 2829 2881
f 2827 2881 2880
f 2828 2880 2882
f 2828 2882 2883
f 2828 2883 2830
f 2829 2864 2881
f 2830 2883 2884
f 2830 2884 2877
f 2832 2876 2885
f 2832 2885 2886
f 2832 2886 2887
f 2832 2887 2888
f 2832 2888 2834
f 2832 2834 2833
f 2834 2888 2887
f 2834 2887 2889
f 2834 2889 2835
f 2835 2889 2890
f 2835 2890 2836
f 2836 2890 2891
f 2836 2891 2892
f 2836 2892 2837
f 2837 2892 2893
f 2837 2893 2894
f 2837 2894 2838
f 2838 2894 2839
f 2839 2894 2895
f 2839 2895 2840
f 2841 2896 2897
f 2842 2898 2843
f 2842 2844 2898
f 2843 2898 2847
f 2844 2899 2898
f 2847 2898 2900
f 2848 2901 2849
f 2849 2901 2850
f 2850 2901 2902
f 2850 2902 2851
f 2851 2902 2903
f 2851 2903 2904
f 2851 2904 2905
f 2851 2905 2906
f 2851 2906 2852
f 2852 2906 2907
f 2852 2907 2854
f 2854 2907 2908
f 2854 2908 2909
f 2854 2909 2855
f 2855 2910 2856
f 2855 2909 2911
f 2855 2911 2910
f 2856 2910 2912
f 2856 2912 2913
f 2856 2913 2857
f 2857 2913 2858
f 2858 2913 2914
f 2858 2914 2915
f 2858 2915 2859
f 2859 2915 2860
f 2860 2915 2916
f 2860 2916 2861
f 2861 2917 2918
f 2861 2918 2862
f 2861 2916 2917
f 2862 2918 2863
f 2863 2918 2919
f 2863 2919 2920
f 2863 2920 2866
f 2864 2921 2922
f 2864 2922 2881
f 2864 2865 2923
f 2864 2923 2921
f 2865 2872 2923
f 2866 2920 2924
f 2866 2924 2925
f 2866 2925 2867
f 2867 2925 2926
f 2867 2926 2868
f 2868 2926 2869
f 2869 2926 2927
f 2869 2927 2928
f 2869 2928 2870
f 2870 2928 2929
f 2870 2929 2871
f 2871 2929 2872
f 2872 2929 2930
f 2872 2930 2923
f 2873 2885 2876
f 2873 2875 2931
f 2873 2931 2932
f 2873 2932 2885
f 2874 2879 2933
f 2874 2933 2931
f 2874 2931 2875
f 2877 2884 2935
f 2877 2935 2878
f 2878 2934 2933
f 2878 2933 2879
f 2878 2935 2982
f 2878 2982 2934
f 2880 2936 2882
f 2880 2881 2936
f 2881 2922 2937
f 2881 2937 2936
f 2882 2936 2938
f 2882 2938 2939
f 2882 2939 2940
f 2882 2940 2883
f 2883 2935 2884
f 2883 2940 2935
f 2885 2941 2887
f 2885 2887 2886
f 2885 2932 2942
f 2885 2942 2941
f 2887 2941 2943
f 2887 2943 2889
f 2889 2943 2890
f 2890 2943 2944
f 2890 2944 2891
f 2891 2944 2892
f 2892 2944 2945
f 2892 2945 2946
f 2892 2946 2893
f 2893 2947 2948
f 2893 2948 2949
f 2893 2949 2894
f 2893 2946 2950
f 2893 2950 2947
f 2894 2949 2895
f 2896 2900 2951
f 2896 2951 2952
f 2896 2952 2897
f 2898 2899 2953
f 2898 2953 2900
f 2899 2954 2953
f 2900 2953 2954
f 2900 2954 2951
f 2904 2955 2906
f 2904 2906 2905
f 2906 2955 2956
f 2906 2956 2957
f 2906 2957 2907
f 2907 2957 2908
f 2908 2957 2958
f 2908 2958 2959
f 2908 2959 2909
f 2909 2959 2960
f 2909 2960 2911
f 2910 2911 2912
f 2911 2960 2912
f 2912 2960 2961
f 2912 2961 2914
f 2912 2914 2913
f 2914 2961 2962
f 2914 2962 2963
f 2914 2963 2915
f 2915 2963 2916
f 2916 2963 2964
f 2916 2964 2917
f 2917 2964 2965
f 2917 2965 2918
f 2918 2965 2919
f 2919 2965 2966
f 2919 2966 2967
f 2919 2967 2924
f 2919 2924 2920
f 2921 2923 2968
f 2921 2968 2922
f 2922 2969 2970
f 2922 2970 2937
f 2922 2968 2971
f 2922 2971 2969
f 2923 2930 2968
f 2924 2967 2972
f 2924 2972 2925
f 2925 2972 2967
f 2925 2967 2973
f 2925 2973 2974
f 2925 2974 2975
f 2925 2975 2926
f 2926 2975 2976
f 2926 2976 2927
f 2927 2976 2977
f 2927 2977 2928
f 2928 2977 2978
f 2928 2978 2929
f 2929 2978 2930
f 2930 2978 2968
f 2931 2933 2980
f 2931 2980 2979
f 2931 2979 2942
f 2931 2942 2932
f 2933 2934 2981
f 2933 2981 2980
f 2934 2982 2983
f 2934 2983 2981
f 2935 2940 2984
f 2935 2984 2985
f 2935 2985 2982
f 2936 2937 2970
f 2936 2970 2986
f 2936 2986 2938
f 2938 2987 2985
f 2938 2985 2940
f 2938 2940 2939
f 2938 2986 2988
f 2938 2988 2987
f 2940 2985 2984
f 2941 2942 2943
f 2942 2989 2943
f 2942 2979 2990
f 2942 2990 2989
f 2943 2989 2991
f 2943 2991 2992
f 2943 2992 2944
f 2944 2946 2945
f 2944 2992 2993
f 2944 2993 2946
f 2946 2993 2994
f 2946 2994 2995
f 2946 2995 2996
f 2946 2996 2950
f 2947 2997 2948
f 2948 2997 2949
f 2955 2998 2999
f 2955 2999 2956
f 2956 2999 2957
f 2957 2999 2958
f 2958 2999 2959
f 2959 2999 3000
f 2959 3000 3001
f 2959 3001 2960
f 2960 3001 3002
f 2960 3002 2961
f 2961 3002 3003
f 2961 3003 2962
f 2962 3003 3041
f 2962 3041 3004
f 2962 3004 2963
f 2963 3004 2964
f 2964 3004 2965
f 2965 3004 2966
f 2966 3004 3005
f 2966 3005 2967
f 2967 3005 3010
f 2967 3010 2973
f 2968 3006 3007
f 2968 3007 2971
f 2968 2978 3006
f 2969 2971 3007
f 2969 3007 3044
f 2969 3044 3008
f 2969 3008 2970
f 2970 3009 2988
f 2970 2988 2986
f 2970 3008 3009
f 2973 3010 3011
f 2973 3011 3012
f 2973 3012 3013
f 2973 3013 2974
f 2974 3013 2976
f 2974 2976 2975
f 2976 3013 3014
f 2976 3014 2977
f 2977 3014 2978
f 2978 3014 3015
f 2978 3015 3016
f 2978 3016 3006
f 2979 2980 2990
f 2980 2981 3017
f 2980 3017 2990
f 2981 2983 3023
f 2981 3023 3017
f 2982 3018 3019
f 2982 3019 2983
f 2982 2985 3020
f 2982 3020 3021
f 2982 3021 3018
f 2983 3019 3022
f 2983 3022 3023
f 2985 3021 3020
f 2985 2987 3024
f 2985 3024 3021
f 2987 2988 3024
f 2988 3009 3025
f 2988 3025 3026
f 2988 3026 3027
f 2988 3027 3024
f 2989 2990 3029
f 2989 3029 2991
f 2990 3028 3029
f 2990 3017 3028
f 2991 3029 3031
f 2991 3031 2992
f 2992 3030 2993
f 2992 3031 3032
f 2992 3032 3030
f 2993 3030 2994
f 2994 3033 2995
f 2994 3030 3033
f 2998 3034 2999
f 2999 3034 3035
f 2999 3035 3000
f 3000 3035 3034
f 3000 3034 3036
f 3000 3036 3037
f 3000 3037 3001
f 3001 3037 3038
f 3001 3038 3002
f 3002 3038 3039
f 3002 3039 3003
f 3003 3039 3040
f 3003 3040 3041
f 3004 3041 3005
f 3005 3041 3040
f 3005 3040 3042
f 3005 3042 3011
f 3005 3011 3010
f 3006 3016 3043
f 3006 3043 3044
f 3006 3044 3007
f 3008 3044 3076
f 3008 3076 3045
f 3008 3045 3025
f 3008 3025 3009
f 3011 3046 3047
f 3011 3047 3048
f 3011 3048 3012
f 3011 3042 3040
f 3011 3040 3046
f 3012 3048 3013
f 3013 3048 3014
f 3014 3048 3049
f 3014 3049 3015
f 3015 3049 3043
f 3015 3043 3016
f 3017 3050 3028
f 3017 3023 3050
f 3018 3021 3019
f 3019 3051 3052
f 3019 3052 3022
f 3019 3021 3024
f 3019 3024 3027
f 3019 3027 3051
f 3022 3052 3051
f 3022 3051 3053
f 3022 3053 3023
f 3023 3053 3054
f 3023 3054 3055
f 3023 3055 3056
f 3023 3056 3057
f 3023 3057 3058
f 3023 3058 3050
f 3025 3059 3061
f 3025 3061 3026
f 3025 3045 3060
f 3025 3060 3059
f 3026 3061 3027
f 3027 3061 3062
f 3027 3062 3051
f 3028 3063 3031
f 3028 3031 3029
f 3028 3050 3058
f 3028 3058 3064
f 3028 3064 3063
f 3030 3032 3065
f 3031 3066 3032
f 3031 3063 3064
f 3031 3064 3067
f 3031 3067 3066
f 3032 3066 3065
f 3034 3068 3036
f 3036 3068 3069
f 3036 3069 3070
f 3036 3070 3037
f 3037 3070 3071
f 3037 3071 3072
f 3037 3072 3038
f 3038 3072 3073
f 3038 3073 3074
f 3038 3074 3039
f 3039 3074 3040
f 3040 3074 3046
f 3043 3075 3044
f 3043 3049 3075
f 3044 3075 3076
f 3045 3076 3088
f 3045 3088 3060
f 3046 3074 3077
f 3046 3077 3047
f 3047 3077 3104
f 3047 3104 3078
f 3047 3078 3079
f 3047 3079 3048
f 3048 3079 3049
f 3049 3079 3080
f 3049 3080 3075
f 3051 3062 3053
f 3053 3062 3081
f 3053 3081 3054
f 3054 3081 3055
f 3055 3081 3082
f 3055 3082 3107
f 3055 3107 3083
f 3055 3083 3085
f 3055 3085 3084
f 3055 3084 3058
f 3055 3058 3057
f 3055 3057 3056
f 3058 3084 3085
f 3058 3085 3086
f 3058 3086 3092
f 3058 3092 3064
f 3059 3060 3090
f 3059 3090 3087
f 3059 3087 3061
f 3060 3088 3089
f 3060 3089 3090
f 3061 3087 3090
f 3061 3090 3091
f 3061 3091 3106
f 3061 3106 3081
f 3061 3081 3062
f 3064 3092 3067
f 3066 3067 3092
f 3066 3092 3094
f 3066 3094 3095
f 3066 3095 3093
f 3070 3096 3071
f 3071 3096 3097
f 3071 3097 3098
f 3071 3098 3099
f 3071 3099 3100
f 3071 3100 3072
f 3072 3100 3101
f 3072 3101 3102
f 3072 3102 3073
f 3073 3102 3074
f 3074 3102 3077
f 3075 3080 3105
f 3075 3105 3103
f 3075 3103 3088
f 3075 3088 3076
f 3077 3102 3104
f 3078 3104 3126
f 3078 3126 3105
f 3078 3105 3080
f 3078 3080 3079
f 3081 3106 3108
f 3081 3108 3082
f 3082 3108 3107
f 3083 3107 3110
f 3083 3110 3085
f 3085 3109 3095
f 3085 3095 3086
f 3085 3110 3130
f 3085 3130 3111
f 3085 3111 3109
f 3086 3095 3094
f 3086 3094 3092
f 3088 3103 3089
f 3089 3112 3090
f 3089 3103 3113
f 3089 3113 3112
f 3090 3112 3114
f 3090 3114 3115
f 3090 3115 3106
f 3090 3106 3091
f 3093 3095 3116
f 3095 3109 3116
f 3097 3117 3098
f 3098 3117 3118
f 3098 3118 3119
f 3098 3119 3120
f 3098 3120 3122
f 3098 3122 3121
f 3098 3121 3100
f 3098 3100 3099
f 3100 3121 3122
f 3100 3122 3101
f 3101 3122 3123
f 3101 3123 3124
f 3101 3124 3102
f 3102 3124 3104
f 3103 3105 3126
f 3103 3126 3113
f 3104 3124 3125
f 3104 3125 3126
f 3106 3115 3108
f 3107 3108 3127
f 3107 3127 3110
f 3108 3115 3128
f 3108 3128 3141
f 3108 3141 3127
f 3110 3127 3129
f 3110 3129 3130
f 3112 3131 3132
f 3112 3132 3114
f 3112 3113 3131
f 3113 3133 3131
f 3113 3126 3125
f 3113 3125 3133
f 3114 3134 3128
f 3114 3128 3115
f 3114 3132 3134
f 3119 3135 3136
f 3119 3136 3120
f 3120 3136 3147
f 3120 3147 3137
f 3120 3137 3122
f 3122 3137 3123
f 3123 3137 3138
f 3123 3138 3124
f 3124 3138 3125
f 3125 3138 3139
f 3125 3139 3148
f 3125 3148 3140
f 3125 3140 3133
f 3127 3141 3142
f 3127 3142 3143
f 3127 3143 3129
f 3128 3134 3142
f 3128 3142 3141
f 3131 3144 3132
f 3131 3133 3140
f 3131 3140 3144
f 3132 3144 3145
f 3132 3145 3143
f 3132 3143 3142
f 3132 3142 3134
f 3135 3146 3136
f 3136 3146 3147
f 3137 3147 3139
f 3137 3139 3138
f 3139 3147 3150
f 3139 3150 3148
f 3140 3148 3144
f 3144 3149 3145
f 3144 3148 3149
f 3146 3149 3147
f 3147 3149 3150
f 3148 3150 3149

